{
	"credit": "Made with Blockbench",
	"texture_size": [64, 64],
	"textures": {
		"0": "item/thanksgiving/turkey_alive",
		"particle": "item/thanksgiving/turkey_alive"
	},
	"elements": [
		{
			"from": [6.96913, 2.06963, 7.2],
			"to": [8.26913, 2.66963, 8.8],
			"rotation": {"angle": 22.5, "axis": "z", "origin": [8.01913, 1.86963, 8]},
			"faces": {
				"north": {"uv": [9, 11.25, 9.375, 11.375], "texture": "#0"},
				"east": {"uv": [11.25, 9.25, 11.625, 9.375], "texture": "#0"},
				"south": {"uv": [9.5, 11.25, 9.875, 11.375], "texture": "#0"},
				"west": {"uv": [11.25, 9.5, 11.625, 9.625], "texture": "#0"},
				"up": {"uv": [9.875, 10.625, 9.5, 10.25], "texture": "#0"},
				"down": {"uv": [10.625, 10, 10.25, 10.375], "texture": "#0"}
			}
		},
		{
			"from": [8.26913, 2.26963, 7.2],
			"to": [9.36913, 2.66963, 8.8],
			"rotation": {"angle": 22.5, "axis": "z", "origin": [8.01913, 1.86963, 8]},
			"faces": {
				"north": {"uv": [11.5, 9, 11.75, 9.125], "texture": "#0"},
				"east": {"uv": [10.5, 11.25, 10.875, 11.375], "texture": "#0"},
				"south": {"uv": [9.25, 11.5, 9.5, 11.625], "texture": "#0"},
				"west": {"uv": [11.25, 10.5, 11.625, 10.625], "texture": "#0"},
				"up": {"uv": [8, 11.125, 7.75, 10.75], "texture": "#0"},
				"down": {"uv": [11, 7.75, 10.75, 8.125], "texture": "#0"}
			}
		},
		{
			"from": [7.66913, 2.66963, 7.5],
			"to": [8.96913, 3.06963, 8.4],
			"rotation": {"angle": 22.5, "axis": "z", "origin": [8.01913, 1.86963, 8]},
			"faces": {
				"north": {"uv": [10, 11.25, 10.375, 11.375], "texture": "#0"},
				"east": {"uv": [11.5, 8.75, 11.75, 8.875], "texture": "#0"},
				"south": {"uv": [11.25, 10, 11.625, 10.125], "texture": "#0"},
				"west": {"uv": [9, 11.5, 9.25, 11.625], "texture": "#0"},
				"up": {"uv": [11.125, 7, 10.75, 6.75], "texture": "#0"},
				"down": {"uv": [7.625, 10.75, 7.25, 11], "texture": "#0"}
			}
		},
		{
			"from": [9.26913, 2.06963, 7.2],
			"to": [9.86913, 2.26963, 8.8],
			"rotation": {"angle": 22.5, "axis": "z", "origin": [8.01913, 1.86963, 8]},
			"faces": {
				"north": {"uv": [11.75, 0.75, 11.875, 0.875], "texture": "#0"},
				"east": {"uv": [11, 11.25, 11.375, 11.375], "texture": "#0"},
				"south": {"uv": [11.75, 1, 11.875, 1.125], "texture": "#0"},
				"west": {"uv": [11.25, 11, 11.625, 11.125], "texture": "#0"},
				"up": {"uv": [0.875, 11.875, 0.75, 11.5], "texture": "#0"},
				"down": {"uv": [1.125, 11.5, 1, 11.875], "texture": "#0"}
			}
		},
		{
			"from": [8.26913, 0.76963, 7.4],
			"to": [9.56913, 0.96963, 8.6],
			"rotation": {"angle": 22.5, "axis": "z", "origin": [8.01913, 1.86963, 8]},
			"faces": {
				"north": {"uv": [4.25, 11.5, 4.625, 11.625], "texture": "#0"},
				"east": {"uv": [11.5, 11.25, 11.75, 11.375], "texture": "#0"},
				"south": {"uv": [4.75, 11.5, 5.125, 11.625], "texture": "#0"},
				"west": {"uv": [11.5, 11.5, 11.75, 11.625], "texture": "#0"},
				"up": {"uv": [10.125, 11, 9.75, 10.75], "texture": "#0"},
				"down": {"uv": [11.125, 10, 10.75, 10.25], "texture": "#0"}
			}
		},
		{
			"from": [6.96913, 0.96963, 7.2],
			"to": [8.76913, 1.26963, 8.8],
			"rotation": {"angle": 22.5, "axis": "z", "origin": [8.01913, 1.86963, 8]},
			"faces": {
				"north": {"uv": [3.75, 11.25, 4.25, 11.375], "texture": "#0"},
				"east": {"uv": [11.5, 3.5, 11.875, 3.625], "texture": "#0"},
				"south": {"uv": [11.25, 3.75, 11.75, 3.875], "texture": "#0"},
				"west": {"uv": [3.75, 11.5, 4.125, 11.625], "texture": "#0"},
				"up": {"uv": [7, 10.625, 6.5, 10.25], "texture": "#0"},
				"down": {"uv": [7.5, 10.25, 7, 10.625], "texture": "#0"}
			}
		},
		{
			"from": [6.96913, 1.26963, 7.2],
			"to": [7.96913, 1.56963, 8.8],
			"rotation": {"angle": 22.5, "axis": "z", "origin": [8.01913, 1.86963, 8]},
			"faces": {
				"north": {"uv": [9.5, 11.5, 9.75, 11.625], "texture": "#0"},
				"east": {"uv": [1.75, 11.5, 2.125, 11.625], "texture": "#0"},
				"south": {"uv": [9.75, 11.5, 10, 11.625], "texture": "#0"},
				"west": {"uv": [11.5, 2, 11.875, 2.125], "texture": "#0"},
				"up": {"uv": [11, 9.625, 10.75, 9.25], "texture": "#0"},
				"down": {"uv": [9.75, 10.75, 9.5, 11.125], "texture": "#0"}
			}
		},
		{
			"from": [6.96913, 0.96963, 7],
			"to": [7.46913, 2.46963, 7.2],
			"rotation": {"angle": 22.5, "axis": "z", "origin": [8.01913, 1.86963, 8]},
			"faces": {
				"north": {"uv": [5.25, 11.5, 5.375, 11.875], "texture": "#0"},
				"east": {"uv": [5.5, 11.5, 5.625, 11.875], "texture": "#0"},
				"south": {"uv": [11.5, 5.5, 11.625, 5.875], "texture": "#0"},
				"west": {"uv": [11.5, 6, 11.625, 6.375], "texture": "#0"},
				"up": {"uv": [3.125, 11.875, 3, 11.75], "texture": "#0"},
				"down": {"uv": [11.875, 3, 11.75, 3.125], "texture": "#0"}
			}
		},
		{
			"from": [5.96913, 0.66963, 7],
			"to": [6.96913, 2.66963, 9],
			"rotation": {"angle": 22.5, "axis": "z", "origin": [8.01913, 1.86963, 8]},
			"faces": {
				"north": {"uv": [10.5, 7.75, 10.75, 8.25], "texture": "#0"},
				"east": {"uv": [10, 7.5, 10.5, 8], "texture": "#0"},
				"south": {"uv": [8, 10.5, 8.25, 11], "texture": "#0"},
				"west": {"uv": [8, 10, 8.5, 10.5], "texture": "#0"},
				"up": {"uv": [8.5, 11, 8.25, 10.5], "texture": "#0"},
				"down": {"uv": [8.75, 10.5, 8.5, 11], "texture": "#0"}
			}
		},
		{
			"from": [6.96913, 0.96963, 8.8],
			"to": [7.46913, 2.46963, 9],
			"rotation": {"angle": 22.5, "axis": "z", "origin": [8.01913, 1.86963, 8]},
			"faces": {
				"north": {"uv": [11.25, 8, 11.375, 8.375], "texture": "#0"},
				"east": {"uv": [8.25, 11.25, 8.375, 11.625], "texture": "#0"},
				"south": {"uv": [8.5, 11.25, 8.625, 11.625], "texture": "#0"},
				"west": {"uv": [8.75, 11.25, 8.875, 11.625], "texture": "#0"},
				"up": {"uv": [0.625, 11.875, 0.5, 11.75], "texture": "#0"},
				"down": {"uv": [11.875, 0.5, 11.75, 0.625], "texture": "#0"}
			}
		}
	],
	"display": {
		"thirdperson_righthand": {
			"rotation": [65.29, 90, 26],
			"translation": [0, -1.25, -1.75],
			"scale": [0.5, 0.5, 0.5]
		},
		"thirdperson_lefthand": {
			"rotation": [68, -90, -26],
			"translation": [0, -1.25, -1.75],
			"scale": [0.5, 0.5, 0.5]
		},
		"firstperson_righthand": {
			"rotation": [-180, -14.75, -180],
			"translation": [1.25, 2.5, 0],
			"scale": [0.5, 0.5, 0.5]
		},
		"firstperson_lefthand": {
			"rotation": [0, 14, 0],
			"translation": [1.25, 2.5, 0],
			"scale": [0.5, 0.5, 0.5]
		},
		"ground": {
			"translation": [0, 7.75, 0]
		},
		"gui": {
			"rotation": [26, -132, 0],
			"translation": [-0.5, -1.25, 0],
			"scale": [0.7, 0.7, 0.7]
		},
		"head": {
			"rotation": [0, 90, 0],
			"translation": [0, 22.4, 0],
			"scale": [2, 2, 2]
		},
		"fixed": {
			"rotation": [0, 90, 0],
			"translation": [0, -1.5, 0]
		}
	},
	"groups": [
		{
			"name": "Beak",
			"origin": [4.76913, 14.29463, 8],
			"color": 0,
			"nbt": "{}",
			"armAnimationEnabled": false,
			"children": [0, 1, 2, 3, 4, 5, 6, 7, 8, 9]
		}
	]
}