{
	"credit": "Made with Blockbench",
	"texture_size": [64, 64],
	"textures": {
		"0": "item/thanksgiving/turkey_alive",
		"particle": "item/thanksgiving/turkey_alive"
	},
	"elements": [
		{
			"from": [7, 1, 6],
			"to": [9, 2, 10],
			"rotation": {"angle": 0, "axis": "z", "origin": [8, 2, 8]},
			"faces": {
				"north": {"uv": [7.5, 10.5, 8, 10.75], "texture": "#0"},
				"east": {"uv": [4.5, 9.75, 5.5, 10], "texture": "#0"},
				"south": {"uv": [10.5, 7.5, 11, 7.75], "texture": "#0"},
				"west": {"uv": [9.75, 4.5, 10.75, 4.75], "texture": "#0"},
				"up": {"uv": [6, 9.25, 5.5, 8.25], "texture": "#0"},
				"down": {"uv": [6.5, 8.25, 6, 9.25], "texture": "#0"}
			}
		},
		{
			"from": [6, 1, 7],
			"to": [10, 2, 9],
			"rotation": {"angle": 0, "axis": "z", "origin": [8, 2, 8]},
			"faces": {
				"north": {"uv": [9.75, 4.75, 10.75, 5], "texture": "#0"},
				"east": {"uv": [10.5, 8.25, 11, 8.5], "texture": "#0"},
				"south": {"uv": [10, 1.5, 11, 1.75], "texture": "#0"},
				"west": {"uv": [10.25, 10.5, 10.75, 10.75], "texture": "#0"},
				"up": {"uv": [9.25, 6.5, 8.25, 6], "texture": "#0"},
				"down": {"uv": [9.25, 6.5, 8.25, 7], "texture": "#0"}
			}
		},
		{
			"from": [7, 0, 7],
			"to": [9, 5, 9],
			"rotation": {"angle": 0, "axis": "z", "origin": [8, 2, 8]},
			"faces": {
				"north": {"uv": [1.75, 4, 2.25, 5.25], "texture": "#0"},
				"east": {"uv": [5, 7.5, 5.5, 8.75], "texture": "#0"},
				"south": {"uv": [4.25, 8, 4.75, 9.25], "texture": "#0"},
				"west": {"uv": [7.75, 8, 8.25, 9.25], "texture": "#0"},
				"up": {"uv": [4.5, 10.25, 4, 9.75], "texture": "#0"},
				"down": {"uv": [10.25, 4, 9.75, 4.5], "texture": "#0"}
			}
		}
	],
	"display": {
		"thirdperson_righthand": {
			"rotation": [65.29, 90, 26],
			"translation": [0, -1.25, -1.75],
			"scale": [0.5, 0.5, 0.5]
		},
		"thirdperson_lefthand": {
			"rotation": [68, -90, -26],
			"translation": [0, -1.25, -1.75],
			"scale": [0.5, 0.5, 0.5]
		},
		"firstperson_righthand": {
			"rotation": [-180, -14.75, -180],
			"translation": [1.25, 2.5, 0],
			"scale": [0.5, 0.5, 0.5]
		},
		"firstperson_lefthand": {
			"rotation": [0, 14, 0],
			"translation": [1.25, 2.5, 0],
			"scale": [0.5, 0.5, 0.5]
		},
		"ground": {
			"translation": [0, 7.75, 0]
		},
		"gui": {
			"rotation": [26, -132, 0],
			"translation": [-0.5, -1.25, 0],
			"scale": [0.7, 0.7, 0.7]
		},
		"head": {
			"rotation": [0, 90, 0],
			"translation": [0, 22.4, 0],
			"scale": [2, 2, 2]
		},
		"fixed": {
			"rotation": [0, 90, 0],
			"translation": [0, -1.5, 0]
		}
	},
	"groups": [
		{
			"name": "Neck",
			"origin": [9.8, 13.125, 8],
			"color": 0,
			"nbt": "{}",
			"armAnimationEnabled": false,
			"children": [0, 1, 2]
		}
	]
}