{
	"credit": "Made with Blockbench",
	"elements": [
		{
			"from": [2, 1, 5],
			"to": [14, 6, 11],
			"rotation": {"angle": 0, "axis": "y", "origin": [8, 4, 8]},
			"color": 1,
			"faces": {
				"north": {"uv": [0, 0, 12, 5], "texture": "#missing"},
				"east": {"uv": [0, 0, 6, 5], "texture": "#missing"},
				"south": {"uv": [0, 0, 12, 5], "texture": "#missing"},
				"west": {"uv": [0, 0, 6, 5], "texture": "#missing"},
				"up": {"uv": [0, 0, 12, 6], "texture": "#missing"},
				"down": {"uv": [0, 0, 12, 6], "texture": "#missing"}
			}
		},
		{
			"from": [1.65, 0, 4.65],
			"to": [14.35, 1, 11.35],
			"rotation": {"angle": 0, "axis": "y", "origin": [8, 4, 8]},
			"color": 1,
			"faces": {
				"north": {"uv": [0, 0, 12.7, 1], "texture": "#missing"},
				"east": {"uv": [0, 0, 6.7, 1], "texture": "#missing"},
				"south": {"uv": [0, 0, 12.7, 1], "texture": "#missing"},
				"west": {"uv": [0, 0, 6.7, 1], "texture": "#missing"},
				"up": {"uv": [0, 0, 12.7, 6.7], "texture": "#missing"},
				"down": {"uv": [0, 0, 12.7, 6.7], "texture": "#missing"}
			}
		},
		{
			"from": [13.25, -0.2, 4.55],
			"to": [14.45, 0.8, 5.75],
			"rotation": {"angle": 0, "axis": "y", "origin": [8, 4, 8]},
			"color": 1,
			"faces": {
				"north": {"uv": [0, 0, 1.2, 1], "texture": "#missing"},
				"east": {"uv": [0, 0, 1.2, 1], "texture": "#missing"},
				"south": {"uv": [0, 0, 1.2, 1], "texture": "#missing"},
				"west": {"uv": [0, 0, 1.2, 1], "texture": "#missing"},
				"up": {"uv": [0, 0, 1.2, 1.2], "texture": "#missing"},
				"down": {"uv": [0, 0, 1.2, 1.2], "texture": "#missing"}
			}
		},
		{
			"from": [1.55, -0.2, 4.55],
			"to": [2.75, 0.8, 5.75],
			"rotation": {"angle": 0, "axis": "y", "origin": [8, 4, 8]},
			"color": 1,
			"faces": {
				"north": {"uv": [0, 0, 1.2, 1], "texture": "#missing"},
				"east": {"uv": [0, 0, 1.2, 1], "texture": "#missing"},
				"south": {"uv": [0, 0, 1.2, 1], "texture": "#missing"},
				"west": {"uv": [0, 0, 1.2, 1], "texture": "#missing"},
				"up": {"uv": [0, 0, 1.2, 1.2], "texture": "#missing"},
				"down": {"uv": [0, 0, 1.2, 1.2], "texture": "#missing"}
			}
		},
		{
			"from": [1.55, -0.2, 10.25],
			"to": [2.75, 0.8, 11.45],
			"rotation": {"angle": 0, "axis": "y", "origin": [8, 4, 8]},
			"color": 1,
			"faces": {
				"north": {"uv": [0, 0, 1.2, 1], "texture": "#missing"},
				"east": {"uv": [0, 0, 1.2, 1], "texture": "#missing"},
				"south": {"uv": [0, 0, 1.2, 1], "texture": "#missing"},
				"west": {"uv": [0, 0, 1.2, 1], "texture": "#missing"},
				"up": {"uv": [0, 0, 1.2, 1.2], "texture": "#missing"},
				"down": {"uv": [0, 0, 1.2, 1.2], "texture": "#missing"}
			}
		},
		{
			"from": [13.25, -0.2, 10.25],
			"to": [14.45, 0.8, 11.45],
			"rotation": {"angle": 0, "axis": "y", "origin": [8, 4, 8]},
			"color": 1,
			"faces": {
				"north": {"uv": [0, 0, 1.2, 1], "texture": "#missing"},
				"east": {"uv": [0, 0, 1.2, 1], "texture": "#missing"},
				"south": {"uv": [0, 0, 1.2, 1], "texture": "#missing"},
				"west": {"uv": [0, 0, 1.2, 1], "texture": "#missing"},
				"up": {"uv": [0, 0, 1.2, 1.2], "texture": "#missing"},
				"down": {"uv": [0, 0, 1.2, 1.2], "texture": "#missing"}
			}
		},
		{
			"from": [6.8, -0.2, 4.55],
			"to": [9.2, 0.8, 5.75],
			"rotation": {"angle": 0, "axis": "y", "origin": [8, 4, 8]},
			"color": 1,
			"faces": {
				"north": {"uv": [0, 0, 2.4, 1], "texture": "#missing"},
				"east": {"uv": [0, 0, 1.2, 1], "texture": "#missing"},
				"south": {"uv": [0, 0, 2.4, 1], "texture": "#missing"},
				"west": {"uv": [0, 0, 1.2, 1], "texture": "#missing"},
				"up": {"uv": [0, 0, 2.4, 1.2], "texture": "#missing"},
				"down": {"uv": [0, 0, 2.4, 1.2], "texture": "#missing"}
			}
		},
		{
			"from": [6.8, -0.2, 10.25],
			"to": [9.2, 0.8, 11.45],
			"rotation": {"angle": 0, "axis": "y", "origin": [8, 4, 8]},
			"color": 1,
			"faces": {
				"north": {"uv": [0, 0, 2.4, 1], "texture": "#missing"},
				"east": {"uv": [0, 0, 1.2, 1], "texture": "#missing"},
				"south": {"uv": [0, 0, 2.4, 1], "texture": "#missing"},
				"west": {"uv": [0, 0, 1.2, 1], "texture": "#missing"},
				"up": {"uv": [0, 0, 2.4, 1.2], "texture": "#missing"},
				"down": {"uv": [0, 0, 2.4, 1.2], "texture": "#missing"}
			}
		}
	]
}