{
    "parent": "item/chest",
    "textures": {
        "particle": "block/obsidian"
    },
	"overrides": [
	  {"predicate": {"custom_model_data":3}, "model": "item/keys/monthly"},
      {"predicate": {"custom_model_data":10}, "model": "item/crates/treasure_gold/treasure_gold"},
      {"predicate": {"custom_model_data":11}, "model": "item/crates/treasure_gold/treasure_gold1"},
      {"predicate": {"custom_model_data":12}, "model": "item/crates/treasure_gold/treasure_gold2"},
      {"predicate": {"custom_model_data":13}, "model": "item/crates/treasure_gold/treasure_gold3"},
      {"predicate": {"custom_model_data":14}, "model": "item/crates/treasure_gold/treasure_gold4"},
      {"predicate": {"custom_model_data":15}, "model": "item/crates/treasure_gold/treasure_gold5"},
      {"predicate": {"custom_model_data":16}, "model": "item/crates/treasure_gold/treasure_gold6"},
      {"predicate": {"custom_model_data":17}, "model": "item/crates/treasure_gold/treasure_gold7"}
    ]
}
