{
    "parent": "minecraft:block/brown_shulker_box",
    "overrides": [
      {
        "predicate": {
          "custom_model_data": 1
        },
        "model": "item/thanksgiving/alive_turkey"
      },
      {
        "predicate": {
          "custom_model_data": 2
        },
        "model": "item/thanksgiving/alive_turkey_anim/alive_turkey_anim1"
      },
      {
        "predicate": {
          "custom_model_data": 3
        },
        "model": "item/thanksgiving/alive_turkey_anim/alive_turkey_anim2"
      },
      {
        "predicate": {
          "custom_model_data": 4
        },
        "model": "item/thanksgiving/alive_turkey_anim/alive_turkey_anim3"
      },
      {
        "predicate": {
          "custom_model_data": 5
        },
        "model": "item/thanksgiving/alive_turkey_anim/alive_turkey_anim4"
      },
      {
        "predicate": {
          "custom_model_data": 6
        },
        "model": "item/thanksgiving/alive_turkey_anim/alive_turkey_anim5"
      },
      {
        "predicate": {
          "custom_model_data": 7
        },
        "model": "item/thanksgiving/alive_turkey_anim/alive_turkey_anim6"
      },
      {
        "predicate": {
          "custom_model_data": 8
        },
        "model": "item/thanksgiving/alive_turkey_small"
      },
      {
        "predicate": {
          "custom_model_data": 9
        },
        "model": "item/thanksgiving/alive_turkey_explo/alive_turkey_explo1"
      },
      {
        "predicate": {
          "custom_model_data": 10
        },
        "model": "item/thanksgiving/alive_turkey_explo/alive_turkey_explo2"
      },
      {
        "predicate": {
          "custom_model_data": 11
        },
        "model": "item/thanksgiving/alive_turkey_explo/alive_turkey_explo3"
      },
      {
        "predicate": {
          "custom_model_data": 12
        },
        "model": "item/thanksgiving/alive_turkey_explo/alive_turkey_beak"
      },
      {
        "predicate": {
          "custom_model_data": 13
        },
        "model": "item/thanksgiving/alive_turkey_explo/alive_turkey_body"
      },
      {
        "predicate": {
          "custom_model_data": 14
        },
        "model": "item/thanksgiving/alive_turkey_explo/alive_turkey_foot"
      },
      {
        "predicate": {
          "custom_model_data": 15
        },
        "model": "item/thanksgiving/alive_turkey_explo/alive_turkey_head"
      },
      {
        "predicate": {
          "custom_model_data": 16
        },
        "model": "item/thanksgiving/alive_turkey_explo/alive_turkey_lefteye"
      },
      {
        "predicate": {
          "custom_model_data": 17
        },
        "model": "item/thanksgiving/alive_turkey_explo/alive_turkey_righteye"
      },
      {
        "predicate": {
          "custom_model_data": 18
        },
        "model": "item/thanksgiving/alive_turkey_explo/alive_turkey_neck"
      },
      {
        "predicate": {
          "custom_model_data": 19
        },
        "model": "item/thanksgiving/alive_turkey_explo/alive_turkey_tail"
      },
      {
        "predicate": {
          "custom_model_data": 20
        },
        "model": "item/thanksgiving/alive_turkey_explo/alive_turkey_wing"
      }
    ]
}