{
  "ambientocclusion": false,
  "textures": {
    "0": "item/omnitool/tile108"
  },
  "elements": [
    {
      "from": [4.6, 4.00127, 8.85078],
      "to": [6.6, 6.00127, 9.85078],
      "rotation": {"angle": 0, "axis": "y", "origin": [5.6, 5.00063, 8.97539]},
      "faces": {
        "north": {"uv": [5, 2, 6, 3], "texture": "#0"},
        "east": {"uv": [10.5, 1, 11, 2], "texture": "#0"},
        "south": {"uv": [5.5, 8, 6.5, 9], "texture": "#0"},
        "west": {"uv": [2, 10.5, 2.5, 11.5], "texture": "#0"},
        "up": {"uv": [3, 8, 2, 7.5], "texture": "#0"},
        "down": {"uv": [11.5, 2, 10.5, 2.5], "texture": "#0"}
      }
    },
    {
      "from": [4.6, 3.67854, 6.88785],
      "to": [6.6, 4.67854, 8.88785],
      "rotation": {"angle": -45, "axis": "x", "origin": [5.6, 5.00063, 8.97539]},
      "faces": {
        "north": {"uv": [2.5, 10.5, 3.5, 11], "texture": "#0"},
        "east": {"uv": [10.5, 2.5, 11.5, 3], "texture": "#0"},
        "south": {"uv": [10.5, 3, 11.5, 3.5], "texture": "#0"},
        "west": {"uv": [10.5, 3.5, 11.5, 4], "texture": "#0"},
        "up": {"uv": [9, 6.5, 8, 5.5], "texture": "#0"},
        "down": {"uv": [7.5, 8, 6.5, 9], "texture": "#0"}
      }
    },
    {
      "from": [4.6, 5.08772, 9.29704],
      "to": [6.6, 7.08772, 10.29704],
      "rotation": {"angle": -45, "axis": "x", "origin": [5.6, 5.00063, 8.97539]},
      "faces": {
        "north": {"uv": [8, 6.5, 9, 7.5], "texture": "#0"},
        "east": {"uv": [3.5, 10.5, 4, 11.5], "texture": "#0"},
        "south": {"uv": [7.5, 8, 8.5, 9], "texture": "#0"},
        "west": {"uv": [4.5, 10.5, 5, 11.5], "texture": "#0"},
        "up": {"uv": [11.5, 4.5, 10.5, 4], "texture": "#0"},
        "down": {"uv": [6, 10.5, 5, 11], "texture": "#0"}
      }
    },
    {
      "from": [4.6, 4, 5],
      "to": [6.6, 6, 6],
      "rotation": {"angle": 0, "axis": "y", "origin": [4.6, 0, 0]},
      "faces": {
        "north": {"uv": [8.5, 4.5, 9.5, 5.5], "texture": "#0"},
        "east": {"uv": [6, 10.5, 6.5, 11.5], "texture": "#0"},
        "south": {"uv": [8.5, 7.5, 9.5, 8.5], "texture": "#0"},
        "west": {"uv": [6.5, 10.5, 7, 11.5], "texture": "#0"},
        "up": {"uv": [8, 11, 7, 10.5], "texture": "#0"},
        "down": {"uv": [11, 10.5, 10, 11], "texture": "#0"}
      }
    },
    {
      "from": [4.6, 6.425, 6.425],
      "to": [6.6, 7.425, 8.425],
      "rotation": {"angle": 0, "axis": "y", "origin": [5.6, 5, 8.5]},
      "faces": {
        "north": {"uv": [0.5, 11, 1.5, 11.5], "texture": "#0"},
        "east": {"uv": [11, 1, 12, 1.5], "texture": "#0"},
        "south": {"uv": [11, 1.5, 12, 2], "texture": "#0"},
        "west": {"uv": [2.5, 11, 3.5, 11.5], "texture": "#0"},
        "up": {"uv": [9.5, 9.5, 8.5, 8.5], "texture": "#0"},
        "down": {"uv": [6.5, 9, 5.5, 10], "texture": "#0"}
      }
    },
    {
      "from": [3.35, 6.425, 6.425],
      "to": [4.6, 7.175, 8.425],
      "rotation": {"angle": 0, "axis": "y", "origin": [3.6, 6.925, 7.425]},
      "faces": {
        "north": {"uv": [8, 7.5, 8.5, 8], "texture": "#0"},
        "east": {"uv": [5, 11, 6, 11.5], "texture": "#0"},
        "south": {"uv": [0.5, 12.5, 1, 13], "texture": "#0"},
        "west": {"uv": [7, 11, 8, 11.5], "texture": "#0"},
        "up": {"uv": [8.5, 11.5, 8, 10.5], "texture": "#0"},
        "down": {"uv": [2, 11, 1.5, 12], "texture": "#0"}
      }
    },
    {
      "from": [3.35, 3.925, 8.85],
      "to": [4.6, 5.925, 9.6],
      "rotation": {"angle": 0, "axis": "y", "origin": [3.6, 4.925, 9.35]},
      "faces": {
        "north": {"uv": [10, 11, 10.5, 12], "texture": "#0"},
        "east": {"uv": [10.5, 11, 11, 12], "texture": "#0"},
        "south": {"uv": [11, 10.5, 11.5, 11.5], "texture": "#0"},
        "west": {"uv": [0.5, 11.5, 1, 12.5], "texture": "#0"},
        "up": {"uv": [1.5, 13, 1, 12.5], "texture": "#0"},
        "down": {"uv": [13, 1, 12.5, 1.5], "texture": "#0"}
      }
    },
    {
      "from": [3.35, 5.525, 8.325],
      "to": [4.6, 7.225, 9.075],
      "rotation": {"angle": -45, "axis": "x", "origin": [3.6, 6.425, 8.825]},
      "faces": {
        "north": {"uv": [5, 12, 5.5, 12.75], "texture": "#0"},
        "east": {"uv": [5.5, 12, 6, 12.75], "texture": "#0"},
        "south": {"uv": [6, 12, 6.5, 12.75], "texture": "#0"},
        "west": {"uv": [6.5, 12, 7, 12.75], "texture": "#0"},
        "up": {"uv": [13, 2, 12.5, 1.5], "texture": "#0"},
        "down": {"uv": [2.5, 12.5, 2, 13], "texture": "#0"}
      }
    },
    {
      "from": [3.35, 3.925, 5.25],
      "to": [4.6, 5.925, 6],
      "rotation": {"angle": 0, "axis": "y", "origin": [3.6, 4.925, 5.75]},
      "faces": {
        "north": {"uv": [1, 11.5, 1.5, 12.5], "texture": "#0"},
        "east": {"uv": [2, 11.5, 2.5, 12.5], "texture": "#0"},
        "south": {"uv": [11.5, 2, 12, 3], "texture": "#0"},
        "west": {"uv": [2.5, 11.5, 3, 12.5], "texture": "#0"},
        "up": {"uv": [3, 13, 2.5, 12.5], "texture": "#0"},
        "down": {"uv": [13, 3, 12.5, 3.5], "texture": "#0"}
      }
    },
    {
      "from": [3.35, 5.92244, 5.23096],
      "to": [4.6, 6.67244, 6.95596],
      "rotation": {"angle": -45, "axis": "x", "origin": [3.975, 6.29744, 6.09346]},
      "faces": {
        "north": {"uv": [12.5, 3.5, 13, 4], "texture": "#0"},
        "east": {"uv": [12, 7, 12.75, 7.5], "texture": "#0"},
        "south": {"uv": [4, 12.5, 4.5, 13], "texture": "#0"},
        "west": {"uv": [12, 7.5, 12.75, 8], "texture": "#0"},
        "up": {"uv": [7.5, 12.75, 7, 12], "texture": "#0"},
        "down": {"uv": [12.5, 9, 12, 9.75], "texture": "#0"}
      }
    },
    {
      "from": [3.35, 3.34744, 7.93096],
      "to": [4.6, 4.09744, 9.53096],
      "rotation": {"angle": -45, "axis": "x", "origin": [3.975, 3.72244, 8.84346]},
      "faces": {
        "north": {"uv": [12.5, 4, 13, 4.5], "texture": "#0"},
        "east": {"uv": [9.5, 12, 10.25, 12.5], "texture": "#0"},
        "south": {"uv": [12.5, 4.5, 13, 5], "texture": "#0"},
        "west": {"uv": [12, 10, 12.75, 10.5], "texture": "#0"},
        "up": {"uv": [11, 12.75, 10.5, 12], "texture": "#0"},
        "down": {"uv": [12.5, 10.5, 12, 11.25], "texture": "#0"}
      }
    },
    {
      "from": [3.35, 3.19744, 5.25596],
      "to": [4.6, 3.94744, 6.85596],
      "rotation": {"angle": 45, "axis": "x", "origin": [3.975, 3.57244, 6.16846]},
      "faces": {
        "north": {"uv": [12.5, 5, 13, 5.5], "texture": "#0"},
        "east": {"uv": [11.5, 12, 12.25, 12.5], "texture": "#0"},
        "south": {"uv": [12.5, 5.5, 13, 6], "texture": "#0"},
        "west": {"uv": [12, 11.5, 12.75, 12], "texture": "#0"},
        "up": {"uv": [0.5, 13.25, 0, 12.5], "texture": "#0"},
        "down": {"uv": [13, 0, 12.5, 0.75], "texture": "#0"}
      }
    },
    {
      "from": [3.35, 2.85, 6.425],
      "to": [4.6, 3.6, 8.425],
      "rotation": {"angle": 0, "axis": "y", "origin": [3.6, 3.35, 7.425]},
      "faces": {
        "north": {"uv": [12.5, 6, 13, 6.5], "texture": "#0"},
        "east": {"uv": [3, 11.5, 4, 12], "texture": "#0"},
        "south": {"uv": [12.5, 6.5, 13, 7], "texture": "#0"},
        "west": {"uv": [11.5, 3, 12.5, 3.5], "texture": "#0"},
        "up": {"uv": [12, 4.5, 11.5, 3.5], "texture": "#0"},
        "down": {"uv": [4.5, 11.5, 4, 12.5], "texture": "#0"}
      }
    },
    {
      "from": [4.6, 2.6, 6.425],
      "to": [6.6, 3.6, 8.425],
      "rotation": {"angle": 0, "axis": "y", "origin": [5.6, 1.175, 8.5]},
      "faces": {
        "north": {"uv": [4.5, 11.5, 5.5, 12], "texture": "#0"},
        "east": {"uv": [11.5, 4.5, 12.5, 5], "texture": "#0"},
        "south": {"uv": [11.5, 5, 12.5, 5.5], "texture": "#0"},
        "west": {"uv": [5.5, 11.5, 6.5, 12], "texture": "#0"},
        "up": {"uv": [10, 6.5, 9, 5.5], "texture": "#0"},
        "down": {"uv": [7.5, 9, 6.5, 10], "texture": "#0"}
      }
    },
    {
      "from": [4.6, 6.85, 4.525],
      "to": [6.6, 7.85, 6.525],
      "rotation": {"angle": -45, "axis": "x", "origin": [5.6, 7.5, 7]},
      "faces": {
        "north": {"uv": [11.5, 5.5, 12.5, 6], "texture": "#0"},
        "east": {"uv": [11.5, 6, 12.5, 6.5], "texture": "#0"},
        "south": {"uv": [6.5, 11.5, 7.5, 12], "texture": "#0"},
        "west": {"uv": [11.5, 6.5, 12.5, 7], "texture": "#0"},
        "up": {"uv": [10, 7.5, 9, 6.5], "texture": "#0"},
        "down": {"uv": [8.5, 9, 7.5, 10], "texture": "#0"}
      }
    },
    {
      "from": [4.6, 2.65095, 5.56308],
      "to": [6.6, 4.65095, 6.56308],
      "rotation": {"angle": -45, "axis": "x", "origin": [5.6, 3.65095, 6.06308]},
      "faces": {
        "north": {"uv": [2, 9.5, 3, 10.5], "texture": "#0"},
        "east": {"uv": [11.5, 7, 12, 8], "texture": "#0"},
        "south": {"uv": [3, 9.5, 4, 10.5], "texture": "#0"},
        "west": {"uv": [7.5, 11.5, 8, 12.5], "texture": "#0"},
        "up": {"uv": [12.5, 8.5, 11.5, 8], "texture": "#0"},
        "down": {"uv": [12.5, 8.5, 11.5, 9], "texture": "#0"}
      }
    },
    {
      "from": [2.35, 4, 5.625],
      "to": [3.35, 6, 6.375],
      "rotation": {"angle": 0, "axis": "y", "origin": [2.35, 4, 6]},
      "faces": {
        "north": {"uv": [8, 11.5, 8.5, 12.5], "texture": "#0"},
        "east": {"uv": [11.5, 9, 12, 10], "texture": "#0"},
        "south": {"uv": [11.5, 10, 12, 11], "texture": "#0"},
        "west": {"uv": [11, 11.5, 11.5, 12.5], "texture": "#0"},
        "up": {"uv": [8, 13, 7.5, 12.5], "texture": "#0"},
        "down": {"uv": [8.5, 12.5, 8, 13], "texture": "#0"}
      }
    },
    {
      "from": [2.35, 4, 8.475],
      "to": [3.35, 6, 9.225],
      "rotation": {"angle": 0, "axis": "y", "origin": [2.35, 4, 8.85]},
      "faces": {
        "north": {"uv": [11.5, 11, 12, 12], "texture": "#0"},
        "east": {"uv": [12, 0, 12.5, 1], "texture": "#0"},
        "south": {"uv": [12, 1, 12.5, 2], "texture": "#0"},
        "west": {"uv": [1.5, 12, 2, 13], "texture": "#0"},
        "up": {"uv": [13, 8.5, 12.5, 8], "texture": "#0"},
        "down": {"uv": [9, 12.5, 8.5, 13], "texture": "#0"}
      }
    },
    {
      "from": [2.35, 6, 6.425],
      "to": [3.35, 6.75, 8.425],
      "rotation": {"angle": 0, "axis": "y", "origin": [2.85, 6.375, 7.425]},
      "faces": {
        "north": {"uv": [12.5, 8.5, 13, 9], "texture": "#0"},
        "east": {"uv": [12, 2, 13, 2.5], "texture": "#0"},
        "south": {"uv": [9, 12.5, 9.5, 13], "texture": "#0"},
        "west": {"uv": [12, 2.5, 13, 3], "texture": "#0"},
        "up": {"uv": [3.5, 13, 3, 12], "texture": "#0"},
        "down": {"uv": [4, 12, 3.5, 13], "texture": "#0"}
      }
    },
    {
      "from": [2.35, 5.6125, 5.8875],
      "to": [3.35, 6.6875, 6.6375],
      "rotation": {"angle": 45, "axis": "x", "origin": [2.85, 6.125, 6.2125]},
      "faces": {
        "north": {"uv": [12.5, 9, 13, 9.5], "texture": "#0"},
        "east": {"uv": [9.5, 12.5, 10, 13], "texture": "#0"},
        "south": {"uv": [12.5, 9.5, 13, 10], "texture": "#0"},
        "west": {"uv": [10, 12.5, 10.5, 13], "texture": "#0"},
        "up": {"uv": [13, 11, 12.5, 10.5], "texture": "#0"},
        "down": {"uv": [11.5, 12.5, 11, 13], "texture": "#0"}
      }
    },
    {
      "from": [2.35, 5.6625, 9.0875],
      "to": [3.35, 6.7375, 9.8375],
      "rotation": {"angle": 45, "axis": "x", "origin": [2.85, 6.125, 6.2125]},
      "faces": {
        "north": {"uv": [12.5, 11, 13, 11.5], "texture": "#0"},
        "east": {"uv": [11.5, 12.5, 12, 13], "texture": "#0"},
        "south": {"uv": [12, 12.5, 12.5, 13], "texture": "#0"},
        "west": {"uv": [12.5, 12, 13, 12.5], "texture": "#0"},
        "up": {"uv": [13, 13, 12.5, 12.5], "texture": "#0"},
        "down": {"uv": [13.5, 0, 13, 0.5], "texture": "#0"}
      }
    },
    {
      "from": [2.35, 3.34244, 5.91363],
      "to": [3.35, 4.41744, 6.66363],
      "rotation": {"angle": -45, "axis": "x", "origin": [2.85, 3.87994, 6.28863]},
      "faces": {
        "north": {"uv": [2, 13, 2.5, 13.5], "texture": "#0"},
        "east": {"uv": [13, 2, 13.5, 2.5], "texture": "#0"},
        "south": {"uv": [2.5, 13, 3, 13.5], "texture": "#0"},
        "west": {"uv": [13, 2.5, 13.5, 3], "texture": "#0"},
        "up": {"uv": [3.5, 13.5, 3, 13], "texture": "#0"},
        "down": {"uv": [13.5, 3, 13, 3.5], "texture": "#0"}
      }
    },
    {
      "from": [2.35, 5.56744, 8.18863],
      "to": [3.35, 6.64244, 8.93863],
      "rotation": {"angle": -45, "axis": "x", "origin": [2.85, 6.10494, 8.56363]},
      "faces": {
        "north": {"uv": [3.5, 13, 4, 13.5], "texture": "#0"},
        "east": {"uv": [13, 3.5, 13.5, 4], "texture": "#0"},
        "south": {"uv": [4, 13, 4.5, 13.5], "texture": "#0"},
        "west": {"uv": [13, 4, 13.5, 4.5], "texture": "#0"},
        "up": {"uv": [5, 13.5, 4.5, 13], "texture": "#0"},
        "down": {"uv": [13.5, 4.5, 13, 5], "texture": "#0"}
      }
    },
    {
      "from": [2.35, 3.25, 6.425],
      "to": [3.35, 4, 8.425],
      "rotation": {"angle": 0, "axis": "y", "origin": [2.85, 3.625, 7.425]},
      "faces": {
        "north": {"uv": [13.5, 11, 14, 11.25], "texture": "#0"},
        "east": {"uv": [5, 13, 6, 13.25], "texture": "#0"},
        "south": {"uv": [11.5, 13.5, 12, 13.75], "texture": "#0"},
        "west": {"uv": [13, 5, 14, 5.25], "texture": "#0"},
        "up": {"uv": [12.5, 4.5, 12, 3.5], "texture": "#0"},
        "down": {"uv": [5, 12, 4.5, 13], "texture": "#0"}
      }
    },
    {
      "from": [1.6, 4.425, 6],
      "to": [2.6, 5.6, 6.825],
      "rotation": {"angle": 0, "axis": "y", "origin": [1.6, 4.5, 5.825]},
      "faces": {
        "north": {"uv": [13, 5.5, 13.5, 6], "texture": "#0"},
        "east": {"uv": [6, 13, 6.5, 13.5], "texture": "#0"},
        "south": {"uv": [13, 6, 13.5, 6.5], "texture": "#0"},
        "west": {"uv": [6.5, 13, 7, 13.5], "texture": "#0"},
        "up": {"uv": [13.5, 7, 13, 6.5], "texture": "#0"},
        "down": {"uv": [7.5, 13, 7, 13.5], "texture": "#0"}
      }
    },
    {
      "from": [1.6, 5.2, 5.825],
      "to": [2.6, 6.025, 7],
      "rotation": {"angle": -45, "axis": "x", "origin": [2.1, 6.0125, 6.4125]},
      "faces": {
        "north": {"uv": [13, 7, 13.5, 7.5], "texture": "#0"},
        "east": {"uv": [7.5, 13, 8, 13.5], "texture": "#0"},
        "south": {"uv": [13, 7.5, 13.5, 8], "texture": "#0"},
        "west": {"uv": [8, 13, 8.5, 13.5], "texture": "#0"},
        "up": {"uv": [13.5, 8.5, 13, 8], "texture": "#0"},
        "down": {"uv": [9, 13, 8.5, 13.5], "texture": "#0"}
      }
    },
    {
      "from": [1.6, 3.175, 5.825],
      "to": [2.6, 4, 7],
      "rotation": {"angle": -45, "axis": "x", "origin": [2.1, 6.0125, 6.4125]},
      "faces": {
        "north": {"uv": [13, 8.5, 13.5, 9], "texture": "#0"},
        "east": {"uv": [9, 13, 9.5, 13.5], "texture": "#0"},
        "south": {"uv": [13, 9, 13.5, 9.5], "texture": "#0"},
        "west": {"uv": [9.5, 13, 10, 13.5], "texture": "#0"},
        "up": {"uv": [13.5, 10, 13, 9.5], "texture": "#0"},
        "down": {"uv": [10.5, 13, 10, 13.5], "texture": "#0"}
      }
    },
    {
      "from": [1.6, 3.71027, 6.28973],
      "to": [2.6, 4.88527, 7.11473],
      "rotation": {"angle": -45, "axis": "x", "origin": [2.1, 4.29777, 6.70223]},
      "faces": {
        "north": {"uv": [13, 10, 13.5, 10.5], "texture": "#0"},
        "east": {"uv": [10.5, 13, 11, 13.5], "texture": "#0"},
        "south": {"uv": [13, 10.5, 13.5, 11], "texture": "#0"},
        "west": {"uv": [11, 13, 11.5, 13.5], "texture": "#0"},
        "up": {"uv": [13.5, 11.5, 13, 11], "texture": "#0"},
        "down": {"uv": [12, 13, 11.5, 13.5], "texture": "#0"}
      }
    },
    {
      "from": [1.6, 5.13527, 7.73973],
      "to": [2.6, 6.31027, 8.56473],
      "rotation": {"angle": -45, "axis": "x", "origin": [2.1, 5.72277, 8.15223]},
      "faces": {
        "north": {"uv": [13, 11.5, 13.5, 12], "texture": "#0"},
        "east": {"uv": [12, 13, 12.5, 13.5], "texture": "#0"},
        "south": {"uv": [13, 12, 13.5, 12.5], "texture": "#0"},
        "west": {"uv": [12.5, 13, 13, 13.5], "texture": "#0"},
        "up": {"uv": [13.5, 13, 13, 12.5], "texture": "#0"},
        "down": {"uv": [13.5, 13, 13, 13.5], "texture": "#0"}
      }
    },
    {
      "from": [1.6, 3.6, 6.825],
      "to": [2.6, 4.425, 8],
      "rotation": {"angle": 0, "axis": "y", "origin": [2.1, 4.0125, 7.4125]},
      "faces": {
        "north": {"uv": [0, 13.5, 0.5, 14], "texture": "#0"},
        "east": {"uv": [13.5, 0, 14, 0.5], "texture": "#0"},
        "south": {"uv": [0.5, 13.5, 1, 14], "texture": "#0"},
        "west": {"uv": [13.5, 0.5, 14, 1], "texture": "#0"},
        "up": {"uv": [1.5, 14, 1, 13.5], "texture": "#0"},
        "down": {"uv": [14, 1, 13.5, 1.5], "texture": "#0"}
      }
    },
    {
      "from": [1.6, 5.6, 6.825],
      "to": [2.6, 6.425, 8.025],
      "rotation": {"angle": 0, "axis": "y", "origin": [2.1, 6.0125, 7.4125]},
      "faces": {
        "north": {"uv": [1.5, 13.5, 2, 14], "texture": "#0"},
        "east": {"uv": [13.5, 1.5, 14, 2], "texture": "#0"},
        "south": {"uv": [2, 13.5, 2.5, 14], "texture": "#0"},
        "west": {"uv": [13.5, 2, 14, 2.5], "texture": "#0"},
        "up": {"uv": [3, 14, 2.5, 13.5], "texture": "#0"},
        "down": {"uv": [14, 2.5, 13.5, 3], "texture": "#0"}
      }
    },
    {
      "from": [1.6, 4.425, 8.025],
      "to": [2.6, 5.6, 8.85],
      "rotation": {"angle": 0, "axis": "y", "origin": [1.6, 4.5, 7.875]},
      "faces": {
        "north": {"uv": [3, 13.5, 3.5, 14], "texture": "#0"},
        "east": {"uv": [13.5, 3, 14, 3.5], "texture": "#0"},
        "south": {"uv": [3.5, 13.5, 4, 14], "texture": "#0"},
        "west": {"uv": [13.5, 3.5, 14, 4], "texture": "#0"},
        "up": {"uv": [4.5, 14, 4, 13.5], "texture": "#0"},
        "down": {"uv": [14, 4, 13.5, 4.5], "texture": "#0"}
      }
    },
    {
      "from": [1.075, 4.6, 6.525],
      "to": [2.075, 5.4, 7.025],
      "rotation": {"angle": 0, "axis": "y", "origin": [1.075, 4.5, 6.325]},
      "faces": {
        "north": {"uv": [4.5, 13.5, 5, 14], "texture": "#0"},
        "east": {"uv": [13.5, 11.5, 13.75, 12], "texture": "#0"},
        "south": {"uv": [13.5, 4.5, 14, 5], "texture": "#0"},
        "west": {"uv": [12, 13.5, 12.25, 14], "texture": "#0"},
        "up": {"uv": [14, 12.25, 13.5, 12], "texture": "#0"},
        "down": {"uv": [13, 13.5, 12.5, 13.75], "texture": "#0"}
      }
    },
    {
      "from": [1.075, 5.25, 7.575],
      "to": [2.075, 5.75, 8.25],
      "rotation": {"angle": 45, "axis": "x", "origin": [1.575, 5.525, 7.875]},
      "faces": {
        "north": {"uv": [13.5, 12.5, 14, 12.75], "texture": "#0"},
        "east": {"uv": [14, 14, 14.25, 14.25], "texture": "#0"},
        "south": {"uv": [13, 13.5, 13.5, 13.75], "texture": "#0"},
        "west": {"uv": [0, 14.5, 0.25, 14.75], "texture": "#0"},
        "up": {"uv": [14, 13.25, 13.5, 13], "texture": "#0"},
        "down": {"uv": [14, 13.5, 13.5, 13.75], "texture": "#0"}
      }
    },
    {
      "from": [1.075, 5.2, 6.6],
      "to": [2.075, 5.7, 7.3],
      "rotation": {"angle": -45, "axis": "x", "origin": [1.575, 5.475, 6.925]},
      "faces": {
        "north": {"uv": [0, 14, 0.5, 14.25], "texture": "#0"},
        "east": {"uv": [14.5, 0, 14.75, 0.25], "texture": "#0"},
        "south": {"uv": [14, 0, 14.5, 0.25], "texture": "#0"},
        "west": {"uv": [0.5, 14.5, 0.75, 14.75], "texture": "#0"},
        "up": {"uv": [1, 14.25, 0.5, 14], "texture": "#0"},
        "down": {"uv": [14.5, 0.5, 14, 0.75], "texture": "#0"}
      }
    },
    {
      "from": [1.075, 3.925, 7.575],
      "to": [2.075, 4.425, 8.275],
      "rotation": {"angle": 45, "axis": "x", "origin": [1.575, 5.525, 7.875]},
      "faces": {
        "north": {"uv": [1, 14, 1.5, 14.25], "texture": "#0"},
        "east": {"uv": [14.5, 0.5, 14.75, 0.75], "texture": "#0"},
        "south": {"uv": [14, 1, 14.5, 1.25], "texture": "#0"},
        "west": {"uv": [1, 14.5, 1.25, 14.75], "texture": "#0"},
        "up": {"uv": [2, 14.25, 1.5, 14], "texture": "#0"},
        "down": {"uv": [14.5, 1.5, 14, 1.75], "texture": "#0"}
      }
    },
    {
      "from": [1.075, 3.85, 6.575],
      "to": [2.075, 4.35, 7.275],
      "rotation": {"angle": -45, "axis": "x", "origin": [1.575, 5.45, 6.9]},
      "faces": {
        "north": {"uv": [2, 14, 2.5, 14.25], "texture": "#0"},
        "east": {"uv": [14.5, 1, 14.75, 1.25], "texture": "#0"},
        "south": {"uv": [14, 2, 14.5, 2.25], "texture": "#0"},
        "west": {"uv": [1.5, 14.5, 1.75, 14.75], "texture": "#0"},
        "up": {"uv": [3, 14.25, 2.5, 14], "texture": "#0"},
        "down": {"uv": [14.5, 2.5, 14, 2.75], "texture": "#0"}
      }
    },
    {
      "from": [1.075, 4.6, 7.8],
      "to": [2.075, 5.4, 8.3],
      "rotation": {"angle": 0, "axis": "y", "origin": [1.575, 5, 8]},
      "faces": {
        "north": {"uv": [5, 13.5, 5.5, 14], "texture": "#0"},
        "east": {"uv": [3, 14, 3.25, 14.5], "texture": "#0"},
        "south": {"uv": [5.5, 13.5, 6, 14], "texture": "#0"},
        "west": {"uv": [14, 3, 14.25, 3.5], "texture": "#0"},
        "up": {"uv": [4, 14.25, 3.5, 14], "texture": "#0"},
        "down": {"uv": [14.5, 3.5, 14, 3.75], "texture": "#0"}
      }
    },
    {
      "from": [1.075, 5.4, 7.025],
      "to": [2.075, 5.9, 7.8],
      "rotation": {"angle": 0, "axis": "y", "origin": [1.575, 5.65, 7.425]},
      "faces": {
        "north": {"uv": [4, 14, 4.5, 14.25], "texture": "#0"},
        "east": {"uv": [14, 4, 14.5, 4.25], "texture": "#0"},
        "south": {"uv": [4.5, 14, 5, 14.25], "texture": "#0"},
        "west": {"uv": [14, 4.5, 14.5, 4.75], "texture": "#0"},
        "up": {"uv": [14, 6, 13.5, 5.5], "texture": "#0"},
        "down": {"uv": [6.5, 13.5, 6, 14], "texture": "#0"}
      }
    },
    {
      "from": [1.075, 4.1, 7.025],
      "to": [2.075, 4.6, 7.8],
      "rotation": {"angle": 0, "axis": "y", "origin": [1.575, 4.35, 7.425]},
      "faces": {
        "north": {"uv": [5, 14, 5.5, 14.25], "texture": "#0"},
        "east": {"uv": [14, 5, 14.5, 5.25], "texture": "#0"},
        "south": {"uv": [5.5, 14, 6, 14.25], "texture": "#0"},
        "west": {"uv": [14, 5.5, 14.5, 5.75], "texture": "#0"},
        "up": {"uv": [14, 6.5, 13.5, 6], "texture": "#0"},
        "down": {"uv": [7, 13.5, 6.5, 14], "texture": "#0"}
      }
    },
    {
      "from": [0.575, 4.7, 7.725],
      "to": [1.575, 5.3, 8.075],
      "rotation": {"angle": 0, "axis": "y", "origin": [0.575, 0, 0]},
      "faces": {
        "north": {"uv": [6, 14, 6.5, 14.25], "texture": "#0"},
        "east": {"uv": [14.5, 1.5, 14.75, 1.75], "texture": "#0"},
        "south": {"uv": [14, 6, 14.5, 6.25], "texture": "#0"},
        "west": {"uv": [2, 14.5, 2.25, 14.75], "texture": "#0"},
        "up": {"uv": [7, 14.25, 6.5, 14], "texture": "#0"},
        "down": {"uv": [14.5, 6.5, 14, 6.75], "texture": "#0"}
      }
    },
    {
      "from": [0.575, 5.325, 7.1],
      "to": [1.575, 5.675, 7.7],
      "rotation": {"angle": 0, "axis": "y", "origin": [1.075, 5, 7.4]},
      "faces": {
        "north": {"uv": [7, 14, 7.5, 14.25], "texture": "#0"},
        "east": {"uv": [14.5, 2, 14.75, 2.25], "texture": "#0"},
        "south": {"uv": [14, 7, 14.5, 7.25], "texture": "#0"},
        "west": {"uv": [2.5, 14.5, 2.75, 14.75], "texture": "#0"},
        "up": {"uv": [8, 14.25, 7.5, 14], "texture": "#0"},
        "down": {"uv": [14.5, 7.5, 14, 7.75], "texture": "#0"}
      }
    },
    {
      "from": [0.575, 5.225, 6.925],
      "to": [1.575, 5.775, 7.275],
      "rotation": {"angle": 45, "axis": "x", "origin": [1.075, 5.5, 6.9]},
      "faces": {
        "north": {"uv": [8, 14, 8.5, 14.25], "texture": "#0"},
        "east": {"uv": [14.5, 2.5, 14.75, 2.75], "texture": "#0"},
        "south": {"uv": [14, 8, 14.5, 8.25], "texture": "#0"},
        "west": {"uv": [3, 14.5, 3.25, 14.75], "texture": "#0"},
        "up": {"uv": [9, 14.25, 8.5, 14], "texture": "#0"},
        "down": {"uv": [14.5, 8.5, 14, 8.75], "texture": "#0"}
      }
    },
    {
      "from": [0.575, 5.225, 7.95],
      "to": [1.575, 5.775, 8.3],
      "rotation": {"angle": 45, "axis": "x", "origin": [1.075, 5.5, 6.9]},
      "faces": {
        "north": {"uv": [9, 14, 9.5, 14.25], "texture": "#0"},
        "east": {"uv": [14.5, 3, 14.75, 3.25], "texture": "#0"},
        "south": {"uv": [14, 9, 14.5, 9.25], "texture": "#0"},
        "west": {"uv": [3.5, 14.5, 3.75, 14.75], "texture": "#0"},
        "up": {"uv": [10, 14.25, 9.5, 14], "texture": "#0"},
        "down": {"uv": [14.5, 9.5, 14, 9.75], "texture": "#0"}
      }
    },
    {
      "from": [0.575, 5.08379, 7.59121],
      "to": [1.575, 5.63379, 7.94121],
      "rotation": {"angle": -45, "axis": "x", "origin": [1.075, 5.35879, 7.76621]},
      "faces": {
        "north": {"uv": [10, 14, 10.5, 14.25], "texture": "#0"},
        "east": {"uv": [14.5, 3.5, 14.75, 3.75], "texture": "#0"},
        "south": {"uv": [14, 10, 14.5, 10.25], "texture": "#0"},
        "west": {"uv": [4, 14.5, 4.25, 14.75], "texture": "#0"},
        "up": {"uv": [11, 14.25, 10.5, 14], "texture": "#0"},
        "down": {"uv": [14.5, 10.5, 14, 10.75], "texture": "#0"}
      }
    },
    {
      "from": [0.575, 4.35879, 6.86621],
      "to": [1.575, 4.90879, 7.21621],
      "rotation": {"angle": -45, "axis": "x", "origin": [1.075, 4.63379, 7.04121]},
      "faces": {
        "north": {"uv": [11, 14, 11.5, 14.25], "texture": "#0"},
        "east": {"uv": [14.5, 4, 14.75, 4.25], "texture": "#0"},
        "south": {"uv": [14, 11, 14.5, 11.25], "texture": "#0"},
        "west": {"uv": [4.5, 14.5, 4.75, 14.75], "texture": "#0"},
        "up": {"uv": [12, 14.25, 11.5, 14], "texture": "#0"},
        "down": {"uv": [14.5, 11.5, 14, 11.75], "texture": "#0"}
      }
    },
    {
      "from": [0.575, 4.325, 7.1],
      "to": [1.575, 4.675, 7.7],
      "rotation": {"angle": 0, "axis": "y", "origin": [1.075, 5, 7.4]},
      "faces": {
        "north": {"uv": [12, 14, 12.5, 14.25], "texture": "#0"},
        "east": {"uv": [14.5, 4.5, 14.75, 4.75], "texture": "#0"},
        "south": {"uv": [14, 12, 14.5, 12.25], "texture": "#0"},
        "west": {"uv": [5, 14.5, 5.25, 14.75], "texture": "#0"},
        "up": {"uv": [13, 14.25, 12.5, 14], "texture": "#0"},
        "down": {"uv": [14.5, 12.5, 14, 12.75], "texture": "#0"}
      }
    },
    {
      "from": [0.575, 4.7, 6.725],
      "to": [1.575, 5.3, 7.075],
      "rotation": {"angle": 0, "axis": "y", "origin": [0.575, 0, 0]},
      "faces": {
        "north": {"uv": [13, 14, 13.5, 14.25], "texture": "#0"},
        "east": {"uv": [14.5, 5, 14.75, 5.25], "texture": "#0"},
        "south": {"uv": [14, 13, 14.5, 13.25], "texture": "#0"},
        "west": {"uv": [5.5, 14.5, 5.75, 14.75], "texture": "#0"},
        "up": {"uv": [14, 14.25, 13.5, 14], "texture": "#0"},
        "down": {"uv": [14.5, 13.5, 14, 13.75], "texture": "#0"}
      }
    },
    {
      "from": [0.3, 4.8, 7.625],
      "to": [0.6, 5.2, 7.825],
      "rotation": {"angle": 0, "axis": "y", "origin": [0.3, 4.5, 7.625]},
      "faces": {
        "north": {"uv": [14.5, 5.5, 14.75, 5.75], "texture": "#0"},
        "east": {"uv": [6, 14.5, 6.25, 14.75], "texture": "#0"},
        "south": {"uv": [14.5, 6, 14.75, 6.25], "texture": "#0"},
        "west": {"uv": [6.5, 14.5, 6.75, 14.75], "texture": "#0"},
        "up": {"uv": [14.75, 6.75, 14.5, 6.5], "texture": "#0"},
        "down": {"uv": [7.25, 14.5, 7, 14.75], "texture": "#0"}
      }
    },
    {
      "from": [0.3, 4.8, 6.975],
      "to": [0.6, 5.2, 7.175],
      "rotation": {"angle": 0, "axis": "y", "origin": [0.8, 5, 7.075]},
      "faces": {
        "north": {"uv": [14.5, 7, 14.75, 7.25], "texture": "#0"},
        "east": {"uv": [7.5, 14.5, 7.75, 14.75], "texture": "#0"},
        "south": {"uv": [14.5, 7.5, 14.75, 7.75], "texture": "#0"},
        "west": {"uv": [8, 14.5, 8.25, 14.75], "texture": "#0"},
        "up": {"uv": [14.75, 8.25, 14.5, 8], "texture": "#0"},
        "down": {"uv": [8.75, 14.5, 8.5, 14.75], "texture": "#0"}
      }
    },
    {
      "from": [0.3, 4.575, 7.2],
      "to": [0.6, 4.775, 7.6],
      "rotation": {"angle": 0, "axis": "y", "origin": [0.8, 4.675, 7.4]},
      "faces": {
        "north": {"uv": [14.5, 8.5, 14.75, 8.75], "texture": "#0"},
        "east": {"uv": [9, 14.5, 9.25, 14.75], "texture": "#0"},
        "south": {"uv": [14.5, 9, 14.75, 9.25], "texture": "#0"},
        "west": {"uv": [9.5, 14.5, 9.75, 14.75], "texture": "#0"},
        "up": {"uv": [14.75, 9.75, 14.5, 9.5], "texture": "#0"},
        "down": {"uv": [10.25, 14.5, 10, 14.75], "texture": "#0"}
      }
    },
    {
      "from": [0.3, 5.225, 7.2],
      "to": [0.6, 5.425, 7.6],
      "rotation": {"angle": 0, "axis": "y", "origin": [0.8, 5.325, 7.4]},
      "faces": {
        "north": {"uv": [14.5, 10, 14.75, 10.25], "texture": "#0"},
        "east": {"uv": [10.5, 14.5, 10.75, 14.75], "texture": "#0"},
        "south": {"uv": [14.5, 10.5, 14.75, 10.75], "texture": "#0"},
        "west": {"uv": [11, 14.5, 11.25, 14.75], "texture": "#0"},
        "up": {"uv": [14.75, 11.25, 14.5, 11], "texture": "#0"},
        "down": {"uv": [11.75, 14.5, 11.5, 14.75], "texture": "#0"}
      }
    },
    {
      "from": [0.3, 4.65, 7.575],
      "to": [0.6, 4.975, 7.775],
      "rotation": {"angle": 45, "axis": "x", "origin": [0.8, 4.825, 7.575]},
      "faces": {
        "north": {"uv": [14.5, 11.5, 14.75, 11.75], "texture": "#0"},
        "east": {"uv": [12, 14.5, 12.25, 14.75], "texture": "#0"},
        "south": {"uv": [14.5, 12, 14.75, 12.25], "texture": "#0"},
        "west": {"uv": [12.5, 14.5, 12.75, 14.75], "texture": "#0"},
        "up": {"uv": [14.75, 12.75, 14.5, 12.5], "texture": "#0"},
        "down": {"uv": [13.25, 14.5, 13, 14.75], "texture": "#0"}
      }
    },
    {
      "from": [0.3, 5.07437, 7.55455],
      "to": [0.6, 5.39937, 7.75455],
      "rotation": {"angle": -45, "axis": "x", "origin": [0.8, 5.23687, 7.65455]},
      "faces": {
        "north": {"uv": [14.5, 13, 14.75, 13.25], "texture": "#0"},
        "east": {"uv": [13.5, 14.5, 13.75, 14.75], "texture": "#0"},
        "south": {"uv": [14.5, 13.5, 14.75, 13.75], "texture": "#0"},
        "west": {"uv": [14, 14.5, 14.25, 14.75], "texture": "#0"},
        "up": {"uv": [14.75, 14.25, 14.5, 14], "texture": "#0"},
        "down": {"uv": [14.75, 14.5, 14.5, 14.75], "texture": "#0"}
      }
    },
    {
      "from": [0.3, 5.15, 7.1],
      "to": [0.6, 5.475, 7.3],
      "rotation": {"angle": 45, "axis": "x", "origin": [0.8, 5.325, 7.1]},
      "faces": {
        "north": {"uv": [0, 15, 0.25, 15.25], "texture": "#0"},
        "east": {"uv": [15, 0, 15.25, 0.25], "texture": "#0"},
        "south": {"uv": [0.5, 15, 0.75, 15.25], "texture": "#0"},
        "west": {"uv": [15, 0.5, 15.25, 0.75], "texture": "#0"},
        "up": {"uv": [1.25, 15.25, 1, 15], "texture": "#0"},
        "down": {"uv": [15.25, 1, 15, 1.25], "texture": "#0"}
      }
    },
    {
      "from": [0.3, 4.64937, 6.97955],
      "to": [0.6, 4.97437, 7.17955],
      "rotation": {"angle": -45, "axis": "x", "origin": [0.8, 4.88687, 7.17955]},
      "faces": {
        "north": {"uv": [1.5, 15, 1.75, 15.25], "texture": "#0"},
        "east": {"uv": [15, 1.5, 15.25, 1.75], "texture": "#0"},
        "south": {"uv": [2, 15, 2.25, 15.25], "texture": "#0"},
        "west": {"uv": [15, 2, 15.25, 2.25], "texture": "#0"},
        "up": {"uv": [2.75, 15.25, 2.5, 15], "texture": "#0"},
        "down": {"uv": [15.25, 2.5, 15, 2.75], "texture": "#0"}
      }
    },
    {
      "from": [0.05, 4.775, 7.175],
      "to": [0.575, 5.225, 7.625],
      "rotation": {"angle": 0, "axis": "y", "origin": [-3.4, 0, 0]},
      "faces": {
        "north": {"uv": [3, 15, 3.25, 15.25], "texture": "#0"},
        "east": {"uv": [15, 3, 15.25, 3.25], "texture": "#0"},
        "south": {"uv": [3.5, 15, 3.75, 15.25], "texture": "#0"},
        "west": {"uv": [15, 3.5, 15.25, 3.75], "texture": "#0"},
        "up": {"uv": [4.25, 15.25, 4, 15], "texture": "#0"},
        "down": {"uv": [15.25, 4, 15, 4.25], "texture": "#0"}
      }
    },
    {
      "from": [6.6, 2.3, 5],
      "to": [7.1, 7.7, 10],
      "rotation": {"angle": 0, "axis": "y", "origin": [0.6, 0, 0]},
      "faces": {
        "north": {"uv": [8.5, 9.5, 8.75, 12.25], "texture": "#0"},
        "east": {"uv": [0, 0, 2.5, 2.75], "texture": "#0"},
        "south": {"uv": [9, 9.5, 9.25, 12.25], "texture": "#0"},
        "west": {"uv": [2.5, 0, 5, 2.75], "texture": "#0"},
        "up": {"uv": [9.75, 12, 9.5, 9.5], "texture": "#0"},
        "down": {"uv": [0.25, 10, 0, 12.5], "texture": "#0"}
      }
    },
    {
      "from": [7.1, 2.775, 5.5],
      "to": [13.1, 7.275, 9.5],
      "rotation": {"angle": 0, "axis": "y", "origin": [0.6, 0, 0]},
      "faces": {
        "north": {"uv": [0, 3, 3, 5.25], "texture": "#0"},
        "east": {"uv": [6, 2, 8, 4.25], "texture": "#0"},
        "south": {"uv": [3, 3, 6, 5.25], "texture": "#0"},
        "west": {"uv": [0, 7.5, 2, 9.75], "texture": "#0"},
        "up": {"uv": [8, 2, 5, 0], "texture": "#0"},
        "down": {"uv": [3, 5.5, 0, 7.5], "texture": "#0"}
      }
    },
    {
      "from": [9.1, 2.575, 5.15],
      "to": [13.5, 5.275, 9.85],
      "rotation": {"angle": 0, "axis": "y", "origin": [0.6, 0, 0]},
      "faces": {
        "north": {"uv": [8, 0, 10.25, 1.25], "texture": "#0"},
        "east": {"uv": [8, 1.5, 10.25, 2.75], "texture": "#0"},
        "south": {"uv": [2, 8, 4.25, 9.25], "texture": "#0"},
        "west": {"uv": [8, 3, 10.25, 4.25], "texture": "#0"},
        "up": {"uv": [5.25, 7.75, 3, 5.5], "texture": "#0"},
        "down": {"uv": [7.75, 5.5, 5.5, 7.75], "texture": "#0"}
      }
    },
    {
      "from": [13.1, 5.3, 6],
      "to": [15.8, 6.3, 7],
      "faces": {
        "north": {"uv": [0.5, 10, 1.75, 10.5], "texture": "#0"},
        "east": {"uv": [13.5, 6.5, 14, 7], "texture": "#0"},
        "south": {"uv": [5.5, 10, 6.75, 10.5], "texture": "#0"},
        "west": {"uv": [7, 13.5, 7.5, 14], "texture": "#0"},
        "up": {"uv": [11.25, 6, 10, 5.5], "texture": "#0"},
        "down": {"uv": [11.25, 6, 10, 6.5], "texture": "#0"}
      }
    },
    {
      "from": [13.1, 5.3, 8],
      "to": [15.8, 6.3, 9],
      "faces": {
        "north": {"uv": [10, 6.5, 11.25, 7], "texture": "#0"},
        "east": {"uv": [13.5, 7, 14, 7.5], "texture": "#0"},
        "south": {"uv": [7, 10, 8.25, 10.5], "texture": "#0"},
        "west": {"uv": [7.5, 13.5, 8, 14], "texture": "#0"},
        "up": {"uv": [11.25, 7.5, 10, 7], "texture": "#0"},
        "down": {"uv": [11.25, 7.5, 10, 8], "texture": "#0"}
      }
    },
    {
      "from": [8.05, 5.5, 9.55],
      "to": [9.05, 6.5, 12.25],
      "rotation": {"angle": 0, "axis": "y", "origin": [10.45, 7.8, 10.5]},
      "faces": {
        "north": {"uv": [13.5, 7, 14, 7.5], "rotation": 180, "texture": "#0"},
        "east": {"uv": [10, 6.5, 11.25, 7], "rotation": 180, "texture": "#0"},
        "south": {"uv": [7.5, 13.5, 8, 14], "rotation": 180, "texture": "#0"},
        "west": {"uv": [7, 10, 8.25, 10.5], "rotation": 180, "texture": "#0"},
        "up": {"uv": [11.25, 7.5, 10, 8], "rotation": 270, "texture": "#0"},
        "down": {"uv": [11.25, 7.5, 10, 7], "rotation": 90, "texture": "#0"}
      }
    },
    {
      "from": [14.8, 5.3, 7],
      "to": [15.8, 6.3, 8],
      "faces": {
        "north": {"uv": [13.5, 7.5, 14, 8], "texture": "#0"},
        "east": {"uv": [8, 13.5, 8.5, 14], "texture": "#0"},
        "south": {"uv": [13.5, 8, 14, 8.5], "texture": "#0"},
        "west": {"uv": [8.5, 13.5, 9, 14], "texture": "#0"},
        "up": {"uv": [14, 9, 13.5, 8.5], "texture": "#0"},
        "down": {"uv": [9.5, 13.5, 9, 14], "texture": "#0"}
      }
    },
    {
      "from": [15.8, 3.1, 5.7],
      "to": [16.8, 4.1, 9.3],
      "faces": {
        "north": {"uv": [13.5, 9, 14, 9.5], "texture": "#0"},
        "east": {"uv": [9.5, 4.5, 11.25, 5], "texture": "#0"},
        "south": {"uv": [9.5, 13.5, 10, 14], "texture": "#0"},
        "west": {"uv": [9.5, 5, 11.25, 5.5], "texture": "#0"},
        "up": {"uv": [4.5, 11.25, 4, 9.5], "texture": "#0"},
        "down": {"uv": [10, 7.5, 9.5, 9.25], "texture": "#0"}
      }
    },
    {
      "from": [13.3, 3.1, 5.7],
      "to": [15.8, 4.1, 6.7],
      "faces": {
        "north": {"uv": [10, 8, 11.25, 8.5], "texture": "#0"},
        "east": {"uv": [13.5, 9.5, 14, 10], "texture": "#0"},
        "south": {"uv": [10, 8.5, 11.25, 9], "texture": "#0"},
        "west": {"uv": [10, 13.5, 10.5, 14], "texture": "#0"},
        "up": {"uv": [11.25, 9.5, 10, 9], "texture": "#0"},
        "down": {"uv": [11.25, 9.5, 10, 10], "texture": "#0"}
      }
    },
    {
      "from": [13.3, 3.1, 8.3],
      "to": [15.8, 4.1, 9.3],
      "faces": {
        "north": {"uv": [10, 10, 11.25, 10.5], "texture": "#0"},
        "east": {"uv": [13.5, 10, 14, 10.5], "texture": "#0"},
        "south": {"uv": [10.5, 0, 11.75, 0.5], "texture": "#0"},
        "west": {"uv": [10.5, 13.5, 11, 14], "texture": "#0"},
        "up": {"uv": [1.75, 11, 0.5, 10.5], "texture": "#0"},
        "down": {"uv": [11.75, 0.5, 10.5, 1], "texture": "#0"}
      }
    },
    {
      "from": [7.5, 3.4, 5.1],
      "to": [8.5, 4.4, 9.9],
      "rotation": {"angle": 45, "axis": "z", "origin": [8, 3.9, 7.5]},
      "faces": {
        "north": {"uv": [13.5, 10.5, 14, 11], "texture": "#0"},
        "east": {"uv": [6, 4.5, 8.5, 5], "texture": "#0"},
        "south": {"uv": [11, 13.5, 11.5, 14], "texture": "#0"},
        "west": {"uv": [6, 5, 8.5, 5.5], "texture": "#0"},
        "up": {"uv": [5, 10.5, 4.5, 8], "texture": "#0"},
        "down": {"uv": [5.5, 8, 5, 10.5], "texture": "#0"}
      }
    },
    {
      "from": [8.20711, 6.43553, 6.9],
      "to": [9.20711, 7.43553, 8.1],
      "rotation": {"angle": 0, "axis": "z", "origin": [8.70711, 7.43553, 7.5]},
      "faces": {
        "north": {"uv": [13.5, 10.5, 14, 11], "texture": "#0"},
        "east": {"uv": [6, 4.5, 8.5, 5], "texture": "#0"},
        "south": {"uv": [11, 13.5, 11.5, 14], "texture": "#0"},
        "west": {"uv": [6, 5, 8.5, 5.5], "texture": "#0"},
        "up": {"uv": [5, 10.5, 4.5, 8], "texture": "#0"},
        "down": {"uv": [5.5, 8, 5, 10.5], "texture": "#0"}
      }
    },
    {
      "from": [10.20711, 6.43553, 6.9],
      "to": [11.20711, 7.43553, 8.1],
      "rotation": {"angle": 0, "axis": "y", "origin": [8.70711, 7.43553, 7.5]},
      "faces": {
        "north": {"uv": [13.5, 10.5, 14, 11], "texture": "#0"},
        "east": {"uv": [6, 4.5, 8.5, 5], "texture": "#0"},
        "south": {"uv": [11, 13.5, 11.5, 14], "texture": "#0"},
        "west": {"uv": [6, 5, 8.5, 5.5], "texture": "#0"},
        "up": {"uv": [5, 10.5, 4.5, 8], "texture": "#0"},
        "down": {"uv": [5.5, 8, 5, 10.5], "texture": "#0"}
      }
    }
  ],
  "display": {
    "thirdperson_righthand": {
      "rotation": [67, -89, 1],
      "translation": [-0.75, 6, 1.25]
    },
    "thirdperson_lefthand": {
      "rotation": [67, 90, 1],
      "translation": [0.5, 6, 1.25]
    },
    "firstperson_righthand": {
      "rotation": [-22, -88, -17],
      "translation": [-0.75, 7, -2]
    },
    "firstperson_lefthand": {
      "rotation": [-22, 112, 22],
      "translation": [-0.75, 7, -2]
    },
    "ground": {
      "scale": [0.9, 0.9, 0.9]
    },
    "gui": {
      "rotation": [4.91, -27.18, -36.26],
      "translation": [0.75, 2, 0]
    },
    "head": {
      "rotation": [0, -90, 0],
      "translation": [-0.5, 0.75, -2.25]
    },
    "fixed": {
      "translation": [0, 3.75, 0]
    }
  }
}