{
	"credit": "Made with Blockbench",
	"texture_size": [32, 32],
	"textures": {
		"0": "item/skins/tools/cutlass",
		"particle": "item/skins/tools/cutlass"
	},
	"elements": [
		{
			"from": [7.706, 0.14646, 7.81682],
			"to": [8.294, 0.21846, 8.24882],
			"rotation": {"angle": 45, "axis": "x", "origin": [7.85, 0.18246, 8.03282]},
			"faces": {
				"north": {"uv": [3.5, 7, 3.75, 7.25], "texture": "#0"},
				"east": {"uv": [7, 3.5, 7.25, 3.75], "texture": "#0"},
				"south": {"uv": [4, 7, 4.25, 7.25], "texture": "#0"},
				"west": {"uv": [7, 4, 7.25, 4.25], "texture": "#0"},
				"up": {"uv": [4.75, 7.25, 4.5, 7], "texture": "#0"},
				"down": {"uv": [7.25, 4.5, 7, 4.75], "texture": "#0"}
			}
		},
		{
			"from": [7.85, 5.84853, 7.7761],
			"to": [8.15, 10.64853, 8.9761],
			"rotation": {"angle": 0, "axis": "z", "origin": [7.85, 2.54853, 8.3761]},
			"faces": {
				"north": {"uv": [1, 0, 1.25, 2.5], "texture": "#0"},
				"east": {"uv": [0, 0, 0.5, 2.5], "texture": "#0"},
				"south": {"uv": [1.5, 0, 1.75, 2.5], "texture": "#0"},
				"west": {"uv": [0.5, 0, 1, 2.5], "texture": "#0"},
				"up": {"uv": [6.25, 3.5, 6, 3], "texture": "#0"},
				"down": {"uv": [4.25, 6, 4, 6.5], "texture": "#0"}
			}
		},
		{
			"from": [7.7, 0.90294, 8.0761],
			"to": [8.3, 2.40294, 8.6761],
			"rotation": {"angle": 0, "axis": "z", "origin": [8, 2.40294, 8.3761]},
			"faces": {
				"north": {"uv": [1.5, 5.5, 1.75, 6.25], "texture": "#0"},
				"east": {"uv": [5.5, 1.5, 5.75, 2.25], "texture": "#0"},
				"south": {"uv": [5.5, 2.5, 5.75, 3.25], "texture": "#0"},
				"west": {"uv": [3, 5.5, 3.25, 6.25], "texture": "#0"},
				"up": {"uv": [5.25, 7.25, 5, 7], "texture": "#0"},
				"down": {"uv": [7.25, 5, 7, 5.25], "texture": "#0"}
			}
		},
		{
			"from": [7.4, 1.50294, 7.4761],
			"to": [8.6, 1.80294, 9.2761],
			"rotation": {"angle": 0, "axis": "z", "origin": [8, 2.40294, 8.3761]},
			"faces": {
				"north": {"uv": [6, 4, 6.5, 4.25], "texture": "#0"},
				"east": {"uv": [4.5, 4.5, 5.5, 4.75], "texture": "#0"},
				"south": {"uv": [4.5, 6, 5, 6.25], "texture": "#0"},
				"west": {"uv": [0, 5, 1, 5.25], "texture": "#0"},
				"up": {"uv": [2.5, 3.5, 2, 2.5], "texture": "#0"},
				"down": {"uv": [3, 2.5, 2.5, 3.5], "texture": "#0"}
			}
		},
		{
			"from": [7.775, 2.40294, 8.1511],
			"to": [8.225, 4.80294, 8.6011],
			"rotation": {"angle": 0, "axis": "z", "origin": [7.775, 2.40294, 8.4511]},
			"faces": {
				"north": {"uv": [2.5, 3.5, 2.75, 4.75], "texture": "#0"},
				"east": {"uv": [3.5, 3, 3.75, 4.25], "texture": "#0"},
				"south": {"uv": [4, 0, 4.25, 1.25], "texture": "#0"},
				"west": {"uv": [1, 4, 1.25, 5.25], "texture": "#0"},
				"up": {"uv": [5.75, 7.25, 5.5, 7], "texture": "#0"},
				"down": {"uv": [7.25, 5.5, 7, 5.75], "texture": "#0"}
			}
		},
		{
			"from": [7.4, 2.09541, 8.90643],
			"to": [8.6, 2.39541, 10.70643],
			"rotation": {"angle": -45, "axis": "x", "origin": [8, 2.24541, 9.80643]},
			"faces": {
				"north": {"uv": [6, 4.5, 6.5, 4.75], "texture": "#0"},
				"east": {"uv": [5, 0, 6, 0.25], "texture": "#0"},
				"south": {"uv": [5, 6, 5.5, 6.25], "texture": "#0"},
				"west": {"uv": [5, 0.5, 6, 0.75], "texture": "#0"},
				"up": {"uv": [3.5, 1, 3, 0], "texture": "#0"},
				"down": {"uv": [3.5, 1, 3, 2], "texture": "#0"}
			}
		},
		{
			"from": [7.4, 2.77574, 10.2489],
			"to": [8.6, 4.57574, 10.5489],
			"rotation": {"angle": 0, "axis": "x", "origin": [8, 3.67574, 10.3989]},
			"faces": {
				"north": {"uv": [3, 2, 3.5, 3], "texture": "#0"},
				"east": {"uv": [5, 1, 5.25, 2], "texture": "#0"},
				"south": {"uv": [3, 3, 3.5, 4], "texture": "#0"},
				"west": {"uv": [5, 2, 5.25, 3], "texture": "#0"},
				"up": {"uv": [6.5, 5.25, 6, 5], "texture": "#0"},
				"down": {"uv": [6.5, 5.5, 6, 5.75], "texture": "#0"}
			}
		},
		{
			"from": [7.4, 4.20607, 9.65643],
			"to": [8.6, 6.00607, 9.95643],
			"rotation": {"angle": -45, "axis": "x", "origin": [8, 5.10607, 9.80643]},
			"faces": {
				"north": {"uv": [3.5, 0, 4, 1], "texture": "#0"},
				"east": {"uv": [2.5, 5, 2.75, 6], "texture": "#0"},
				"south": {"uv": [3.5, 1, 4, 2], "texture": "#0"},
				"west": {"uv": [5, 3, 5.25, 4], "texture": "#0"},
				"up": {"uv": [6.5, 6.25, 6, 6], "texture": "#0"},
				"down": {"uv": [0.5, 6.5, 0, 6.75], "texture": "#0"}
			}
		},
		{
			"from": [7.4, 5.54853, 7.4761],
			"to": [8.6, 5.84853, 9.2761],
			"rotation": {"angle": 0, "axis": "z", "origin": [8, 2.54853, 8.3761]},
			"faces": {
				"north": {"uv": [0.5, 6.5, 1, 6.75], "texture": "#0"},
				"east": {"uv": [5, 4, 6, 4.25], "texture": "#0"},
				"south": {"uv": [6.5, 0.5, 7, 0.75], "texture": "#0"},
				"west": {"uv": [4.5, 5, 5.5, 5.25], "texture": "#0"},
				"up": {"uv": [2.5, 4.5, 2, 3.5], "texture": "#0"},
				"down": {"uv": [4, 2, 3.5, 3], "texture": "#0"}
			}
		},
		{
			"from": [7.4, 5.94853, 7.3761],
			"to": [8.6, 6.24853, 8.3761],
			"rotation": {"angle": 45, "axis": "x", "origin": [8, 6.09853, 7.8761]},
			"faces": {
				"north": {"uv": [0.5, 6.5, 1, 6.75], "texture": "#0"},
				"east": {"uv": [5, 4, 6, 4.25], "texture": "#0"},
				"south": {"uv": [6.5, 0.5, 7, 0.75], "texture": "#0"},
				"west": {"uv": [4.5, 5, 5.5, 5.25], "texture": "#0"},
				"up": {"uv": [2.5, 4.5, 2, 3.5], "texture": "#0"},
				"down": {"uv": [4, 2, 3.5, 3], "texture": "#0"}
			}
		},
		{
			"from": [7.4, 5.94853, 8.3239],
			"to": [8.6, 6.24853, 9.3239],
			"rotation": {"angle": -45, "axis": "x", "origin": [8, 6.09853, 8.8239]},
			"faces": {
				"north": {"uv": [7, 0.5, 6.5, 0.75], "texture": "#0"},
				"east": {"uv": [6, 4, 5, 4.25], "texture": "#0"},
				"south": {"uv": [1, 6.5, 0.5, 6.75], "texture": "#0"},
				"west": {"uv": [5.5, 5, 4.5, 5.25], "texture": "#0"},
				"up": {"uv": [2.5, 3.5, 2, 4.5], "texture": "#0"},
				"down": {"uv": [4, 3, 3.5, 2], "texture": "#0"}
			}
		},
		{
			"from": [7.7, 4.80294, 8.0761],
			"to": [8.3, 5.70294, 8.6761],
			"rotation": {"angle": 0, "axis": "z", "origin": [8, 2.40294, 8.3761]},
			"faces": {
				"north": {"uv": [6.5, 1, 6.75, 1.5], "texture": "#0"},
				"east": {"uv": [1.5, 6.5, 1.75, 7], "texture": "#0"},
				"south": {"uv": [2, 6.5, 2.25, 7], "texture": "#0"},
				"west": {"uv": [6.5, 2, 6.75, 2.5], "texture": "#0"},
				"up": {"uv": [6.25, 7.25, 6, 7], "texture": "#0"},
				"down": {"uv": [7.25, 6, 7, 6.25], "texture": "#0"}
			}
		},
		{
			"from": [7.706, 0.00427, 8.1601],
			"to": [8.294, 0.07627, 8.5921],
			"rotation": {"angle": 0, "axis": "z", "origin": [7.85, 0.22027, 8.3761]},
			"faces": {
				"north": {"uv": [6.5, 7, 6.75, 7.25], "texture": "#0"},
				"east": {"uv": [7, 6.5, 7.25, 6.75], "texture": "#0"},
				"south": {"uv": [7, 7, 7.25, 7.25], "texture": "#0"},
				"west": {"uv": [0, 7.5, 0.25, 7.75], "texture": "#0"},
				"up": {"uv": [7.75, 0.25, 7.5, 0], "texture": "#0"},
				"down": {"uv": [0.75, 7.5, 0.5, 7.75], "texture": "#0"}
			}
		},
		{
			"from": [7.706, 0.14646, 8.50338],
			"to": [8.294, 0.21846, 8.93538],
			"rotation": {"angle": -45, "axis": "x", "origin": [7.85, 0.18246, 8.71938]},
			"faces": {
				"north": {"uv": [7.5, 0.5, 7.75, 0.75], "texture": "#0"},
				"east": {"uv": [1, 7.5, 1.25, 7.75], "texture": "#0"},
				"south": {"uv": [7.5, 1, 7.75, 1.25], "texture": "#0"},
				"west": {"uv": [1.5, 7.5, 1.75, 7.75], "texture": "#0"},
				"up": {"uv": [7.75, 1.75, 7.5, 1.5], "texture": "#0"},
				"down": {"uv": [2.25, 7.5, 2, 7.75], "texture": "#0"}
			}
		},
		{
			"from": [7.706, 0.30974, 8.82557],
			"to": [8.294, 0.74174, 8.89757],
			"rotation": {"angle": 0, "axis": "x", "origin": [7.85, 0.52574, 8.86157]},
			"faces": {
				"north": {"uv": [7.5, 2, 7.75, 2.25], "texture": "#0"},
				"east": {"uv": [2.5, 7.5, 2.75, 7.75], "texture": "#0"},
				"south": {"uv": [7.5, 2.5, 7.75, 2.75], "texture": "#0"},
				"west": {"uv": [3, 7.5, 3.25, 7.75], "texture": "#0"},
				"up": {"uv": [7.75, 3.25, 7.5, 3], "texture": "#0"},
				"down": {"uv": [3.75, 7.5, 3.5, 7.75], "texture": "#0"}
			}
		},
		{
			"from": [7.706, 0.65302, 8.68338],
			"to": [8.294, 1.08502, 8.75538],
			"rotation": {"angle": -45, "axis": "x", "origin": [7.85, 0.86902, 8.71938]},
			"faces": {
				"north": {"uv": [7.5, 3.5, 7.75, 3.75], "texture": "#0"},
				"east": {"uv": [4, 7.5, 4.25, 7.75], "texture": "#0"},
				"south": {"uv": [7.5, 4, 7.75, 4.25], "texture": "#0"},
				"west": {"uv": [4.5, 7.5, 4.75, 7.75], "texture": "#0"},
				"up": {"uv": [7.75, 4.75, 7.5, 4.5], "texture": "#0"},
				"down": {"uv": [5.25, 7.5, 5, 7.75], "texture": "#0"}
			}
		},
		{
			"from": [7.706, 0.97521, 8.1601],
			"to": [8.294, 1.04721, 8.5921],
			"rotation": {"angle": 0, "axis": "z", "origin": [7.85, 0.25521, 8.3761]},
			"faces": {
				"north": {"uv": [7.5, 5, 7.75, 5.25], "texture": "#0"},
				"east": {"uv": [5.5, 7.5, 5.75, 7.75], "texture": "#0"},
				"south": {"uv": [7.5, 5.5, 7.75, 5.75], "texture": "#0"},
				"west": {"uv": [6, 7.5, 6.25, 7.75], "texture": "#0"},
				"up": {"uv": [7.75, 6.25, 7.5, 6], "texture": "#0"},
				"down": {"uv": [6.75, 7.5, 6.5, 7.75], "texture": "#0"}
			}
		},
		{
			"from": [7.706, 0.30974, 7.85463],
			"to": [8.294, 0.74174, 7.92663],
			"rotation": {"angle": 0, "axis": "x", "origin": [7.85, 0.52574, 7.89063]},
			"faces": {
				"north": {"uv": [7.5, 6.5, 7.75, 6.75], "texture": "#0"},
				"east": {"uv": [7, 7.5, 7.25, 7.75], "texture": "#0"},
				"south": {"uv": [7.5, 7, 7.75, 7.25], "texture": "#0"},
				"west": {"uv": [7.5, 7.5, 7.75, 7.75], "texture": "#0"},
				"up": {"uv": [0.25, 8.25, 0, 8], "texture": "#0"},
				"down": {"uv": [8.25, 0, 8, 0.25], "texture": "#0"}
			}
		},
		{
			"from": [7.706, 0.65302, 7.99682],
			"to": [8.294, 1.08502, 8.06882],
			"rotation": {"angle": 45, "axis": "x", "origin": [7.85, 0.86902, 8.03282]},
			"faces": {
				"north": {"uv": [0.5, 8, 0.75, 8.25], "texture": "#0"},
				"east": {"uv": [8, 0.5, 8.25, 0.75], "texture": "#0"},
				"south": {"uv": [1, 8, 1.25, 8.25], "texture": "#0"},
				"west": {"uv": [8, 1, 8.25, 1.25], "texture": "#0"},
				"up": {"uv": [1.75, 8.25, 1.5, 8], "texture": "#0"},
				"down": {"uv": [8.25, 1.5, 8, 1.75], "texture": "#0"}
			}
		},
		{
			"from": [7.85, 8.24853, 7.4761],
			"to": [8.15, 13.04853, 7.7761],
			"rotation": {"angle": 0, "axis": "z", "origin": [7.85, 2.54853, 8.3761]},
			"faces": {
				"north": {"uv": [2, 0, 2.25, 2.5], "texture": "#0"},
				"east": {"uv": [0, 2.5, 0.25, 5], "texture": "#0"},
				"south": {"uv": [2.5, 0, 2.75, 2.5], "texture": "#0"},
				"west": {"uv": [0.5, 2.5, 0.75, 5], "texture": "#0"},
				"up": {"uv": [2.25, 8.25, 2, 8], "texture": "#0"},
				"down": {"uv": [8.25, 2, 8, 2.25], "texture": "#0"}
			}
		},
		{
			"from": [7.85, 10.64853, 7.7761],
			"to": [8.15, 13.04853, 8.6761],
			"rotation": {"angle": 0, "axis": "z", "origin": [7.85, 2.54853, 8.3761]},
			"faces": {
				"north": {"uv": [1.5, 4, 1.75, 5.25], "texture": "#0"},
				"east": {"uv": [1, 2.5, 1.5, 3.75], "texture": "#0"},
				"south": {"uv": [4, 1.5, 4.25, 2.75], "texture": "#0"},
				"west": {"uv": [1.5, 2.5, 2, 3.75], "texture": "#0"},
				"up": {"uv": [2.75, 7, 2.5, 6.5], "texture": "#0"},
				"down": {"uv": [6.75, 2.5, 6.5, 3], "texture": "#0"}
			}
		},
		{
			"from": [7.85, 13.04853, 7.4761],
			"to": [8.15, 14.24853, 8.3761],
			"rotation": {"angle": 0, "axis": "z", "origin": [7.85, 2.54853, 8.3761]},
			"faces": {
				"north": {"uv": [3, 6.5, 3.25, 7], "texture": "#0"},
				"east": {"uv": [0, 5.5, 0.5, 6], "texture": "#0"},
				"south": {"uv": [6.5, 3, 6.75, 3.5], "texture": "#0"},
				"west": {"uv": [0.5, 5.5, 1, 6], "texture": "#0"},
				"up": {"uv": [6.75, 4, 6.5, 3.5], "texture": "#0"},
				"down": {"uv": [4.25, 6.5, 4, 7], "texture": "#0"}
			}
		},
		{
			"from": [7.85, 11.84853, 7.1761],
			"to": [8.15, 14.24853, 7.4761],
			"rotation": {"angle": 0, "axis": "z", "origin": [7.85, 2.54853, 8.3761]},
			"faces": {
				"north": {"uv": [3, 4, 3.25, 5.25], "texture": "#0"},
				"east": {"uv": [4, 3, 4.25, 4.25], "texture": "#0"},
				"south": {"uv": [4.5, 0, 4.75, 1.25], "texture": "#0"},
				"west": {"uv": [4.5, 1.5, 4.75, 2.75], "texture": "#0"},
				"up": {"uv": [2.75, 8.25, 2.5, 8], "texture": "#0"},
				"down": {"uv": [8.25, 2.5, 8, 2.75], "texture": "#0"}
			}
		},
		{
			"from": [7.85, 14.24853, 7.1761],
			"to": [8.15, 15.44853, 8.0761],
			"rotation": {"angle": 0, "axis": "z", "origin": [7.85, 2.54853, 8.3761]},
			"faces": {
				"north": {"uv": [6.5, 4, 6.75, 4.5], "texture": "#0"},
				"east": {"uv": [1, 5.5, 1.5, 6], "texture": "#0"},
				"south": {"uv": [4.5, 6.5, 4.75, 7], "texture": "#0"},
				"west": {"uv": [5.5, 1, 6, 1.5], "texture": "#0"},
				"up": {"uv": [6.75, 5, 6.5, 4.5], "texture": "#0"},
				"down": {"uv": [5.25, 6.5, 5, 7], "texture": "#0"}
			}
		},
		{
			"from": [7.85, 13.04853, 6.8761],
			"to": [8.15, 15.44853, 7.1761],
			"rotation": {"angle": 0, "axis": "z", "origin": [7.85, 2.54853, 8.3761]},
			"faces": {
				"north": {"uv": [2, 4.5, 2.25, 5.75], "texture": "#0"},
				"east": {"uv": [4.5, 3, 4.75, 4.25], "texture": "#0"},
				"south": {"uv": [3.5, 4.5, 3.75, 5.75], "texture": "#0"},
				"west": {"uv": [4, 4.5, 4.25, 5.75], "texture": "#0"},
				"up": {"uv": [3.25, 8.25, 3, 8], "texture": "#0"},
				"down": {"uv": [8.25, 3, 8, 3.25], "texture": "#0"}
			}
		},
		{
			"from": [7.85, 15.44853, 6.2761],
			"to": [8.15, 16.04853, 7.7761],
			"rotation": {"angle": 0, "axis": "z", "origin": [7.85, 2.54853, 8.3761]},
			"faces": {
				"north": {"uv": [3.5, 8, 3.75, 8.25], "texture": "#0"},
				"east": {"uv": [5.5, 3.5, 6.25, 3.75], "texture": "#0"},
				"south": {"uv": [8, 3.5, 8.25, 3.75], "texture": "#0"},
				"west": {"uv": [4.5, 5.5, 5.25, 5.75], "texture": "#0"},
				"up": {"uv": [5.75, 5.25, 5.5, 4.5], "texture": "#0"},
				"down": {"uv": [5.75, 5.5, 5.5, 6.25], "texture": "#0"}
			}
		},
		{
			"from": [7.85, 16.34853, 5.9761],
			"to": [8.15, 16.64853, 7.4761],
			"rotation": {"angle": 0, "axis": "z", "origin": [7.85, 2.54853, 8.3761]},
			"faces": {
				"north": {"uv": [4, 8, 4.25, 8.25], "texture": "#0"},
				"east": {"uv": [0, 6, 0.75, 6.25], "texture": "#0"},
				"south": {"uv": [8, 4, 8.25, 4.25], "texture": "#0"},
				"west": {"uv": [6, 0, 6.75, 0.25], "texture": "#0"},
				"up": {"uv": [6.25, 1.25, 6, 0.5], "texture": "#0"},
				"down": {"uv": [1.25, 6, 1, 6.75], "texture": "#0"}
			}
		},
		{
			"from": [7.85, 17.24853, 5.6761],
			"to": [8.15, 17.54853, 6.5761],
			"rotation": {"angle": 0, "axis": "z", "origin": [7.85, 2.54853, 8.3761]},
			"faces": {
				"north": {"uv": [4.5, 8, 4.75, 8.25], "texture": "#0"},
				"east": {"uv": [6.5, 5, 7, 5.25], "texture": "#0"},
				"south": {"uv": [8, 4.5, 8.25, 4.75], "texture": "#0"},
				"west": {"uv": [5.5, 6.5, 6, 6.75], "texture": "#0"},
				"up": {"uv": [6.75, 6, 6.5, 5.5], "texture": "#0"},
				"down": {"uv": [6.25, 6.5, 6, 7], "texture": "#0"}
			}
		},
		{
			"from": [7.85, 17.54853, 5.3761],
			"to": [8.15, 17.66103, 6.2761],
			"rotation": {"angle": 0, "axis": "z", "origin": [7.85, 2.54853, 8.3761]},
			"faces": {
				"north": {"uv": [5, 8, 5.25, 8.25], "texture": "#0"},
				"east": {"uv": [6.5, 6, 7, 6.25], "texture": "#0"},
				"south": {"uv": [8, 5, 8.25, 5.25], "texture": "#0"},
				"west": {"uv": [6.5, 6.5, 7, 6.75], "texture": "#0"},
				"up": {"uv": [0.25, 7.5, 0, 7], "texture": "#0"},
				"down": {"uv": [7.25, 0, 7, 0.5], "texture": "#0"}
			}
		},
		{
			"from": [7.85, 16.64853, 5.9761],
			"to": [8.15, 16.94853, 7.1761],
			"rotation": {"angle": 0, "axis": "z", "origin": [7.85, 2.54853, 8.3761]},
			"faces": {
				"north": {"uv": [5.5, 8, 5.75, 8.25], "texture": "#0"},
				"east": {"uv": [0.5, 7, 1, 7.25], "texture": "#0"},
				"south": {"uv": [8, 5.5, 8.25, 5.75], "texture": "#0"},
				"west": {"uv": [7, 0.5, 7.5, 0.75], "texture": "#0"},
				"up": {"uv": [1.25, 7.5, 1, 7], "texture": "#0"},
				"down": {"uv": [7.25, 1, 7, 1.5], "texture": "#0"}
			}
		},
		{
			"from": [7.85, 16.94853, 5.9761],
			"to": [8.15, 17.24853, 6.8761],
			"rotation": {"angle": 0, "axis": "z", "origin": [7.85, 2.54853, 8.3761]},
			"faces": {
				"north": {"uv": [6, 8, 6.25, 8.25], "texture": "#0"},
				"east": {"uv": [1.5, 7, 2, 7.25], "texture": "#0"},
				"south": {"uv": [8, 6, 8.25, 6.25], "texture": "#0"},
				"west": {"uv": [7, 1.5, 7.5, 1.75], "texture": "#0"},
				"up": {"uv": [2.25, 7.5, 2, 7], "texture": "#0"},
				"down": {"uv": [7.25, 2, 7, 2.5], "texture": "#0"}
			}
		},
		{
			"from": [7.85, 14.54853, 6.5761],
			"to": [8.15, 15.44853, 6.8761],
			"rotation": {"angle": 0, "axis": "z", "origin": [7.85, 2.54853, 8.3761]},
			"faces": {
				"north": {"uv": [2.5, 7, 2.75, 7.5], "texture": "#0"},
				"east": {"uv": [7, 2.5, 7.25, 3], "texture": "#0"},
				"south": {"uv": [3, 7, 3.25, 7.5], "texture": "#0"},
				"west": {"uv": [7, 3, 7.25, 3.5], "texture": "#0"},
				"up": {"uv": [6.75, 8.25, 6.5, 8], "texture": "#0"},
				"down": {"uv": [8.25, 6.5, 8, 6.75], "texture": "#0"}
			}
		},
		{
			"from": [7.85, 17.09853, 5.8261],
			"to": [8.15, 17.24853, 5.9761],
			"rotation": {"angle": 0, "axis": "z", "origin": [7.85, 2.54853, 8.3761]},
			"faces": {
				"north": {"uv": [7, 8, 7.25, 8.25], "texture": "#0"},
				"east": {"uv": [8, 7, 8.25, 7.25], "texture": "#0"},
				"south": {"uv": [7.5, 8, 7.75, 8.25], "texture": "#0"},
				"west": {"uv": [8, 7.5, 8.25, 7.75], "texture": "#0"},
				"up": {"uv": [8.25, 8.25, 8, 8], "texture": "#0"},
				"down": {"uv": [0.25, 8.5, 0, 8.75], "texture": "#0"}
			}
		},
		{
			"from": [7.85, 16.19853, 6.1261],
			"to": [8.15, 16.34853, 6.2761],
			"rotation": {"angle": 0, "axis": "z", "origin": [7.85, 2.54853, 8.3761]},
			"faces": {
				"north": {"uv": [8.5, 0, 8.75, 0.25], "texture": "#0"},
				"east": {"uv": [0.5, 8.5, 0.75, 8.75], "texture": "#0"},
				"south": {"uv": [8.5, 0.5, 8.75, 0.75], "texture": "#0"},
				"west": {"uv": [1, 8.5, 1.25, 8.75], "texture": "#0"},
				"up": {"uv": [8.75, 1.25, 8.5, 1], "texture": "#0"},
				"down": {"uv": [1.75, 8.5, 1.5, 8.75], "texture": "#0"}
			}
		},
		{
			"from": [7.85, 15.29853, 6.4261],
			"to": [8.15, 15.44853, 6.5761],
			"rotation": {"angle": 0, "axis": "z", "origin": [7.85, 2.54853, 8.3761]},
			"faces": {
				"north": {"uv": [8.5, 1.5, 8.75, 1.75], "texture": "#0"},
				"east": {"uv": [2, 8.5, 2.25, 8.75], "texture": "#0"},
				"south": {"uv": [8.5, 2, 8.75, 2.25], "texture": "#0"},
				"west": {"uv": [2.5, 8.5, 2.75, 8.75], "texture": "#0"},
				"up": {"uv": [8.75, 2.75, 8.5, 2.5], "texture": "#0"},
				"down": {"uv": [3.25, 8.5, 3, 8.75], "texture": "#0"}
			}
		},
		{
			"from": [7.85, 14.39853, 6.7261],
			"to": [8.15, 14.54853, 6.8761],
			"rotation": {"angle": 0, "axis": "z", "origin": [7.85, 2.54853, 8.3761]},
			"faces": {
				"north": {"uv": [8.5, 3, 8.75, 3.25], "texture": "#0"},
				"east": {"uv": [3.5, 8.5, 3.75, 8.75], "texture": "#0"},
				"south": {"uv": [8.5, 3.5, 8.75, 3.75], "texture": "#0"},
				"west": {"uv": [4, 8.5, 4.25, 8.75], "texture": "#0"},
				"up": {"uv": [8.75, 4.25, 8.5, 4], "texture": "#0"},
				"down": {"uv": [4.75, 8.5, 4.5, 8.75], "texture": "#0"}
			}
		},
		{
			"from": [7.85, 12.89853, 7.0261],
			"to": [8.15, 13.04853, 7.1761],
			"rotation": {"angle": 0, "axis": "z", "origin": [7.85, 2.54853, 8.3761]},
			"faces": {
				"north": {"uv": [8.5, 4.5, 8.75, 4.75], "texture": "#0"},
				"east": {"uv": [5, 8.5, 5.25, 8.75], "texture": "#0"},
				"south": {"uv": [8.5, 5, 8.75, 5.25], "texture": "#0"},
				"west": {"uv": [5.5, 8.5, 5.75, 8.75], "texture": "#0"},
				"up": {"uv": [8.75, 5.75, 8.5, 5.5], "texture": "#0"},
				"down": {"uv": [6.25, 8.5, 6, 8.75], "texture": "#0"}
			}
		},
		{
			"from": [7.85, 11.69853, 7.3261],
			"to": [8.15, 11.84853, 7.4761],
			"rotation": {"angle": 0, "axis": "z", "origin": [7.85, 2.54853, 8.3761]},
			"faces": {
				"north": {"uv": [8.5, 6, 8.75, 6.25], "texture": "#0"},
				"east": {"uv": [6.5, 8.5, 6.75, 8.75], "texture": "#0"},
				"south": {"uv": [8.5, 6.5, 8.75, 6.75], "texture": "#0"},
				"west": {"uv": [7, 8.5, 7.25, 8.75], "texture": "#0"},
				"up": {"uv": [8.75, 7.25, 8.5, 7], "texture": "#0"},
				"down": {"uv": [7.75, 8.5, 7.5, 8.75], "texture": "#0"}
			}
		},
		{
			"from": [7.85, 8.09853, 7.6261],
			"to": [8.15, 8.24853, 7.7761],
			"rotation": {"angle": 0, "axis": "z", "origin": [7.85, 2.54853, 8.3761]},
			"faces": {
				"north": {"uv": [8.5, 7.5, 8.75, 7.75], "texture": "#0"},
				"east": {"uv": [8, 8.5, 8.25, 8.75], "texture": "#0"},
				"south": {"uv": [8.5, 8, 8.75, 8.25], "texture": "#0"},
				"west": {"uv": [8.5, 8.5, 8.75, 8.75], "texture": "#0"},
				"up": {"uv": [0.25, 9.25, 0, 9], "texture": "#0"},
				"down": {"uv": [9.25, 0, 9, 0.25], "texture": "#0"}
			}
		},
		{
			"from": [7.85, 10.64853, 8.6761],
			"to": [8.15, 10.79853, 8.8261],
			"rotation": {"angle": 0, "axis": "z", "origin": [7.85, 2.54853, 8.3761]},
			"faces": {
				"north": {"uv": [0.5, 9, 0.75, 9.25], "texture": "#0"},
				"east": {"uv": [9, 0.5, 9.25, 0.75], "texture": "#0"},
				"south": {"uv": [1, 9, 1.25, 9.25], "texture": "#0"},
				"west": {"uv": [9, 1, 9.25, 1.25], "texture": "#0"},
				"up": {"uv": [1.75, 9.25, 1.5, 9], "texture": "#0"},
				"down": {"uv": [9.25, 1.5, 9, 1.75], "texture": "#0"}
			}
		},
		{
			"from": [7.85, 13.04853, 8.3761],
			"to": [8.15, 13.19853, 8.5261],
			"rotation": {"angle": 0, "axis": "z", "origin": [7.85, 2.54853, 8.3761]},
			"faces": {
				"north": {"uv": [2, 9, 2.25, 9.25], "texture": "#0"},
				"east": {"uv": [9, 2, 9.25, 2.25], "texture": "#0"},
				"south": {"uv": [2.5, 9, 2.75, 9.25], "texture": "#0"},
				"west": {"uv": [9, 2.5, 9.25, 2.75], "texture": "#0"},
				"up": {"uv": [3.25, 9.25, 3, 9], "texture": "#0"},
				"down": {"uv": [9.25, 3, 9, 3.25], "texture": "#0"}
			}
		},
		{
			"from": [7.85, 14.24853, 8.0761],
			"to": [8.15, 14.39853, 8.2261],
			"rotation": {"angle": 0, "axis": "z", "origin": [7.85, 2.54853, 8.3761]},
			"faces": {
				"north": {"uv": [3.5, 9, 3.75, 9.25], "texture": "#0"},
				"east": {"uv": [9, 3.5, 9.25, 3.75], "texture": "#0"},
				"south": {"uv": [4, 9, 4.25, 9.25], "texture": "#0"},
				"west": {"uv": [9, 4, 9.25, 4.25], "texture": "#0"},
				"up": {"uv": [4.75, 9.25, 4.5, 9], "texture": "#0"},
				"down": {"uv": [9.25, 4.5, 9, 4.75], "texture": "#0"}
			}
		},
		{
			"from": [7.85, 15.44853, 7.7761],
			"to": [8.15, 15.59853, 7.9261],
			"rotation": {"angle": 0, "axis": "z", "origin": [7.85, 2.54853, 8.3761]},
			"faces": {
				"north": {"uv": [5, 9, 5.25, 9.25], "texture": "#0"},
				"east": {"uv": [9, 5, 9.25, 5.25], "texture": "#0"},
				"south": {"uv": [5.5, 9, 5.75, 9.25], "texture": "#0"},
				"west": {"uv": [9, 5.5, 9.25, 5.75], "texture": "#0"},
				"up": {"uv": [6.25, 9.25, 6, 9], "texture": "#0"},
				"down": {"uv": [9.25, 6, 9, 6.25], "texture": "#0"}
			}
		},
		{
			"from": [7.85, 16.34853, 7.4761],
			"to": [8.15, 16.49853, 7.6261],
			"rotation": {"angle": 0, "axis": "z", "origin": [7.85, 2.54853, 8.3761]},
			"faces": {
				"north": {"uv": [6.5, 9, 6.75, 9.25], "texture": "#0"},
				"east": {"uv": [9, 6.5, 9.25, 6.75], "texture": "#0"},
				"south": {"uv": [7, 9, 7.25, 9.25], "texture": "#0"},
				"west": {"uv": [9, 7, 9.25, 7.25], "texture": "#0"},
				"up": {"uv": [7.75, 9.25, 7.5, 9], "texture": "#0"},
				"down": {"uv": [9.25, 7.5, 9, 7.75], "texture": "#0"}
			}
		},
		{
			"from": [7.85, 17.24853, 6.5761],
			"to": [8.15, 17.39853, 6.7261],
			"rotation": {"angle": 0, "axis": "z", "origin": [7.85, 2.54853, 8.3761]},
			"faces": {
				"north": {"uv": [8, 9, 8.25, 9.25], "texture": "#0"},
				"east": {"uv": [9, 8, 9.25, 8.25], "texture": "#0"},
				"south": {"uv": [8.5, 9, 8.75, 9.25], "texture": "#0"},
				"west": {"uv": [9, 8.5, 9.25, 8.75], "texture": "#0"},
				"up": {"uv": [9.25, 9.25, 9, 9], "texture": "#0"},
				"down": {"uv": [0.25, 9.5, 0, 9.75], "texture": "#0"}
			}
		},
		{
			"from": [7.85, 16.64853, 7.1761],
			"to": [8.15, 16.79853, 7.3261],
			"rotation": {"angle": 0, "axis": "z", "origin": [7.85, 2.54853, 8.3761]},
			"faces": {
				"north": {"uv": [9.5, 0, 9.75, 0.25], "texture": "#0"},
				"east": {"uv": [0.5, 9.5, 0.75, 9.75], "texture": "#0"},
				"south": {"uv": [9.5, 0.5, 9.75, 0.75], "texture": "#0"},
				"west": {"uv": [1, 9.5, 1.25, 9.75], "texture": "#0"},
				"up": {"uv": [9.75, 1.25, 9.5, 1], "texture": "#0"},
				"down": {"uv": [1.75, 9.5, 1.5, 9.75], "texture": "#0"}
			}
		},
		{
			"from": [7.85, 16.94853, 6.8761],
			"to": [8.15, 17.09853, 7.0261],
			"rotation": {"angle": 0, "axis": "z", "origin": [7.85, 2.54853, 8.3761]},
			"faces": {
				"north": {"uv": [9.5, 1.5, 9.75, 1.75], "texture": "#0"},
				"east": {"uv": [2, 9.5, 2.25, 9.75], "texture": "#0"},
				"south": {"uv": [9.5, 2, 9.75, 2.25], "texture": "#0"},
				"west": {"uv": [2.5, 9.5, 2.75, 9.75], "texture": "#0"},
				"up": {"uv": [9.75, 2.75, 9.5, 2.5], "texture": "#0"},
				"down": {"uv": [3.25, 9.5, 3, 9.75], "texture": "#0"}
			}
		},
		{
			"from": [7.85, 16.04853, 6.2761],
			"to": [8.15, 16.34853, 7.6261],
			"rotation": {"angle": 0, "axis": "z", "origin": [7.85, 2.54853, 8.3761]},
			"faces": {
				"north": {"uv": [9.5, 3, 9.75, 3.25], "texture": "#0"},
				"east": {"uv": [6, 1.5, 6.75, 1.75], "texture": "#0"},
				"south": {"uv": [3.5, 9.5, 3.75, 9.75], "texture": "#0"},
				"west": {"uv": [2, 6, 2.75, 6.25], "texture": "#0"},
				"up": {"uv": [6.25, 2.75, 6, 2], "texture": "#0"},
				"down": {"uv": [3.75, 6, 3.5, 6.75], "texture": "#0"}
			}
		},
		{
			"from": [7.85, 16.04853, 7.6261],
			"to": [8.15, 16.19853, 7.7761],
			"rotation": {"angle": 0, "axis": "z", "origin": [7.85, 2.54853, 8.3761]},
			"faces": {
				"north": {"uv": [9.5, 3.5, 9.75, 3.75], "texture": "#0"},
				"east": {"uv": [4, 9.5, 4.25, 9.75], "texture": "#0"},
				"south": {"uv": [9.5, 4, 9.75, 4.25], "texture": "#0"},
				"west": {"uv": [4.5, 9.5, 4.75, 9.75], "texture": "#0"},
				"up": {"uv": [9.75, 4.75, 9.5, 4.5], "texture": "#0"},
				"down": {"uv": [5.25, 9.5, 5, 9.75], "texture": "#0"}
			}
		},
		{
			"from": [7.85, 17.39853, 5.5261],
			"to": [8.15, 17.54853, 5.6761],
			"rotation": {"angle": 0, "axis": "z", "origin": [7.85, 2.54853, 8.3761]},
			"faces": {
				"north": {"uv": [9.5, 5, 9.75, 5.25], "texture": "#0"},
				"east": {"uv": [5.5, 9.5, 5.75, 9.75], "texture": "#0"},
				"south": {"uv": [9.5, 5.5, 9.75, 5.75], "texture": "#0"},
				"west": {"uv": [6, 9.5, 6.25, 9.75], "texture": "#0"},
				"up": {"uv": [9.75, 6.25, 9.5, 6], "texture": "#0"},
				"down": {"uv": [6.75, 9.5, 6.5, 9.75], "texture": "#0"}
			}
		}
	],
	"display": {
		"thirdperson_righthand": {
			"rotation": [0, 180, 0],
			"translation": [0, 3, 0.5],
			"scale": [1.2, 1.2, 1.2]
		},
		"thirdperson_lefthand": {
			"rotation": [0, 180, 0],
			"translation": [0, 3, 0.5],
			"scale": [1.2, 1.2, 1.2]
		},
		"firstperson_righthand": {
			"rotation": [168.38, 8.56, -178.65],
			"translation": [3.75, 4.25, 0]
		},
		"firstperson_lefthand": {
			"rotation": [168.38, 8.56, -178.65],
			"translation": [3.75, 4.25, 0]
		},
		"ground": {
			"translation": [0, 6, 0]
		},
		"gui": {
			"rotation": [90, 45, -90],
			"translation": [0, -1.5, 0]
		}
	},
	"groups": [
		{
			"name": "Cutlass",
			"origin": [7.85, 0.54853, 8.3761],
			"color": 0,
			"nbt": "{}",
			"armAnimationEnabled": false,
			"children": [
				0,
				1,
				2,
				3,
				4,
				5,
				6,
				7,
				8,
				9,
				10,
				11,
				12,
				13,
				14,
				15,
				16,
				17,
				18,
				19,
				20,
				21,
				22,
				23,
				24,
				25,
				26,
				27,
				28,
				29,
				30,
				31,
				32,
				33,
				34,
				35,
				36,
				37,
				38,
				39,
				40,
				41,
				42,
				43,
				44,
				45,
				46,
				47,
				48,
				49
			]
		}
	]
}