{
	"textures": {
		"0": "item/keys/legendary"
	},
	"elements": [
		{
			"name": "hexadecagon",
			"from": [8.8, 10.75, 7.4],
			"to": [10, 11.95, 8.6],
			"rotation": {"angle": 0, "axis": "x", "origin": [7.5, 11.5, 8]},
			"faces": {
				"north": {"uv": [8, 8, 9, 9], "texture": "#0"},
				"east": {"uv": [0, 9, 1, 10], "texture": "#0"},
				"south": {"uv": [1, 9, 2, 10], "texture": "#0"},
				"west": {"uv": [2, 9, 3, 10], "texture": "#0"},
				"up": {"uv": [4, 10, 3, 9], "texture": "#0"},
				"down": {"uv": [5, 9, 4, 10], "texture": "#0"}
			}
		},
		{
			"name": "hexadecagon",
			"from": [5, 10.75, 7.4],
			"to": [6.2, 11.95, 8.6],
			"rotation": {"angle": 0, "axis": "x", "origin": [7.5, 11.5, 8]},
			"faces": {
				"north": {"uv": [5, 9, 6, 10], "texture": "#0"},
				"east": {"uv": [6, 9, 7, 10], "texture": "#0"},
				"south": {"uv": [7, 9, 8, 10], "texture": "#0"},
				"west": {"uv": [8, 9, 9, 10], "texture": "#0"},
				"up": {"uv": [10, 9, 9, 8], "texture": "#0"},
				"down": {"uv": [10, 9, 9, 10], "texture": "#0"}
			}
		},
		{
			"name": "hexadecagon",
			"from": [8.8, 7.05, 7.4],
			"to": [10, 8.25, 8.6],
			"rotation": {"angle": 0, "axis": "x", "origin": [7.5, 11.5, 8]},
			"faces": {
				"north": {"uv": [0, 10, 1, 11], "texture": "#0"},
				"east": {"uv": [10, 0, 11, 1], "texture": "#0"},
				"south": {"uv": [1, 10, 2, 11], "texture": "#0"},
				"west": {"uv": [10, 1, 11, 2], "texture": "#0"},
				"up": {"uv": [3, 11, 2, 10], "texture": "#0"},
				"down": {"uv": [11, 2, 10, 3], "texture": "#0"}
			}
		},
		{
			"name": "hexadecagon",
			"from": [5, 7.05, 7.4],
			"to": [6.2, 8.25, 8.6],
			"rotation": {"angle": 0, "axis": "x", "origin": [7.5, 11.5, 8]},
			"faces": {
				"north": {"uv": [3, 10, 4, 11], "texture": "#0"},
				"east": {"uv": [10, 3, 11, 4], "texture": "#0"},
				"south": {"uv": [4, 10, 5, 11], "texture": "#0"},
				"west": {"uv": [10, 4, 11, 5], "texture": "#0"},
				"up": {"uv": [6, 11, 5, 10], "texture": "#0"},
				"down": {"uv": [11, 5, 10, 6], "texture": "#0"}
			}
		},
		{
			"name": "hexadecagon",
			"from": [6, 9.05, 7.4],
			"to": [6.7, 9.75, 8.6],
			"rotation": {"angle": 0, "axis": "x", "origin": [7.5, 11.5, 8]},
			"faces": {
				"north": {"uv": [3, 10, 4, 11], "texture": "#0"},
				"east": {"uv": [10, 3, 11, 4], "texture": "#0"},
				"south": {"uv": [4, 10, 5, 11], "texture": "#0"},
				"west": {"uv": [10, 4, 11, 5], "texture": "#0"},
				"up": {"uv": [6, 11, 5, 10], "texture": "#0"},
				"down": {"uv": [11, 5, 10, 6], "texture": "#0"}
			}
		},
		{
			"name": "hexadecagon",
			"from": [8.25, 9.05, 7.4],
			"to": [8.95, 9.75, 8.6],
			"rotation": {"angle": 0, "axis": "x", "origin": [7.5, 11.5, 8]},
			"faces": {
				"north": {"uv": [3, 10, 4, 11], "texture": "#0"},
				"east": {"uv": [10, 3, 11, 4], "texture": "#0"},
				"south": {"uv": [4, 10, 5, 11], "texture": "#0"},
				"west": {"uv": [10, 4, 11, 5], "texture": "#0"},
				"up": {"uv": [6, 11, 5, 10], "texture": "#0"},
				"down": {"uv": [11, 5, 10, 6], "texture": "#0"}
			}
		},
		{
			"name": "hexadecagon",
			"from": [7.15, 10.3, 7.4],
			"to": [7.85, 11, 8.6],
			"rotation": {"angle": 0, "axis": "x", "origin": [7.5, 11.5, 8]},
			"faces": {
				"north": {"uv": [3, 10, 4, 11], "texture": "#0"},
				"east": {"uv": [10, 3, 11, 4], "texture": "#0"},
				"south": {"uv": [4, 10, 5, 11], "texture": "#0"},
				"west": {"uv": [10, 4, 11, 5], "texture": "#0"},
				"up": {"uv": [6, 11, 5, 10], "texture": "#0"},
				"down": {"uv": [11, 5, 10, 6], "texture": "#0"}
			}
		},
		{
			"name": "hexadecagon",
			"from": [7.15, 8.05, 7.4],
			"to": [7.85, 8.75, 8.6],
			"rotation": {"angle": 0, "axis": "x", "origin": [7.5, 11.5, 8]},
			"faces": {
				"north": {"uv": [3, 10, 4, 11], "texture": "#0"},
				"east": {"uv": [10, 3, 11, 4], "texture": "#0"},
				"south": {"uv": [4, 10, 5, 11], "texture": "#0"},
				"west": {"uv": [10, 4, 11, 5], "texture": "#0"},
				"up": {"uv": [6, 11, 5, 10], "texture": "#0"},
				"down": {"uv": [11, 5, 10, 6], "texture": "#0"}
			}
		},
		{
			"from": [7, 0.5, 7.5],
			"to": [8, 8.25, 8.5],
			"faces": {
				"north": {"uv": [0, 0, 1, 8], "texture": "#0"},
				"east": {"uv": [1, 0, 2, 8], "texture": "#0"},
				"south": {"uv": [2, 0, 3, 8], "texture": "#0"},
				"west": {"uv": [3, 0, 4, 8], "texture": "#0"},
				"up": {"uv": [7, 11, 6, 10], "texture": "#0"},
				"down": {"uv": [11, 6, 10, 7], "texture": "#0"}
			}
		},
		{
			"from": [6.5, 8.5, 8],
			"to": [8.5, 10.5, 8],
			"faces": {
				"north": {"uv": [4, 0, 6, 2], "texture": "#0"},
				"east": {"uv": [0, 0, 0, 2], "texture": "#0"},
				"south": {"uv": [4, 2, 6, 4], "texture": "#0"},
				"west": {"uv": [0, 0, 0, 2], "texture": "#0"},
				"up": {"uv": [2, 0, 0, 0], "texture": "#0"},
				"down": {"uv": [2, 0, 0, 0], "texture": "#0"}
			}
		},
		{
			"from": [6.75, 0, 7.25],
			"to": [8.25, 0.5, 8.75],
			"faces": {
				"north": {"uv": [6, 2, 8, 3], "texture": "#0"},
				"east": {"uv": [6, 3, 8, 4], "texture": "#0"},
				"south": {"uv": [4, 6, 6, 7], "texture": "#0"},
				"west": {"uv": [6, 4, 8, 5], "texture": "#0"},
				"up": {"uv": [6, 6, 4, 4], "texture": "#0"},
				"down": {"uv": [8, 0, 6, 2], "texture": "#0"}
			}
		},
		{
			"from": [6.75, 4.5, 7.25],
			"to": [8.25, 5, 8.75],
			"faces": {
				"north": {"uv": [6, 2, 8, 3], "texture": "#0"},
				"east": {"uv": [6, 3, 8, 4], "texture": "#0"},
				"south": {"uv": [4, 6, 6, 7], "texture": "#0"},
				"west": {"uv": [6, 4, 8, 5], "texture": "#0"},
				"up": {"uv": [6, 6, 4, 4], "texture": "#0"},
				"down": {"uv": [8, 0, 6, 2], "texture": "#0"}
			}
		},
		{
			"from": [8, 1, 7.5],
			"to": [8.5, 2, 8.5],
			"faces": {
				"north": {"uv": [7, 10, 8, 11], "texture": "#0"},
				"east": {"uv": [10, 7, 11, 8], "texture": "#0"},
				"south": {"uv": [8, 10, 9, 11], "texture": "#0"},
				"west": {"uv": [10, 8, 11, 9], "texture": "#0"},
				"up": {"uv": [10, 11, 9, 10], "texture": "#0"},
				"down": {"uv": [11, 9, 10, 10], "texture": "#0"}
			}
		},
		{
			"from": [8, 3, 7.5],
			"to": [8.5, 4, 8.5],
			"faces": {
				"north": {"uv": [10, 10, 11, 11], "texture": "#0"},
				"east": {"uv": [0, 11, 1, 12], "texture": "#0"},
				"south": {"uv": [11, 0, 12, 1], "texture": "#0"},
				"west": {"uv": [1, 11, 2, 12], "texture": "#0"},
				"up": {"uv": [12, 2, 11, 1], "texture": "#0"},
				"down": {"uv": [3, 11, 2, 12], "texture": "#0"}
			}
		},
		{
			"from": [8.5, 3.5, 7.5],
			"to": [9.25, 4, 8.5],
			"faces": {
				"north": {"uv": [11, 2, 12, 3], "texture": "#0"},
				"east": {"uv": [3, 11, 4, 12], "texture": "#0"},
				"south": {"uv": [11, 3, 12, 4], "texture": "#0"},
				"west": {"uv": [4, 11, 5, 12], "texture": "#0"},
				"up": {"uv": [12, 5, 11, 4], "texture": "#0"},
				"down": {"uv": [6, 11, 5, 12], "texture": "#0"}
			}
		},
		{
			"from": [8.5, 1, 7.5],
			"to": [9.25, 1.5, 8.5],
			"faces": {
				"north": {"uv": [11, 5, 12, 6], "texture": "#0"},
				"east": {"uv": [6, 11, 7, 12], "texture": "#0"},
				"south": {"uv": [11, 6, 12, 7], "texture": "#0"},
				"west": {"uv": [7, 11, 8, 12], "texture": "#0"},
				"up": {"uv": [12, 8, 11, 7], "texture": "#0"},
				"down": {"uv": [9, 11, 8, 12], "texture": "#0"}
			}
		},
		{
			"from": [9, 1.5, 7.5],
			"to": [9.5, 2, 8.5],
			"faces": {
				"north": {"uv": [11, 8, 12, 9], "texture": "#0"},
				"east": {"uv": [9, 11, 10, 12], "texture": "#0"},
				"south": {"uv": [11, 9, 12, 10], "texture": "#0"},
				"west": {"uv": [10, 11, 11, 12], "texture": "#0"},
				"up": {"uv": [12, 11, 11, 10], "texture": "#0"},
				"down": {"uv": [12, 11, 11, 12], "texture": "#0"}
			}
		},
		{
			"from": [9, 3, 7.5],
			"to": [9.5, 3.5, 8.5],
			"faces": {
				"north": {"uv": [0, 12, 1, 13], "texture": "#0"},
				"east": {"uv": [12, 0, 13, 1], "texture": "#0"},
				"south": {"uv": [1, 12, 2, 13], "texture": "#0"},
				"west": {"uv": [12, 1, 13, 2], "texture": "#0"},
				"up": {"uv": [3, 13, 2, 12], "texture": "#0"},
				"down": {"uv": [13, 2, 12, 3], "texture": "#0"}
			}
		},
		{
			"from": [9, 2.75, 7.5],
			"to": [9.25, 3, 8.5],
			"faces": {
				"north": {"uv": [3, 12, 4, 13], "texture": "#0"},
				"east": {"uv": [12, 3, 13, 4], "texture": "#0"},
				"south": {"uv": [4, 12, 5, 13], "texture": "#0"},
				"west": {"uv": [12, 4, 13, 5], "texture": "#0"},
				"up": {"uv": [6, 13, 5, 12], "texture": "#0"},
				"down": {"uv": [13, 5, 12, 6], "texture": "#0"}
			}
		},
		{
			"from": [9, 2, 7.5],
			"to": [9.25, 2.25, 8.5],
			"faces": {
				"north": {"uv": [6, 12, 7, 13], "texture": "#0"},
				"east": {"uv": [12, 6, 13, 7], "texture": "#0"},
				"south": {"uv": [7, 12, 8, 13], "texture": "#0"},
				"west": {"uv": [12, 7, 13, 8], "texture": "#0"},
				"up": {"uv": [9, 13, 8, 12], "texture": "#0"},
				"down": {"uv": [13, 8, 12, 9], "texture": "#0"}
			}
		},
		{
			"name": "hexadecagon",
			"from": [8.5, 9.10218, 7.5],
			"to": [10, 9.89782, 8.5],
			"rotation": {"angle": -45, "axis": "z", "origin": [7.5, 9.5, 8]},
			"faces": {
				"north": {"uv": [6, 5, 8, 6], "texture": "#0"},
				"east": {"uv": [9, 12, 10, 13], "texture": "#0"},
				"south": {"uv": [6, 6, 8, 7], "texture": "#0"},
				"west": {"uv": [12, 9, 13, 10], "texture": "#0"},
				"up": {"uv": [6, 8, 4, 7], "texture": "#0"},
				"down": {"uv": [8, 7, 6, 8], "texture": "#0"}
			}
		},
		{
			"name": "hexadecagon",
			"from": [8.5, 9.10218, 7.5],
			"to": [9.5, 9.89782, 8.5],
			"rotation": {"angle": -22.5, "axis": "z", "origin": [7.5, 9.5, 8]},
			"faces": {
				"north": {"uv": [10, 12, 11, 13], "texture": "#0"},
				"east": {"uv": [12, 10, 13, 11], "texture": "#0"},
				"south": {"uv": [11, 12, 12, 13], "texture": "#0"},
				"west": {"uv": [12, 11, 13, 12], "texture": "#0"},
				"up": {"uv": [13, 13, 12, 12], "texture": "#0"},
				"down": {"uv": [1, 13, 0, 14], "texture": "#0"}
			}
		},
		{
			"name": "hexadecagon",
			"from": [8.5, 9.10218, 7.5],
			"to": [9.5, 9.89782, 8.5],
			"rotation": {"angle": 0, "axis": "x", "origin": [7.5, 9.5, 8]},
			"faces": {
				"north": {"uv": [13, 0, 14, 1], "texture": "#0"},
				"east": {"uv": [1, 13, 2, 14], "texture": "#0"},
				"south": {"uv": [13, 1, 14, 2], "texture": "#0"},
				"west": {"uv": [2, 13, 3, 14], "texture": "#0"},
				"up": {"uv": [14, 3, 13, 2], "texture": "#0"},
				"down": {"uv": [4, 13, 3, 14], "texture": "#0"}
			}
		},
		{
			"name": "hexadecagon",
			"from": [8.5, 9.10218, 7.5],
			"to": [9.5, 9.89782, 8.5],
			"rotation": {"angle": 22.5, "axis": "z", "origin": [7.5, 9.5, 8]},
			"faces": {
				"north": {"uv": [13, 3, 14, 4], "texture": "#0"},
				"east": {"uv": [4, 13, 5, 14], "texture": "#0"},
				"south": {"uv": [13, 4, 14, 5], "texture": "#0"},
				"west": {"uv": [5, 13, 6, 14], "texture": "#0"},
				"up": {"uv": [14, 6, 13, 5], "texture": "#0"},
				"down": {"uv": [7, 13, 6, 14], "texture": "#0"}
			}
		},
		{
			"name": "hexadecagon",
			"from": [8.5, 9.10218, 7.5],
			"to": [10, 9.89782, 8.5],
			"rotation": {"angle": 45, "axis": "z", "origin": [7.5, 9.5, 8]},
			"faces": {
				"north": {"uv": [0, 8, 2, 9], "texture": "#0"},
				"east": {"uv": [13, 6, 14, 7], "texture": "#0"},
				"south": {"uv": [8, 0, 10, 1], "texture": "#0"},
				"west": {"uv": [7, 13, 8, 14], "texture": "#0"},
				"up": {"uv": [10, 2, 8, 1], "texture": "#0"},
				"down": {"uv": [4, 8, 2, 9], "texture": "#0"}
			}
		},
		{
			"name": "hexadecagon",
			"from": [5, 9.10218, 7.5],
			"to": [6.5, 9.89782, 8.5],
			"rotation": {"angle": -45, "axis": "z", "origin": [7.5, 9.5, 8]},
			"faces": {
				"north": {"uv": [8, 2, 10, 3], "texture": "#0"},
				"east": {"uv": [13, 7, 14, 8], "texture": "#0"},
				"south": {"uv": [8, 3, 10, 4], "texture": "#0"},
				"west": {"uv": [8, 13, 9, 14], "texture": "#0"},
				"up": {"uv": [6, 9, 4, 8], "texture": "#0"},
				"down": {"uv": [10, 4, 8, 5], "texture": "#0"}
			}
		},
		{
			"name": "hexadecagon",
			"from": [5.5, 9.10218, 7.5],
			"to": [6.5, 9.89782, 8.5],
			"rotation": {"angle": -22.5, "axis": "z", "origin": [7.5, 9.5, 8]},
			"faces": {
				"north": {"uv": [13, 8, 14, 9], "texture": "#0"},
				"east": {"uv": [9, 13, 10, 14], "texture": "#0"},
				"south": {"uv": [13, 9, 14, 10], "texture": "#0"},
				"west": {"uv": [10, 13, 11, 14], "texture": "#0"},
				"up": {"uv": [14, 11, 13, 10], "texture": "#0"},
				"down": {"uv": [12, 13, 11, 14], "texture": "#0"}
			}
		},
		{
			"name": "hexadecagon",
			"from": [5.5, 9.10218, 7.5],
			"to": [6.5, 9.89782, 8.5],
			"rotation": {"angle": 0, "axis": "x", "origin": [7.5, 9.5, 8]},
			"faces": {
				"north": {"uv": [13, 11, 14, 12], "texture": "#0"},
				"east": {"uv": [12, 13, 13, 14], "texture": "#0"},
				"south": {"uv": [13, 12, 14, 13], "texture": "#0"},
				"west": {"uv": [13, 13, 14, 14], "texture": "#0"},
				"up": {"uv": [1, 15, 0, 14], "texture": "#0"},
				"down": {"uv": [15, 0, 14, 1], "texture": "#0"}
			}
		},
		{
			"name": "hexadecagon",
			"from": [5.5, 9.10218, 7.5],
			"to": [6.5, 9.89782, 8.5],
			"rotation": {"angle": 22.5, "axis": "z", "origin": [7.5, 9.5, 8]},
			"faces": {
				"north": {"uv": [1, 14, 2, 15], "texture": "#0"},
				"east": {"uv": [14, 1, 15, 2], "texture": "#0"},
				"south": {"uv": [2, 14, 3, 15], "texture": "#0"},
				"west": {"uv": [14, 2, 15, 3], "texture": "#0"},
				"up": {"uv": [4, 15, 3, 14], "texture": "#0"},
				"down": {"uv": [15, 3, 14, 4], "texture": "#0"}
			}
		},
		{
			"name": "hexadecagon",
			"from": [5, 9.10218, 7.5],
			"to": [6.5, 9.89782, 8.5],
			"rotation": {"angle": 45, "axis": "z", "origin": [7.5, 9.5, 8]},
			"faces": {
				"north": {"uv": [8, 5, 10, 6], "texture": "#0"},
				"east": {"uv": [4, 14, 5, 15], "texture": "#0"},
				"south": {"uv": [6, 8, 8, 9], "texture": "#0"},
				"west": {"uv": [14, 4, 15, 5], "texture": "#0"},
				"up": {"uv": [10, 7, 8, 6], "texture": "#0"},
				"down": {"uv": [10, 7, 8, 8], "texture": "#0"}
			}
		},
		{
			"name": "hexadecagon",
			"from": [7.10218, 7.5, 7.5],
			"to": [7.89782, 8.5, 8.5],
			"rotation": {"angle": -22.5, "axis": "z", "origin": [7.5, 9.5, 8]},
			"faces": {
				"north": {"uv": [5, 14, 6, 15], "texture": "#0"},
				"east": {"uv": [14, 5, 15, 6], "texture": "#0"},
				"south": {"uv": [6, 14, 7, 15], "texture": "#0"},
				"west": {"uv": [14, 6, 15, 7], "texture": "#0"},
				"up": {"uv": [8, 15, 7, 14], "texture": "#0"},
				"down": {"uv": [15, 7, 14, 8], "texture": "#0"}
			}
		},
		{
			"name": "hexadecagon",
			"from": [7.10218, 7.5, 7.5],
			"to": [7.89782, 8.5, 8.5],
			"rotation": {"angle": 0, "axis": "x", "origin": [7.5, 9.5, 8]},
			"faces": {
				"north": {"uv": [8, 14, 9, 15], "texture": "#0"},
				"east": {"uv": [14, 8, 15, 9], "texture": "#0"},
				"south": {"uv": [9, 14, 10, 15], "texture": "#0"},
				"west": {"uv": [14, 9, 15, 10], "texture": "#0"},
				"up": {"uv": [11, 15, 10, 14], "texture": "#0"},
				"down": {"uv": [15, 10, 14, 11], "texture": "#0"}
			}
		},
		{
			"name": "hexadecagon",
			"from": [7.10218, 7.5, 7.5],
			"to": [7.89782, 8.5, 8.5],
			"rotation": {"angle": 22.5, "axis": "z", "origin": [7.5, 9.5, 8]},
			"faces": {
				"north": {"uv": [11, 14, 12, 15], "texture": "#0"},
				"east": {"uv": [14, 11, 15, 12], "texture": "#0"},
				"south": {"uv": [12, 14, 13, 15], "texture": "#0"},
				"west": {"uv": [14, 12, 15, 13], "texture": "#0"},
				"up": {"uv": [14, 15, 13, 14], "texture": "#0"},
				"down": {"uv": [15, 13, 14, 14], "texture": "#0"}
			}
		},
		{
			"name": "hexadecagon",
			"from": [7.10218, 10.5, 7.5],
			"to": [7.89782, 11.5, 8.5],
			"rotation": {"angle": -22.5, "axis": "z", "origin": [7.5, 9.5, 8]},
			"faces": {
				"north": {"uv": [14, 14, 15, 15], "texture": "#0"},
				"east": {"uv": [0, 15, 1, 16], "texture": "#0"},
				"south": {"uv": [15, 0, 16, 1], "texture": "#0"},
				"west": {"uv": [1, 15, 2, 16], "texture": "#0"},
				"up": {"uv": [16, 2, 15, 1], "texture": "#0"},
				"down": {"uv": [3, 15, 2, 16], "texture": "#0"}
			}
		},
		{
			"name": "hexadecagon",
			"from": [7.10218, 10.5, 7.5],
			"to": [7.89782, 11.5, 8.5],
			"rotation": {"angle": 0, "axis": "x", "origin": [7.5, 9.5, 8]},
			"faces": {
				"north": {"uv": [15, 2, 16, 3], "texture": "#0"},
				"east": {"uv": [3, 15, 4, 16], "texture": "#0"},
				"south": {"uv": [15, 3, 16, 4], "texture": "#0"},
				"west": {"uv": [4, 15, 5, 16], "texture": "#0"},
				"up": {"uv": [16, 5, 15, 4], "texture": "#0"},
				"down": {"uv": [6, 15, 5, 16], "texture": "#0"}
			}
		},
		{
			"name": "hexadecagon",
			"from": [7.10218, 10.5, 7.5],
			"to": [7.89782, 11.5, 8.5],
			"rotation": {"angle": 22.5, "axis": "z", "origin": [7.5, 9.5, 8]},
			"faces": {
				"north": {"uv": [15, 5, 16, 6], "texture": "#0"},
				"east": {"uv": [6, 15, 7, 16], "texture": "#0"},
				"south": {"uv": [15, 6, 16, 7], "texture": "#0"},
				"west": {"uv": [7, 15, 8, 16], "texture": "#0"},
				"up": {"uv": [16, 8, 15, 7], "texture": "#0"},
				"down": {"uv": [9, 15, 8, 16], "texture": "#0"}
			}
		}
	],
	"display": {
		"thirdperson_righthand": {
			"rotation": [145, 90, 0],
			"translation": [0, 0.75, 0.25],
			"scale": [0.75, 0.75, 0.75]
		},
		"thirdperson_lefthand": {
			"rotation": [145, 90, 0],
			"translation": [0, 0.75, 0.25],
			"scale": [0.75, 0.75, 0.75]
		},
		"firstperson_righthand": {
			"rotation": [140, 90, 0],
			"translation": [4.5, 1.5, 0]
		},
		"firstperson_lefthand": {
			"rotation": [140, 90, 0],
			"translation": [4.5, 1.5, 0]
		},
		"ground": {
			"translation": [0, 2, 0],
			"scale": [0.75, 0.75, 0.75]
		},
		"gui": {
			"rotation": [0, -45, -45],
			"translation": [2.5, 2, 0],
			"scale": [1.5, 1.5, 1.5]
		}
	}
}