{
	"textures": {
		"0": "item/keys/mythical"
	},
	"elements": [
		{
			"name": "hexadecagon",
			"from": [5.25, 8.85218, 7.25],
			"to": [6.25, 10.14782, 8.75],
			"rotation": {"angle": 0, "axis": "x", "origin": [7.5, 11.5, 8]},
			"faces": {
				"north": {"uv": [1.5, 6, 2, 6.5], "texture": "#0"},
				"east": {"uv": [3.5, 4, 4.5, 4.5], "texture": "#0"},
				"south": {"uv": [6, 1.5, 6.5, 2], "texture": "#0"},
				"west": {"uv": [4.5, 0, 5.5, 0.5], "texture": "#0"},
				"up": {"uv": [5, 1.5, 4.5, 0.5], "texture": "#0"},
				"down": {"uv": [4, 4.5, 3.5, 5.5], "texture": "#0"}
			}
		},
		{
			"name": "hexadecagon",
			"from": [6.9, 6.20218, 7.35],
			"to": [8.1, 7.40218, 8.65],
			"rotation": {"angle": 0, "axis": "x", "origin": [7.5, 11.5, 8]},
			"faces": {
				"north": {"uv": [6, 2, 6.5, 2.5], "texture": "#0"},
				"east": {"uv": [6, 2.5, 6.5, 3], "texture": "#0"},
				"south": {"uv": [3, 6, 3.5, 6.5], "texture": "#0"},
				"west": {"uv": [6, 3, 6.5, 3.5], "texture": "#0"},
				"up": {"uv": [6.5, 4, 6, 3.5], "texture": "#0"},
				"down": {"uv": [4.5, 6, 4, 6.5], "texture": "#0"}
			}
		},
		{
			"name": "hexadecagon",
			"from": [6.9, 10.70218, 7.35],
			"to": [8.1, 11.90218, 8.65],
			"rotation": {"angle": 0, "axis": "x", "origin": [7.5, 11.5, 8]},
			"faces": {
				"north": {"uv": [4.5, 6, 5, 6.5], "texture": "#0"},
				"east": {"uv": [6, 5, 6.5, 5.5], "texture": "#0"},
				"south": {"uv": [5.5, 6, 6, 6.5], "texture": "#0"},
				"west": {"uv": [6, 5.5, 6.5, 6], "texture": "#0"},
				"up": {"uv": [6.5, 6.5, 6, 6], "texture": "#0"},
				"down": {"uv": [1, 6.5, 0.5, 7], "texture": "#0"}
			}
		},
		{
			"name": "hexadecagon",
			"from": [8.75, 8.85218, 7.25],
			"to": [9.75, 10.14782, 8.75],
			"rotation": {"angle": 0, "axis": "x", "origin": [7.5, 11.5, 8]},
			"faces": {
				"north": {"uv": [1, 6.5, 1.5, 7], "texture": "#0"},
				"east": {"uv": [4.5, 1.5, 5.5, 2], "texture": "#0"},
				"south": {"uv": [1.5, 6.5, 2, 7], "texture": "#0"},
				"west": {"uv": [4, 4.5, 5, 5], "texture": "#0"},
				"up": {"uv": [5.5, 1.5, 5, 0.5], "texture": "#0"},
				"down": {"uv": [2, 5, 1.5, 6], "texture": "#0"}
			}
		},
		{
			"from": [5.75, 6.25, 7.5],
			"to": [7, 7.25, 8.5],
			"rotation": {"angle": 0, "axis": "y", "origin": [0, -1.75, 0]},
			"faces": {
				"north": {"uv": [6.5, 1.5, 7, 2], "texture": "#0"},
				"east": {"uv": [2, 6.5, 2.5, 7], "texture": "#0"},
				"south": {"uv": [6.5, 2, 7, 2.5], "texture": "#0"},
				"west": {"uv": [2.5, 6.5, 3, 7], "texture": "#0"},
				"up": {"uv": [7, 3, 6.5, 2.5], "texture": "#0"},
				"down": {"uv": [3.5, 6.5, 3, 7], "texture": "#0"}
			}
		},
		{
			"from": [7.72699, 4.2563, 7.5],
			"to": [9.72699, 5.2563, 8.5],
			"rotation": {"angle": 22.5, "axis": "z", "origin": [2.72699, -3.7437, 0]},
			"faces": {
				"north": {"uv": [4.5, 4, 5.5, 4.5], "texture": "#0"},
				"east": {"uv": [6.5, 3, 7, 3.5], "texture": "#0"},
				"south": {"uv": [2, 5, 3, 5.5], "texture": "#0"},
				"west": {"uv": [3.5, 6.5, 4, 7], "texture": "#0"},
				"up": {"uv": [6, 2.5, 5, 2], "texture": "#0"},
				"down": {"uv": [6, 2.5, 5, 3], "texture": "#0"}
			}
		},
		{
			"from": [0.53837, 1.57333, 7.5],
			"to": [1.53837, 3.57333, 8.5],
			"rotation": {"angle": -22.5, "axis": "z", "origin": [9.53837, -3.42667, 0]},
			"faces": {
				"north": {"uv": [3, 5, 3.5, 6], "texture": "#0"},
				"east": {"uv": [5, 3, 5.5, 4], "texture": "#0"},
				"south": {"uv": [4, 5, 4.5, 6], "texture": "#0"},
				"west": {"uv": [4.5, 5, 5, 6], "texture": "#0"},
				"up": {"uv": [7, 4, 6.5, 3.5], "texture": "#0"},
				"down": {"uv": [4.5, 6.5, 4, 7], "texture": "#0"}
			}
		},
		{
			"from": [3.13687, 2.38687, 7.5],
			"to": [4.13687, 4.63687, 8.5],
			"rotation": {"angle": 0, "axis": "z", "origin": [12.13687, -2.36313, 0]},
			"faces": {
				"north": {"uv": [5, 4.5, 5.5, 5.5], "texture": "#0"},
				"east": {"uv": [5.5, 0, 6, 1], "texture": "#0"},
				"south": {"uv": [5.5, 1, 6, 2], "texture": "#0"},
				"west": {"uv": [2, 5.5, 2.5, 6.5], "texture": "#0"},
				"up": {"uv": [7, 4.5, 6.5, 4], "texture": "#0"},
				"down": {"uv": [5, 6.5, 4.5, 7], "texture": "#0"}
			}
		},
		{
			"from": [4.13687, 2.63687, 7.75],
			"to": [5.13687, 6.38687, 8.25],
			"rotation": {"angle": 0, "axis": "z", "origin": [12.13687, -2.36313, 0]},
			"faces": {
				"north": {"uv": [2, 0, 2.5, 2], "texture": "#0"},
				"east": {"uv": [2, 2, 2.5, 4], "texture": "#0"},
				"south": {"uv": [2.5, 0, 3, 2], "texture": "#0"},
				"west": {"uv": [2.5, 2, 3, 4], "texture": "#0"},
				"up": {"uv": [7, 5, 6.5, 4.5], "texture": "#0"},
				"down": {"uv": [5.5, 6.5, 5, 7], "texture": "#0"}
			}
		},
		{
			"from": [5.13687, 3.13687, 7.75],
			"to": [5.63687, 6.88687, 8.25],
			"rotation": {"angle": 0, "axis": "z", "origin": [12.13687, -2.36313, 0]},
			"faces": {
				"north": {"uv": [3, 0, 3.5, 2], "texture": "#0"},
				"east": {"uv": [3, 2, 3.5, 4], "texture": "#0"},
				"south": {"uv": [3.5, 0, 4, 2], "texture": "#0"},
				"west": {"uv": [3.5, 2, 4, 4], "texture": "#0"},
				"up": {"uv": [7, 5.5, 6.5, 5], "texture": "#0"},
				"down": {"uv": [6, 6.5, 5.5, 7], "texture": "#0"}
			}
		},
		{
			"from": [-1.50957, 0.00515, 7.75],
			"to": [-0.50957, 3.75515, 8.25],
			"rotation": {"angle": -45, "axis": "z", "origin": [5.49043, -5.49485, 0]},
			"faces": {
				"north": {"uv": [0, 4, 0.5, 6], "texture": "#0"},
				"east": {"uv": [4, 0, 4.5, 2], "texture": "#0"},
				"south": {"uv": [0.5, 4, 1, 6], "texture": "#0"},
				"west": {"uv": [1, 4, 1.5, 6], "texture": "#0"},
				"up": {"uv": [7, 6, 6.5, 5.5], "texture": "#0"},
				"down": {"uv": [6.5, 6.5, 6, 7], "texture": "#0"}
			}
		},
		{
			"from": [5.63687, 4.38687, 7.75],
			"to": [7.13687, 6.63687, 8.25],
			"rotation": {"angle": 0, "axis": "z", "origin": [12.13687, -2.36313, 0]},
			"faces": {
				"north": {"uv": [1.5, 4, 2.5, 5], "texture": "#0"},
				"east": {"uv": [2.5, 5.5, 3, 6.5], "texture": "#0"},
				"south": {"uv": [4, 2, 5, 3], "texture": "#0"},
				"west": {"uv": [5.5, 3, 6, 4], "texture": "#0"},
				"up": {"uv": [6.5, 4.5, 5.5, 4], "texture": "#0"},
				"down": {"uv": [6.5, 4.5, 5.5, 5], "texture": "#0"}
			}
		},
		{
			"from": [8.38687, 6, 7.75],
			"to": [9.13687, 6.5, 8.25],
			"rotation": {"angle": 0, "axis": "z", "origin": [12.13687, -2.36313, 0]},
			"faces": {
				"north": {"uv": [6.5, 6, 7, 6.5], "texture": "#0"},
				"east": {"uv": [6.5, 6.5, 7, 7], "texture": "#0"},
				"south": {"uv": [0, 7, 0.5, 7.5], "texture": "#0"},
				"west": {"uv": [7, 0, 7.5, 0.5], "texture": "#0"},
				"up": {"uv": [1, 7.5, 0.5, 7], "texture": "#0"},
				"down": {"uv": [7.5, 0.5, 7, 1], "texture": "#0"}
			}
		},
		{
			"from": [7.98687, 6.75, 7.5],
			"to": [9.38687, 7.25, 8.5],
			"rotation": {"angle": 0, "axis": "z", "origin": [12.13687, -2.36313, 0]},
			"faces": {
				"north": {"uv": [1, 7, 1.5, 7.5], "texture": "#0"},
				"east": {"uv": [7, 1, 7.5, 1.5], "texture": "#0"},
				"south": {"uv": [1.5, 7, 2, 7.5], "texture": "#0"},
				"west": {"uv": [7, 1.5, 7.5, 2], "texture": "#0"},
				"up": {"uv": [2.5, 7.5, 2, 7], "texture": "#0"},
				"down": {"uv": [7.5, 2, 7, 2.5], "texture": "#0"}
			}
		},
		{
			"from": [8.38687, 5.25, 7.75],
			"to": [8.88687, 5.75, 8.25],
			"rotation": {"angle": 0, "axis": "z", "origin": [12.13687, -2.36313, 0]},
			"faces": {
				"north": {"uv": [2.5, 7, 3, 7.5], "texture": "#0"},
				"east": {"uv": [7, 2.5, 7.5, 3], "texture": "#0"},
				"south": {"uv": [3, 7, 3.5, 7.5], "texture": "#0"},
				"west": {"uv": [7, 3, 7.5, 3.5], "texture": "#0"},
				"up": {"uv": [4, 7.5, 3.5, 7], "texture": "#0"},
				"down": {"uv": [7.5, 3.5, 7, 4], "texture": "#0"}
			}
		},
		{
			"from": [7.88687, 4.5, 7.75],
			"to": [8.38687, 6.75, 8.25],
			"rotation": {"angle": 0, "axis": "z", "origin": [12.13687, -2.36313, 0]},
			"faces": {
				"north": {"uv": [3.5, 5.5, 4, 6.5], "texture": "#0"},
				"east": {"uv": [5, 5.5, 5.5, 6.5], "texture": "#0"},
				"south": {"uv": [5.5, 5, 6, 6], "texture": "#0"},
				"west": {"uv": [0, 6, 0.5, 7], "texture": "#0"},
				"up": {"uv": [4.5, 7.5, 4, 7], "texture": "#0"},
				"down": {"uv": [7.5, 4, 7, 4.5], "texture": "#0"}
			}
		},
		{
			"from": [7, 0.5, 7.5],
			"to": [8, 8.25, 8.5],
			"faces": {
				"north": {"uv": [0, 0, 0.5, 4], "texture": "#0"},
				"east": {"uv": [0.5, 0, 1, 4], "texture": "#0"},
				"south": {"uv": [1, 0, 1.5, 4], "texture": "#0"},
				"west": {"uv": [1.5, 0, 2, 4], "texture": "#0"},
				"up": {"uv": [5, 7.5, 4.5, 7], "texture": "#0"},
				"down": {"uv": [7.5, 4.5, 7, 5], "texture": "#0"}
			}
		},
		{
			"from": [6.75, 0, 7.25],
			"to": [8.25, 0.5, 8.75],
			"faces": {
				"north": {"uv": [6, 0, 7, 0.5], "texture": "#0"},
				"east": {"uv": [0.5, 6, 1.5, 6.5], "texture": "#0"},
				"south": {"uv": [6, 0.5, 7, 1], "texture": "#0"},
				"west": {"uv": [6, 1, 7, 1.5], "texture": "#0"},
				"up": {"uv": [3.5, 5, 2.5, 4], "texture": "#0"},
				"down": {"uv": [5, 3, 4, 4], "texture": "#0"}
			}
		},
		{
			"from": [8, 1, 7.5],
			"to": [8.5, 2, 8.5],
			"faces": {
				"north": {"uv": [5, 7, 5.5, 7.5], "texture": "#0"},
				"east": {"uv": [7, 5, 7.5, 5.5], "texture": "#0"},
				"south": {"uv": [5.5, 7, 6, 7.5], "texture": "#0"},
				"west": {"uv": [7, 5.5, 7.5, 6], "texture": "#0"},
				"up": {"uv": [6.5, 7.5, 6, 7], "texture": "#0"},
				"down": {"uv": [7.5, 6, 7, 6.5], "texture": "#0"}
			}
		},
		{
			"from": [8, 3, 7.5],
			"to": [8.5, 4, 8.5],
			"faces": {
				"north": {"uv": [6.5, 7, 7, 7.5], "texture": "#0"},
				"east": {"uv": [7, 6.5, 7.5, 7], "texture": "#0"},
				"south": {"uv": [7, 7, 7.5, 7.5], "texture": "#0"},
				"west": {"uv": [0, 7.5, 0.5, 8], "texture": "#0"},
				"up": {"uv": [8, 0.5, 7.5, 0], "texture": "#0"},
				"down": {"uv": [1, 7.5, 0.5, 8], "texture": "#0"}
			}
		},
		{
			"from": [8.5, 3.5, 7.5],
			"to": [9.5, 4, 8.5],
			"faces": {
				"north": {"uv": [7.5, 0.5, 8, 1], "texture": "#0"},
				"east": {"uv": [1, 7.5, 1.5, 8], "texture": "#0"},
				"south": {"uv": [7.5, 1, 8, 1.5], "texture": "#0"},
				"west": {"uv": [1.5, 7.5, 2, 8], "texture": "#0"},
				"up": {"uv": [8, 2, 7.5, 1.5], "texture": "#0"},
				"down": {"uv": [2.5, 7.5, 2, 8], "texture": "#0"}
			}
		},
		{
			"from": [8.5, 1, 7.5],
			"to": [9.5, 1.5, 8.5],
			"faces": {
				"north": {"uv": [7.5, 2, 8, 2.5], "texture": "#0"},
				"east": {"uv": [2.5, 7.5, 3, 8], "texture": "#0"},
				"south": {"uv": [7.5, 2.5, 8, 3], "texture": "#0"},
				"west": {"uv": [3, 7.5, 3.5, 8], "texture": "#0"},
				"up": {"uv": [8, 3.5, 7.5, 3], "texture": "#0"},
				"down": {"uv": [4, 7.5, 3.5, 8], "texture": "#0"}
			}
		},
		{
			"from": [9, 1.5, 7.5],
			"to": [9.5, 2, 8.5],
			"faces": {
				"north": {"uv": [7.5, 3.5, 8, 4], "texture": "#0"},
				"east": {"uv": [4, 7.5, 4.5, 8], "texture": "#0"},
				"south": {"uv": [7.5, 4, 8, 4.5], "texture": "#0"},
				"west": {"uv": [4.5, 7.5, 5, 8], "texture": "#0"},
				"up": {"uv": [8, 5, 7.5, 4.5], "texture": "#0"},
				"down": {"uv": [5.5, 7.5, 5, 8], "texture": "#0"}
			}
		},
		{
			"from": [9, 3, 7.5],
			"to": [9.5, 3.5, 8.5],
			"faces": {
				"north": {"uv": [7.5, 5, 8, 5.5], "texture": "#0"},
				"east": {"uv": [5.5, 7.5, 6, 8], "texture": "#0"},
				"south": {"uv": [7.5, 5.5, 8, 6], "texture": "#0"},
				"west": {"uv": [6, 7.5, 6.5, 8], "texture": "#0"},
				"up": {"uv": [8, 6.5, 7.5, 6], "texture": "#0"},
				"down": {"uv": [7, 7.5, 6.5, 8], "texture": "#0"}
			}
		},
		{
			"name": "hexadecagon",
			"from": [8.5, 9.10218, 7.5],
			"to": [9.5, 9.89782, 8.5],
			"rotation": {"angle": -45, "axis": "z", "origin": [7.5, 9.5, 8]},
			"faces": {
				"north": {"uv": [7.5, 6.5, 8, 7], "texture": "#0"},
				"east": {"uv": [7, 7.5, 7.5, 8], "texture": "#0"},
				"south": {"uv": [7.5, 7, 8, 7.5], "texture": "#0"},
				"west": {"uv": [7.5, 7.5, 8, 8], "texture": "#0"},
				"up": {"uv": [0.5, 8.5, 0, 8], "texture": "#0"},
				"down": {"uv": [8.5, 0, 8, 0.5], "texture": "#0"}
			}
		},
		{
			"name": "hexadecagon",
			"from": [8.5, 9.10218, 7.5],
			"to": [9.5, 9.89782, 8.5],
			"rotation": {"angle": -22.5, "axis": "z", "origin": [7.5, 9.5, 8]},
			"faces": {
				"north": {"uv": [0.5, 8, 1, 8.5], "texture": "#0"},
				"east": {"uv": [8, 0.5, 8.5, 1], "texture": "#0"},
				"south": {"uv": [1, 8, 1.5, 8.5], "texture": "#0"},
				"west": {"uv": [8, 1, 8.5, 1.5], "texture": "#0"},
				"up": {"uv": [2, 8.5, 1.5, 8], "texture": "#0"},
				"down": {"uv": [8.5, 1.5, 8, 2], "texture": "#0"}
			}
		},
		{
			"name": "hexadecagon",
			"from": [8.5, 9.10218, 7.5],
			"to": [9.5, 9.89782, 8.5],
			"rotation": {"angle": 0, "axis": "x", "origin": [7.5, 9.5, 8]},
			"faces": {
				"north": {"uv": [2, 8, 2.5, 8.5], "texture": "#0"},
				"east": {"uv": [8, 2, 8.5, 2.5], "texture": "#0"},
				"south": {"uv": [2.5, 8, 3, 8.5], "texture": "#0"},
				"west": {"uv": [8, 2.5, 8.5, 3], "texture": "#0"},
				"up": {"uv": [3.5, 8.5, 3, 8], "texture": "#0"},
				"down": {"uv": [8.5, 3, 8, 3.5], "texture": "#0"}
			}
		},
		{
			"name": "hexadecagon",
			"from": [8.5, 9.10218, 7.5],
			"to": [9.5, 9.89782, 8.5],
			"rotation": {"angle": 22.5, "axis": "z", "origin": [7.5, 9.5, 8]},
			"faces": {
				"north": {"uv": [3.5, 8, 4, 8.5], "texture": "#0"},
				"east": {"uv": [8, 3.5, 8.5, 4], "texture": "#0"},
				"south": {"uv": [4, 8, 4.5, 8.5], "texture": "#0"},
				"west": {"uv": [8, 4, 8.5, 4.5], "texture": "#0"},
				"up": {"uv": [5, 8.5, 4.5, 8], "texture": "#0"},
				"down": {"uv": [8.5, 4.5, 8, 5], "texture": "#0"}
			}
		},
		{
			"name": "hexadecagon",
			"from": [8.5, 9.10218, 7.5],
			"to": [9.5, 9.89782, 8.5],
			"rotation": {"angle": 45, "axis": "z", "origin": [7.5, 9.5, 8]},
			"faces": {
				"north": {"uv": [5, 8, 5.5, 8.5], "texture": "#0"},
				"east": {"uv": [8, 5, 8.5, 5.5], "texture": "#0"},
				"south": {"uv": [5.5, 8, 6, 8.5], "texture": "#0"},
				"west": {"uv": [8, 5.5, 8.5, 6], "texture": "#0"},
				"up": {"uv": [6.5, 8.5, 6, 8], "texture": "#0"},
				"down": {"uv": [8.5, 6, 8, 6.5], "texture": "#0"}
			}
		},
		{
			"name": "hexadecagon",
			"from": [5.5, 9.10218, 7.5],
			"to": [6.5, 9.89782, 8.5],
			"rotation": {"angle": -45, "axis": "z", "origin": [7.5, 9.5, 8]},
			"faces": {
				"north": {"uv": [6.5, 8, 7, 8.5], "texture": "#0"},
				"east": {"uv": [8, 6.5, 8.5, 7], "texture": "#0"},
				"south": {"uv": [7, 8, 7.5, 8.5], "texture": "#0"},
				"west": {"uv": [8, 7, 8.5, 7.5], "texture": "#0"},
				"up": {"uv": [8, 8.5, 7.5, 8], "texture": "#0"},
				"down": {"uv": [8.5, 7.5, 8, 8], "texture": "#0"}
			}
		},
		{
			"name": "hexadecagon",
			"from": [5.5, 9.10218, 7.5],
			"to": [6.5, 9.89782, 8.5],
			"rotation": {"angle": -22.5, "axis": "z", "origin": [7.5, 9.5, 8]},
			"faces": {
				"north": {"uv": [8, 8, 8.5, 8.5], "texture": "#0"},
				"east": {"uv": [0, 8.5, 0.5, 9], "texture": "#0"},
				"south": {"uv": [8.5, 0, 9, 0.5], "texture": "#0"},
				"west": {"uv": [0.5, 8.5, 1, 9], "texture": "#0"},
				"up": {"uv": [9, 1, 8.5, 0.5], "texture": "#0"},
				"down": {"uv": [1.5, 8.5, 1, 9], "texture": "#0"}
			}
		},
		{
			"name": "hexadecagon",
			"from": [5.5, 9.10218, 7.5],
			"to": [6.5, 9.89782, 8.5],
			"rotation": {"angle": 0, "axis": "x", "origin": [7.5, 9.5, 8]},
			"faces": {
				"north": {"uv": [8.5, 1, 9, 1.5], "texture": "#0"},
				"east": {"uv": [1.5, 8.5, 2, 9], "texture": "#0"},
				"south": {"uv": [8.5, 1.5, 9, 2], "texture": "#0"},
				"west": {"uv": [2, 8.5, 2.5, 9], "texture": "#0"},
				"up": {"uv": [9, 2.5, 8.5, 2], "texture": "#0"},
				"down": {"uv": [3, 8.5, 2.5, 9], "texture": "#0"}
			}
		},
		{
			"name": "hexadecagon",
			"from": [5.5, 9.10218, 7.5],
			"to": [6.5, 9.89782, 8.5],
			"rotation": {"angle": 22.5, "axis": "z", "origin": [7.5, 9.5, 8]},
			"faces": {
				"north": {"uv": [8.5, 2.5, 9, 3], "texture": "#0"},
				"east": {"uv": [3, 8.5, 3.5, 9], "texture": "#0"},
				"south": {"uv": [8.5, 3, 9, 3.5], "texture": "#0"},
				"west": {"uv": [3.5, 8.5, 4, 9], "texture": "#0"},
				"up": {"uv": [9, 4, 8.5, 3.5], "texture": "#0"},
				"down": {"uv": [4.5, 8.5, 4, 9], "texture": "#0"}
			}
		},
		{
			"name": "hexadecagon",
			"from": [5.5, 9.10218, 7.5],
			"to": [6.5, 9.89782, 8.5],
			"rotation": {"angle": 45, "axis": "z", "origin": [7.5, 9.5, 8]},
			"faces": {
				"north": {"uv": [8.5, 4, 9, 4.5], "texture": "#0"},
				"east": {"uv": [4.5, 8.5, 5, 9], "texture": "#0"},
				"south": {"uv": [8.5, 4.5, 9, 5], "texture": "#0"},
				"west": {"uv": [5, 8.5, 5.5, 9], "texture": "#0"},
				"up": {"uv": [9, 5.5, 8.5, 5], "texture": "#0"},
				"down": {"uv": [6, 8.5, 5.5, 9], "texture": "#0"}
			}
		},
		{
			"name": "hexadecagon",
			"from": [7.10218, 7.5, 7.5],
			"to": [7.89782, 8.5, 8.5],
			"rotation": {"angle": -22.5, "axis": "z", "origin": [7.5, 9.5, 8]},
			"faces": {
				"north": {"uv": [8.5, 5.5, 9, 6], "texture": "#0"},
				"east": {"uv": [6, 8.5, 6.5, 9], "texture": "#0"},
				"south": {"uv": [8.5, 6, 9, 6.5], "texture": "#0"},
				"west": {"uv": [6.5, 8.5, 7, 9], "texture": "#0"},
				"up": {"uv": [9, 7, 8.5, 6.5], "texture": "#0"},
				"down": {"uv": [7.5, 8.5, 7, 9], "texture": "#0"}
			}
		},
		{
			"name": "hexadecagon",
			"from": [7.10218, 7.5, 7.5],
			"to": [7.89782, 8.5, 8.5],
			"rotation": {"angle": 0, "axis": "x", "origin": [7.5, 9.5, 8]},
			"faces": {
				"north": {"uv": [8.5, 7, 9, 7.5], "texture": "#0"},
				"east": {"uv": [7.5, 8.5, 8, 9], "texture": "#0"},
				"south": {"uv": [8.5, 7.5, 9, 8], "texture": "#0"},
				"west": {"uv": [8, 8.5, 8.5, 9], "texture": "#0"},
				"up": {"uv": [9, 8.5, 8.5, 8], "texture": "#0"},
				"down": {"uv": [9, 8.5, 8.5, 9], "texture": "#0"}
			}
		},
		{
			"name": "hexadecagon",
			"from": [7.10218, 7.5, 7.5],
			"to": [7.89782, 8.5, 8.5],
			"rotation": {"angle": 22.5, "axis": "z", "origin": [7.5, 9.5, 8]},
			"faces": {
				"north": {"uv": [0, 9, 0.5, 9.5], "texture": "#0"},
				"east": {"uv": [9, 0, 9.5, 0.5], "texture": "#0"},
				"south": {"uv": [0.5, 9, 1, 9.5], "texture": "#0"},
				"west": {"uv": [9, 0.5, 9.5, 1], "texture": "#0"},
				"up": {"uv": [1.5, 9.5, 1, 9], "texture": "#0"},
				"down": {"uv": [9.5, 1, 9, 1.5], "texture": "#0"}
			}
		},
		{
			"name": "hexadecagon",
			"from": [7.10218, 10.5, 7.5],
			"to": [7.89782, 11.5, 8.5],
			"rotation": {"angle": -22.5, "axis": "z", "origin": [7.5, 9.5, 8]},
			"faces": {
				"north": {"uv": [1.5, 9, 2, 9.5], "texture": "#0"},
				"east": {"uv": [9, 1.5, 9.5, 2], "texture": "#0"},
				"south": {"uv": [2, 9, 2.5, 9.5], "texture": "#0"},
				"west": {"uv": [9, 2, 9.5, 2.5], "texture": "#0"},
				"up": {"uv": [3, 9.5, 2.5, 9], "texture": "#0"},
				"down": {"uv": [9.5, 2.5, 9, 3], "texture": "#0"}
			}
		},
		{
			"name": "hexadecagon",
			"from": [7.10218, 10.5, 7.5],
			"to": [7.89782, 11.5, 8.5],
			"rotation": {"angle": 0, "axis": "x", "origin": [7.5, 9.5, 8]},
			"faces": {
				"north": {"uv": [3, 9, 3.5, 9.5], "texture": "#0"},
				"east": {"uv": [9, 3, 9.5, 3.5], "texture": "#0"},
				"south": {"uv": [3.5, 9, 4, 9.5], "texture": "#0"},
				"west": {"uv": [9, 3.5, 9.5, 4], "texture": "#0"},
				"up": {"uv": [4.5, 9.5, 4, 9], "texture": "#0"},
				"down": {"uv": [9.5, 4, 9, 4.5], "texture": "#0"}
			}
		},
		{
			"name": "hexadecagon",
			"from": [7.10218, 10.5, 7.5],
			"to": [7.89782, 11.5, 8.5],
			"rotation": {"angle": 22.5, "axis": "z", "origin": [7.5, 9.5, 8]},
			"faces": {
				"north": {"uv": [4.5, 9, 5, 9.5], "texture": "#0"},
				"east": {"uv": [9, 4.5, 9.5, 5], "texture": "#0"},
				"south": {"uv": [5, 9, 5.5, 9.5], "texture": "#0"},
				"west": {"uv": [9, 5, 9.5, 5.5], "texture": "#0"},
				"up": {"uv": [6, 9.5, 5.5, 9], "texture": "#0"},
				"down": {"uv": [9.5, 5.5, 9, 6], "texture": "#0"}
			}
		}
	],
	"display": {
		"thirdperson_righthand": {
			"rotation": [145, 90, 0],
			"translation": [0, 0.75, 0.25],
			"scale": [0.75, 0.75, 0.75]
		},
		"thirdperson_lefthand": {
			"rotation": [145, 90, 0],
			"translation": [0, 0.75, 0.25],
			"scale": [0.75, 0.75, 0.75]
		},
		"firstperson_righthand": {
			"rotation": [140, 90, 0],
			"translation": [4.5, 1.5, 0]
		},
		"firstperson_lefthand": {
			"rotation": [140, 90, 0],
			"translation": [4.5, 1.5, 0]
		},
		"ground": {
			"translation": [0, 2, 0],
			"scale": [0.75, 0.75, 0.75]
		},
		"gui": {
			"rotation": [0, -45, -45],
			"translation": [2.5, 2, 0],
			"scale": [1.5, 1.5, 1.5]
		}
	}
}