{
	"textures": {
		"0": "item/thanksgiving/turkey_alive",
		"1": "item/keys/thanksgiving"
	},
	"elements": [
		{
			"name": "hexadecagon",
			"from": [5, 8.40326, 7],
			"to": [6, 9.59674, 8],
			"rotation": {"angle": 45, "axis": "z", "origin": [8, 9, 7.5]},
			"faces": {
				"north": {"uv": [4, 2, 5, 3], "texture": "#1"},
				"east": {"uv": [4, 3, 5, 4], "texture": "#1"},
				"south": {"uv": [4, 4, 5, 5], "texture": "#1"},
				"west": {"uv": [5, 0, 6, 1], "texture": "#1"},
				"up": {"uv": [6, 2, 5, 1], "texture": "#1"},
				"down": {"uv": [6, 2, 5, 3], "texture": "#1"}
			}
		},
		{
			"name": "hexadecagon",
			"from": [5, 8.40326, 7.001],
			"to": [6, 9.59674, 8.001],
			"rotation": {"angle": 22.5, "axis": "z", "origin": [8, 9, 7.5]},
			"faces": {
				"north": {"uv": [5, 3, 6, 4], "texture": "#1"},
				"east": {"uv": [4, 5, 5, 6], "texture": "#1"},
				"south": {"uv": [5, 4, 6, 5], "texture": "#1"},
				"west": {"uv": [5, 5, 6, 6], "texture": "#1"},
				"up": {"uv": [1, 7, 0, 6], "texture": "#1"},
				"down": {"uv": [7, 0, 6, 1], "texture": "#1"}
			}
		},
		{
			"name": "hexadecagon",
			"from": [5, 8.40326, 6.999],
			"to": [6, 9.59674, 7.999],
			"rotation": {"angle": 0, "axis": "x", "origin": [8, 9, 7.5]},
			"faces": {
				"north": {"uv": [1, 6, 2, 7], "texture": "#1"},
				"east": {"uv": [6, 1, 7, 2], "texture": "#1"},
				"south": {"uv": [2, 6, 3, 7], "texture": "#1"},
				"west": {"uv": [6, 2, 7, 3], "texture": "#1"},
				"up": {"uv": [4, 7, 3, 6], "texture": "#1"},
				"down": {"uv": [7, 3, 6, 4], "texture": "#1"}
			}
		},
		{
			"name": "hexadecagon",
			"from": [5, 8.40326, 7.001],
			"to": [6, 9.59674, 8.001],
			"rotation": {"angle": -22.5, "axis": "z", "origin": [8, 9, 7.5]},
			"faces": {
				"north": {"uv": [4, 6, 5, 7], "texture": "#1"},
				"east": {"uv": [6, 4, 7, 5], "texture": "#1"},
				"south": {"uv": [5, 6, 6, 7], "texture": "#1"},
				"west": {"uv": [6, 5, 7, 6], "texture": "#1"},
				"up": {"uv": [7, 7, 6, 6], "texture": "#1"},
				"down": {"uv": [1, 7, 0, 8], "texture": "#1"}
			}
		},
		{
			"name": "hexadecagon",
			"from": [5, 8.40326, 6.999],
			"to": [6, 9.59674, 7.999],
			"rotation": {"angle": -45, "axis": "z", "origin": [8, 9, 7.5]},
			"faces": {
				"north": {"uv": [7, 0, 8, 1], "texture": "#1"},
				"east": {"uv": [1, 7, 2, 8], "texture": "#1"},
				"south": {"uv": [7, 1, 8, 2], "texture": "#1"},
				"west": {"uv": [2, 7, 3, 8], "texture": "#1"},
				"up": {"uv": [8, 3, 7, 2], "texture": "#1"},
				"down": {"uv": [4, 7, 3, 8], "texture": "#1"}
			}
		},
		{
			"name": "hexadecagon",
			"from": [10, 8.40326, 6.999],
			"to": [11, 9.59674, 7.999],
			"rotation": {"angle": 45, "axis": "z", "origin": [8, 9, 7.5]},
			"faces": {
				"north": {"uv": [7, 3, 8, 4], "texture": "#1"},
				"east": {"uv": [4, 7, 5, 8], "texture": "#1"},
				"south": {"uv": [7, 4, 8, 5], "texture": "#1"},
				"west": {"uv": [5, 7, 6, 8], "texture": "#1"},
				"up": {"uv": [8, 6, 7, 5], "texture": "#1"},
				"down": {"uv": [7, 7, 6, 8], "texture": "#1"}
			}
		},
		{
			"name": "hexadecagon",
			"from": [10, 8.40326, 7.001],
			"to": [11, 9.59674, 8.001],
			"rotation": {"angle": 22.5, "axis": "z", "origin": [8, 9, 7.5]},
			"faces": {
				"north": {"uv": [7, 6, 8, 7], "texture": "#1"},
				"east": {"uv": [7, 7, 8, 8], "texture": "#1"},
				"south": {"uv": [0, 8, 1, 9], "texture": "#1"},
				"west": {"uv": [8, 0, 9, 1], "texture": "#1"},
				"up": {"uv": [2, 9, 1, 8], "texture": "#1"},
				"down": {"uv": [9, 1, 8, 2], "texture": "#1"}
			}
		},
		{
			"name": "hexadecagon",
			"from": [10, 8.40326, 6.999],
			"to": [11, 9.59674, 7.999],
			"rotation": {"angle": 0, "axis": "x", "origin": [8, 9, 7.5]},
			"faces": {
				"north": {"uv": [2, 8, 3, 9], "texture": "#1"},
				"east": {"uv": [8, 2, 9, 3], "texture": "#1"},
				"south": {"uv": [3, 8, 4, 9], "texture": "#1"},
				"west": {"uv": [8, 3, 9, 4], "texture": "#1"},
				"up": {"uv": [5, 9, 4, 8], "texture": "#1"},
				"down": {"uv": [9, 4, 8, 5], "texture": "#1"}
			}
		},
		{
			"name": "hexadecagon",
			"from": [10, 8.40326, 7.001],
			"to": [11, 9.59674, 8.001],
			"rotation": {"angle": -22.5, "axis": "z", "origin": [8, 9, 7.5]},
			"faces": {
				"north": {"uv": [5, 8, 6, 9], "texture": "#1"},
				"east": {"uv": [8, 5, 9, 6], "texture": "#1"},
				"south": {"uv": [6, 8, 7, 9], "texture": "#1"},
				"west": {"uv": [8, 6, 9, 7], "texture": "#1"},
				"up": {"uv": [8, 9, 7, 8], "texture": "#1"},
				"down": {"uv": [9, 7, 8, 8], "texture": "#1"}
			}
		},
		{
			"name": "hexadecagon",
			"from": [10, 8.40326, 6.999],
			"to": [11, 9.59674, 7.999],
			"rotation": {"angle": -45, "axis": "z", "origin": [8, 9, 7.5]},
			"faces": {
				"north": {"uv": [8, 8, 9, 9], "texture": "#1"},
				"east": {"uv": [0, 9, 1, 10], "texture": "#1"},
				"south": {"uv": [9, 0, 10, 1], "texture": "#1"},
				"west": {"uv": [1, 9, 2, 10], "texture": "#1"},
				"up": {"uv": [10, 2, 9, 1], "texture": "#1"},
				"down": {"uv": [3, 9, 2, 10], "texture": "#1"}
			}
		},
		{
			"name": "hexadecagon",
			"from": [7.40326, 6, 7.001],
			"to": [8.59674, 7, 8.001],
			"rotation": {"angle": 22.5, "axis": "z", "origin": [8, 9, 7.5]},
			"faces": {
				"north": {"uv": [9, 2, 10, 3], "texture": "#1"},
				"east": {"uv": [3, 9, 4, 10], "texture": "#1"},
				"south": {"uv": [9, 3, 10, 4], "texture": "#1"},
				"west": {"uv": [4, 9, 5, 10], "texture": "#1"},
				"up": {"uv": [10, 5, 9, 4], "texture": "#1"},
				"down": {"uv": [6, 9, 5, 10], "texture": "#1"}
			}
		},
		{
			"name": "hexadecagon",
			"from": [7.40326, 6, 6.999],
			"to": [8.59674, 7, 7.999],
			"rotation": {"angle": 0, "axis": "x", "origin": [8, 9, 7.5]},
			"faces": {
				"north": {"uv": [9, 5, 10, 6], "texture": "#1"},
				"east": {"uv": [6, 9, 7, 10], "texture": "#1"},
				"south": {"uv": [9, 6, 10, 7], "texture": "#1"},
				"west": {"uv": [7, 9, 8, 10], "texture": "#1"},
				"up": {"uv": [10, 8, 9, 7], "texture": "#1"},
				"down": {"uv": [9, 9, 8, 10], "texture": "#1"}
			}
		},
		{
			"name": "hexadecagon",
			"from": [7.40326, 6, 7],
			"to": [8.59674, 7, 8],
			"rotation": {"angle": -22.5, "axis": "z", "origin": [8, 9, 7.5]},
			"faces": {
				"north": {"uv": [9, 8, 10, 9], "texture": "#1"},
				"east": {"uv": [9, 9, 10, 10], "texture": "#1"},
				"south": {"uv": [0, 10, 1, 11], "texture": "#1"},
				"west": {"uv": [10, 0, 11, 1], "texture": "#1"},
				"up": {"uv": [2, 11, 1, 10], "texture": "#1"},
				"down": {"uv": [11, 1, 10, 2], "texture": "#1"}
			}
		},
		{
			"name": "hexadecagon",
			"from": [7.40326, 11, 7.001],
			"to": [8.59674, 12, 8.001],
			"rotation": {"angle": 22.5, "axis": "z", "origin": [8, 9, 7.5]},
			"faces": {
				"north": {"uv": [2, 10, 3, 11], "texture": "#1"},
				"east": {"uv": [10, 2, 11, 3], "texture": "#1"},
				"south": {"uv": [3, 10, 4, 11], "texture": "#1"},
				"west": {"uv": [10, 3, 11, 4], "texture": "#1"},
				"up": {"uv": [5, 11, 4, 10], "texture": "#1"},
				"down": {"uv": [11, 4, 10, 5], "texture": "#1"}
			}
		},
		{
			"name": "hexadecagon",
			"from": [7.40326, 11, 7],
			"to": [8.59674, 12, 8],
			"rotation": {"angle": 0, "axis": "x", "origin": [8, 9, 7.5]},
			"faces": {
				"north": {"uv": [5, 10, 6, 11], "texture": "#1"},
				"east": {"uv": [10, 5, 11, 6], "texture": "#1"},
				"south": {"uv": [6, 10, 7, 11], "texture": "#1"},
				"west": {"uv": [10, 6, 11, 7], "texture": "#1"},
				"up": {"uv": [8, 11, 7, 10], "texture": "#1"},
				"down": {"uv": [11, 7, 10, 8], "texture": "#1"}
			}
		},
		{
			"name": "hexadecagon",
			"from": [7.40326, 11, 7.001],
			"to": [8.59674, 12, 8.001],
			"rotation": {"angle": -22.5, "axis": "z", "origin": [8, 9, 7.5]},
			"faces": {
				"north": {"uv": [8, 10, 9, 11], "texture": "#1"},
				"east": {"uv": [10, 8, 11, 9], "texture": "#1"},
				"south": {"uv": [9, 10, 10, 11], "texture": "#1"},
				"west": {"uv": [10, 9, 11, 10], "texture": "#1"},
				"up": {"uv": [11, 11, 10, 10], "texture": "#1"},
				"down": {"uv": [1, 11, 0, 12], "texture": "#1"}
			}
		},
		{
			"name": "hexadecagon",
			"from": [7.40326, 0, 7],
			"to": [8.59674, 6, 8],
			"rotation": {"angle": 0, "axis": "x", "origin": [8, 9, 7.5]},
			"faces": {
				"north": {"uv": [0, 0, 1, 6], "texture": "#1"},
				"east": {"uv": [1, 0, 2, 6], "texture": "#1"},
				"south": {"uv": [2, 0, 3, 6], "texture": "#1"},
				"west": {"uv": [3, 0, 4, 6], "texture": "#1"},
				"up": {"uv": [5, 1, 4, 0], "texture": "#1"},
				"down": {"uv": [5, 1, 4, 2], "texture": "#1"}
			}
		},
		{
			"from": [7.7, 0.7, 6.9],
			"to": [8.3, 1.3, 8.1],
			"rotation": {"angle": 45, "axis": "z", "origin": [8, 1, 7.8]},
			"faces": {
				"north": {"uv": [11, 6, 11.5, 6.5], "texture": "#1"},
				"east": {"uv": [11, 0, 12, 0.5], "texture": "#1"},
				"south": {"uv": [7, 11, 7.5, 11.5], "texture": "#1"},
				"west": {"uv": [1, 11, 2, 11.5], "texture": "#1"},
				"up": {"uv": [11.5, 2, 11, 1], "texture": "#1"},
				"down": {"uv": [2.5, 11, 2, 12], "texture": "#1"}
			}
		},
		{
			"from": [7.7, 2.7, 6.9],
			"to": [8.3, 3.3, 8.1],
			"rotation": {"angle": 45, "axis": "z", "origin": [8, 3, 7.8]},
			"faces": {
				"north": {"uv": [11, 7, 11.5, 7.5], "texture": "#1"},
				"east": {"uv": [11, 2, 12, 2.5], "texture": "#1"},
				"south": {"uv": [8, 11, 8.5, 11.5], "texture": "#1"},
				"west": {"uv": [3, 11, 4, 11.5], "texture": "#1"},
				"up": {"uv": [11.5, 4, 11, 3], "texture": "#1"},
				"down": {"uv": [4.5, 11, 4, 12], "texture": "#1"}
			}
		},
		{
			"from": [7.7, 4.7, 6.9],
			"to": [8.3, 5.3, 8.1],
			"rotation": {"angle": 45, "axis": "z", "origin": [8, 5, 7.8]},
			"faces": {
				"north": {"uv": [11, 8, 11.5, 8.5], "texture": "#1"},
				"east": {"uv": [11, 4, 12, 4.5], "texture": "#1"},
				"south": {"uv": [9, 11, 9.5, 11.5], "texture": "#1"},
				"west": {"uv": [5, 11, 6, 11.5], "texture": "#1"},
				"up": {"uv": [11.5, 6, 11, 5], "texture": "#1"},
				"down": {"uv": [6.5, 11, 6, 12], "texture": "#1"}
			}
		},
		{
			"from": [9.05, 8.685, 7.02],
			"to": [10.05, 9.485, 7.82],
			"rotation": {"angle": 0, "axis": "z", "origin": [8, 6.285, 8]},
			"faces": {
				"north": {"uv": [7.75, 8, 8.25, 9.25], "rotation": 90, "texture": "#0"},
				"east": {"uv": [10.25, 4, 9.75, 4.5], "rotation": 180, "texture": "#0"},
				"south": {"uv": [5, 7.5, 5.5, 8.75], "rotation": 270, "texture": "#0"},
				"west": {"uv": [4.5, 10.25, 4, 9.75], "texture": "#0"},
				"up": {"uv": [1.75, 4, 2.25, 5.25], "rotation": 270, "texture": "#0"},
				"down": {"uv": [4.25, 8, 4.75, 9.25], "rotation": 270, "texture": "#0"}
			}
		},
		{
			"from": [10.25, 8.285, 7.72],
			"to": [10.65, 9.885, 7.72],
			"rotation": {"angle": 0, "axis": "z", "origin": [8, 6.285, 8]},
			"faces": {
				"north": {"uv": [9.75, 4.5, 10.75, 4.75], "rotation": 90, "texture": "#0"},
				"east": {"uv": [6.5, 8.25, 6, 9.25], "rotation": 180, "texture": "#0"},
				"south": {"uv": [4.5, 9.75, 5.5, 10], "rotation": 270, "texture": "#0"},
				"west": {"uv": [6, 9.25, 5.5, 8.25], "texture": "#0"},
				"up": {"uv": [7.5, 10.5, 8, 10.75], "rotation": 270, "texture": "#0"},
				"down": {"uv": [10.5, 7.5, 11, 7.75], "rotation": 270, "texture": "#0"}
			}
		},
		{
			"from": [8.85, 8.485, 6.82],
			"to": [9.05, 9.685, 8.02],
			"rotation": {"angle": 0, "axis": "z", "origin": [8, 6.285, 8]},
			"faces": {
				"north": {"uv": [10.75, 6.5, 11.5, 6.625], "rotation": 90, "texture": "#0"},
				"east": {"uv": [1.75, 6.5, 1, 7.25], "rotation": 180, "texture": "#0"},
				"south": {"uv": [10.75, 6.25, 11.5, 6.375], "rotation": 270, "texture": "#0"},
				"west": {"uv": [2.5, 6, 1.75, 5.25], "texture": "#0"},
				"up": {"uv": [10.75, 6, 11.5, 6.125], "rotation": 270, "texture": "#0"},
				"down": {"uv": [6.5, 10.75, 7.25, 10.875], "rotation": 270, "texture": "#0"}
			}
		},
		{
			"from": [6.85, 8.285, 6.62],
			"to": [8.85, 9.885, 8.22],
			"rotation": {"angle": 0, "axis": "z", "origin": [8, 6.285, 8]},
			"faces": {
				"north": {"uv": [5.75, 7, 6.75, 8.25], "rotation": 90, "texture": "#0"},
				"east": {"uv": [1, 7.75, 0, 8.75], "rotation": 180, "texture": "#0"},
				"south": {"uv": [7, 0, 8, 1.25], "rotation": 270, "texture": "#0"},
				"west": {"uv": [7.75, 8.5, 6.75, 7.5], "texture": "#0"},
				"up": {"uv": [0, 6.5, 1, 7.75], "rotation": 270, "texture": "#0"},
				"down": {"uv": [7, 1.25, 8, 2.5], "rotation": 270, "texture": "#0"}
			}
		},
		{
			"from": [7.25, 8.085, 7.82],
			"to": [8.05, 8.885, 8.62],
			"rotation": {"angle": 0, "axis": "z", "origin": [8, 6.285, 8]},
			"faces": {
				"north": {"uv": [4.5, 10, 5, 10.5], "rotation": 90, "texture": "#0"},
				"east": {"uv": [8, 10, 7.5, 10.5], "rotation": 180, "texture": "#0"},
				"south": {"uv": [9.5, 9.75, 10, 10.25], "rotation": 270, "texture": "#0"},
				"west": {"uv": [5.5, 10.5, 5, 10], "texture": "#0"},
				"up": {"uv": [9.75, 8.75, 10.25, 9.25], "rotation": 270, "texture": "#0"},
				"down": {"uv": [10, 1, 10.5, 1.5], "rotation": 270, "texture": "#0"}
			}
		},
		{
			"from": [8.05, 8.765, 8.62],
			"to": [8.29, 9.405, 9.14],
			"rotation": {"angle": 0, "axis": "z", "origin": [8, 6.285, 8]},
			"faces": {
				"north": {"uv": [11.25, 9.5, 11.625, 9.625], "rotation": 90, "texture": "#0"},
				"east": {"uv": [10.625, 10, 10.25, 10.375], "rotation": 180, "texture": "#0"},
				"south": {"uv": [11.25, 9.25, 11.625, 9.375], "rotation": 270, "texture": "#0"},
				"west": {"uv": [9.875, 10.625, 9.5, 10.25], "texture": "#0"},
				"up": {"uv": [9, 11.25, 9.375, 11.375], "rotation": 270, "texture": "#0"},
				"down": {"uv": [9.5, 11.25, 9.875, 11.375], "rotation": 270, "texture": "#0"}
			}
		},
		{
			"from": [8.05, 8.765, 9.14],
			"to": [8.21, 9.405, 9.58],
			"rotation": {"angle": 0, "axis": "z", "origin": [8, 6.285, 8]},
			"faces": {
				"north": {"uv": [11.25, 10.5, 11.625, 10.625], "rotation": 90, "texture": "#0"},
				"east": {"uv": [11, 7.75, 10.75, 8.125], "rotation": 180, "texture": "#0"},
				"south": {"uv": [10.5, 11.25, 10.875, 11.375], "rotation": 270, "texture": "#0"},
				"west": {"uv": [8, 11.125, 7.75, 10.75], "texture": "#0"},
				"up": {"uv": [11.5, 9, 11.75, 9.125], "rotation": 270, "texture": "#0"},
				"down": {"uv": [9.25, 11.5, 9.5, 11.625], "rotation": 270, "texture": "#0"}
			}
		},
		{
			"from": [7.89, 8.925, 8.9],
			"to": [8.05, 9.285, 9.42],
			"rotation": {"angle": 0, "axis": "z", "origin": [8, 6.285, 8]},
			"faces": {
				"north": {"uv": [9, 11.5, 9.25, 11.625], "rotation": 90, "texture": "#0"},
				"east": {"uv": [7.625, 10.75, 7.25, 11], "rotation": 180, "texture": "#0"},
				"south": {"uv": [11.5, 8.75, 11.75, 8.875], "rotation": 270, "texture": "#0"},
				"west": {"uv": [11.125, 7, 10.75, 6.75], "texture": "#0"},
				"up": {"uv": [10, 11.25, 10.375, 11.375], "rotation": 270, "texture": "#0"},
				"down": {"uv": [11.25, 10, 11.625, 10.125], "rotation": 270, "texture": "#0"}
			}
		},
		{
			"from": [8.21, 8.765, 9.54],
			"to": [8.29, 9.405, 9.78],
			"rotation": {"angle": 0, "axis": "z", "origin": [8, 6.285, 8]},
			"faces": {
				"north": {"uv": [11.25, 11, 11.625, 11.125], "rotation": 90, "texture": "#0"},
				"east": {"uv": [1.125, 11.5, 1, 11.875], "rotation": 180, "texture": "#0"},
				"south": {"uv": [11, 11.25, 11.375, 11.375], "rotation": 270, "texture": "#0"},
				"west": {"uv": [0.875, 11.875, 0.75, 11.5], "texture": "#0"},
				"up": {"uv": [11.75, 0.75, 11.875, 0.875], "rotation": 270, "texture": "#0"},
				"down": {"uv": [11.75, 1, 11.875, 1.125], "rotation": 270, "texture": "#0"}
			}
		},
		{
			"from": [8.73, 8.845, 9.14],
			"to": [8.81, 9.325, 9.66],
			"rotation": {"angle": 0, "axis": "z", "origin": [8, 6.285, 8]},
			"faces": {
				"north": {"uv": [11.5, 11.5, 11.75, 11.625], "rotation": 90, "texture": "#0"},
				"east": {"uv": [11.125, 10, 10.75, 10.25], "rotation": 180, "texture": "#0"},
				"south": {"uv": [11.5, 11.25, 11.75, 11.375], "rotation": 270, "texture": "#0"},
				"west": {"uv": [10.125, 11, 9.75, 10.75], "texture": "#0"},
				"up": {"uv": [4.25, 11.5, 4.625, 11.625], "rotation": 270, "texture": "#0"},
				"down": {"uv": [4.75, 11.5, 5.125, 11.625], "rotation": 270, "texture": "#0"}
			}
		},
		{
			"from": [8.61, 8.765, 8.62],
			"to": [8.73, 9.405, 9.34],
			"rotation": {"angle": 0, "axis": "z", "origin": [8, 6.285, 8]},
			"faces": {
				"north": {"uv": [3.75, 11.5, 4.125, 11.625], "rotation": 90, "texture": "#0"},
				"east": {"uv": [7.5, 10.25, 7, 10.625], "rotation": 180, "texture": "#0"},
				"south": {"uv": [11.5, 3.5, 11.875, 3.625], "rotation": 270, "texture": "#0"},
				"west": {"uv": [7, 10.625, 6.5, 10.25], "texture": "#0"},
				"up": {"uv": [3.75, 11.25, 4.25, 11.375], "rotation": 270, "texture": "#0"},
				"down": {"uv": [11.25, 3.75, 11.75, 3.875], "rotation": 270, "texture": "#0"}
			}
		},
		{
			"from": [8.49, 8.765, 8.62],
			"to": [8.61, 9.405, 9.02],
			"rotation": {"angle": 0, "axis": "z", "origin": [8, 6.285, 8]},
			"faces": {
				"north": {"uv": [11.5, 2, 11.875, 2.125], "rotation": 90, "texture": "#0"},
				"east": {"uv": [9.75, 10.75, 9.5, 11.125], "rotation": 180, "texture": "#0"},
				"south": {"uv": [1.75, 11.5, 2.125, 11.625], "rotation": 270, "texture": "#0"},
				"west": {"uv": [11, 9.625, 10.75, 9.25], "texture": "#0"},
				"up": {"uv": [9.5, 11.5, 9.75, 11.625], "rotation": 270, "texture": "#0"},
				"down": {"uv": [9.75, 11.5, 10, 11.625], "rotation": 270, "texture": "#0"}
			}
		},
		{
			"from": [8.13, 9.405, 8.62],
			"to": [8.73, 9.485, 8.82],
			"rotation": {"angle": 0, "axis": "z", "origin": [8, 6.285, 8]},
			"faces": {
				"north": {"uv": [11.5, 6, 11.625, 6.375], "rotation": 90, "texture": "#0"},
				"east": {"uv": [11.875, 3, 11.75, 3.125], "rotation": 180, "texture": "#0"},
				"south": {"uv": [5.5, 11.5, 5.625, 11.875], "rotation": 270, "texture": "#0"},
				"west": {"uv": [3.125, 11.875, 3, 11.75], "texture": "#0"},
				"up": {"uv": [5.25, 11.5, 5.375, 11.875], "rotation": 270, "texture": "#0"},
				"down": {"uv": [11.5, 5.5, 11.625, 5.875], "rotation": 270, "texture": "#0"}
			}
		},
		{
			"from": [8.05, 8.685, 8.22],
			"to": [8.85, 9.485, 8.62],
			"rotation": {"angle": 0, "axis": "z", "origin": [8, 6.285, 8]},
			"faces": {
				"north": {"uv": [8, 10, 8.5, 10.5], "rotation": 90, "texture": "#0"},
				"east": {"uv": [8.75, 10.5, 8.5, 11], "rotation": 180, "texture": "#0"},
				"south": {"uv": [10, 7.5, 10.5, 8], "rotation": 270, "texture": "#0"},
				"west": {"uv": [8.5, 11, 8.25, 10.5], "texture": "#0"},
				"up": {"uv": [10.5, 7.75, 10.75, 8.25], "rotation": 270, "texture": "#0"},
				"down": {"uv": [8, 10.5, 8.25, 11], "rotation": 270, "texture": "#0"}
			}
		},
		{
			"from": [8.13, 8.685, 8.62],
			"to": [8.73, 8.765, 8.82],
			"rotation": {"angle": 0, "axis": "z", "origin": [8, 6.285, 8]},
			"faces": {
				"north": {"uv": [8.75, 11.25, 8.875, 11.625], "rotation": 90, "texture": "#0"},
				"east": {"uv": [11.875, 0.5, 11.75, 0.625], "rotation": 180, "texture": "#0"},
				"south": {"uv": [8.25, 11.25, 8.375, 11.625], "rotation": 270, "texture": "#0"},
				"west": {"uv": [0.625, 11.875, 0.5, 11.75], "texture": "#0"},
				"up": {"uv": [11.25, 8, 11.375, 8.375], "rotation": 270, "texture": "#0"},
				"down": {"uv": [8.5, 11.25, 8.625, 11.625], "rotation": 270, "texture": "#0"}
			}
		},
		{
			"from": [8.85, 8.765, 8.1],
			"to": [9.57, 9.405, 8.26],
			"rotation": {"angle": 0, "axis": "z", "origin": [8, 6.285, 8]},
			"faces": {
				"north": {"uv": [5.5, 10.25, 5.875, 10.75], "rotation": 90, "texture": "#0"},
				"east": {"uv": [2.375, 11.5, 2.25, 11.875], "rotation": 180, "texture": "#0"},
				"south": {"uv": [4, 10.25, 4.375, 10.75], "rotation": 270, "texture": "#0"},
				"west": {"uv": [1.375, 11.875, 1.25, 11.5], "texture": "#0"},
				"up": {"uv": [1.5, 11.25, 1.625, 11.75], "rotation": 270, "texture": "#0"},
				"down": {"uv": [2.5, 11.25, 2.625, 11.75], "rotation": 270, "texture": "#0"}
			}
		},
		{
			"from": [8.85, 8.885, 8.26],
			"to": [9.57, 9.405, 8.42],
			"rotation": {"angle": 0, "axis": "z", "origin": [8, 6.285, 8]},
			"faces": {
				"north": {"uv": [6, 10.25, 6.375, 10.75], "rotation": 90, "texture": "#0"},
				"east": {"uv": [11.625, 3, 11.5, 3.375], "rotation": 180, "texture": "#0"},
				"south": {"uv": [10.25, 5.5, 10.625, 6], "rotation": 270, "texture": "#0"},
				"west": {"uv": [11.625, 2.875, 11.5, 2.5], "texture": "#0"},
				"up": {"uv": [11.25, 2.5, 11.375, 3], "rotation": 270, "texture": "#0"},
				"down": {"uv": [2.75, 11.25, 2.875, 11.75], "rotation": 270, "texture": "#0"}
			}
		},
		{
			"from": [9.57, 9.165, 8.26],
			"to": [9.81, 9.405, 8.42],
			"rotation": {"angle": 0, "axis": "z", "origin": [8, 6.285, 8]},
			"faces": {
				"north": {"uv": [1.75, 11.75, 1.875, 11.875], "rotation": 90, "texture": "#0"},
				"east": {"uv": [2.125, 11.75, 2, 11.875], "rotation": 180, "texture": "#0"},
				"south": {"uv": [1.5, 11.75, 1.625, 11.875], "rotation": 270, "texture": "#0"},
				"west": {"uv": [11.875, 1.875, 11.75, 1.75], "texture": "#0"},
				"up": {"uv": [11.75, 1.25, 11.875, 1.375], "rotation": 270, "texture": "#0"},
				"down": {"uv": [11.75, 1.5, 11.875, 1.625], "rotation": 270, "texture": "#0"}
			}
		},
		{
			"from": [8.85, 8.685, 8.26],
			"to": [9.17, 8.885, 8.42],
			"rotation": {"angle": 0, "axis": "z", "origin": [8, 6.285, 8]},
			"faces": {
				"north": {"uv": [10.5, 11.5, 10.625, 11.75], "rotation": 90, "texture": "#0"},
				"east": {"uv": [11.875, 2.5, 11.75, 2.625], "rotation": 180, "texture": "#0"},
				"south": {"uv": [10.25, 11.5, 10.375, 11.75], "rotation": 270, "texture": "#0"},
				"west": {"uv": [2.625, 11.875, 2.5, 11.75], "texture": "#0"},
				"up": {"uv": [10, 11.5, 10.125, 11.75], "rotation": 270, "texture": "#0"},
				"down": {"uv": [11.5, 10.25, 11.625, 10.5], "rotation": 270, "texture": "#0"}
			}
		},
		{
			"from": [9.05, 8.645, 8.1],
			"to": [9.77, 8.765, 8.26],
			"rotation": {"angle": 0, "axis": "z", "origin": [8, 6.285, 8]},
			"faces": {
				"north": {"uv": [3.5, 11.25, 3.625, 11.75], "rotation": 90, "texture": "#0"},
				"east": {"uv": [11.875, 2.75, 11.75, 2.875], "rotation": 180, "texture": "#0"},
				"south": {"uv": [11.25, 3, 11.375, 3.5], "rotation": 270, "texture": "#0"},
				"west": {"uv": [2.875, 11.875, 2.75, 11.75], "texture": "#0"},
				"up": {"uv": [3, 11.25, 3.125, 11.75], "rotation": 270, "texture": "#0"},
				"down": {"uv": [3.25, 11.25, 3.375, 11.75], "rotation": 270, "texture": "#0"}
			}
		},
		{
			"from": [9.57, 8.765, 8.1],
			"to": [9.93, 9.085, 8.26],
			"rotation": {"angle": 0, "axis": "z", "origin": [8, 6.285, 8]},
			"faces": {
				"north": {"uv": [11.25, 3.5, 11.5, 3.75], "rotation": 90, "texture": "#0"},
				"east": {"uv": [11.375, 11.5, 11.25, 11.75], "rotation": 180, "texture": "#0"},
				"south": {"uv": [11.25, 2, 11.5, 2.25], "rotation": 270, "texture": "#0"},
				"west": {"uv": [11.125, 11.75, 11, 11.5], "texture": "#0"},
				"up": {"uv": [10.75, 11.5, 10.875, 11.75], "rotation": 270, "texture": "#0"},
				"down": {"uv": [11.5, 10.75, 11.625, 11], "rotation": 270, "texture": "#0"}
			}
		},
		{
			"from": [7.25, 9.285, 7.82],
			"to": [8.05, 10.085, 8.62],
			"rotation": {"angle": 0, "axis": "z", "origin": [8, 6.285, 8]},
			"faces": {
				"north": {"uv": [9.75, 0, 10.25, 0.5], "rotation": 90, "texture": "#0"},
				"east": {"uv": [2, 9.75, 1.5, 10.25], "rotation": 180, "texture": "#0"},
				"south": {"uv": [9.5, 7.5, 10, 8], "rotation": 270, "texture": "#0"},
				"west": {"uv": [10.25, 1, 9.75, 0.5], "texture": "#0"},
				"up": {"uv": [4.75, 8.75, 5.25, 9.25], "rotation": 270, "texture": "#0"},
				"down": {"uv": [9.5, 9.25, 10, 9.75], "rotation": 270, "texture": "#0"}
			}
		},
		{
			"from": [7.08216, 9.51464, 7.24006],
			"to": [7.20216, 9.91464, 8.04006],
			"rotation": {"angle": 0, "axis": "z", "origin": [8, 6.285, 8]},
			"faces": {
				"north": {"uv": [0, 11.75, 0.25, 11.875], "rotation": 90, "texture": "#0"},
				"east": {"uv": [9.25, 9.875, 9, 10.375], "rotation": 270, "texture": "#0"},
				"south": {"uv": [11.75, 0, 12, 0.125], "rotation": 270, "texture": "#0"},
				"west": {"uv": [9.25, 11, 9, 10.5], "rotation": 270, "texture": "#0"},
				"up": {"uv": [10.625, 3, 11.125, 3.125], "rotation": 270, "texture": "#0"},
				"down": {"uv": [4.25, 11.25, 4.75, 11.375], "rotation": 270, "texture": "#0"}
			}
		},
		{
			"from": [6.78216, 8.885, 8.17054],
			"to": [7.98216, 9.285, 8.29054],
			"rotation": {"angle": 0, "axis": "z", "origin": [8, 6.285, 8]},
			"faces": {
				"north": {"uv": [9.25, 10.5, 9, 11], "rotation": 270, "texture": "#0"},
				"east": {"uv": [11.75, 0, 12, 0.125], "rotation": 270, "texture": "#0"},
				"south": {"uv": [9, 11, 8.75, 10.5], "rotation": 270, "texture": "#0"},
				"west": {"uv": [0, 11.75, 0.25, 11.875], "rotation": 90, "texture": "#0"},
				"up": {"uv": [11.25, 4, 11.75, 4.125], "rotation": 180, "texture": "#0"},
				"down": {"uv": [4.25, 11.25, 4.75, 11.375], "texture": "#0"}
			}
		},
		{
			"from": [6.65, 8.485, 7.02],
			"to": [6.85, 9.685, 7.82],
			"rotation": {"angle": 0, "axis": "z", "origin": [8, 6.285, 8]},
			"faces": {
				"north": {"uv": [10.75, 10.25, 11.5, 10.375], "rotation": 90, "texture": "#0"},
				"east": {"uv": [9.5, 9.25, 9, 10], "rotation": 180, "texture": "#0"},
				"south": {"uv": [10.25, 10.75, 11, 10.875], "rotation": 270, "texture": "#0"},
				"west": {"uv": [9, 10, 8.5, 9.25], "texture": "#0"},
				"up": {"uv": [11.25, 4.25, 11.75, 4.375], "rotation": 270, "texture": "#0"},
				"down": {"uv": [11.25, 4.5, 11.75, 4.625], "rotation": 270, "texture": "#0"}
			}
		},
		{
			"from": [7.27, 8.485, 6.44],
			"to": [8.07, 9.685, 6.64],
			"rotation": {"angle": 0, "axis": "z", "origin": [8, 6.285, 8]},
			"faces": {
				"north": {"uv": [9, 10, 8.5, 9.25], "texture": "#0"},
				"east": {"uv": [10.75, 10.25, 11.5, 10.375], "rotation": 90, "texture": "#0"},
				"south": {"uv": [9.5, 9.25, 9, 10], "rotation": 180, "texture": "#0"},
				"west": {"uv": [10.25, 10.75, 11, 10.875], "rotation": 270, "texture": "#0"},
				"up": {"uv": [11.25, 4.25, 11.75, 4.375], "texture": "#0"},
				"down": {"uv": [11.25, 4.5, 11.75, 4.625], "rotation": 180, "texture": "#0"}
			}
		},
		{
			"from": [7.05, 8.085, 6.74],
			"to": [8.25, 8.285, 7.54],
			"rotation": {"angle": 0, "axis": "z", "origin": [8, 6.285, 8]},
			"faces": {
				"north": {"uv": [11, 0, 11.125, 0.75], "rotation": 90, "texture": "#0"},
				"east": {"uv": [11.75, 5, 11.25, 5.125], "rotation": 180, "texture": "#0"},
				"south": {"uv": [0, 11, 0.125, 11.75], "rotation": 270, "texture": "#0"},
				"west": {"uv": [5.25, 11.375, 4.75, 11.25], "texture": "#0"},
				"up": {"uv": [0, 9.5, 0.5, 10.25], "rotation": 270, "texture": "#0"},
				"down": {"uv": [0.5, 9.5, 1, 10.25], "rotation": 270, "texture": "#0"}
			}
		},
		{
			"from": [7.05, 9.885, 6.74],
			"to": [8.25, 10.085, 7.54],
			"rotation": {"angle": 0, "axis": "z", "origin": [8, 6.285, 8]},
			"faces": {
				"north": {"uv": [0.5, 11, 0.625, 11.75], "rotation": 90, "texture": "#0"},
				"east": {"uv": [11.75, 5.25, 11.25, 5.375], "rotation": 180, "texture": "#0"},
				"south": {"uv": [0.25, 11, 0.375, 11.75], "rotation": 270, "texture": "#0"},
				"west": {"uv": [5.75, 11.375, 5.25, 11.25], "texture": "#0"},
				"up": {"uv": [1, 9.5, 1.5, 10.25], "rotation": 270, "texture": "#0"},
				"down": {"uv": [9.5, 1, 10, 1.75], "rotation": 270, "texture": "#0"}
			}
		},
		{
			"from": [7.25, 10.085, 6.74],
			"to": [8.05, 10.285, 7.54],
			"rotation": {"angle": 0, "axis": "z", "origin": [8, 6.285, 8]},
			"faces": {
				"north": {"uv": [6, 11.25, 6.125, 11.75], "rotation": 90, "texture": "#0"},
				"east": {"uv": [7.25, 11.25, 6.75, 11.375], "rotation": 180, "texture": "#0"},
				"south": {"uv": [5.75, 11.25, 5.875, 11.75], "rotation": 270, "texture": "#0"},
				"west": {"uv": [6.75, 11.375, 6.25, 11.25], "texture": "#0"},
				"up": {"uv": [10, 8, 10.5, 8.5], "rotation": 270, "texture": "#0"},
				"down": {"uv": [8.5, 10, 9, 10.5], "rotation": 270, "texture": "#0"}
			}
		},
		{
			"from": [7.25, 7.885, 6.74],
			"to": [8.05, 8.085, 7.54],
			"rotation": {"angle": 0, "axis": "z", "origin": [8, 6.285, 8]},
			"faces": {
				"north": {"uv": [7.5, 11.25, 7.625, 11.75], "rotation": 90, "texture": "#0"},
				"east": {"uv": [11.75, 7.5, 11.25, 7.625], "rotation": 180, "texture": "#0"},
				"south": {"uv": [7.25, 11.25, 7.375, 11.75], "rotation": 270, "texture": "#0"},
				"west": {"uv": [11.75, 6.875, 11.25, 6.75], "texture": "#0"},
				"up": {"uv": [9, 10, 9.5, 10.5], "rotation": 270, "texture": "#0"},
				"down": {"uv": [10, 9.25, 10.5, 9.75], "rotation": 270, "texture": "#0"}
			}
		},
		{
			"from": [9.5, 0.66, 7.22],
			"to": [10.04, 2.28, 8.3],
			"rotation": {"angle": 0, "axis": "y", "origin": [10.63, 5.87, 8.23]},
			"faces": {
				"north": {"uv": [10.25, 0.75, 11, 1], "rotation": 90, "texture": "#0"},
				"east": {"uv": [7.5, 8.5, 7, 9.25], "rotation": 180, "texture": "#0"},
				"south": {"uv": [1, 7.25, 1.75, 7.5], "rotation": 270, "texture": "#0"},
				"west": {"uv": [7, 9.25, 6.5, 8.5], "texture": "#0"},
				"up": {"uv": [3.5, 10.5, 4, 10.75], "rotation": 270, "texture": "#0"},
				"down": {"uv": [10.5, 3.5, 11, 3.75], "rotation": 270, "texture": "#0"}
			}
		},
		{
			"from": [9.5, 0.66, 8.3],
			"to": [10.04, 1.2, 8.84],
			"rotation": {"angle": 0, "axis": "y", "origin": [10.63, 5.87, 8.23]},
			"faces": {
				"north": {"uv": [8, 11, 8.25, 11.25], "rotation": 90, "texture": "#0"},
				"east": {"uv": [8.5, 11, 8.25, 11.25], "rotation": 180, "texture": "#0"},
				"south": {"uv": [11, 7.5, 11.25, 7.75], "rotation": 270, "texture": "#0"},
				"west": {"uv": [11.25, 8.25, 11, 8], "texture": "#0"},
				"up": {"uv": [7.5, 11, 7.75, 11.25], "rotation": 270, "texture": "#0"},
				"down": {"uv": [11, 7.75, 11.25, 8], "rotation": 270, "texture": "#0"}
			}
		},
		{
			"from": [9.5, 1.74, 8.3],
			"to": [10.04, 2.28, 8.84],
			"rotation": {"angle": 0, "axis": "y", "origin": [10.63, 5.87, 8.23]},
			"faces": {
				"north": {"uv": [10.25, 11, 10.5, 11.25], "rotation": 90, "texture": "#0"},
				"east": {"uv": [11.25, 10.5, 11, 10.75], "rotation": 180, "texture": "#0"},
				"south": {"uv": [9.75, 11, 10, 11.25], "rotation": 270, "texture": "#0"},
				"west": {"uv": [10.75, 11.25, 10.5, 11], "texture": "#0"},
				"up": {"uv": [11, 9.5, 11.25, 9.75], "rotation": 270, "texture": "#0"},
				"down": {"uv": [10, 11, 10.25, 11.25], "rotation": 270, "texture": "#0"}
			}
		},
		{
			"from": [7.88, 1.2, 7.22],
			"to": [9.5, 1.74, 7.76],
			"rotation": {"angle": 0, "axis": "y", "origin": [10.63, 5.87, 8.23]},
			"faces": {
				"north": {"uv": [10.25, 3, 10.5, 3.75], "rotation": 90, "texture": "#0"},
				"east": {"uv": [3, 11, 2.75, 11.25], "rotation": 180, "texture": "#0"},
				"south": {"uv": [2.75, 10.25, 3, 11], "rotation": 270, "texture": "#0"},
				"west": {"uv": [11.25, 2.75, 11, 2.5], "texture": "#0"},
				"up": {"uv": [2.5, 10.25, 2.75, 11], "rotation": 270, "texture": "#0"},
				"down": {"uv": [3, 10.25, 3.25, 11], "rotation": 270, "texture": "#0"}
			}
		},
		{
			"from": [9.5, 2.66, 7.22],
			"to": [10.04, 4.28, 8.3],
			"rotation": {"angle": 0, "axis": "y", "origin": [10.63, 5.87, 8.23]},
			"faces": {
				"north": {"uv": [10.25, 0.75, 11, 1], "rotation": 90, "texture": "#0"},
				"east": {"uv": [7.5, 8.5, 7, 9.25], "rotation": 180, "texture": "#0"},
				"south": {"uv": [1, 7.25, 1.75, 7.5], "rotation": 270, "texture": "#0"},
				"west": {"uv": [7, 9.25, 6.5, 8.5], "texture": "#0"},
				"up": {"uv": [3.5, 10.5, 4, 10.75], "rotation": 270, "texture": "#0"},
				"down": {"uv": [10.5, 3.5, 11, 3.75], "rotation": 270, "texture": "#0"}
			}
		},
		{
			"from": [9.5, 2.66, 8.3],
			"to": [10.04, 3.2, 8.84],
			"rotation": {"angle": 0, "axis": "y", "origin": [10.63, 5.87, 8.23]},
			"faces": {
				"north": {"uv": [8, 11, 8.25, 11.25], "rotation": 90, "texture": "#0"},
				"east": {"uv": [8.5, 11, 8.25, 11.25], "rotation": 180, "texture": "#0"},
				"south": {"uv": [11, 7.5, 11.25, 7.75], "rotation": 270, "texture": "#0"},
				"west": {"uv": [11.25, 8.25, 11, 8], "texture": "#0"},
				"up": {"uv": [7.5, 11, 7.75, 11.25], "rotation": 270, "texture": "#0"},
				"down": {"uv": [11, 7.75, 11.25, 8], "rotation": 270, "texture": "#0"}
			}
		},
		{
			"from": [9.5, 3.74, 8.3],
			"to": [10.04, 4.28, 8.84],
			"rotation": {"angle": 0, "axis": "y", "origin": [10.63, 5.87, 8.23]},
			"faces": {
				"north": {"uv": [10.25, 11, 10.5, 11.25], "rotation": 90, "texture": "#0"},
				"east": {"uv": [11.25, 10.5, 11, 10.75], "rotation": 180, "texture": "#0"},
				"south": {"uv": [9.75, 11, 10, 11.25], "rotation": 270, "texture": "#0"},
				"west": {"uv": [10.75, 11.25, 10.5, 11], "texture": "#0"},
				"up": {"uv": [11, 9.5, 11.25, 9.75], "rotation": 270, "texture": "#0"},
				"down": {"uv": [10, 11, 10.25, 11.25], "rotation": 270, "texture": "#0"}
			}
		},
		{
			"from": [7.88, 3.2, 7.22],
			"to": [9.5, 3.74, 7.76],
			"rotation": {"angle": 0, "axis": "y", "origin": [10.63, 5.87, 8.23]},
			"faces": {
				"north": {"uv": [10.25, 3, 10.5, 3.75], "rotation": 90, "texture": "#0"},
				"east": {"uv": [3, 11, 2.75, 11.25], "rotation": 180, "texture": "#0"},
				"south": {"uv": [2.75, 10.25, 3, 11], "rotation": 270, "texture": "#0"},
				"west": {"uv": [11.25, 2.75, 11, 2.5], "texture": "#0"},
				"up": {"uv": [2.5, 10.25, 2.75, 11], "rotation": 270, "texture": "#0"},
				"down": {"uv": [3, 10.25, 3.25, 11], "rotation": 270, "texture": "#0"}
			}
		}
	],
	"display": {
		"thirdperson_righthand": {
			"rotation": [-90, -90, -180],
			"translation": [0.25, 0, -1.25],
			"scale": [0.5, 0.5, 0.5]
		},
		"thirdperson_lefthand": {
			"rotation": [-90, 90, -180],
			"translation": [-0.25, 0, -1.25],
			"scale": [0.5, 0.5, 0.5]
		},
		"firstperson_righthand": {
			"rotation": [145, -100, 0],
			"translation": [2.5, 3, 0],
			"scale": [0.75, 0.75, 0.75]
		},
		"firstperson_lefthand": {
			"rotation": [145, 90, 0],
			"translation": [2.5, 3, 0],
			"scale": [0.75, 0.75, 0.75]
		},
		"ground": {
			"translation": [0, 7.75, 0]
		},
		"gui": {
			"rotation": [0, -30, 45],
			"translation": [-2, 1.75, 0],
			"scale": [1.5, 1.5, 1.5]
		},
		"head": {
			"rotation": [0, 90, 0],
			"translation": [0, 22.4, 0],
			"scale": [2, 2, 2]
		},
		"fixed": {
			"rotation": [0, 180, 0],
			"translation": [0, 2, 0]
		}
	}
}