{
    "parent": "item/chest",
    "textures": {
        "particle": "block/obsidian"
    },
	"overrides": [
	  {"predicate": {"custom_model_data":3}, "model": "item/keys/monthly"},
      {"predicate": {"custom_model_data":10}, "model": "item/crates/treasure/treasure"},
      {"predicate": {"custom_model_data":11}, "model": "item/crates/treasure/treasure1"},
      {"predicate": {"custom_model_data":12}, "model": "item/crates/treasure/treasure2"},
      {"predicate": {"custom_model_data":13}, "model": "item/crates/treasure/treasure3"},
      {"predicate": {"custom_model_data":14}, "model": "item/crates/treasure/treasure4"},
      {"predicate": {"custom_model_data":15}, "model": "item/crates/treasure/treasure5"},
      {"predicate": {"custom_model_data":16}, "model": "item/crates/treasure/treasure6"},
      {"predicate": {"custom_model_data":17}, "model": "item/crates/treasure/treasure7"}
    ]
}
