{
	"credit": "Made with Blockbench",
	"textures": {
		"0": "item/newyears/firework_axe",
		"1": "item/newyears/newyearkey",
		"particle": "item/newyears/firework_axe"
	},
	"elements": [
		{
			"name": "hexadecagon",
			"from": [5, 8.40326, 7.5],
			"to": [6, 9.59674, 8.5],
			"rotation": {"angle": 45, "axis": "z", "origin": [8, 9, 8]},
			"faces": {
				"north": {"uv": [4, 0, 5, 1], "texture": "#1"},
				"east": {"uv": [4, 1, 5, 2], "texture": "#1"},
				"south": {"uv": [4, 2, 5, 3], "texture": "#1"},
				"west": {"uv": [4, 3, 5, 4], "texture": "#1"},
				"up": {"uv": [5, 5, 4, 4], "texture": "#1"},
				"down": {"uv": [6, 0, 5, 1], "texture": "#1"}
			}
		},
		{
			"name": "hexadecagon",
			"from": [5, 8.40326, 7.501],
			"to": [6, 9.59674, 8.501],
			"rotation": {"angle": 22.5, "axis": "z", "origin": [8, 9, 8]},
			"faces": {
				"north": {"uv": [5, 1, 6, 2], "texture": "#1"},
				"east": {"uv": [5, 2, 6, 3], "texture": "#1"},
				"south": {"uv": [5, 3, 6, 4], "texture": "#1"},
				"west": {"uv": [4, 5, 5, 6], "texture": "#1"},
				"up": {"uv": [6, 5, 5, 4], "texture": "#1"},
				"down": {"uv": [6, 5, 5, 6], "texture": "#1"}
			}
		},
		{
			"name": "hexadecagon",
			"from": [5, 8.40326, 7.499],
			"to": [6, 9.59674, 8.499],
			"rotation": {"angle": 0, "axis": "y", "origin": [8, 9, 8]},
			"faces": {
				"north": {"uv": [0, 6, 1, 7], "texture": "#1"},
				"east": {"uv": [6, 0, 7, 1], "texture": "#1"},
				"south": {"uv": [1, 6, 2, 7], "texture": "#1"},
				"west": {"uv": [6, 1, 7, 2], "texture": "#1"},
				"up": {"uv": [3, 7, 2, 6], "texture": "#1"},
				"down": {"uv": [7, 2, 6, 3], "texture": "#1"}
			}
		},
		{
			"name": "hexadecagon",
			"from": [5, 8.40326, 7.501],
			"to": [6, 9.59674, 8.501],
			"rotation": {"angle": -22.5, "axis": "z", "origin": [8, 9, 8]},
			"faces": {
				"north": {"uv": [3, 6, 4, 7], "texture": "#1"},
				"east": {"uv": [6, 3, 7, 4], "texture": "#1"},
				"south": {"uv": [4, 6, 5, 7], "texture": "#1"},
				"west": {"uv": [6, 4, 7, 5], "texture": "#1"},
				"up": {"uv": [6, 7, 5, 6], "texture": "#1"},
				"down": {"uv": [7, 5, 6, 6], "texture": "#1"}
			}
		},
		{
			"name": "hexadecagon",
			"from": [5, 8.40326, 7.499],
			"to": [6, 9.59674, 8.499],
			"rotation": {"angle": -45, "axis": "z", "origin": [8, 9, 8]},
			"faces": {
				"north": {"uv": [6, 6, 7, 7], "texture": "#1"},
				"east": {"uv": [0, 7, 1, 8], "texture": "#1"},
				"south": {"uv": [7, 0, 8, 1], "texture": "#1"},
				"west": {"uv": [1, 7, 2, 8], "texture": "#1"},
				"up": {"uv": [8, 2, 7, 1], "texture": "#1"},
				"down": {"uv": [3, 7, 2, 8], "texture": "#1"}
			}
		},
		{
			"name": "hexadecagon",
			"from": [10, 8.40326, 7.499],
			"to": [11, 9.59674, 8.499],
			"rotation": {"angle": 45, "axis": "z", "origin": [8, 9, 8]},
			"faces": {
				"north": {"uv": [7, 2, 8, 3], "texture": "#1"},
				"east": {"uv": [3, 7, 4, 8], "texture": "#1"},
				"south": {"uv": [7, 3, 8, 4], "texture": "#1"},
				"west": {"uv": [4, 7, 5, 8], "texture": "#1"},
				"up": {"uv": [8, 5, 7, 4], "texture": "#1"},
				"down": {"uv": [6, 7, 5, 8], "texture": "#1"}
			}
		},
		{
			"name": "hexadecagon",
			"from": [10, 8.40326, 7.501],
			"to": [11, 9.59674, 8.501],
			"rotation": {"angle": 22.5, "axis": "z", "origin": [8, 9, 8]},
			"faces": {
				"north": {"uv": [7, 5, 8, 6], "texture": "#1"},
				"east": {"uv": [6, 7, 7, 8], "texture": "#1"},
				"south": {"uv": [7, 6, 8, 7], "texture": "#1"},
				"west": {"uv": [7, 7, 8, 8], "texture": "#1"},
				"up": {"uv": [1, 9, 0, 8], "texture": "#1"},
				"down": {"uv": [9, 0, 8, 1], "texture": "#1"}
			}
		},
		{
			"name": "hexadecagon",
			"from": [10, 8.40326, 7.499],
			"to": [11, 9.59674, 8.499],
			"rotation": {"angle": 0, "axis": "y", "origin": [8, 9, 8]},
			"faces": {
				"north": {"uv": [1, 8, 2, 9], "texture": "#1"},
				"east": {"uv": [8, 1, 9, 2], "texture": "#1"},
				"south": {"uv": [2, 8, 3, 9], "texture": "#1"},
				"west": {"uv": [8, 2, 9, 3], "texture": "#1"},
				"up": {"uv": [4, 9, 3, 8], "texture": "#1"},
				"down": {"uv": [9, 3, 8, 4], "texture": "#1"}
			}
		},
		{
			"name": "hexadecagon",
			"from": [10, 8.40326, 7.501],
			"to": [11, 9.59674, 8.501],
			"rotation": {"angle": -22.5, "axis": "z", "origin": [8, 9, 8]},
			"faces": {
				"north": {"uv": [4, 8, 5, 9], "texture": "#1"},
				"east": {"uv": [8, 4, 9, 5], "texture": "#1"},
				"south": {"uv": [5, 8, 6, 9], "texture": "#1"},
				"west": {"uv": [8, 5, 9, 6], "texture": "#1"},
				"up": {"uv": [7, 9, 6, 8], "texture": "#1"},
				"down": {"uv": [9, 6, 8, 7], "texture": "#1"}
			}
		},
		{
			"name": "hexadecagon",
			"from": [10, 8.40326, 7.499],
			"to": [11, 9.59674, 8.499],
			"rotation": {"angle": -45, "axis": "z", "origin": [8, 9, 8]},
			"faces": {
				"north": {"uv": [7, 8, 8, 9], "texture": "#1"},
				"east": {"uv": [8, 7, 9, 8], "texture": "#1"},
				"south": {"uv": [8, 8, 9, 9], "texture": "#1"},
				"west": {"uv": [0, 9, 1, 10], "texture": "#1"},
				"up": {"uv": [10, 1, 9, 0], "texture": "#1"},
				"down": {"uv": [2, 9, 1, 10], "texture": "#1"}
			}
		},
		{
			"name": "hexadecagon",
			"from": [7.40326, 6, 7.501],
			"to": [8.59674, 7, 8.501],
			"rotation": {"angle": 22.5, "axis": "z", "origin": [8, 9, 8]},
			"faces": {
				"north": {"uv": [9, 1, 10, 2], "texture": "#1"},
				"east": {"uv": [2, 9, 3, 10], "texture": "#1"},
				"south": {"uv": [9, 2, 10, 3], "texture": "#1"},
				"west": {"uv": [3, 9, 4, 10], "texture": "#1"},
				"up": {"uv": [10, 4, 9, 3], "texture": "#1"},
				"down": {"uv": [5, 9, 4, 10], "texture": "#1"}
			}
		},
		{
			"name": "hexadecagon",
			"from": [7.40326, 6, 7.499],
			"to": [8.59674, 7, 8.499],
			"rotation": {"angle": 0, "axis": "y", "origin": [8, 9, 8]},
			"faces": {
				"north": {"uv": [9, 4, 10, 5], "texture": "#1"},
				"east": {"uv": [5, 9, 6, 10], "texture": "#1"},
				"south": {"uv": [9, 5, 10, 6], "texture": "#1"},
				"west": {"uv": [6, 9, 7, 10], "texture": "#1"},
				"up": {"uv": [10, 7, 9, 6], "texture": "#1"},
				"down": {"uv": [8, 9, 7, 10], "texture": "#1"}
			}
		},
		{
			"name": "hexadecagon",
			"from": [7.40326, 6, 7.5],
			"to": [8.59674, 7, 8.5],
			"rotation": {"angle": -22.5, "axis": "z", "origin": [8, 9, 8]},
			"faces": {
				"north": {"uv": [9, 7, 10, 8], "texture": "#1"},
				"east": {"uv": [8, 9, 9, 10], "texture": "#1"},
				"south": {"uv": [9, 8, 10, 9], "texture": "#1"},
				"west": {"uv": [9, 9, 10, 10], "texture": "#1"},
				"up": {"uv": [1, 11, 0, 10], "texture": "#1"},
				"down": {"uv": [11, 0, 10, 1], "texture": "#1"}
			}
		},
		{
			"name": "hexadecagon",
			"from": [7.40326, 11, 7.501],
			"to": [8.59674, 12, 8.501],
			"rotation": {"angle": 22.5, "axis": "z", "origin": [8, 9, 8]},
			"faces": {
				"north": {"uv": [1, 10, 2, 11], "texture": "#1"},
				"east": {"uv": [10, 1, 11, 2], "texture": "#1"},
				"south": {"uv": [2, 10, 3, 11], "texture": "#1"},
				"west": {"uv": [10, 2, 11, 3], "texture": "#1"},
				"up": {"uv": [4, 11, 3, 10], "texture": "#1"},
				"down": {"uv": [11, 3, 10, 4], "texture": "#1"}
			}
		},
		{
			"name": "hexadecagon",
			"from": [7.40326, 11, 7.5],
			"to": [8.59674, 12, 8.5],
			"rotation": {"angle": 0, "axis": "y", "origin": [8, 9, 8]},
			"faces": {
				"north": {"uv": [4, 10, 5, 11], "texture": "#1"},
				"east": {"uv": [10, 4, 11, 5], "texture": "#1"},
				"south": {"uv": [5, 10, 6, 11], "texture": "#1"},
				"west": {"uv": [10, 5, 11, 6], "texture": "#1"},
				"up": {"uv": [7, 11, 6, 10], "texture": "#1"},
				"down": {"uv": [11, 6, 10, 7], "texture": "#1"}
			}
		},
		{
			"name": "hexadecagon",
			"from": [7.40326, 11, 7.501],
			"to": [8.59674, 12, 8.501],
			"rotation": {"angle": -22.5, "axis": "z", "origin": [8, 9, 8]},
			"faces": {
				"north": {"uv": [7, 10, 8, 11], "texture": "#1"},
				"east": {"uv": [10, 7, 11, 8], "texture": "#1"},
				"south": {"uv": [8, 10, 9, 11], "texture": "#1"},
				"west": {"uv": [10, 8, 11, 9], "texture": "#1"},
				"up": {"uv": [10, 11, 9, 10], "texture": "#1"},
				"down": {"uv": [11, 9, 10, 10], "texture": "#1"}
			}
		},
		{
			"name": "hexadecagon",
			"from": [7.40326, 0, 7.5],
			"to": [8.59674, 6, 8.5],
			"rotation": {"angle": 0, "axis": "y", "origin": [8, 9, 8]},
			"faces": {
				"north": {"uv": [0, 0, 1, 6], "texture": "#1"},
				"east": {"uv": [1, 0, 2, 6], "texture": "#1"},
				"south": {"uv": [2, 0, 3, 6], "texture": "#1"},
				"west": {"uv": [3, 0, 4, 6], "texture": "#1"},
				"up": {"uv": [11, 11, 10, 10], "texture": "#1"},
				"down": {"uv": [1, 11, 0, 12], "texture": "#1"}
			}
		},
		{
			"from": [7.7, 0.7, 7.4],
			"to": [8.3, 1.3, 8.6],
			"rotation": {"angle": 45, "axis": "z", "origin": [8, 1, 8.3]},
			"faces": {
				"north": {"uv": [11, 0, 12, 1], "texture": "#1"},
				"east": {"uv": [1, 11, 2, 12], "texture": "#1"},
				"south": {"uv": [11, 1, 12, 2], "texture": "#1"},
				"west": {"uv": [2, 11, 3, 12], "texture": "#1"},
				"up": {"uv": [12, 3, 11, 2], "texture": "#1"},
				"down": {"uv": [4, 11, 3, 12], "texture": "#1"}
			}
		},
		{
			"from": [7.7, 2.7, 7.4],
			"to": [8.3, 3.3, 8.6],
			"rotation": {"angle": 45, "axis": "z", "origin": [8, 3, 8.3]},
			"faces": {
				"north": {"uv": [11, 3, 12, 4], "texture": "#1"},
				"east": {"uv": [4, 11, 5, 12], "texture": "#1"},
				"south": {"uv": [11, 4, 12, 5], "texture": "#1"},
				"west": {"uv": [5, 11, 6, 12], "texture": "#1"},
				"up": {"uv": [12, 6, 11, 5], "texture": "#1"},
				"down": {"uv": [7, 11, 6, 12], "texture": "#1"}
			}
		},
		{
			"from": [7.7, 4.7, 7.4],
			"to": [8.3, 5.3, 8.6],
			"rotation": {"angle": 45, "axis": "z", "origin": [8, 5, 8.3]},
			"faces": {
				"north": {"uv": [11, 6, 12, 7], "texture": "#1"},
				"east": {"uv": [7, 11, 8, 12], "texture": "#1"},
				"south": {"uv": [11, 7, 12, 8], "texture": "#1"},
				"west": {"uv": [8, 11, 9, 12], "texture": "#1"},
				"up": {"uv": [12, 9, 11, 8], "texture": "#1"},
				"down": {"uv": [10, 11, 9, 12], "texture": "#1"}
			}
		},
		{
			"from": [7.72875, 8.27938, 8.11625],
			"to": [7.90375, 10.55438, 8.29125],
			"rotation": {"angle": 22.5, "axis": "z", "origin": [7.74188, 9.06313, 7.85375]},
			"faces": {
				"north": {"uv": [2, 3, 5.25, 3.25], "rotation": 270, "texture": "#0"},
				"east": {"uv": [3.75, 6.75, 3.5, 3.5], "texture": "#0"},
				"south": {"uv": [0, 3.5, 3.25, 3.75], "rotation": 90, "texture": "#0"},
				"west": {"uv": [0.25, 4, 0, 7.25], "rotation": 180, "texture": "#0"},
				"up": {"uv": [11.5, 7, 11.75, 7.25], "rotation": 90, "texture": "#0"},
				"down": {"uv": [7.5, 11.5, 7.75, 11.75], "rotation": 90, "texture": "#0"}
			}
		},
		{
			"from": [7.55375, 8.27938, 7.59125],
			"to": [7.72875, 10.55438, 7.76625],
			"rotation": {"angle": 22.5, "axis": "z", "origin": [7.74188, 9.06313, 7.85375]},
			"faces": {
				"north": {"uv": [3.5, 0, 6.75, 0.25], "rotation": 270, "texture": "#0"},
				"east": {"uv": [0.75, 7.25, 0.5, 4], "texture": "#0"},
				"south": {"uv": [3.5, 0.5, 6.75, 0.75], "rotation": 90, "texture": "#0"},
				"west": {"uv": [1.25, 4, 1, 7.25], "rotation": 180, "texture": "#0"},
				"up": {"uv": [11.5, 7.5, 11.75, 7.75], "rotation": 90, "texture": "#0"},
				"down": {"uv": [8, 11.5, 8.25, 11.75], "rotation": 90, "texture": "#0"}
			}
		},
		{
			"from": [7.37875, 8.27938, 7.76625],
			"to": [7.55375, 10.55438, 7.94125],
			"rotation": {"angle": 22.5, "axis": "z", "origin": [7.74188, 9.06313, 7.85375]},
			"faces": {
				"north": {"uv": [3.5, 1, 6.75, 1.25], "rotation": 270, "texture": "#0"},
				"east": {"uv": [1.75, 7.25, 1.5, 4], "texture": "#0"},
				"south": {"uv": [3.5, 1.5, 6.75, 1.75], "rotation": 90, "texture": "#0"},
				"west": {"uv": [2.25, 4, 2, 7.25], "rotation": 180, "texture": "#0"},
				"up": {"uv": [11.5, 8, 11.75, 8.25], "rotation": 90, "texture": "#0"},
				"down": {"uv": [8.5, 11.5, 8.75, 11.75], "rotation": 90, "texture": "#0"}
			}
		},
		{
			"from": [7.55375, 8.27938, 7.94125],
			"to": [7.72875, 10.55438, 8.11625],
			"rotation": {"angle": 22.5, "axis": "z", "origin": [7.74188, 9.06313, 7.85375]},
			"faces": {
				"north": {"uv": [3.5, 2, 6.75, 2.25], "rotation": 270, "texture": "#0"},
				"east": {"uv": [2.75, 7.25, 2.5, 4], "texture": "#0"},
				"south": {"uv": [3.5, 2.5, 6.75, 2.75], "rotation": 90, "texture": "#0"},
				"west": {"uv": [3.25, 4, 3, 7.25], "rotation": 180, "texture": "#0"},
				"up": {"uv": [11.5, 8.5, 11.75, 8.75], "rotation": 90, "texture": "#0"},
				"down": {"uv": [9, 11.5, 9.25, 11.75], "rotation": 90, "texture": "#0"}
			}
		},
		{
			"from": [7.72875, 8.27938, 7.41625],
			"to": [7.90375, 10.55438, 7.59125],
			"rotation": {"angle": 22.5, "axis": "z", "origin": [7.74188, 9.06313, 7.85375]},
			"faces": {
				"north": {"uv": [4, 3.5, 7.25, 3.75], "rotation": 270, "texture": "#0"},
				"east": {"uv": [4.25, 7.75, 4, 4.5], "texture": "#0"},
				"south": {"uv": [4, 4, 7.25, 4.25], "rotation": 90, "texture": "#0"},
				"west": {"uv": [4.75, 4.5, 4.5, 7.75], "rotation": 180, "texture": "#0"},
				"up": {"uv": [11.5, 9, 11.75, 9.25], "rotation": 90, "texture": "#0"},
				"down": {"uv": [9.5, 11.5, 9.75, 11.75], "rotation": 90, "texture": "#0"}
			}
		},
		{
			"from": [7.90375, 8.27938, 7.59125],
			"to": [8.07875, 10.55438, 7.76625],
			"rotation": {"angle": 22.5, "axis": "z", "origin": [7.74188, 9.06313, 7.85375]},
			"faces": {
				"north": {"uv": [5, 4.5, 8.25, 4.75], "rotation": 270, "texture": "#0"},
				"east": {"uv": [5.25, 8.75, 5, 5.5], "texture": "#0"},
				"south": {"uv": [5, 5, 8.25, 5.25], "rotation": 90, "texture": "#0"},
				"west": {"uv": [5.75, 5.5, 5.5, 8.75], "rotation": 180, "texture": "#0"},
				"up": {"uv": [11.5, 9.5, 11.75, 9.75], "rotation": 90, "texture": "#0"},
				"down": {"uv": [10, 11.5, 10.25, 11.75], "rotation": 90, "texture": "#0"}
			}
		},
		{
			"from": [7.90375, 8.27938, 7.94125],
			"to": [8.07875, 10.55438, 8.11625],
			"rotation": {"angle": 22.5, "axis": "z", "origin": [7.74188, 9.06313, 7.85375]},
			"faces": {
				"north": {"uv": [5.5, 3, 8.75, 3.25], "rotation": 270, "texture": "#0"},
				"east": {"uv": [6.25, 9.25, 6, 6], "texture": "#0"},
				"south": {"uv": [6, 5.5, 9.25, 5.75], "rotation": 90, "texture": "#0"},
				"west": {"uv": [6.75, 6, 6.5, 9.25], "rotation": 180, "texture": "#0"},
				"up": {"uv": [11.5, 10, 11.75, 10.25], "rotation": 90, "texture": "#0"},
				"down": {"uv": [10.5, 11.5, 10.75, 11.75], "rotation": 90, "texture": "#0"}
			}
		},
		{
			"from": [8.07875, 8.27938, 7.76625],
			"to": [8.25375, 10.55438, 7.94125],
			"rotation": {"angle": 22.5, "axis": "z", "origin": [7.74188, 9.06313, 7.85375]},
			"faces": {
				"north": {"uv": [7, 0, 10.25, 0.25], "rotation": 270, "texture": "#0"},
				"east": {"uv": [3.75, 10.25, 3.5, 7], "texture": "#0"},
				"south": {"uv": [7, 0.5, 10.25, 0.75], "rotation": 90, "texture": "#0"},
				"west": {"uv": [7.25, 6, 7, 9.25], "rotation": 180, "texture": "#0"},
				"up": {"uv": [11.5, 10.5, 11.75, 10.75], "rotation": 90, "texture": "#0"},
				"down": {"uv": [11, 11.5, 11.25, 11.75], "rotation": 90, "texture": "#0"}
			}
		},
		{
			"from": [7.57125, 7.57938, 7.60875],
			"to": [8.06125, 7.75438, 8.09875],
			"rotation": {"angle": 22.5, "axis": "z", "origin": [7.74188, 9.06313, 7.85375]},
			"faces": {
				"north": {"uv": [7.5, 10, 7.75, 10.75], "rotation": 270, "texture": "#0"},
				"east": {"uv": [8.75, 10.25, 8, 10], "texture": "#0"},
				"south": {"uv": [10, 7.5, 10.25, 8.25], "rotation": 90, "texture": "#0"},
				"west": {"uv": [10.75, 8.5, 10, 8.75], "rotation": 180, "texture": "#0"},
				"up": {"uv": [2.5, 8, 3.25, 8.75], "rotation": 90, "texture": "#0"},
				"down": {"uv": [4, 8, 4.75, 8.75], "rotation": 90, "texture": "#0"}
			}
		},
		{
			"from": [7.64125, 7.40438, 7.67875],
			"to": [7.99125, 7.57938, 8.02875],
			"rotation": {"angle": 22.5, "axis": "z", "origin": [7.74188, 9.06313, 7.85375]},
			"faces": {
				"north": {"uv": [3.5, 11, 3.75, 11.5], "rotation": 270, "texture": "#0"},
				"east": {"uv": [4.5, 11.25, 4, 11], "texture": "#0"},
				"south": {"uv": [11, 3.5, 11.25, 4], "rotation": 90, "texture": "#0"},
				"west": {"uv": [11.5, 4, 11, 4.25], "rotation": 180, "texture": "#0"},
				"up": {"uv": [9.5, 1, 10, 1.5], "rotation": 90, "texture": "#0"},
				"down": {"uv": [2, 9.5, 2.5, 10], "rotation": 90, "texture": "#0"}
			}
		},
		{
			"from": [7.71125, 7.22938, 7.74875],
			"to": [7.92125, 7.40438, 7.95875],
			"rotation": {"angle": 22.5, "axis": "z", "origin": [7.74188, 9.06313, 7.85375]},
			"faces": {
				"north": {"uv": [13, 9.5, 13.25, 9.75], "rotation": 270, "texture": "#0"},
				"east": {"uv": [10.75, 13.25, 10.5, 13], "texture": "#0"},
				"south": {"uv": [13, 10, 13.25, 10.25], "rotation": 90, "texture": "#0"},
				"west": {"uv": [13.25, 10.5, 13, 10.75], "rotation": 180, "texture": "#0"},
				"up": {"uv": [9.5, 13, 9.75, 13.25], "rotation": 90, "texture": "#0"},
				"down": {"uv": [10, 13, 10.25, 13.25], "rotation": 90, "texture": "#0"}
			}
		},
		{
			"from": [7.46625, 7.75438, 7.50375],
			"to": [8.16625, 7.92938, 8.20375],
			"rotation": {"angle": 22.5, "axis": "z", "origin": [7.74188, 9.06313, 7.85375]},
			"faces": {
				"north": {"uv": [2.5, 9, 2.75, 10], "rotation": 270, "texture": "#0"},
				"east": {"uv": [10, 3.25, 9, 3], "texture": "#0"},
				"south": {"uv": [3, 9, 3.25, 10], "rotation": 90, "texture": "#0"},
				"west": {"uv": [5, 9, 4, 9.25], "rotation": 180, "texture": "#0"},
				"up": {"uv": [0, 2.5, 1, 3.5], "rotation": 90, "texture": "#0"},
				"down": {"uv": [1, 2.5, 2, 3.5], "rotation": 90, "texture": "#0"}
			}
		},
		{
			"from": [7.64125, 7.75438, 7.41625],
			"to": [7.99125, 7.92938, 7.50375],
			"rotation": {"angle": 22.5, "axis": "z", "origin": [7.74188, 9.06313, 7.85375]},
			"faces": {
				"north": {"uv": [10.5, 1, 10.75, 1.5], "rotation": 270, "texture": "#0"},
				"east": {"uv": [11.75, 11.25, 11.5, 11], "texture": "#0"},
				"south": {"uv": [10.5, 1.5, 10.75, 2], "rotation": 90, "texture": "#0"},
				"west": {"uv": [11.75, 11.5, 11.5, 11.75], "rotation": 180, "texture": "#0"},
				"up": {"uv": [1, 10.5, 1.25, 11], "rotation": 90, "texture": "#0"},
				"down": {"uv": [1.5, 10.5, 1.75, 11], "rotation": 90, "texture": "#0"}
			}
		},
		{
			"from": [7.67625, 7.57938, 7.52125],
			"to": [7.95625, 7.75438, 7.60875],
			"rotation": {"angle": 22.5, "axis": "z", "origin": [7.74188, 9.06313, 7.85375]},
			"faces": {
				"north": {"uv": [11, 4.5, 11.25, 5], "rotation": 270, "texture": "#0"},
				"east": {"uv": [11.25, 13.25, 11, 13], "texture": "#0"},
				"south": {"uv": [11, 5, 11.25, 5.5], "rotation": 90, "texture": "#0"},
				"west": {"uv": [13.25, 11, 13, 11.25], "rotation": 180, "texture": "#0"},
				"up": {"uv": [4.5, 11, 4.75, 11.5], "rotation": 90, "texture": "#0"},
				"down": {"uv": [5, 11, 5.25, 11.5], "rotation": 90, "texture": "#0"}
			}
		},
		{
			"from": [7.67625, 7.57938, 8.09875],
			"to": [7.95625, 7.75438, 8.18625],
			"rotation": {"angle": 22.5, "axis": "z", "origin": [7.74188, 9.06313, 7.85375]},
			"faces": {
				"north": {"uv": [11, 5.5, 11.25, 6], "rotation": 270, "texture": "#0"},
				"east": {"uv": [11.75, 13.25, 11.5, 13], "texture": "#0"},
				"south": {"uv": [11, 6, 11.25, 6.5], "rotation": 90, "texture": "#0"},
				"west": {"uv": [13.25, 11.5, 13, 11.75], "rotation": 180, "texture": "#0"},
				"up": {"uv": [5.5, 11, 5.75, 11.5], "rotation": 90, "texture": "#0"},
				"down": {"uv": [6, 11, 6.25, 11.5], "rotation": 90, "texture": "#0"}
			}
		},
		{
			"from": [7.48375, 7.57938, 7.71375],
			"to": [7.57125, 7.75438, 7.99375],
			"rotation": {"angle": 22.5, "axis": "z", "origin": [7.74188, 9.06313, 7.85375]},
			"faces": {
				"north": {"uv": [12.5, 13, 12.75, 13.25], "rotation": 270, "texture": "#0"},
				"east": {"uv": [8.5, 11.25, 8, 11], "texture": "#0"},
				"south": {"uv": [13, 12.5, 13.25, 12.75], "rotation": 90, "texture": "#0"},
				"west": {"uv": [11.5, 8, 11, 8.25], "rotation": 180, "texture": "#0"},
				"up": {"uv": [7.5, 11, 8, 11.25], "rotation": 90, "texture": "#0"},
				"down": {"uv": [11, 7.5, 11.5, 7.75], "rotation": 90, "texture": "#0"}
			}
		},
		{
			"from": [8.06125, 7.57938, 7.71375],
			"to": [8.14875, 7.75438, 7.99375],
			"rotation": {"angle": 22.5, "axis": "z", "origin": [7.74188, 9.06313, 7.85375]},
			"faces": {
				"north": {"uv": [12, 13, 12.25, 13.25], "rotation": 270, "texture": "#0"},
				"east": {"uv": [7.5, 11.25, 7, 11], "texture": "#0"},
				"south": {"uv": [13, 12, 13.25, 12.25], "rotation": 90, "texture": "#0"},
				"west": {"uv": [11.5, 7, 11, 7.25], "rotation": 180, "texture": "#0"},
				"up": {"uv": [6.5, 11, 7, 11.25], "rotation": 90, "texture": "#0"},
				"down": {"uv": [11, 6.5, 11.5, 6.75], "rotation": 90, "texture": "#0"}
			}
		},
		{
			"from": [7.64125, 7.75438, 8.20375],
			"to": [7.99125, 7.92938, 8.29125],
			"rotation": {"angle": 22.5, "axis": "z", "origin": [7.74188, 9.06313, 7.85375]},
			"faces": {
				"north": {"uv": [10.5, 2, 10.75, 2.5], "rotation": 270, "texture": "#0"},
				"east": {"uv": [0.25, 12.25, 0, 12], "texture": "#0"},
				"south": {"uv": [10.5, 2.5, 10.75, 3], "rotation": 90, "texture": "#0"},
				"west": {"uv": [12.25, 0, 12, 0.25], "rotation": 180, "texture": "#0"},
				"up": {"uv": [2, 10.5, 2.25, 11], "rotation": 90, "texture": "#0"},
				"down": {"uv": [2.5, 10.5, 2.75, 11], "rotation": 90, "texture": "#0"}
			}
		},
		{
			"from": [7.37875, 7.75438, 7.67875],
			"to": [7.46625, 7.92938, 8.02875],
			"rotation": {"angle": 22.5, "axis": "z", "origin": [7.74188, 9.06313, 7.85375]},
			"faces": {
				"north": {"uv": [0.5, 12, 0.75, 12.25], "rotation": 270, "texture": "#0"},
				"east": {"uv": [4, 10.75, 3.5, 10.5], "texture": "#0"},
				"south": {"uv": [12, 0.5, 12.25, 0.75], "rotation": 90, "texture": "#0"},
				"west": {"uv": [11, 3.5, 10.5, 3.75], "rotation": 180, "texture": "#0"},
				"up": {"uv": [3, 10.5, 3.5, 10.75], "rotation": 90, "texture": "#0"},
				"down": {"uv": [10.5, 3, 11, 3.25], "rotation": 90, "texture": "#0"}
			}
		},
		{
			"from": [8.16625, 7.75438, 7.67875],
			"to": [8.25375, 7.92938, 8.02875],
			"rotation": {"angle": 22.5, "axis": "z", "origin": [7.74188, 9.06313, 7.85375]},
			"faces": {
				"north": {"uv": [1, 12, 1.25, 12.25], "rotation": 270, "texture": "#0"},
				"east": {"uv": [5, 10.75, 4.5, 10.5], "texture": "#0"},
				"south": {"uv": [12, 1, 12.25, 1.25], "rotation": 90, "texture": "#0"},
				"west": {"uv": [11, 4.5, 10.5, 4.75], "rotation": 180, "texture": "#0"},
				"up": {"uv": [4, 10.5, 4.5, 10.75], "rotation": 90, "texture": "#0"},
				"down": {"uv": [10.5, 4, 11, 4.25], "rotation": 90, "texture": "#0"}
			}
		},
		{
			"from": [7.72875, 10.20438, 7.59125],
			"to": [7.90375, 10.37938, 8.11625],
			"rotation": {"angle": 22.5, "axis": "z", "origin": [7.74188, 9.06313, 7.85375]},
			"faces": {
				"north": {"uv": [1.5, 12, 1.75, 12.25], "rotation": 270, "texture": "#0"},
				"east": {"uv": [10.75, 6.25, 10, 6], "texture": "#0"},
				"south": {"uv": [12, 1.5, 12.25, 1.75], "rotation": 90, "texture": "#0"},
				"west": {"uv": [7.25, 10, 6.5, 10.25], "rotation": 180, "texture": "#0"},
				"up": {"uv": [5.5, 10, 6.25, 10.25], "rotation": 90, "texture": "#0"},
				"down": {"uv": [10, 5.5, 10.75, 5.75], "rotation": 90, "texture": "#0"}
			}
		},
		{
			"from": [7.90375, 10.20438, 7.76625],
			"to": [8.07875, 10.37938, 7.94125],
			"rotation": {"angle": 22.5, "axis": "z", "origin": [7.74188, 9.06313, 7.85375]},
			"faces": {
				"north": {"uv": [12, 2, 12.25, 2.25], "rotation": 270, "texture": "#0"},
				"east": {"uv": [3.25, 12.25, 3, 12], "texture": "#0"},
				"south": {"uv": [12, 2.5, 12.25, 2.75], "rotation": 90, "texture": "#0"},
				"west": {"uv": [12.25, 3, 12, 3.25], "rotation": 180, "texture": "#0"},
				"up": {"uv": [2, 12, 2.25, 12.25], "rotation": 90, "texture": "#0"},
				"down": {"uv": [2.5, 12, 2.75, 12.25], "rotation": 90, "texture": "#0"}
			}
		},
		{
			"from": [7.55375, 10.20438, 7.76625],
			"to": [7.72875, 10.37938, 7.94125],
			"rotation": {"angle": 22.5, "axis": "z", "origin": [7.74188, 9.06313, 7.85375]},
			"faces": {
				"north": {"uv": [12, 3.5, 12.25, 3.75], "rotation": 270, "texture": "#0"},
				"east": {"uv": [4.75, 12.25, 4.5, 12], "texture": "#0"},
				"south": {"uv": [12, 4, 12.25, 4.25], "rotation": 90, "texture": "#0"},
				"west": {"uv": [12.25, 4.5, 12, 4.75], "rotation": 180, "texture": "#0"},
				"up": {"uv": [3.5, 12, 3.75, 12.25], "rotation": 90, "texture": "#0"},
				"down": {"uv": [4, 12, 4.25, 12.25], "rotation": 90, "texture": "#0"}
			}
		},
		{
			"from": [7.74625, 10.37938, 7.78463],
			"to": [7.88625, 10.79938, 7.92463],
			"rotation": {"angle": 22.5, "axis": "z", "origin": [7.74188, 9.06313, 7.85375]},
			"faces": {
				"north": {"uv": [5, 10.5, 5.5, 10.75], "rotation": 270, "texture": "#0"},
				"east": {"uv": [5.75, 11, 5.5, 10.5], "texture": "#0"},
				"south": {"uv": [10.5, 5, 11, 5.25], "rotation": 90, "texture": "#0"},
				"west": {"uv": [6.25, 10.5, 6, 11], "rotation": 180, "texture": "#0"},
				"up": {"uv": [5, 12, 5.25, 12.25], "rotation": 90, "texture": "#0"},
				"down": {"uv": [12, 5, 12.25, 5.25], "rotation": 90, "texture": "#0"}
			}
		},
		{
			"from": [7.46625, 10.79938, 7.78463],
			"to": [7.74625, 10.93938, 7.92463],
			"rotation": {"angle": 22.5, "axis": "z", "origin": [7.74188, 9.06313, 7.85375]},
			"faces": {
				"north": {"uv": [11, 8.5, 11.25, 9], "rotation": 270, "texture": "#0"},
				"east": {"uv": [13.75, 1.25, 13.5, 1], "texture": "#0"},
				"south": {"uv": [11, 9, 11.25, 9.5], "rotation": 90, "texture": "#0"},
				"west": {"uv": [1.75, 13.5, 1.5, 13.75], "rotation": 180, "texture": "#0"},
				"up": {"uv": [8.5, 11, 8.75, 11.5], "rotation": 90, "texture": "#0"},
				"down": {"uv": [9, 11, 9.25, 11.5], "rotation": 90, "texture": "#0"}
			}
		},
		{
			"from": [7.74625, 10.79938, 7.78463],
			"to": [7.81625, 10.86938, 7.92463],
			"rotation": {"angle": 22.5, "axis": "z", "origin": [7.74188, 9.06313, 7.85375]},
			"faces": {
				"north": {"uv": [2.5, 13.5, 2.75, 13.75], "rotation": 270, "texture": "#0"},
				"east": {"uv": [13.75, 3.25, 13.5, 3], "texture": "#0"},
				"south": {"uv": [3, 13.5, 3.25, 13.75], "rotation": 90, "texture": "#0"},
				"west": {"uv": [3.75, 13.5, 3.5, 13.75], "rotation": 180, "texture": "#0"},
				"up": {"uv": [13.5, 2, 13.75, 2.25], "rotation": 90, "texture": "#0"},
				"down": {"uv": [13.5, 2.5, 13.75, 2.75], "rotation": 90, "texture": "#0"}
			}
		},
		{
			"from": [7.46625, 10.79938, 7.92463],
			"to": [7.53625, 10.93938, 7.99463],
			"rotation": {"angle": 22.5, "axis": "z", "origin": [7.74188, 9.06313, 7.85375]},
			"faces": {
				"north": {"uv": [4, 13.5, 4.25, 13.75], "rotation": 270, "texture": "#0"},
				"east": {"uv": [13.75, 4.75, 13.5, 4.5], "texture": "#0"},
				"south": {"uv": [4.5, 13.5, 4.75, 13.75], "rotation": 90, "texture": "#0"},
				"west": {"uv": [5.25, 13.5, 5, 13.75], "rotation": 180, "texture": "#0"},
				"up": {"uv": [13.5, 3.5, 13.75, 3.75], "rotation": 90, "texture": "#0"},
				"down": {"uv": [13.5, 4, 13.75, 4.25], "rotation": 90, "texture": "#0"}
			}
		},
		{
			"from": [7.32625, 10.93938, 7.92463],
			"to": [7.39625, 11.00938, 8.06463],
			"rotation": {"angle": 22.5, "axis": "z", "origin": [7.74188, 9.06313, 7.85375]},
			"faces": {
				"north": {"uv": [5.5, 13.5, 5.75, 13.75], "rotation": 270, "texture": "#0"},
				"east": {"uv": [13.75, 6.25, 13.5, 6], "texture": "#0"},
				"south": {"uv": [6, 13.5, 6.25, 13.75], "rotation": 90, "texture": "#0"},
				"west": {"uv": [6.75, 13.5, 6.5, 13.75], "rotation": 180, "texture": "#0"},
				"up": {"uv": [13.5, 5, 13.75, 5.25], "rotation": 90, "texture": "#0"},
				"down": {"uv": [13.5, 5.5, 13.75, 5.75], "rotation": 90, "texture": "#0"}
			}
		},
		{
			"from": [7.04625, 10.93938, 7.92463],
			"to": [7.32625, 11.07938, 8.06463],
			"rotation": {"angle": 22.5, "axis": "z", "origin": [7.74188, 9.06313, 7.85375]},
			"faces": {
				"north": {"uv": [11, 9.5, 11.25, 10], "rotation": 270, "texture": "#0"},
				"east": {"uv": [13.75, 1.75, 13.5, 1.5], "texture": "#0"},
				"south": {"uv": [11, 10, 11.25, 10.5], "rotation": 90, "texture": "#0"},
				"west": {"uv": [2.25, 13.5, 2, 13.75], "rotation": 180, "texture": "#0"},
				"up": {"uv": [9.5, 11, 9.75, 11.5], "rotation": 90, "texture": "#0"},
				"down": {"uv": [10, 11, 10.25, 11.5], "rotation": 90, "texture": "#0"}
			}
		},
		{
			"from": [7.32625, 10.79938, 7.92463],
			"to": [7.46625, 10.93938, 8.06463],
			"rotation": {"angle": 22.5, "axis": "z", "origin": [7.74188, 9.06313, 7.85375]},
			"faces": {
				"north": {"uv": [0, 13.5, 0.25, 13.75], "rotation": 270, "texture": "#0"},
				"east": {"uv": [13.75, 0.75, 13.5, 0.5], "texture": "#0"},
				"south": {"uv": [0.5, 13.5, 0.75, 13.75], "rotation": 90, "texture": "#0"},
				"west": {"uv": [1.25, 13.5, 1, 13.75], "rotation": 180, "texture": "#0"},
				"up": {"uv": [13, 13, 13.25, 13.25], "rotation": 90, "texture": "#0"},
				"down": {"uv": [13.5, 0, 13.75, 0.25], "rotation": 90, "texture": "#0"}
			}
		},
		{
			"from": [7.37875, 7.92938, 7.41625],
			"to": [8.25375, 8.27938, 8.29125],
			"rotation": {"angle": 22.5, "axis": "z", "origin": [7.74188, 9.06313, 7.85375]},
			"faces": {
				"north": {"uv": [7, 1, 7.5, 2.25], "rotation": 270, "texture": "#0"},
				"east": {"uv": [8.25, 3, 7, 2.5], "texture": "#0"},
				"south": {"uv": [7.5, 1, 8, 2.25], "rotation": 90, "texture": "#0"},
				"west": {"uv": [3.25, 7.5, 2, 8], "rotation": 180, "texture": "#0"},
				"up": {"uv": [2, 0, 3.25, 1.25], "rotation": 90, "texture": "#0"},
				"down": {"uv": [2, 1.5, 3.25, 2.75], "rotation": 90, "texture": "#0"}
			}
		},
		{
			"from": [7.46625, 7.92938, 7.32875],
			"to": [8.16625, 8.27938, 7.41625],
			"rotation": {"angle": 22.5, "axis": "z", "origin": [7.74188, 9.06313, 7.85375]},
			"faces": {
				"north": {"uv": [8, 6, 8.5, 7], "rotation": 270, "texture": "#0"},
				"east": {"uv": [6.75, 11, 6.5, 10.5], "texture": "#0"},
				"south": {"uv": [8, 7, 8.5, 8], "rotation": 90, "texture": "#0"},
				"west": {"uv": [7.25, 10.5, 7, 11], "rotation": 180, "texture": "#0"},
				"up": {"uv": [9, 4.5, 9.25, 5.5], "rotation": 90, "texture": "#0"},
				"down": {"uv": [5, 9, 5.25, 10], "rotation": 90, "texture": "#0"}
			}
		},
		{
			"from": [8.25375, 7.92938, 7.50375],
			"to": [8.34125, 8.27938, 8.20375],
			"rotation": {"angle": 22.5, "axis": "z", "origin": [7.74188, 9.06313, 7.85375]},
			"faces": {
				"north": {"uv": [10.5, 7.5, 11, 7.75], "rotation": 270, "texture": "#0"},
				"east": {"uv": [9, 8.5, 8, 8], "texture": "#0"},
				"south": {"uv": [8, 10.5, 8.5, 10.75], "rotation": 90, "texture": "#0"},
				"west": {"uv": [9.5, 1, 8.5, 1.5], "rotation": 180, "texture": "#0"},
				"up": {"uv": [9, 6.5, 10, 6.75], "rotation": 90, "texture": "#0"},
				"down": {"uv": [9, 7, 10, 7.25], "rotation": 90, "texture": "#0"}
			}
		},
		{
			"from": [7.46625, 7.92938, 8.29125],
			"to": [8.16625, 8.27938, 8.37875],
			"rotation": {"angle": 22.5, "axis": "z", "origin": [7.74188, 9.06313, 7.85375]},
			"faces": {
				"north": {"uv": [8.5, 1.5, 9, 2.5], "rotation": 270, "texture": "#0"},
				"east": {"uv": [10.75, 8.5, 10.5, 8], "texture": "#0"},
				"south": {"uv": [8.5, 4.5, 9, 5.5], "rotation": 90, "texture": "#0"},
				"west": {"uv": [8.75, 10.5, 8.5, 11], "rotation": 180, "texture": "#0"},
				"up": {"uv": [5.5, 9, 5.75, 10], "rotation": 90, "texture": "#0"},
				"down": {"uv": [7.5, 9, 7.75, 10], "rotation": 90, "texture": "#0"}
			}
		},
		{
			"from": [7.29125, 7.92938, 7.50375],
			"to": [7.37875, 8.27938, 8.20375],
			"rotation": {"angle": 22.5, "axis": "z", "origin": [7.74188, 9.06313, 7.85375]},
			"faces": {
				"north": {"uv": [9, 10.5, 9.5, 10.75], "rotation": 270, "texture": "#0"},
				"east": {"uv": [9.5, 3, 8.5, 2.5], "texture": "#0"},
				"south": {"uv": [9.5, 10.5, 10, 10.75], "rotation": 90, "texture": "#0"},
				"west": {"uv": [9.5, 6, 8.5, 6.5], "rotation": 180, "texture": "#0"},
				"up": {"uv": [9, 8, 10, 8.25], "rotation": 90, "texture": "#0"},
				"down": {"uv": [8.5, 9, 9.5, 9.25], "rotation": 90, "texture": "#0"}
			}
		},
		{
			"from": [7.36, 2.796, 7.61],
			"to": [7.44, 3.436, 8.39],
			"rotation": {"angle": 0, "axis": "z", "origin": [7, 1.84, 8]},
			"faces": {
				"north": {"uv": [8.5, 13.5, 8.75, 13.75], "rotation": 270, "texture": "#0"},
				"east": {"uv": [13.75, 9.25, 13.5, 9], "texture": "#0"},
				"south": {"uv": [9, 13.5, 9.25, 13.75], "rotation": 90, "texture": "#0"},
				"west": {"uv": [9.75, 13.5, 9.5, 13.75], "rotation": 180, "texture": "#0"},
				"up": {"uv": [13.5, 8, 13.75, 8.25], "rotation": 90, "texture": "#0"},
				"down": {"uv": [13.5, 8.5, 13.75, 8.75], "rotation": 90, "texture": "#0"}
			}
		},
		{
			"from": [6.56, 2.796, 7.61],
			"to": [6.64, 3.436, 8.39],
			"rotation": {"angle": 0, "axis": "z", "origin": [7, 1.84, 8]},
			"faces": {
				"north": {"uv": [10, 13.5, 10.25, 13.75], "rotation": 270, "texture": "#0"},
				"east": {"uv": [13.75, 10.75, 13.5, 10.5], "texture": "#0"},
				"south": {"uv": [10.5, 13.5, 10.75, 13.75], "rotation": 90, "texture": "#0"},
				"west": {"uv": [11.25, 13.5, 11, 13.75], "rotation": 180, "texture": "#0"},
				"up": {"uv": [13.5, 9.5, 13.75, 9.75], "rotation": 90, "texture": "#0"},
				"down": {"uv": [13.5, 10, 13.75, 10.25], "rotation": 90, "texture": "#0"}
			}
		},
		{
			"from": [6.96, 2.796, 7.61],
			"to": [7.04, 3.436, 8.39],
			"rotation": {"angle": 0, "axis": "z", "origin": [7, 1.84, 8]},
			"faces": {
				"north": {"uv": [11.5, 13.5, 11.75, 13.75], "rotation": 270, "texture": "#0"},
				"east": {"uv": [13.75, 12.25, 13.5, 12], "texture": "#0"},
				"south": {"uv": [12, 13.5, 12.25, 13.75], "rotation": 90, "texture": "#0"},
				"west": {"uv": [12.75, 13.5, 12.5, 13.75], "rotation": 180, "texture": "#0"},
				"up": {"uv": [13.5, 11, 13.75, 11.25], "rotation": 90, "texture": "#0"},
				"down": {"uv": [13.5, 11.5, 13.75, 11.75], "rotation": 90, "texture": "#0"}
			}
		},
		{
			"from": [6.72, 2.796, 7.61],
			"to": [6.8, 3.516, 8.39],
			"rotation": {"angle": 0, "axis": "z", "origin": [7, 1.84, 8]},
			"faces": {
				"north": {"uv": [13, 13.5, 13.25, 13.75], "rotation": 270, "texture": "#0"},
				"east": {"uv": [0.25, 14.25, 0, 14], "texture": "#0"},
				"south": {"uv": [13.5, 13.5, 13.75, 13.75], "rotation": 90, "texture": "#0"},
				"west": {"uv": [14.25, 0, 14, 0.25], "rotation": 180, "texture": "#0"},
				"up": {"uv": [13.5, 12.5, 13.75, 12.75], "rotation": 90, "texture": "#0"},
				"down": {"uv": [13.5, 13, 13.75, 13.25], "rotation": 90, "texture": "#0"}
			}
		},
		{
			"from": [6.64, 2.796, 7.61],
			"to": [6.72, 3.516, 8.39],
			"rotation": {"angle": 0, "axis": "z", "origin": [7, 1.84, 8]},
			"faces": {
				"north": {"uv": [14, 0.5, 14.25, 0.75], "rotation": 270, "texture": "#0"},
				"east": {"uv": [1.75, 14.25, 1.5, 14], "texture": "#0"},
				"south": {"uv": [14, 1, 14.25, 1.25], "rotation": 90, "texture": "#0"},
				"west": {"uv": [14.25, 1.5, 14, 1.75], "rotation": 180, "texture": "#0"},
				"up": {"uv": [0.5, 14, 0.75, 14.25], "rotation": 90, "texture": "#0"},
				"down": {"uv": [1, 14, 1.25, 14.25], "rotation": 90, "texture": "#0"}
			}
		},
		{
			"from": [7.2, 2.796, 7.61],
			"to": [7.28, 3.516, 8.39],
			"rotation": {"angle": 0, "axis": "z", "origin": [7, 1.84, 8]},
			"faces": {
				"north": {"uv": [14, 2, 14.25, 2.25], "rotation": 270, "texture": "#0"},
				"east": {"uv": [3.25, 14.25, 3, 14], "texture": "#0"},
				"south": {"uv": [14, 2.5, 14.25, 2.75], "rotation": 90, "texture": "#0"},
				"west": {"uv": [14.25, 3, 14, 3.25], "rotation": 180, "texture": "#0"},
				"up": {"uv": [2, 14, 2.25, 14.25], "rotation": 90, "texture": "#0"},
				"down": {"uv": [2.5, 14, 2.75, 14.25], "rotation": 90, "texture": "#0"}
			}
		},
		{
			"from": [7.28, 2.796, 7.61],
			"to": [7.36, 3.516, 8.39],
			"rotation": {"angle": 0, "axis": "z", "origin": [7, 1.84, 8]},
			"faces": {
				"north": {"uv": [14, 3.5, 14.25, 3.75], "rotation": 270, "texture": "#0"},
				"east": {"uv": [4.75, 14.25, 4.5, 14], "texture": "#0"},
				"south": {"uv": [14, 4, 14.25, 4.25], "rotation": 90, "texture": "#0"},
				"west": {"uv": [14.25, 4.5, 14, 4.75], "rotation": 180, "texture": "#0"},
				"up": {"uv": [3.5, 14, 3.75, 14.25], "rotation": 90, "texture": "#0"},
				"down": {"uv": [4, 14, 4.25, 14.25], "rotation": 90, "texture": "#0"}
			}
		},
		{
			"from": [7.04, 2.796, 7.61],
			"to": [7.12, 3.516, 8.39],
			"rotation": {"angle": 0, "axis": "z", "origin": [7, 1.84, 8]},
			"faces": {
				"north": {"uv": [14, 5, 14.25, 5.25], "rotation": 270, "texture": "#0"},
				"east": {"uv": [6.25, 14.25, 6, 14], "texture": "#0"},
				"south": {"uv": [14, 5.5, 14.25, 5.75], "rotation": 90, "texture": "#0"},
				"west": {"uv": [14.25, 6, 14, 6.25], "rotation": 180, "texture": "#0"},
				"up": {"uv": [5, 14, 5.25, 14.25], "rotation": 90, "texture": "#0"},
				"down": {"uv": [5.5, 14, 5.75, 14.25], "rotation": 90, "texture": "#0"}
			}
		},
		{
			"from": [6.88, 2.796, 7.61],
			"to": [6.96, 3.516, 8.39],
			"rotation": {"angle": 0, "axis": "z", "origin": [7, 1.84, 8]},
			"faces": {
				"north": {"uv": [14, 6.5, 14.25, 6.75], "rotation": 270, "texture": "#0"},
				"east": {"uv": [7.75, 14.25, 7.5, 14], "texture": "#0"},
				"south": {"uv": [14, 7, 14.25, 7.25], "rotation": 90, "texture": "#0"},
				"west": {"uv": [14.25, 7.5, 14, 7.75], "rotation": 180, "texture": "#0"},
				"up": {"uv": [6.5, 14, 6.75, 14.25], "rotation": 90, "texture": "#0"},
				"down": {"uv": [7, 14, 7.25, 14.25], "rotation": 90, "texture": "#0"}
			}
		},
		{
			"from": [7.12, 3.196, 7.61],
			"to": [7.2, 3.516, 8.39],
			"rotation": {"angle": 0, "axis": "z", "origin": [7, 1.84, 8]},
			"faces": {
				"north": {"uv": [14, 8, 14.25, 8.25], "rotation": 270, "texture": "#0"},
				"east": {"uv": [9.25, 14.25, 9, 14], "texture": "#0"},
				"south": {"uv": [14, 8.5, 14.25, 8.75], "rotation": 90, "texture": "#0"},
				"west": {"uv": [14.25, 9, 14, 9.25], "rotation": 180, "texture": "#0"},
				"up": {"uv": [8, 14, 8.25, 14.25], "rotation": 90, "texture": "#0"},
				"down": {"uv": [8.5, 14, 8.75, 14.25], "rotation": 90, "texture": "#0"}
			}
		},
		{
			"from": [6.8, 3.196, 7.61],
			"to": [6.88, 3.516, 8.39],
			"rotation": {"angle": 0, "axis": "z", "origin": [7, 1.84, 8]},
			"faces": {
				"north": {"uv": [14, 9.5, 14.25, 9.75], "rotation": 270, "texture": "#0"},
				"east": {"uv": [10.75, 14.25, 10.5, 14], "texture": "#0"},
				"south": {"uv": [14, 10, 14.25, 10.25], "rotation": 90, "texture": "#0"},
				"west": {"uv": [14.25, 10.5, 14, 10.75], "rotation": 180, "texture": "#0"},
				"up": {"uv": [9.5, 14, 9.75, 14.25], "rotation": 90, "texture": "#0"},
				"down": {"uv": [10, 14, 10.25, 14.25], "rotation": 90, "texture": "#0"}
			}
		},
		{
			"from": [7.36, 1.916, 7.61],
			"to": [7.44, 2.556, 8.39],
			"rotation": {"angle": 0, "axis": "z", "origin": [7, 1.84, 8]},
			"faces": {
				"north": {"uv": [14, 11, 14.25, 11.25], "rotation": 270, "texture": "#0"},
				"east": {"uv": [12.25, 14.25, 12, 14], "texture": "#0"},
				"south": {"uv": [14, 11.5, 14.25, 11.75], "rotation": 90, "texture": "#0"},
				"west": {"uv": [14.25, 12, 14, 12.25], "rotation": 180, "texture": "#0"},
				"up": {"uv": [11, 14, 11.25, 14.25], "rotation": 90, "texture": "#0"},
				"down": {"uv": [11.5, 14, 11.75, 14.25], "rotation": 90, "texture": "#0"}
			}
		},
		{
			"from": [7.04, 1.996, 7.61],
			"to": [7.12, 2.636, 8.39],
			"rotation": {"angle": 0, "axis": "z", "origin": [7, 1.84, 8]},
			"faces": {
				"north": {"uv": [14, 12.5, 14.25, 12.75], "rotation": 270, "texture": "#0"},
				"east": {"uv": [13.75, 14.25, 13.5, 14], "texture": "#0"},
				"south": {"uv": [14, 13, 14.25, 13.25], "rotation": 90, "texture": "#0"},
				"west": {"uv": [14.25, 13.5, 14, 13.75], "rotation": 180, "texture": "#0"},
				"up": {"uv": [12.5, 14, 12.75, 14.25], "rotation": 90, "texture": "#0"},
				"down": {"uv": [13, 14, 13.25, 14.25], "rotation": 90, "texture": "#0"}
			}
		},
		{
			"from": [6.88, 1.916, 7.61],
			"to": [6.96, 2.556, 8.39],
			"rotation": {"angle": 0, "axis": "z", "origin": [7, 1.84, 8]},
			"faces": {
				"north": {"uv": [0, 14.5, 0.25, 14.75], "rotation": 270, "texture": "#0"},
				"east": {"uv": [14.75, 0.75, 14.5, 0.5], "texture": "#0"},
				"south": {"uv": [0.5, 14.5, 0.75, 14.75], "rotation": 90, "texture": "#0"},
				"west": {"uv": [1.25, 14.5, 1, 14.75], "rotation": 180, "texture": "#0"},
				"up": {"uv": [14, 14, 14.25, 14.25], "rotation": 90, "texture": "#0"},
				"down": {"uv": [14.5, 0, 14.75, 0.25], "rotation": 90, "texture": "#0"}
			}
		},
		{
			"from": [7.28, 1.916, 7.61],
			"to": [7.36, 2.636, 8.39],
			"rotation": {"angle": 0, "axis": "z", "origin": [7, 1.84, 8]},
			"faces": {
				"north": {"uv": [1.5, 14.5, 1.75, 14.75], "rotation": 270, "texture": "#0"},
				"east": {"uv": [14.75, 2.25, 14.5, 2], "texture": "#0"},
				"south": {"uv": [2, 14.5, 2.25, 14.75], "rotation": 90, "texture": "#0"},
				"west": {"uv": [2.75, 14.5, 2.5, 14.75], "rotation": 180, "texture": "#0"},
				"up": {"uv": [14.5, 1, 14.75, 1.25], "rotation": 90, "texture": "#0"},
				"down": {"uv": [14.5, 1.5, 14.75, 1.75], "rotation": 90, "texture": "#0"}
			}
		},
		{
			"from": [7.2, 1.916, 7.61],
			"to": [7.28, 2.636, 8.39],
			"rotation": {"angle": 0, "axis": "z", "origin": [7, 1.84, 8]},
			"faces": {
				"north": {"uv": [3, 14.5, 3.25, 14.75], "rotation": 270, "texture": "#0"},
				"east": {"uv": [14.75, 3.75, 14.5, 3.5], "texture": "#0"},
				"south": {"uv": [3.5, 14.5, 3.75, 14.75], "rotation": 90, "texture": "#0"},
				"west": {"uv": [4.25, 14.5, 4, 14.75], "rotation": 180, "texture": "#0"},
				"up": {"uv": [14.5, 2.5, 14.75, 2.75], "rotation": 90, "texture": "#0"},
				"down": {"uv": [14.5, 3, 14.75, 3.25], "rotation": 90, "texture": "#0"}
			}
		},
		{
			"from": [6.96, 1.916, 7.61],
			"to": [7.04, 2.636, 8.39],
			"rotation": {"angle": 0, "axis": "z", "origin": [7, 1.84, 8]},
			"faces": {
				"north": {"uv": [4.5, 14.5, 4.75, 14.75], "rotation": 270, "texture": "#0"},
				"east": {"uv": [14.75, 5.25, 14.5, 5], "texture": "#0"},
				"south": {"uv": [5, 14.5, 5.25, 14.75], "rotation": 90, "texture": "#0"},
				"west": {"uv": [5.75, 14.5, 5.5, 14.75], "rotation": 180, "texture": "#0"},
				"up": {"uv": [14.5, 4, 14.75, 4.25], "rotation": 90, "texture": "#0"},
				"down": {"uv": [14.5, 4.5, 14.75, 4.75], "rotation": 90, "texture": "#0"}
			}
		},
		{
			"from": [6.56, 1.916, 7.61],
			"to": [6.8, 2.636, 8.39],
			"rotation": {"angle": 0, "axis": "z", "origin": [7, 1.84, 8]},
			"faces": {
				"north": {"uv": [6, 14.5, 6.25, 14.75], "rotation": 270, "texture": "#0"},
				"east": {"uv": [14.75, 6.75, 14.5, 6.5], "texture": "#0"},
				"south": {"uv": [6.5, 14.5, 6.75, 14.75], "rotation": 90, "texture": "#0"},
				"west": {"uv": [7.25, 14.5, 7, 14.75], "rotation": 180, "texture": "#0"},
				"up": {"uv": [14.5, 5.5, 14.75, 5.75], "rotation": 90, "texture": "#0"},
				"down": {"uv": [14.5, 6, 14.75, 6.25], "rotation": 90, "texture": "#0"}
			}
		},
		{
			"from": [7.12, 2.316, 7.61],
			"to": [7.2, 2.636, 8.39],
			"rotation": {"angle": 0, "axis": "z", "origin": [7, 1.84, 8]},
			"faces": {
				"north": {"uv": [7.5, 14.5, 7.75, 14.75], "rotation": 270, "texture": "#0"},
				"east": {"uv": [14.75, 8.25, 14.5, 8], "texture": "#0"},
				"south": {"uv": [8, 14.5, 8.25, 14.75], "rotation": 90, "texture": "#0"},
				"west": {"uv": [8.75, 14.5, 8.5, 14.75], "rotation": 180, "texture": "#0"},
				"up": {"uv": [14.5, 7, 14.75, 7.25], "rotation": 90, "texture": "#0"},
				"down": {"uv": [14.5, 7.5, 14.75, 7.75], "rotation": 90, "texture": "#0"}
			}
		},
		{
			"from": [6.8, 1.916, 7.61],
			"to": [6.88, 2.236, 8.39],
			"rotation": {"angle": 0, "axis": "z", "origin": [7, 1.84, 8]},
			"faces": {
				"north": {"uv": [9, 14.5, 9.25, 14.75], "rotation": 270, "texture": "#0"},
				"east": {"uv": [14.75, 9.75, 14.5, 9.5], "texture": "#0"},
				"south": {"uv": [9.5, 14.5, 9.75, 14.75], "rotation": 90, "texture": "#0"},
				"west": {"uv": [10.25, 14.5, 10, 14.75], "rotation": 180, "texture": "#0"},
				"up": {"uv": [14.5, 8.5, 14.75, 8.75], "rotation": 90, "texture": "#0"},
				"down": {"uv": [14.5, 9, 14.75, 9.25], "rotation": 90, "texture": "#0"}
			}
		},
		{
			"from": [6.56, 1.036, 7.61],
			"to": [7.44, 1.356, 8.39],
			"rotation": {"angle": 0, "axis": "z", "origin": [7, 1.84, 8]},
			"faces": {
				"north": {"uv": [10.5, 14.5, 10.75, 14.75], "rotation": 270, "texture": "#0"},
				"east": {"uv": [14.75, 11.25, 14.5, 11], "texture": "#0"},
				"south": {"uv": [11, 14.5, 11.25, 14.75], "rotation": 90, "texture": "#0"},
				"west": {"uv": [11.75, 14.5, 11.5, 14.75], "rotation": 180, "texture": "#0"},
				"up": {"uv": [14.5, 10, 14.75, 10.25], "rotation": 90, "texture": "#0"},
				"down": {"uv": [14.5, 10.5, 14.75, 10.75], "rotation": 90, "texture": "#0"}
			}
		},
		{
			"from": [6.56, 1.436, 7.61],
			"to": [7.44, 1.756, 8.39],
			"rotation": {"angle": 0, "axis": "z", "origin": [7, 1.84, 8]},
			"faces": {
				"north": {"uv": [12, 14.5, 12.25, 14.75], "rotation": 270, "texture": "#0"},
				"east": {"uv": [14.75, 12.75, 14.5, 12.5], "texture": "#0"},
				"south": {"uv": [12.5, 14.5, 12.75, 14.75], "rotation": 90, "texture": "#0"},
				"west": {"uv": [13.25, 14.5, 13, 14.75], "rotation": 180, "texture": "#0"},
				"up": {"uv": [14.5, 11.5, 14.75, 11.75], "rotation": 90, "texture": "#0"},
				"down": {"uv": [14.5, 12, 14.75, 12.25], "rotation": 90, "texture": "#0"}
			}
		},
		{
			"from": [6.56, 1.356, 7.61],
			"to": [6.8, 1.436, 8.39],
			"rotation": {"angle": 0, "axis": "z", "origin": [7, 1.84, 8]},
			"faces": {
				"north": {"uv": [13.5, 14.5, 13.75, 14.75], "rotation": 270, "texture": "#0"},
				"east": {"uv": [14.75, 14.25, 14.5, 14], "texture": "#0"},
				"south": {"uv": [14, 14.5, 14.25, 14.75], "rotation": 90, "texture": "#0"},
				"west": {"uv": [14.75, 14.5, 14.5, 14.75], "rotation": 180, "texture": "#0"},
				"up": {"uv": [14.5, 13, 14.75, 13.25], "rotation": 90, "texture": "#0"},
				"down": {"uv": [14.5, 13.5, 14.75, 13.75], "rotation": 90, "texture": "#0"}
			}
		},
		{
			"from": [7.2, 1.356, 7.61],
			"to": [7.44, 1.436, 8.39],
			"rotation": {"angle": 0, "axis": "z", "origin": [7, 1.84, 8]},
			"faces": {
				"north": {"uv": [15, 0, 15.25, 0.25], "rotation": 270, "texture": "#0"},
				"east": {"uv": [1.25, 15.25, 1, 15], "texture": "#0"},
				"south": {"uv": [15, 0.5, 15.25, 0.75], "rotation": 90, "texture": "#0"},
				"west": {"uv": [15.25, 1, 15, 1.25], "rotation": 180, "texture": "#0"},
				"up": {"uv": [0, 15, 0.25, 15.25], "rotation": 90, "texture": "#0"},
				"down": {"uv": [0.5, 15, 0.75, 15.25], "rotation": 90, "texture": "#0"}
			}
		},
		{
			"from": [7.36, 0.164, 7.61],
			"to": [7.44, 0.804, 8.39],
			"rotation": {"angle": 0, "axis": "z", "origin": [7, 1.84, 8]},
			"faces": {
				"north": {"uv": [15, 1.5, 15.25, 1.75], "rotation": 270, "texture": "#0"},
				"east": {"uv": [2.75, 15.25, 2.5, 15], "texture": "#0"},
				"south": {"uv": [15, 2, 15.25, 2.25], "rotation": 90, "texture": "#0"},
				"west": {"uv": [15.25, 2.5, 15, 2.75], "rotation": 180, "texture": "#0"},
				"up": {"uv": [1.5, 15, 1.75, 15.25], "rotation": 90, "texture": "#0"},
				"down": {"uv": [2, 15, 2.25, 15.25], "rotation": 90, "texture": "#0"}
			}
		},
		{
			"from": [7.04, 0.244, 7.61],
			"to": [7.12, 0.884, 8.39],
			"rotation": {"angle": 0, "axis": "z", "origin": [7, 1.84, 8]},
			"faces": {
				"north": {"uv": [15, 3, 15.25, 3.25], "rotation": 270, "texture": "#0"},
				"east": {"uv": [4.25, 15.25, 4, 15], "texture": "#0"},
				"south": {"uv": [15, 3.5, 15.25, 3.75], "rotation": 90, "texture": "#0"},
				"west": {"uv": [15.25, 4, 15, 4.25], "rotation": 180, "texture": "#0"},
				"up": {"uv": [3, 15, 3.25, 15.25], "rotation": 90, "texture": "#0"},
				"down": {"uv": [3.5, 15, 3.75, 15.25], "rotation": 90, "texture": "#0"}
			}
		},
		{
			"from": [6.88, 0.164, 7.61],
			"to": [6.96, 0.804, 8.39],
			"rotation": {"angle": 0, "axis": "z", "origin": [7, 1.84, 8]},
			"faces": {
				"north": {"uv": [15, 4.5, 15.25, 4.75], "rotation": 270, "texture": "#0"},
				"east": {"uv": [5.75, 15.25, 5.5, 15], "texture": "#0"},
				"south": {"uv": [15, 5, 15.25, 5.25], "rotation": 90, "texture": "#0"},
				"west": {"uv": [15.25, 5.5, 15, 5.75], "rotation": 180, "texture": "#0"},
				"up": {"uv": [4.5, 15, 4.75, 15.25], "rotation": 90, "texture": "#0"},
				"down": {"uv": [5, 15, 5.25, 15.25], "rotation": 90, "texture": "#0"}
			}
		},
		{
			"from": [7.28, 0.164, 7.61],
			"to": [7.36, 0.884, 8.39],
			"rotation": {"angle": 0, "axis": "z", "origin": [7, 1.84, 8]},
			"faces": {
				"north": {"uv": [15, 6, 15.25, 6.25], "rotation": 270, "texture": "#0"},
				"east": {"uv": [7.25, 15.25, 7, 15], "texture": "#0"},
				"south": {"uv": [15, 6.5, 15.25, 6.75], "rotation": 90, "texture": "#0"},
				"west": {"uv": [15.25, 7, 15, 7.25], "rotation": 180, "texture": "#0"},
				"up": {"uv": [6, 15, 6.25, 15.25], "rotation": 90, "texture": "#0"},
				"down": {"uv": [6.5, 15, 6.75, 15.25], "rotation": 90, "texture": "#0"}
			}
		},
		{
			"from": [7.2, 0.164, 7.61],
			"to": [7.28, 0.884, 8.39],
			"rotation": {"angle": 0, "axis": "z", "origin": [7, 1.84, 8]},
			"faces": {
				"north": {"uv": [15, 7.5, 15.25, 7.75], "rotation": 270, "texture": "#0"},
				"east": {"uv": [8.75, 15.25, 8.5, 15], "texture": "#0"},
				"south": {"uv": [15, 8, 15.25, 8.25], "rotation": 90, "texture": "#0"},
				"west": {"uv": [15.25, 8.5, 15, 8.75], "rotation": 180, "texture": "#0"},
				"up": {"uv": [7.5, 15, 7.75, 15.25], "rotation": 90, "texture": "#0"},
				"down": {"uv": [8, 15, 8.25, 15.25], "rotation": 90, "texture": "#0"}
			}
		},
		{
			"from": [6.96, 0.164, 7.61],
			"to": [7.04, 0.884, 8.39],
			"rotation": {"angle": 0, "axis": "z", "origin": [7, 1.84, 8]},
			"faces": {
				"north": {"uv": [15, 9, 15.25, 9.25], "rotation": 270, "texture": "#0"},
				"east": {"uv": [10.25, 15.25, 10, 15], "texture": "#0"},
				"south": {"uv": [15, 9.5, 15.25, 9.75], "rotation": 90, "texture": "#0"},
				"west": {"uv": [15.25, 10, 15, 10.25], "rotation": 180, "texture": "#0"},
				"up": {"uv": [9, 15, 9.25, 15.25], "rotation": 90, "texture": "#0"},
				"down": {"uv": [9.5, 15, 9.75, 15.25], "rotation": 90, "texture": "#0"}
			}
		},
		{
			"from": [6.56, 0.164, 7.61],
			"to": [6.8, 0.884, 8.39],
			"rotation": {"angle": 0, "axis": "z", "origin": [7, 1.84, 8]},
			"faces": {
				"north": {"uv": [15, 10.5, 15.25, 10.75], "rotation": 270, "texture": "#0"},
				"east": {"uv": [11.75, 15.25, 11.5, 15], "texture": "#0"},
				"south": {"uv": [15, 11, 15.25, 11.25], "rotation": 90, "texture": "#0"},
				"west": {"uv": [15.25, 11.5, 15, 11.75], "rotation": 180, "texture": "#0"},
				"up": {"uv": [10.5, 15, 10.75, 15.25], "rotation": 90, "texture": "#0"},
				"down": {"uv": [11, 15, 11.25, 15.25], "rotation": 90, "texture": "#0"}
			}
		},
		{
			"from": [7.12, 0.564, 7.61],
			"to": [7.2, 0.884, 8.39],
			"rotation": {"angle": 0, "axis": "z", "origin": [7, 1.84, 8]},
			"faces": {
				"north": {"uv": [15, 12, 15.25, 12.25], "rotation": 270, "texture": "#0"},
				"east": {"uv": [13.25, 15.25, 13, 15], "texture": "#0"},
				"south": {"uv": [15, 12.5, 15.25, 12.75], "rotation": 90, "texture": "#0"},
				"west": {"uv": [15.25, 13, 15, 13.25], "rotation": 180, "texture": "#0"},
				"up": {"uv": [12, 15, 12.25, 15.25], "rotation": 90, "texture": "#0"},
				"down": {"uv": [12.5, 15, 12.75, 15.25], "rotation": 90, "texture": "#0"}
			}
		},
		{
			"from": [6.8, 0.164, 7.61],
			"to": [6.88, 0.484, 8.39],
			"rotation": {"angle": 0, "axis": "z", "origin": [7, 1.84, 8]},
			"faces": {
				"north": {"uv": [15, 13.5, 15.25, 13.75], "rotation": 270, "texture": "#0"},
				"east": {"uv": [14.75, 15.25, 14.5, 15], "texture": "#0"},
				"south": {"uv": [15, 14, 15.25, 14.25], "rotation": 90, "texture": "#0"},
				"west": {"uv": [15.25, 14.5, 15, 14.75], "rotation": 180, "texture": "#0"},
				"up": {"uv": [13.5, 15, 13.75, 15.25], "rotation": 90, "texture": "#0"},
				"down": {"uv": [14, 15, 14.25, 15.25], "rotation": 90, "texture": "#0"}
			}
		}
	],
	"display": {
		"thirdperson_righthand": {
			"rotation": [-90, 90, -180],
			"translation": [0.25, 0, -1.25],
			"scale": [0.5, 0.5, 0.5]
		},
		"thirdperson_lefthand": {
			"rotation": [-90, -90, -180],
			"translation": [-0.25, 0, -1.25],
			"scale": [0.5, 0.5, 0.5]
		},
		"firstperson_righthand": {
			"rotation": [145, 80, 0],
			"translation": [2.5, 3, 0],
			"scale": [0.75, 0.75, 0.75]
		},
		"firstperson_lefthand": {
			"rotation": [145, -100.5, 0],
			"translation": [2.5, 3, 0],
			"scale": [0.75, 0.75, 0.75]
		},
		"ground": {
			"translation": [0, 7.75, 0]
		},
		"gui": {
			"rotation": [-162.26, 21.83, 130.65],
			"translation": [-2, 1.75, 0],
			"scale": [1.5, 1.5, 1.5]
		},
		"head": {
			"rotation": [0, 180, 0],
			"translation": [0, 5.5, 0],
			"scale": [3, 3, 3]
		}
	},
	"groups": [
		{
			"name": "key_base",
			"origin": [8, 8, 8.5],
			"color": 0,
			"children": [
				{
					"name": "Ring",
					"origin": [8, 8, 8.5],
					"color": 0,
					"children": [
						{
							"name": "hexadecagon",
							"origin": [8, 8, 8.5],
							"color": 0,
							"children": [0, 1, 2, 3, 4, 5, 6, 7, 8, 9, 10, 11, 12, 13, 14, 15]
						}
					]
				},
				{
					"name": "Bottom",
					"origin": [8, 8, 8.5],
					"color": 0,
					"children": [16, 17, 18, 19]
				}
			]
		},
		{
			"name": "Rocket",
			"origin": [7.9875, 8, 7.775],
			"color": 0,
			"children": [20, 21, 22, 23, 24, 25, 26, 27, 28, 29, 30, 31, 32, 33, 34, 35, 36, 37, 38, 39, 40, 41, 42, 43, 44, 45, 46, 47, 48, 49, 50, 51, 52, 53, 54]
		},
		{
			"name": "2023",
			"origin": [8.38, 8, 9.8],
			"color": 0,
			"children": [
				{
					"name": "3",
					"origin": [9.88, 4.5, 14.3],
					"color": 0,
					"children": [55, 56, 57, 58, 59, 60, 61, 62, 63, 64, 65]
				},
				{
					"name": "2",
					"origin": [9.88, 4.5, 14.3],
					"color": 0,
					"children": [66, 67, 68, 69, 70, 71, 72, 73, 74]
				},
				{
					"name": "0",
					"origin": [-2.12, 6.5, 11.3],
					"color": 0,
					"children": [75, 76, 77, 78]
				},
				{
					"name": "2",
					"origin": [9.88, 4.5, 14.3],
					"color": 0,
					"children": [79, 80, 81, 82, 83, 84, 85, 86, 87]
				}
			]
		}
	]
}