{
	"credit": "Made with Blockbench",
	"texture_size": [128, 128],
	"textures": {
		"0": "minecraft:item/crates/monthly"
	},
	"elements": [
		{
			"from": [12, 0, 10],
			"to": [16, 4, 14],
			"faces": {
				"north": {"uv": [1, 7, 1.5, 7.5], "texture": "#0"},
				"east": {"uv": [1.5, 7, 2, 7.5], "texture": "#0"},
				"south": {"uv": [2, 7, 2.5, 7.5], "texture": "#0"},
				"west": {"uv": [7, 2, 7.5, 2.5], "texture": "#0"},
				"up": {"uv": [3, 7.5, 2.5, 7], "texture": "#0"},
				"down": {"uv": [7.5, 2.5, 7, 3], "texture": "#0"}
			}
		},
		{
			"from": [0, 0, 10],
			"to": [4, 4, 14],
			"faces": {
				"north": {"uv": [7, 3, 7.5, 3.5], "texture": "#0"},
				"east": {"uv": [7, 4.375, 7.5, 4.875], "texture": "#0"},
				"south": {"uv": [7, 4.875, 7.5, 5.375], "texture": "#0"},
				"west": {"uv": [7, 6.375, 7.5, 6.875], "texture": "#0"},
				"up": {"uv": [7.5, 7.375, 7, 6.875], "texture": "#0"},
				"down": {"uv": [3.5, 7.375, 3, 7.875], "texture": "#0"}
			}
		},
		{
			"from": [12, 0, 2],
			"to": [16, 4, 6],
			"faces": {
				"north": {"uv": [5, 7.375, 5.5, 7.875], "texture": "#0"},
				"east": {"uv": [5.5, 7.375, 6, 7.875], "texture": "#0"},
				"south": {"uv": [6, 7.375, 6.5, 7.875], "texture": "#0"},
				"west": {"uv": [6.5, 7.375, 7, 7.875], "texture": "#0"},
				"up": {"uv": [7.5, 7.875, 7, 7.375], "texture": "#0"},
				"down": {"uv": [0.5, 7.5, 0, 8], "texture": "#0"}
			}
		},
		{
			"from": [0, 0, 2],
			"to": [4, 4, 6],
			"faces": {
				"north": {"uv": [5, 6.875, 5.5, 7.375], "texture": "#0"},
				"east": {"uv": [5.5, 6.875, 6, 7.375], "texture": "#0"},
				"south": {"uv": [6, 6.875, 6.5, 7.375], "texture": "#0"},
				"west": {"uv": [6.5, 6.875, 7, 7.375], "texture": "#0"},
				"up": {"uv": [0.5, 7.5, 0, 7], "texture": "#0"},
				"down": {"uv": [1, 7, 0.5, 7.5], "texture": "#0"}
			}
		},
		{
			"from": [12, 6, 10],
			"to": [16, 10, 14],
			"faces": {
				"north": {"uv": [0.5, 7.5, 1, 8], "texture": "#0"},
				"east": {"uv": [1, 7.5, 1.5, 8], "texture": "#0"},
				"south": {"uv": [1.5, 7.5, 2, 8], "texture": "#0"},
				"west": {"uv": [2, 7.5, 2.5, 8], "texture": "#0"},
				"up": {"uv": [8, 2.5, 7.5, 2], "texture": "#0"},
				"down": {"uv": [3, 7.5, 2.5, 8], "texture": "#0"}
			}
		},
		{
			"from": [0, 6, 10],
			"to": [4, 10, 14],
			"faces": {
				"north": {"uv": [7.5, 2.5, 8, 3], "texture": "#0"},
				"east": {"uv": [7.5, 3, 8, 3.5], "texture": "#0"},
				"south": {"uv": [3.5, 7.5, 4, 8], "texture": "#0"},
				"west": {"uv": [4, 7.5, 4.5, 8], "texture": "#0"},
				"up": {"uv": [8, 4.875, 7.5, 4.375], "texture": "#0"},
				"down": {"uv": [5, 7.5, 4.5, 8], "texture": "#0"}
			}
		},
		{
			"from": [12, 6, 2],
			"to": [16, 10, 6],
			"faces": {
				"north": {"uv": [7.5, 4.875, 8, 5.375], "texture": "#0"},
				"east": {"uv": [7.5, 5.75, 8, 6.25], "texture": "#0"},
				"south": {"uv": [7.5, 6.25, 8, 6.75], "texture": "#0"},
				"west": {"uv": [7.5, 6.75, 8, 7.25], "texture": "#0"},
				"up": {"uv": [8, 7.75, 7.5, 7.25], "texture": "#0"},
				"down": {"uv": [8.25, 3.5, 7.75, 4], "texture": "#0"}
			}
		},
		{
			"from": [0, 6, 2],
			"to": [4, 10, 6],
			"faces": {
				"north": {"uv": [7.5, 7.75, 8, 8.25], "texture": "#0"},
				"east": {"uv": [3, 7.875, 3.5, 8.375], "texture": "#0"},
				"south": {"uv": [5, 7.875, 5.5, 8.375], "texture": "#0"},
				"west": {"uv": [5.5, 7.875, 6, 8.375], "texture": "#0"},
				"up": {"uv": [6.5, 8.375, 6, 7.875], "texture": "#0"},
				"down": {"uv": [7, 7.875, 6.5, 8.375], "texture": "#0"}
			}
		},
		{
			"from": [1, 1, 3],
			"to": [15, 3, 13],
			"faces": {
				"north": {"uv": [5.75, 5.875, 7.5, 6.125], "texture": "#0"},
				"east": {"uv": [2, 3.75, 3.25, 4], "texture": "#0"},
				"south": {"uv": [1, 6, 2.75, 6.25], "texture": "#0"},
				"west": {"uv": [6.75, 1.5, 8, 1.75], "texture": "#0"},
				"up": {"uv": [1.75, 1.25, 0, 0], "texture": "#0"},
				"down": {"uv": [1.75, 1.25, 0, 2.5], "texture": "#0"}
			}
		},
		{
			"from": [1, 7, 3],
			"to": [15, 9, 13],
			"faces": {
				"north": {"uv": [2.75, 6, 4.5, 6.25], "texture": "#0"},
				"east": {"uv": [1.75, 6.75, 3, 7], "texture": "#0"},
				"south": {"uv": [6, 3.875, 7.75, 4.125], "texture": "#0"},
				"west": {"uv": [6.75, 1.75, 8, 2], "texture": "#0"},
				"up": {"uv": [3.5, 1.25, 1.75, 0], "texture": "#0"},
				"down": {"uv": [3.5, 1.25, 1.75, 2.5], "texture": "#0"}
			}
		},
		{
			"from": [4, 9, 2],
			"to": [12, 10, 3],
			"faces": {
				"north": {"uv": [6, 4.375, 7, 4.5], "texture": "#0"},
				"east": {"uv": [4.5, 8.875, 4.625, 9], "texture": "#0"},
				"south": {"uv": [3.5, 6.25, 4.5, 6.375], "texture": "#0"},
				"west": {"uv": [4.75, 9, 4.875, 9.125], "texture": "#0"},
				"up": {"uv": [7.5, 5.875, 6.5, 5.75], "texture": "#0"},
				"down": {"uv": [8, 5.375, 7, 5.5], "texture": "#0"}
			}
		},
		{
			"from": [4, 0, 2],
			"to": [12, 1, 3],
			"faces": {
				"north": {"uv": [8.5, 4.375, 9.5, 4.5], "texture": "#0"},
				"east": {"uv": [4.75, 9.5, 4.875, 9.625], "texture": "#0"},
				"south": {"uv": [8.5, 4.5, 9.5, 4.625], "texture": "#0"},
				"west": {"uv": [9.5, 4.75, 9.625, 4.875], "texture": "#0"},
				"up": {"uv": [9.5, 4.75, 8.5, 4.625], "texture": "#0"},
				"down": {"uv": [9.5, 4.75, 8.5, 4.875], "texture": "#0"}
			}
		},
		{
			"from": [4, 9, 13],
			"to": [12, 10, 14],
			"faces": {
				"north": {"uv": [8.5, 4.875, 9.5, 5], "texture": "#0"},
				"east": {"uv": [4.875, 9.5, 5, 9.625], "texture": "#0"},
				"south": {"uv": [8.5, 5, 9.5, 5.125], "texture": "#0"},
				"west": {"uv": [9.5, 4.875, 9.625, 5], "texture": "#0"},
				"up": {"uv": [9.5, 5.25, 8.5, 5.125], "texture": "#0"},
				"down": {"uv": [9.5, 5.25, 8.5, 5.375], "texture": "#0"}
			}
		},
		{
			"from": [4, 0, 13],
			"to": [12, 1, 14],
			"faces": {
				"north": {"uv": [8.5, 5.375, 9.5, 5.5], "texture": "#0"},
				"east": {"uv": [5, 9.5, 5.125, 9.625], "texture": "#0"},
				"south": {"uv": [8.5, 5.75, 9.5, 5.875], "texture": "#0"},
				"west": {"uv": [9.5, 5, 9.625, 5.125], "texture": "#0"},
				"up": {"uv": [9.5, 6, 8.5, 5.875], "texture": "#0"},
				"down": {"uv": [9.5, 6, 8.5, 6.125], "texture": "#0"}
			}
		},
		{
			"from": [0, 9, 6],
			"to": [1, 10, 10],
			"faces": {
				"north": {"uv": [5.125, 9.5, 5.25, 9.625], "texture": "#0"},
				"east": {"uv": [5.5, 3.875, 6, 4], "texture": "#0"},
				"south": {"uv": [9.5, 5.125, 9.625, 5.25], "texture": "#0"},
				"west": {"uv": [8.5, 9.125, 9, 9.25], "texture": "#0"},
				"up": {"uv": [7.5, 9.375, 7.375, 8.875], "texture": "#0"},
				"down": {"uv": [3.375, 9.125, 3.25, 9.625], "texture": "#0"}
			}
		},
		{
			"from": [0, 0, 6],
			"to": [1, 1, 10],
			"faces": {
				"north": {"uv": [5.25, 9.5, 5.375, 9.625], "texture": "#0"},
				"east": {"uv": [9, 9.125, 9.5, 9.25], "texture": "#0"},
				"south": {"uv": [9.5, 5.25, 9.625, 5.375], "texture": "#0"},
				"west": {"uv": [0, 9.25, 0.5, 9.375], "texture": "#0"},
				"up": {"uv": [3.5, 9.625, 3.375, 9.125], "texture": "#0"},
				"down": {"uv": [6.75, 9.125, 6.625, 9.625], "texture": "#0"}
			}
		},
		{
			"from": [15, 9, 6],
			"to": [16, 10, 10],
			"faces": {
				"north": {"uv": [5.375, 9.5, 5.5, 9.625], "texture": "#0"},
				"east": {"uv": [9.25, 0, 9.75, 0.125], "texture": "#0"},
				"south": {"uv": [9.5, 5.375, 9.625, 5.5], "texture": "#0"},
				"west": {"uv": [9.25, 0.125, 9.75, 0.25], "texture": "#0"},
				"up": {"uv": [6.875, 9.625, 6.75, 9.125], "texture": "#0"},
				"down": {"uv": [9.375, 0.25, 9.25, 0.75], "texture": "#0"}
			}
		},
		{
			"from": [15, 0, 6],
			"to": [16, 1, 10],
			"faces": {
				"north": {"uv": [5.5, 9.5, 5.625, 9.625], "texture": "#0"},
				"east": {"uv": [9.25, 0.75, 9.75, 0.875], "texture": "#0"},
				"south": {"uv": [5.625, 9.5, 5.75, 9.625], "texture": "#0"},
				"west": {"uv": [9.25, 0.875, 9.75, 1], "texture": "#0"},
				"up": {"uv": [3.625, 9.75, 3.5, 9.25], "texture": "#0"},
				"down": {"uv": [3.75, 9.25, 3.625, 9.75], "texture": "#0"}
			}
		},
		{
			"from": [1, 4, 3],
			"to": [3, 6, 5],
			"faces": {
				"north": {"uv": [3.25, 3.75, 3.5, 4], "texture": "#0"},
				"east": {"uv": [1.75, 4.25, 2, 4.5], "texture": "#0"},
				"south": {"uv": [4.5, 6, 4.75, 6.25], "texture": "#0"},
				"west": {"uv": [7.75, 4, 8, 4.25], "texture": "#0"},
				"up": {"uv": [9.5, 1.25, 9.25, 1], "texture": "#0"},
				"down": {"uv": [4, 9.25, 3.75, 9.5], "texture": "#0"}
			}
		},
		{
			"from": [1, 4, 11],
			"to": [3, 6, 13],
			"faces": {
				"north": {"uv": [4.75, 9.25, 5, 9.5], "texture": "#0"},
				"east": {"uv": [5, 9.25, 5.25, 9.5], "texture": "#0"},
				"south": {"uv": [5.25, 9.25, 5.5, 9.5], "texture": "#0"},
				"west": {"uv": [5.5, 9.25, 5.75, 9.5], "texture": "#0"},
				"up": {"uv": [6, 9.5, 5.75, 9.25], "texture": "#0"},
				"down": {"uv": [6.25, 9.25, 6, 9.5], "texture": "#0"}
			}
		},
		{
			"from": [13, 4, 11],
			"to": [15, 6, 13],
			"faces": {
				"north": {"uv": [6.25, 9.25, 6.5, 9.5], "texture": "#0"},
				"east": {"uv": [7.5, 9.25, 7.75, 9.5], "texture": "#0"},
				"south": {"uv": [7.75, 9.25, 8, 9.5], "texture": "#0"},
				"west": {"uv": [8, 9.25, 8.25, 9.5], "texture": "#0"},
				"up": {"uv": [9.5, 8.375, 9.25, 8.125], "texture": "#0"},
				"down": {"uv": [8.5, 9.25, 8.25, 9.5], "texture": "#0"}
			}
		},
		{
			"from": [13, 4, 3],
			"to": [15, 6, 5],
			"faces": {
				"north": {"uv": [9.25, 8.375, 9.5, 8.625], "texture": "#0"},
				"east": {"uv": [8.5, 9.25, 8.75, 9.5], "texture": "#0"},
				"south": {"uv": [9.25, 8.625, 9.5, 8.875], "texture": "#0"},
				"west": {"uv": [8.75, 9.25, 9, 9.5], "texture": "#0"},
				"up": {"uv": [9.5, 9.125, 9.25, 8.875], "texture": "#0"},
				"down": {"uv": [9.25, 9.25, 9, 9.5], "texture": "#0"}
			}
		},
		{
			"from": [2, 3, 4],
			"to": [14, 7, 12],
			"faces": {
				"north": {"uv": [1.75, 5.5, 3.25, 6], "texture": "#0"},
				"east": {"uv": [0, 5.75, 1, 6.25], "texture": "#0"},
				"south": {"uv": [3.25, 5.5, 4.75, 6], "texture": "#0"},
				"west": {"uv": [4.75, 5.875, 5.75, 6.375], "texture": "#0"},
				"up": {"uv": [5, 1, 3.5, 0], "texture": "#0"},
				"down": {"uv": [5, 1, 3.5, 2], "texture": "#0"}
			}
		},
		{
			"from": [1, 10, 3],
			"to": [15, 10, 13],
			"faces": {
				"north": {"uv": [0, 0, 1.75, 0], "texture": "#0"},
				"east": {"uv": [0, 0, 1.25, 0], "texture": "#0"},
				"south": {"uv": [0, 0, 1.75, 0], "texture": "#0"},
				"west": {"uv": [0, 0, 1.25, 0], "texture": "#0"},
				"up": {"uv": [1.75, 3.75, 0, 2.5], "texture": "#0"},
				"down": {"uv": [3.5, 2.5, 1.75, 3.75], "texture": "#0"}
			}
		},
		{
			"name": "hexadecagon",
			"from": [1, 13.00544, 10],
			"to": [15, 14.99456, 14],
			"rotation": {"angle": -45, "axis": "x", "origin": [5, 14, 9]},
			"faces": {
				"north": {"uv": [6, 4.125, 7.75, 4.375], "texture": "#0"},
				"east": {"uv": [8.5, 6.125, 9, 6.375], "texture": "#0"},
				"south": {"uv": [5.75, 6.125, 7.5, 6.375], "texture": "#0"},
				"west": {"uv": [8.5, 6.375, 9, 6.625], "texture": "#0"},
				"up": {"uv": [1.75, 4.75, 0, 4.25], "texture": "#0"},
				"down": {"uv": [3.5, 4.5, 1.75, 5], "texture": "#0"}
			}
		},
		{
			"name": "hexadecagon",
			"from": [1, 13.00544, 10],
			"to": [15, 14.99456, 14],
			"rotation": {"angle": -22.5, "axis": "x", "origin": [5, 14, 9]},
			"faces": {
				"north": {"uv": [0, 6.25, 1.75, 6.5], "texture": "#0"},
				"east": {"uv": [8.5, 6.625, 9, 6.875], "texture": "#0"},
				"south": {"uv": [1.75, 6.25, 3.5, 6.5], "texture": "#0"},
				"west": {"uv": [8.5, 6.875, 9, 7.125], "texture": "#0"},
				"up": {"uv": [5.25, 5, 3.5, 4.5], "texture": "#0"},
				"down": {"uv": [1.75, 4.75, 0, 5.25], "texture": "#0"}
			}
		},
		{
			"name": "hexadecagon",
			"from": [1, 13.00544, 10],
			"to": [15, 14.99456, 14],
			"rotation": {"angle": 0, "axis": "x", "origin": [5, 14, 9]},
			"faces": {
				"north": {"uv": [3.5, 6.375, 5.25, 6.625], "texture": "#0"},
				"east": {"uv": [8.5, 7.125, 9, 7.375], "texture": "#0"},
				"south": {"uv": [5.25, 6.375, 7, 6.625], "texture": "#0"},
				"west": {"uv": [8.5, 7.375, 9, 7.625], "texture": "#0"},
				"up": {"uv": [6.75, 0.5, 5, 0], "texture": "#0"},
				"down": {"uv": [6.75, 0.5, 5, 1], "texture": "#0"}
			}
		},
		{
			"name": "hexadecagon",
			"from": [1, 12.50544, 10],
			"to": [15, 14.99456, 14],
			"rotation": {"angle": 22.5, "axis": "x", "origin": [5, 14, 9]},
			"faces": {
				"north": {"uv": [0, 6.5, 1.75, 6.75], "texture": "#0"},
				"east": {"uv": [8.5, 7.625, 9, 7.875], "texture": "#0"},
				"south": {"uv": [1.75, 6.5, 3.5, 6.75], "texture": "#0"},
				"west": {"uv": [8.5, 7.875, 9, 8.125], "texture": "#0"},
				"up": {"uv": [6.75, 1.5, 5, 1], "texture": "#0"},
				"down": {"uv": [6.75, 1.5, 5, 2], "texture": "#0"}
			}
		},
		{
			"name": "hexadecagon",
			"from": [1, 15, 8.00544],
			"to": [15, 19, 9.99456],
			"rotation": {"angle": -22.5, "axis": "x", "origin": [5, 14, 9]},
			"faces": {
				"north": {"uv": [1.75, 5, 3.5, 5.5], "texture": "#0"},
				"east": {"uv": [4.625, 8.5, 4.875, 9], "texture": "#0"},
				"south": {"uv": [3.5, 5, 5.25, 5.5], "texture": "#0"},
				"west": {"uv": [8.5, 8.125, 8.75, 8.625], "texture": "#0"},
				"up": {"uv": [8.25, 5.75, 6.5, 5.5], "texture": "#0"},
				"down": {"uv": [5.25, 6.625, 3.5, 6.875], "texture": "#0"}
			}
		},
		{
			"name": "hexadecagon",
			"from": [1, 15, 8.00544],
			"to": [15, 19, 9.99456],
			"rotation": {"angle": -45, "axis": "x", "origin": [5, 14, 9]},
			"faces": {
				"north": {"uv": [0, 5.25, 1.75, 5.75], "texture": "#0"},
				"east": {"uv": [8.5, 8.625, 8.75, 9.125], "texture": "#0"},
				"south": {"uv": [5.25, 2, 7, 2.5], "texture": "#0"},
				"west": {"uv": [8.75, 3.5, 9, 4], "texture": "#0"},
				"up": {"uv": [7, 6.875, 5.25, 6.625], "texture": "#0"},
				"down": {"uv": [1.75, 6.75, 0, 7], "texture": "#0"}
			}
		},
		{
			"name": "hexadecagon",
			"from": [1, 12.50544, 4],
			"to": [15, 14.99456, 10],
			"rotation": {"angle": 22.5, "axis": "x", "origin": [5, 14, 9]},
			"faces": {
				"north": {"uv": [6.75, 0, 8.5, 0.25], "texture": "#0"},
				"east": {"uv": [1, 5.75, 1.75, 6], "texture": "#0"},
				"south": {"uv": [6.75, 0.25, 8.5, 0.5], "texture": "#0"},
				"west": {"uv": [8.5, 0, 9.25, 0.25], "texture": "#0"},
				"up": {"uv": [5.25, 2.75, 3.5, 2], "texture": "#0"},
				"down": {"uv": [5.25, 2.75, 3.5, 3.5], "texture": "#0"}
			}
		},
		{
			"name": "hexadecagon",
			"from": [1, 15, 8.00544],
			"to": [15, 19, 9.99456],
			"rotation": {"angle": 0, "axis": "x", "origin": [5, 14, 9]},
			"faces": {
				"north": {"uv": [5.25, 2.5, 7, 3], "texture": "#0"},
				"east": {"uv": [7.5, 8.75, 7.75, 9.25], "texture": "#0"},
				"south": {"uv": [5.25, 3, 7, 3.5], "texture": "#0"},
				"west": {"uv": [7.75, 8.75, 8, 9.25], "texture": "#0"},
				"up": {"uv": [8.5, 0.75, 6.75, 0.5], "texture": "#0"},
				"down": {"uv": [8.5, 0.75, 6.75, 1], "texture": "#0"}
			}
		},
		{
			"name": "hexadecagon",
			"from": [1, 14.9, 8.00544],
			"to": [15, 19, 9.99456],
			"rotation": {"angle": 22.5, "axis": "x", "origin": [5, 14, 9]},
			"faces": {
				"north": {"uv": [5.25, 4.5, 7, 5], "texture": "#0"},
				"east": {"uv": [8, 8.75, 8.25, 9.25], "texture": "#0"},
				"south": {"uv": [5.25, 5, 7, 5.5], "texture": "#0"},
				"west": {"uv": [8.75, 8.125, 9, 8.625], "texture": "#0"},
				"up": {"uv": [8.5, 1.25, 6.75, 1], "texture": "#0"},
				"down": {"uv": [8.5, 1.25, 6.75, 1.5], "texture": "#0"}
			}
		},
		{
			"name": "hexadecagon",
			"from": [6, 11.42203, 1.58902],
			"to": [10, 13.80897, 2.58902],
			"rotation": {"angle": 22.5, "axis": "x", "origin": [13, 13.6155, 8.58902]},
			"faces": {
				"north": {"uv": [8.75, 8.625, 9.25, 8.875], "texture": "#0"},
				"east": {"uv": [2.625, 9.5, 2.75, 9.75], "texture": "#0"},
				"south": {"uv": [0.5, 8.875, 1, 9.125], "texture": "#0"},
				"west": {"uv": [9.5, 3.625, 9.625, 3.875], "texture": "#0"},
				"up": {"uv": [9.75, 9.375, 9.25, 9.25], "texture": "#0"},
				"down": {"uv": [0.5, 9.375, 0, 9.5], "texture": "#0"}
			}
		},
		{
			"name": "hexadecagon",
			"from": [0, 13.12913, 11.29613],
			"to": [4, 15.51608, 15.29613],
			"rotation": {"angle": -45, "axis": "x", "origin": [1, 14.32261, 9.29613]},
			"faces": {
				"north": {"uv": [1, 8.875, 1.5, 9.125], "texture": "#0"},
				"east": {"uv": [1.5, 8.875, 2, 9.125], "texture": "#0"},
				"south": {"uv": [2, 8.875, 2.5, 9.125], "texture": "#0"},
				"west": {"uv": [2.5, 8.875, 3, 9.125], "texture": "#0"},
				"up": {"uv": [7.5, 8.375, 7, 7.875], "texture": "#0"},
				"down": {"uv": [0.5, 8, 0, 8.5], "texture": "#0"}
			}
		},
		{
			"name": "hexadecagon",
			"from": [0, 13.12913, 11.29613],
			"to": [4, 15.51608, 15.29613],
			"rotation": {"angle": -22.5, "axis": "x", "origin": [1, 14.32261, 9.29613]},
			"faces": {
				"north": {"uv": [8.875, 2.5, 9.375, 2.75], "texture": "#0"},
				"east": {"uv": [8.875, 2.75, 9.375, 3], "texture": "#0"},
				"south": {"uv": [3, 8.875, 3.5, 9.125], "texture": "#0"},
				"west": {"uv": [8.875, 3, 9.375, 3.25], "texture": "#0"},
				"up": {"uv": [1, 8.5, 0.5, 8], "texture": "#0"},
				"down": {"uv": [1.5, 8, 1, 8.5], "texture": "#0"}
			}
		},
		{
			"name": "hexadecagon",
			"from": [0, 13.12913, 11.29613],
			"to": [4, 15.51608, 15.29613],
			"rotation": {"angle": 0, "axis": "x", "origin": [1, 14.32261, 9.29613]},
			"faces": {
				"north": {"uv": [8.875, 3.25, 9.375, 3.5], "texture": "#0"},
				"east": {"uv": [8.875, 4, 9.375, 4.25], "texture": "#0"},
				"south": {"uv": [4.875, 8.875, 5.375, 9.125], "texture": "#0"},
				"west": {"uv": [5.375, 8.875, 5.875, 9.125], "texture": "#0"},
				"up": {"uv": [2, 8.5, 1.5, 8], "texture": "#0"},
				"down": {"uv": [8.5, 1.5, 8, 2], "texture": "#0"}
			}
		},
		{
			"name": "hexadecagon",
			"from": [0, 16.42261, 8.10265],
			"to": [4, 20.32261, 10.4896],
			"rotation": {"angle": -22.5, "axis": "x", "origin": [1, 14.32261, 9.29613]},
			"faces": {
				"north": {"uv": [2, 8, 2.5, 8.5], "texture": "#0"},
				"east": {"uv": [8.25, 8.75, 8.5, 9.25], "texture": "#0"},
				"south": {"uv": [8, 2, 8.5, 2.5], "texture": "#0"},
				"west": {"uv": [4.25, 8.875, 4.5, 9.375], "texture": "#0"},
				"up": {"uv": [6.375, 9.125, 5.875, 8.875], "texture": "#0"},
				"down": {"uv": [6.875, 8.875, 6.375, 9.125], "texture": "#0"}
			}
		},
		{
			"name": "hexadecagon",
			"from": [0, 16.32261, 8.10265],
			"to": [4, 20.32261, 10.4896],
			"rotation": {"angle": 0, "axis": "x", "origin": [1, 14.32261, 9.29613]},
			"faces": {
				"north": {"uv": [2.5, 8, 3, 8.5], "texture": "#0"},
				"east": {"uv": [6.875, 8.875, 7.125, 9.375], "texture": "#0"},
				"south": {"uv": [8, 2.5, 8.5, 3], "texture": "#0"},
				"west": {"uv": [7.125, 8.875, 7.375, 9.375], "texture": "#0"},
				"up": {"uv": [9.25, 9.125, 8.75, 8.875], "texture": "#0"},
				"down": {"uv": [0.5, 9, 0, 9.25], "texture": "#0"}
			}
		},
		{
			"name": "hexadecagon",
			"from": [0, 16.32261, 8.10265],
			"to": [4, 20.32261, 10.4896],
			"rotation": {"angle": 22.5, "axis": "x", "origin": [1, 14.32261, 9.29613]},
			"faces": {
				"north": {"uv": [8, 3, 8.5, 3.5], "texture": "#0"},
				"east": {"uv": [9, 0.25, 9.25, 0.75], "texture": "#0"},
				"south": {"uv": [3.5, 8, 4, 8.5], "texture": "#0"},
				"west": {"uv": [9, 0.75, 9.25, 1.25], "texture": "#0"},
				"up": {"uv": [9.5, 1.5, 9, 1.25], "texture": "#0"},
				"down": {"uv": [9.5, 1.5, 9, 1.75], "texture": "#0"}
			}
		},
		{
			"name": "hexadecagon",
			"from": [12, 12.12913, 3.29613],
			"to": [16, 15.51608, 7.29613],
			"rotation": {"angle": 45, "axis": "x", "origin": [13, 14.32261, 9.29613]},
			"faces": {
				"north": {"uv": [7.25, 3.5, 7.75, 3.875], "texture": "#0"},
				"east": {"uv": [8.5, 0.25, 9, 0.625], "texture": "#0"},
				"south": {"uv": [0.5, 8.5, 1, 8.875], "texture": "#0"},
				"west": {"uv": [8.5, 0.625, 9, 1], "texture": "#0"},
				"up": {"uv": [4.5, 8.5, 4, 8], "texture": "#0"},
				"down": {"uv": [8.5, 4, 8, 4.5], "texture": "#0"}
			}
		},
		{
			"name": "hexadecagon",
			"from": [0, 12.12913, 3.29613],
			"to": [4, 15.51608, 7.04613],
			"rotation": {"angle": 45, "axis": "x", "origin": [13, 14.32261, 9.29613]},
			"faces": {
				"north": {"uv": [1, 8.5, 1.5, 8.875], "texture": "#0"},
				"east": {"uv": [8.5, 1, 9, 1.375], "texture": "#0"},
				"south": {"uv": [8.5, 1.375, 9, 1.75], "texture": "#0"},
				"west": {"uv": [1.5, 8.5, 2, 8.875], "texture": "#0"},
				"up": {"uv": [5, 8.5, 4.5, 8], "texture": "#0"},
				"down": {"uv": [8.5, 4.5, 8, 5], "texture": "#0"}
			}
		},
		{
			"name": "hexadecagon",
			"from": [15, 11.42203, 2.58902],
			"to": [16, 14.80897, 6.58902],
			"rotation": {"angle": 22.5, "axis": "x", "origin": [13, 13.6155, 8.58902]},
			"faces": {
				"north": {"uv": [4.875, 8.5, 5, 8.875], "texture": "#0"},
				"east": {"uv": [8.5, 1.75, 9, 2.125], "texture": "#0"},
				"south": {"uv": [3.125, 9.375, 3.25, 9.75], "texture": "#0"},
				"west": {"uv": [2, 8.5, 2.5, 8.875], "texture": "#0"},
				"up": {"uv": [6.625, 9.75, 6.5, 9.25], "texture": "#0"},
				"down": {"uv": [9.5, 0.25, 9.375, 0.75], "texture": "#0"}
			}
		},
		{
			"name": "hexadecagon",
			"from": [0, 11.42203, 2.58902],
			"to": [1, 14.80897, 6.58902],
			"rotation": {"angle": 22.5, "axis": "x", "origin": [13, 13.6155, 8.58902]},
			"faces": {
				"north": {"uv": [7.375, 9.375, 7.5, 9.75], "texture": "#0"},
				"east": {"uv": [8.5, 2.125, 9, 2.5], "texture": "#0"},
				"south": {"uv": [9.5, 0.375, 9.625, 0.75], "texture": "#0"},
				"west": {"uv": [2.5, 8.5, 3, 8.875], "texture": "#0"},
				"up": {"uv": [0.875, 9.875, 0.75, 9.375], "texture": "#0"},
				"down": {"uv": [1, 9.375, 0.875, 9.875], "texture": "#0"}
			}
		},
		{
			"name": "hexadecagon",
			"from": [1, 11.42203, 2.58902],
			"to": [15, 14.80897, 3.58902],
			"rotation": {"angle": 22.5, "axis": "x", "origin": [13, 13.6155, 8.58902]},
			"faces": {
				"north": {"uv": [5.5, 3.5, 7.25, 3.875], "texture": "#0"},
				"east": {"uv": [1, 9.5, 1.125, 9.875], "texture": "#0"},
				"south": {"uv": [4.75, 5.5, 6.5, 5.875], "texture": "#0"},
				"west": {"uv": [9.5, 1, 9.625, 1.375], "texture": "#0"},
				"up": {"uv": [10, 5.625, 8.25, 5.5], "texture": "#0"},
				"down": {"uv": [10, 5.625, 8.25, 5.75], "texture": "#0"}
			}
		},
		{
			"name": "hexadecagon",
			"from": [15, 11.42203, 6.58902],
			"to": [16, 12.80897, 10.98902],
			"rotation": {"angle": 22.5, "axis": "x", "origin": [13, 13.6155, 8.58902]},
			"faces": {
				"north": {"uv": [5.75, 9.5, 5.875, 9.625], "texture": "#0"},
				"east": {"uv": [1, 9.375, 1.5, 9.5], "texture": "#0"},
				"south": {"uv": [9.5, 5.75, 9.625, 5.875], "texture": "#0"},
				"west": {"uv": [2.25, 9.375, 2.75, 9.5], "texture": "#0"},
				"up": {"uv": [1.625, 9.875, 1.5, 9.375], "texture": "#0"},
				"down": {"uv": [1.75, 9.375, 1.625, 9.875], "texture": "#0"}
			}
		},
		{
			"name": "hexadecagon",
			"from": [0, 11.42203, 6.58902],
			"to": [1, 12.80897, 10.98902],
			"rotation": {"angle": 22.5, "axis": "x", "origin": [13, 13.6155, 8.58902]},
			"faces": {
				"north": {"uv": [5.875, 9.5, 6, 9.625], "texture": "#0"},
				"east": {"uv": [9.375, 2.5, 9.875, 2.625], "texture": "#0"},
				"south": {"uv": [9.5, 5.875, 9.625, 6], "texture": "#0"},
				"west": {"uv": [9.375, 2.625, 9.875, 2.75], "texture": "#0"},
				"up": {"uv": [2.875, 9.875, 2.75, 9.375], "texture": "#0"},
				"down": {"uv": [9.5, 2.75, 9.375, 3.25], "texture": "#0"}
			}
		},
		{
			"name": "hexadecagon",
			"from": [12, 13.12913, 11.29613],
			"to": [16, 15.51608, 15.29613],
			"rotation": {"angle": -45, "axis": "x", "origin": [13, 14.32261, 9.29613]},
			"faces": {
				"north": {"uv": [9, 1.75, 9.5, 2], "texture": "#0"},
				"east": {"uv": [9, 2, 9.5, 2.25], "texture": "#0"},
				"south": {"uv": [9, 2.25, 9.5, 2.5], "texture": "#0"},
				"west": {"uv": [3.5, 9, 4, 9.25], "texture": "#0"},
				"up": {"uv": [8.5, 5.5, 8, 5], "texture": "#0"},
				"down": {"uv": [8.5, 5.75, 8, 6.25], "texture": "#0"}
			}
		},
		{
			"name": "hexadecagon",
			"from": [12, 13.12913, 11.29613],
			"to": [16, 15.51608, 15.29613],
			"rotation": {"angle": -22.5, "axis": "x", "origin": [13, 14.32261, 9.29613]},
			"faces": {
				"north": {"uv": [9, 3.5, 9.5, 3.75], "texture": "#0"},
				"east": {"uv": [9, 3.75, 9.5, 4], "texture": "#0"},
				"south": {"uv": [9, 6.125, 9.5, 6.375], "texture": "#0"},
				"west": {"uv": [9, 6.375, 9.5, 6.625], "texture": "#0"},
				"up": {"uv": [8.5, 6.75, 8, 6.25], "texture": "#0"},
				"down": {"uv": [8.5, 6.75, 8, 7.25], "texture": "#0"}
			}
		},
		{
			"name": "hexadecagon",
			"from": [12, 13.12913, 11.29613],
			"to": [16, 15.51608, 15.29613],
			"rotation": {"angle": 0, "axis": "x", "origin": [13, 14.32261, 9.29613]},
			"faces": {
				"north": {"uv": [9, 6.625, 9.5, 6.875], "texture": "#0"},
				"east": {"uv": [9, 6.875, 9.5, 7.125], "texture": "#0"},
				"south": {"uv": [9, 7.125, 9.5, 7.375], "texture": "#0"},
				"west": {"uv": [9, 7.375, 9.5, 7.625], "texture": "#0"},
				"up": {"uv": [8.5, 7.75, 8, 7.25], "texture": "#0"},
				"down": {"uv": [8.5, 7.75, 8, 8.25], "texture": "#0"}
			}
		},
		{
			"name": "hexadecagon",
			"from": [0, 11.21, 11.29613],
			"to": [16, 15.515, 15.29613],
			"rotation": {"angle": 22.5, "axis": "x", "origin": [13, 14.32261, 9.29613]},
			"faces": {
				"north": {"uv": [3.5, 3.5, 5.5, 4], "texture": "#0"},
				"east": {"uv": [8.25, 3.5, 8.75, 4], "texture": "#0"},
				"south": {"uv": [0, 3.75, 2, 4.25], "texture": "#0"},
				"west": {"uv": [7.5, 8.25, 8, 8.75], "texture": "#0"},
				"up": {"uv": [4, 4.5, 2, 4], "texture": "#0"},
				"down": {"uv": [6, 4, 4, 4.5], "texture": "#0"}
			}
		},
		{
			"name": "hexadecagon",
			"from": [12, 16.32261, 8.10265],
			"to": [16, 20.32261, 10.4896],
			"rotation": {"angle": -22.5, "axis": "x", "origin": [13, 14.32261, 9.29613]},
			"faces": {
				"north": {"uv": [8, 8.25, 8.5, 8.75], "texture": "#0"},
				"east": {"uv": [4, 9, 4.25, 9.5], "texture": "#0"},
				"south": {"uv": [3, 8.375, 3.5, 8.875], "texture": "#0"},
				"west": {"uv": [4.5, 9, 4.75, 9.5], "texture": "#0"},
				"up": {"uv": [9.5, 7.875, 9, 7.625], "texture": "#0"},
				"down": {"uv": [9.5, 7.875, 9, 8.125], "texture": "#0"}
			}
		},
		{
			"name": "hexadecagon",
			"from": [12, 16.32261, 8.10265],
			"to": [16, 20.32261, 10.4896],
			"rotation": {"angle": 0, "axis": "x", "origin": [13, 14.32261, 9.29613]},
			"faces": {
				"north": {"uv": [5, 8.375, 5.5, 8.875], "texture": "#0"},
				"east": {"uv": [9, 8.125, 9.25, 8.625], "texture": "#0"},
				"south": {"uv": [5.5, 8.375, 6, 8.875], "texture": "#0"},
				"west": {"uv": [0.5, 9.125, 0.75, 9.625], "texture": "#0"},
				"up": {"uv": [1.25, 9.375, 0.75, 9.125], "texture": "#0"},
				"down": {"uv": [1.75, 9.125, 1.25, 9.375], "texture": "#0"}
			}
		},
		{
			"name": "hexadecagon",
			"from": [12, 16.32261, 8.10265],
			"to": [16, 20.32261, 10.4896],
			"rotation": {"angle": 22.5, "axis": "x", "origin": [13, 14.32261, 9.29613]},
			"faces": {
				"north": {"uv": [6, 8.375, 6.5, 8.875], "texture": "#0"},
				"east": {"uv": [1.75, 9.125, 2, 9.625], "texture": "#0"},
				"south": {"uv": [6.5, 8.375, 7, 8.875], "texture": "#0"},
				"west": {"uv": [2, 9.125, 2.25, 9.625], "texture": "#0"},
				"up": {"uv": [2.75, 9.375, 2.25, 9.125], "texture": "#0"},
				"down": {"uv": [3.25, 9.125, 2.75, 9.375], "texture": "#0"}
			}
		},
		{
			"from": [19, 10, 10],
			"to": [21, 12, 11],
			"rotation": {"angle": -45, "axis": "y", "origin": [24, -2, 0]},
			"faces": {
				"north": {"uv": [2.875, 9.375, 3.125, 9.625], "texture": "#0"},
				"east": {"uv": [3.75, 9.5, 3.875, 9.75], "texture": "#0"},
				"south": {"uv": [9.375, 3.25, 9.625, 3.5], "texture": "#0"},
				"west": {"uv": [3.875, 9.5, 4, 9.75], "texture": "#0"},
				"up": {"uv": [4.75, 6.375, 4.5, 6.25], "texture": "#0"},
				"down": {"uv": [8, 4.25, 7.75, 4.375], "texture": "#0"}
			}
		},
		{
			"from": [19.25, 10.25, 9],
			"to": [20.75, 11.75, 10],
			"rotation": {"angle": -45, "axis": "y", "origin": [24, -2, 0]},
			"faces": {
				"north": {"uv": [9.375, 4, 9.625, 4.25], "texture": "#0"},
				"east": {"uv": [4, 9.5, 4.125, 9.75], "texture": "#0"},
				"south": {"uv": [4.25, 9.375, 4.5, 9.625], "texture": "#0"},
				"west": {"uv": [4.125, 9.5, 4.25, 9.75], "texture": "#0"},
				"up": {"uv": [9.75, 4, 9.5, 3.875], "texture": "#0"},
				"down": {"uv": [9.75, 4.25, 9.5, 4.375], "texture": "#0"}
			}
		},
		{
			"from": [19.25, 10.5, 11],
			"to": [19.75, 11.5, 11.75],
			"rotation": {"angle": -45, "axis": "y", "origin": [24, -2, 0]},
			"faces": {
				"north": {"uv": [6, 9.5, 6.125, 9.625], "texture": "#0"},
				"east": {"uv": [9.5, 6, 9.625, 6.125], "texture": "#0"},
				"south": {"uv": [6.125, 9.5, 6.25, 9.625], "texture": "#0"},
				"west": {"uv": [9.5, 6.125, 9.625, 6.25], "texture": "#0"},
				"up": {"uv": [6.375, 9.625, 6.25, 9.5], "texture": "#0"},
				"down": {"uv": [9.625, 6.25, 9.5, 6.375], "texture": "#0"}
			}
		},
		{
			"from": [20.25, 10.5, 11],
			"to": [20.75, 11.5, 11.75],
			"rotation": {"angle": -45, "axis": "y", "origin": [24, -2, 0]},
			"faces": {
				"north": {"uv": [6.375, 9.5, 6.5, 9.625], "texture": "#0"},
				"east": {"uv": [9.5, 6.375, 9.625, 6.5], "texture": "#0"},
				"south": {"uv": [9.5, 6.5, 9.625, 6.625], "texture": "#0"},
				"west": {"uv": [9.5, 6.625, 9.625, 6.75], "texture": "#0"},
				"up": {"uv": [9.625, 6.875, 9.5, 6.75], "texture": "#0"},
				"down": {"uv": [7, 9.5, 6.875, 9.625], "texture": "#0"}
			}
		},
		{
			"from": [19.25, 10.5, 11.75],
			"to": [20.75, 11.5, 12.25],
			"rotation": {"angle": -45, "axis": "y", "origin": [24, -2, 0]},
			"faces": {
				"north": {"uv": [9.5, 4.375, 9.75, 4.5], "texture": "#0"},
				"east": {"uv": [9.5, 6.875, 9.625, 7], "texture": "#0"},
				"south": {"uv": [4.5, 9.5, 4.75, 9.625], "texture": "#0"},
				"west": {"uv": [7, 9.5, 7.125, 9.625], "texture": "#0"},
				"up": {"uv": [9.75, 4.625, 9.5, 4.5], "texture": "#0"},
				"down": {"uv": [9.75, 4.625, 9.5, 4.75], "texture": "#0"}
			}
		},
		{
			"from": [2, 5.1, 1.9],
			"to": [6, 10.1, 6],
			"faces": {
				"north": {"uv": [3, 6.75, 3.5, 7.375], "texture": "#0"},
				"east": {"uv": [3.5, 6.875, 4, 7.5], "texture": "#0"},
				"south": {"uv": [4, 6.875, 4.5, 7.5], "texture": "#0"},
				"west": {"uv": [4.5, 6.875, 5, 7.5], "texture": "#0"},
				"up": {"uv": [7.5, 8.875, 7, 8.375], "texture": "#0"},
				"down": {"uv": [0.5, 8.5, 0, 9], "texture": "#0"}
			}
		},
		{
			"from": [8, 10, -4],
			"to": [11, 11, -1],
			"rotation": {"angle": -45, "axis": "y", "origin": [0, 0, 0]},
			"faces": {
				"north": {"uv": [1.125, 9.5, 1.5, 9.625], "texture": "#0"},
				"east": {"uv": [9.5, 1.375, 9.875, 1.5], "texture": "#0"},
				"south": {"uv": [9.5, 1.5, 9.875, 1.625], "texture": "#0"},
				"west": {"uv": [9.5, 1.625, 9.875, 1.75], "texture": "#0"},
				"up": {"uv": [8.875, 4.375, 8.5, 4], "texture": "#0"},
				"down": {"uv": [4.625, 8.5, 4.25, 8.875], "texture": "#0"}
			}
		},
		{
			"from": [11, 10, -3],
			"to": [14, 11, 0],
			"rotation": {"angle": -45, "axis": "y", "origin": [0, 0, 0]},
			"faces": {
				"north": {"uv": [1.125, 9.5, 1.5, 9.625], "texture": "#0"},
				"east": {"uv": [9.5, 1.375, 9.875, 1.5], "texture": "#0"},
				"south": {"uv": [9.5, 1.5, 9.875, 1.625], "texture": "#0"},
				"west": {"uv": [9.5, 1.625, 9.875, 1.75], "texture": "#0"},
				"up": {"uv": [8.875, 4.375, 8.5, 4], "texture": "#0"},
				"down": {"uv": [4.625, 8.5, 4.25, 8.875], "texture": "#0"}
			}
		},
		{
			"from": [8, 10, 1],
			"to": [11, 11, 4],
			"rotation": {"angle": -45, "axis": "y", "origin": [0, 0, 0]},
			"faces": {
				"north": {"uv": [1.125, 9.5, 1.5, 9.625], "texture": "#0"},
				"east": {"uv": [9.5, 1.375, 9.875, 1.5], "texture": "#0"},
				"south": {"uv": [9.5, 1.5, 9.875, 1.625], "texture": "#0"},
				"west": {"uv": [9.5, 1.625, 9.875, 1.75], "texture": "#0"},
				"up": {"uv": [8.875, 4.375, 8.5, 4], "texture": "#0"},
				"down": {"uv": [4.625, 8.5, 4.25, 8.875], "texture": "#0"}
			}
		},
		{
			"from": [6, 11, 5],
			"to": [9, 12, 8],
			"faces": {
				"north": {"uv": [1.125, 9.5, 1.5, 9.625], "texture": "#0"},
				"east": {"uv": [9.5, 1.375, 9.875, 1.5], "texture": "#0"},
				"south": {"uv": [9.5, 1.5, 9.875, 1.625], "texture": "#0"},
				"west": {"uv": [9.5, 1.625, 9.875, 1.75], "texture": "#0"},
				"up": {"uv": [8.875, 4.375, 8.5, 4], "texture": "#0"},
				"down": {"uv": [4.625, 8.5, 4.25, 8.875], "texture": "#0"}
			}
		},
		{
			"from": [6, 11, 10],
			"to": [9, 12, 13],
			"rotation": {"angle": 22.5, "axis": "y", "origin": [0, 0, 0]},
			"faces": {
				"north": {"uv": [1.125, 9.5, 1.5, 9.625], "texture": "#0"},
				"east": {"uv": [9.5, 1.375, 9.875, 1.5], "texture": "#0"},
				"south": {"uv": [9.5, 1.5, 9.875, 1.625], "texture": "#0"},
				"west": {"uv": [9.5, 1.625, 9.875, 1.75], "texture": "#0"},
				"up": {"uv": [8.875, 4.375, 8.5, 4], "texture": "#0"},
				"down": {"uv": [4.625, 8.5, 4.25, 8.875], "texture": "#0"}
			}
		},
		{
			"from": [0, 10, 5],
			"to": [3, 11, 8],
			"faces": {
				"north": {"uv": [1.125, 9.5, 1.5, 9.625], "texture": "#0"},
				"east": {"uv": [9.5, 1.375, 9.875, 1.5], "texture": "#0"},
				"south": {"uv": [9.5, 1.5, 9.875, 1.625], "texture": "#0"},
				"west": {"uv": [9.5, 1.625, 9.875, 1.75], "texture": "#0"},
				"up": {"uv": [8.875, 4.375, 8.5, 4], "texture": "#0"},
				"down": {"uv": [4.625, 8.5, 4.25, 8.875], "texture": "#0"}
			}
		},
		{
			"from": [12, 10, 7],
			"to": [15, 11, 10],
			"faces": {
				"north": {"uv": [1.125, 9.5, 1.5, 9.625], "texture": "#0"},
				"east": {"uv": [9.5, 1.375, 9.875, 1.5], "texture": "#0"},
				"south": {"uv": [9.5, 1.5, 9.875, 1.625], "texture": "#0"},
				"west": {"uv": [9.5, 1.625, 9.875, 1.75], "texture": "#0"},
				"up": {"uv": [8.875, 4.375, 8.5, 4], "texture": "#0"},
				"down": {"uv": [4.625, 8.5, 4.25, 8.875], "texture": "#0"}
			}
		},
		{
			"from": [-2, 11, 6],
			"to": [-1, 12, 9],
			"rotation": {"angle": 45, "axis": "y", "origin": [0, 0, 0]},
			"faces": {
				"north": {"uv": [7.125, 9.5, 7.25, 9.625], "texture": "#0"},
				"east": {"uv": [9.5, 1.75, 9.875, 1.875], "texture": "#0"},
				"south": {"uv": [9.5, 7, 9.625, 7.125], "texture": "#0"},
				"west": {"uv": [9.5, 1.875, 9.875, 2], "texture": "#0"},
				"up": {"uv": [9.875, 2.125, 9.5, 2], "rotation": 90, "texture": "#0"},
				"down": {"uv": [9.875, 2.125, 9.5, 2.25], "rotation": 270, "texture": "#0"}
			}
		},
		{
			"from": [-4, 11, 6],
			"to": [-3, 12, 9],
			"rotation": {"angle": 45, "axis": "y", "origin": [0, 0, 0]},
			"faces": {
				"north": {"uv": [7.25, 9.5, 7.375, 9.625], "texture": "#0"},
				"east": {"uv": [2.25, 9.5, 2.625, 9.625], "texture": "#0"},
				"south": {"uv": [9.5, 7.125, 9.625, 7.25], "texture": "#0"},
				"west": {"uv": [9.5, 2.25, 9.875, 2.375], "texture": "#0"},
				"up": {"uv": [9.875, 2.5, 9.5, 2.375], "rotation": 90, "texture": "#0"},
				"down": {"uv": [9.875, 2.75, 9.5, 2.875], "rotation": 270, "texture": "#0"}
			}
		},
		{
			"from": [-3, 11, 8],
			"to": [-2, 12, 9],
			"rotation": {"angle": 45, "axis": "y", "origin": [0, 0, 0]},
			"faces": {
				"north": {"uv": [9.5, 7.5, 9.625, 7.625], "texture": "#0"},
				"east": {"uv": [9.5, 7.25, 9.625, 7.375], "texture": "#0"},
				"south": {"uv": [9.5, 7.375, 9.625, 7.5], "texture": "#0"},
				"west": {"uv": [7.5, 9.5, 7.625, 9.625], "texture": "#0"},
				"up": {"uv": [7.75, 9.625, 7.625, 9.5], "rotation": 90, "texture": "#0"},
				"down": {"uv": [9.625, 7.625, 9.5, 7.75], "rotation": 270, "texture": "#0"}
			}
		},
		{
			"from": [-3, 11, 2],
			"to": [-2, 12, 7],
			"rotation": {"angle": 45, "axis": "y", "origin": [0, 0, 0]},
			"faces": {
				"north": {"uv": [9.5, 7.75, 9.625, 7.875], "texture": "#0"},
				"east": {"uv": [8.875, 4.25, 9.5, 4.375], "texture": "#0"},
				"south": {"uv": [7.75, 9.5, 7.875, 9.625], "texture": "#0"},
				"west": {"uv": [4.75, 9.125, 5.375, 9.25], "texture": "#0"},
				"up": {"uv": [6, 9.25, 5.375, 9.125], "rotation": 90, "texture": "#0"},
				"down": {"uv": [6.625, 9.125, 6, 9.25], "rotation": 270, "texture": "#0"}
			}
		},
		{
			"from": [-2, 11, 2],
			"to": [-1, 12, 3],
			"rotation": {"angle": 45, "axis": "y", "origin": [0, 0, 0]},
			"faces": {
				"north": {"uv": [9.5, 8, 9.625, 8.125], "texture": "#0"},
				"east": {"uv": [7.875, 9.5, 8, 9.625], "texture": "#0"},
				"south": {"uv": [9.5, 7.875, 9.625, 8], "texture": "#0"},
				"west": {"uv": [8, 9.5, 8.125, 9.625], "texture": "#0"},
				"up": {"uv": [8.25, 9.625, 8.125, 9.5], "rotation": 90, "texture": "#0"},
				"down": {"uv": [9.625, 8.125, 9.5, 8.25], "rotation": 270, "texture": "#0"}
			}
		},
		{
			"from": [-2, 11, 4],
			"to": [-1, 12, 5],
			"rotation": {"angle": 45, "axis": "y", "origin": [0, 0, 0]},
			"faces": {
				"north": {"uv": [9.5, 8.375, 9.625, 8.5], "texture": "#0"},
				"east": {"uv": [8.25, 9.5, 8.375, 9.625], "texture": "#0"},
				"south": {"uv": [9.5, 8.25, 9.625, 8.375], "texture": "#0"},
				"west": {"uv": [8.375, 9.5, 8.5, 9.625], "texture": "#0"},
				"up": {"uv": [8.625, 9.625, 8.5, 9.5], "rotation": 90, "texture": "#0"},
				"down": {"uv": [9.625, 8.5, 9.5, 8.625], "rotation": 270, "texture": "#0"}
			}
		},
		{
			"name": "hexadecagon",
			"from": [12, 11.71, 11.79613],
			"to": [15, 12.71, 15.79613],
			"rotation": {"angle": 22.5, "axis": "x", "origin": [13, 14.32261, 9.29613]},
			"faces": {
				"north": {"uv": [9.5, 2.875, 9.875, 3], "texture": "#0"},
				"east": {"uv": [6.875, 9.375, 7.375, 9.5], "texture": "#0"},
				"south": {"uv": [9.5, 3, 9.875, 3.125], "texture": "#0"},
				"west": {"uv": [9.25, 9.375, 9.75, 9.5], "texture": "#0"},
				"up": {"uv": [8.875, 3, 8.5, 2.5], "texture": "#0"},
				"down": {"uv": [8.875, 3, 8.5, 3.5], "texture": "#0"}
			}
		},
		{
			"name": "hexadecagon",
			"from": [1, 11.71, 11.79613],
			"to": [4, 12.71, 15.79613],
			"rotation": {"angle": 22.5, "axis": "x", "origin": [13, 14.32261, 9.29613]},
			"faces": {
				"north": {"uv": [9.5, 3.125, 9.875, 3.25], "texture": "#0"},
				"east": {"uv": [0, 9.5, 0.5, 9.625], "texture": "#0"},
				"south": {"uv": [9.5, 3.5, 9.875, 3.625], "texture": "#0"},
				"west": {"uv": [9.5, 0.25, 10, 0.375], "texture": "#0"},
				"up": {"uv": [3.875, 9, 3.5, 8.5], "texture": "#0"},
				"down": {"uv": [4.25, 8.5, 3.875, 9], "texture": "#0"}
			}
		}
	],
	"display": {
		"thirdperson_righthand": {
			"rotation": [0, 145, 0],
			"translation": [0.25, 2, 0.75],
			"scale": [0.25, 0.25, 0.25]
		},
		"thirdperson_lefthand": {
			"rotation": [0, 145, 0],
			"translation": [0.25, 2, 0.75],
			"scale": [0.25, 0.25, 0.25]
		},
		"firstperson_righthand": {
			"rotation": [0, 145, 0],
			"translation": [2.75, 3.25, -3.25],
			"scale": [0.5, 0.5, 0.5]
		},
		"firstperson_lefthand": {
			"rotation": [0, 145, 0],
			"translation": [2.75, 3.25, -3.25],
			"scale": [0.5, 0.5, 0.5]
		},
		"ground": {
			"translation": [0, 0.25, 0],
			"scale": [0.5, 0.5, 0.5]
		},
		"gui": {
			"rotation": [45, 145, 0],
			"translation": [-0.5, 0, 0],
			"scale": [0.6, 0.6, 0.6]
		}
	},
	"groups": [
		{
			"name": "Monthly Crate",
			"origin": [8, 8, 8],
			"color": 0,
			"children": [
				{
					"name": "Corners",
					"origin": [8, 8, 8],
					"color": 0,
					"children": [
						{
							"name": "Layer",
							"origin": [8, 8, 8],
							"color": 0,
							"children": [0, 1, 2, 3]
						},
						{
							"name": "Layer",
							"origin": [8, 8, 8],
							"color": 0,
							"children": [4, 5, 6, 7]
						}
					]
				},
				{
					"name": "Frame",
					"origin": [8, 8, 8],
					"color": 0,
					"children": [8, 9, 10, 11, 12, 13, 14, 15, 16, 17, 18, 19, 20, 21]
				},
				{
					"name": "Inside",
					"origin": [8, 8, 8],
					"color": 0,
					"children": [22, 23,
						{
							"name": "hexadecagon",
							"origin": [8, 8, 8],
							"color": 0,
							"children": [24, 25, 26, 27, 28, 29, 30, 31, 32]
						}
					]
				},
				{
					"name": "Lock",
					"origin": [8, 8, 8],
					"color": 0,
					"children": [33]
				},
				{
					"name": "Cover",
					"origin": [8, 8, 8],
					"color": 0,
					"children": [
						{
							"name": "hexadecagon",
							"origin": [8, 8, 8],
							"color": 0,
							"children": [34, 35, 36, 37, 38, 39]
						},
						{
							"name": "hexadecagon",
							"origin": [8, 8, 8],
							"color": 0,
							"children": [40, 41, 42, 43, 44, 45, 46, 47, 48, 49, 50, 51, 52, 53]
						}
					]
				},
				{
					"name": "Loot",
					"origin": [8, 8, 8],
					"color": 0,
					"children": [
						{
							"name": "Ring",
							"origin": [8, 8, 8],
							"color": 0,
							"children": [54, 55, 56, 57, 58]
						},
						{
							"name": "Necklace",
							"origin": [8, 8, 8],
							"color": 0,
							"children": [59]
						},
						{
							"name": "Gems",
							"origin": [8, 8, 8],
							"color": 0,
							"children": [60, 61, 62, 63, 64, 65, 66]
						},
						{
							"name": "Key",
							"origin": [8, 8, 8],
							"color": 0,
							"children": [67, 68, 69, 70, 71, 72]
						}
					]
				},
				{
					"name": "Hinges",
					"origin": [8, 8, 8],
					"color": 0,
					"children": [73, 74]
				}
			]
		}
	]
}