{
  "texture_size": [32, 32],
  "textures": {
    "3": "item/omnitool/poseidon"
  },
  "elements": [
		{
			"from": [7, -3.25, 7],
			"to": [9, 11.25, 9],
			"rotation": {"angle": 0, "axis": "y", "origin": [8, 6, 8]},
			"faces": {
				"north": {"uv": [4, 8.5, 5, 16], "texture": "#3"},
				"east": {"uv": [5, 8.5, 6, 16], "texture": "#3"},
				"south": {"uv": [6, 8.5, 7, 16], "texture": "#3"},
				"west": {"uv": [7, 8.5, 8, 16], "texture": "#3"},
				"up": {"uv": [11, 6, 10, 5], "texture": "#3"},
				"down": {"uv": [13, 7.5, 12, 8.5], "texture": "#3"}
			}
		},
		{
			"from": [6.75, -2.3, 6.75],
			"to": [9.25, -1.3, 9.25],
			"rotation": {"angle": 0, "axis": "y", "origin": [0, -3.55, 0]},
			"faces": {
				"north": {"uv": [12.5, 10.5, 14, 11], "texture": "#3"},
				"east": {"uv": [12.5, 11, 14, 11.5], "texture": "#3"},
				"south": {"uv": [12.5, 11.5, 14, 12], "texture": "#3"},
				"west": {"uv": [12.5, 12, 14, 12.5], "texture": "#3"},
				"up": {"uv": [12.5, 1.5, 11, 0], "texture": "#3"},
				"down": {"uv": [2.5, 11, 1, 12.5], "texture": "#3"}
			}
		},
		{
			"from": [6.75, 5, 6.75],
			"to": [9.25, 6, 9.25],
			"rotation": {"angle": 0, "axis": "y", "origin": [0, 3.75, 0]},
			"faces": {
				"north": {"uv": [12.5, 12.5, 14, 13], "texture": "#3"},
				"east": {"uv": [13, 7.5, 14.5, 8], "texture": "#3"},
				"south": {"uv": [8, 13, 9.5, 13.5], "texture": "#3"},
				"west": {"uv": [13, 8, 14.5, 8.5], "texture": "#3"},
				"up": {"uv": [12.5, 3, 11, 1.5], "texture": "#3"},
				"down": {"uv": [4, 11, 2.5, 12.5], "texture": "#3"}
			}
		},
		{
			"from": [7.5, -1.8, 6.85],
			"to": [8.5, -0.8, 9.15],
			"rotation": {"angle": 45, "axis": "z", "origin": [8, -1.3, 8]},
			"faces": {
				"north": {"uv": [13, 13.5, 13.5, 14], "texture": "#3"},
				"east": {"uv": [13.5, 6.5, 14.5, 7], "texture": "#3"},
				"south": {"uv": [13.5, 13.5, 14, 14], "texture": "#3"},
				"west": {"uv": [13.5, 7, 14.5, 7.5], "texture": "#3"},
				"up": {"uv": [14, 9.5, 13.5, 8.5], "texture": "#3"},
				"down": {"uv": [9.5, 13.5, 9, 14.5], "texture": "#3"}
			}
		},
		{
			"from": [6.75, 10.35, 6.75],
			"to": [9.25, 11.35, 9.25],
			"rotation": {"angle": 0, "axis": "y", "origin": [8, 10.6, 8]},
			"faces": {
				"north": {"uv": [9.5, 13, 11, 13.5], "texture": "#3"},
				"east": {"uv": [11, 13, 12.5, 13.5], "texture": "#3"},
				"south": {"uv": [12.5, 13, 14, 13.5], "texture": "#3"},
				"west": {"uv": [13.5, 3, 15, 3.5], "texture": "#3"},
				"up": {"uv": [12.5, 4.5, 11, 3], "texture": "#3"},
				"down": {"uv": [12.5, 4.5, 11, 6], "texture": "#3"}
			}
		},
		{
			"from": [6.75, 15.85, 6.75],
			"to": [9.25, 16.85, 9.25],
			"rotation": {"angle": 0, "axis": "y", "origin": [8, 16.1, 8]},
			"faces": {
				"north": {"uv": [13.5, 3.5, 15, 4], "texture": "#3"},
				"east": {"uv": [13.5, 4, 15, 4.5], "texture": "#3"},
				"south": {"uv": [13.5, 4.5, 15, 5], "texture": "#3"},
				"west": {"uv": [13.5, 5, 15, 5.5], "texture": "#3"},
				"up": {"uv": [12.5, 10, 11, 8.5], "texture": "#3"},
				"down": {"uv": [12.5, 10, 11, 11.5], "texture": "#3"}
			}
		},
		{
			"from": [7.75, 16.85, 7.25],
			"to": [8.25, 19.85, 8.75],
			"rotation": {"angle": 0, "axis": "y", "origin": [8, 17.1, 8]},
			"faces": {
				"north": {"uv": [0, 13.5, 0.5, 15], "texture": "#3"},
				"east": {"uv": [12.5, 3, 13.5, 4.5], "texture": "#3"},
				"south": {"uv": [0.5, 13.5, 1, 15], "texture": "#3"},
				"west": {"uv": [12.5, 4.5, 13.5, 6], "texture": "#3"},
				"up": {"uv": [10, 14.5, 9.5, 13.5], "texture": "#3"},
				"down": {"uv": [14, 9.5, 13.5, 10.5], "texture": "#3"}
			}
		},
		{
			"from": [7.5, 18.6, 7.5],
			"to": [8.5, 19.6, 8.5],
			"rotation": {"angle": -45, "axis": "z", "origin": [8, 19.1, 8]},
			"faces": {
				"north": {"uv": [14, 0, 14.5, 0.5], "texture": "#3"},
				"east": {"uv": [14, 0.5, 14.5, 1], "texture": "#3"},
				"south": {"uv": [1, 14, 1.5, 14.5], "texture": "#3"},
				"west": {"uv": [14, 1, 14.5, 1.5], "texture": "#3"},
				"up": {"uv": [2, 14.5, 1.5, 14], "texture": "#3"},
				"down": {"uv": [14.5, 1.5, 14, 2], "texture": "#3"}
			}
		},
		{
			"from": [6.75, 12.1, 6.75],
			"to": [9.25, 15.1, 9.25],
			"rotation": {"angle": 0, "axis": "y", "origin": [8, 12.35, 8]},
			"faces": {
				"north": {"uv": [11, 11.5, 12.5, 13], "texture": "#3"},
				"east": {"uv": [12, 6, 13.5, 7.5], "texture": "#3"},
				"south": {"uv": [12.5, 0, 14, 1.5], "texture": "#3"},
				"west": {"uv": [1, 12.5, 2.5, 14], "texture": "#3"},
				"up": {"uv": [14, 3, 12.5, 1.5], "texture": "#3"},
				"down": {"uv": [4, 12.5, 2.5, 14], "texture": "#3"}
			}
		},
		{
			"from": [7.32322, 9.92322, 6.85],
			"to": [8.32322, 10.92322, 9.15],
			"rotation": {"angle": 45, "axis": "z", "origin": [8, 10.6, 8]},
			"faces": {
				"north": {"uv": [2, 14, 2.5, 14.5], "texture": "#3"},
				"east": {"uv": [10, 13.5, 11, 14], "texture": "#3"},
				"south": {"uv": [14, 2, 14.5, 2.5], "texture": "#3"},
				"west": {"uv": [11, 13.5, 12, 14], "texture": "#3"},
				"up": {"uv": [12.5, 14.5, 12, 13.5], "texture": "#3"},
				"down": {"uv": [13, 13.5, 12.5, 14.5], "texture": "#3"}
			}
		},
		{
			"from": [7.32322, 13.17322, 6.6],
			"to": [8.32322, 14.17322, 9.4],
			"rotation": {"angle": 45, "axis": "z", "origin": [8, 13.85, 8]},
			"faces": {
				"north": {"uv": [2.5, 14, 3, 14.5], "texture": "#3"},
				"east": {"uv": [13.5, 5.5, 15, 6], "texture": "#3"},
				"south": {"uv": [14, 2.5, 14.5, 3], "texture": "#3"},
				"west": {"uv": [13.5, 6, 15, 6.5], "texture": "#3"},
				"up": {"uv": [8.5, 15, 8, 13.5], "texture": "#3"},
				"down": {"uv": [9, 13.5, 8.5, 15], "texture": "#3"}
			}
		},
		{
			"from": [7.25, 11.35, 7.25],
			"to": [8.75, 15.85, 8.75],
			"rotation": {"angle": 0, "axis": "y", "origin": [8, 11.6, 8]},
			"faces": {
				"north": {"uv": [10, 0, 11, 2.5], "texture": "#3"},
				"east": {"uv": [10, 2.5, 11, 5], "texture": "#3"},
				"south": {"uv": [8, 10.5, 9, 13], "texture": "#3"},
				"west": {"uv": [9, 10.5, 10, 13], "texture": "#3"},
				"up": {"uv": [13.5, 9.5, 12.5, 8.5], "texture": "#3"},
				"down": {"uv": [13.5, 9.5, 12.5, 10.5], "texture": "#3"}
			}
		},
		{
			"from": [7, 16.6, 8],
			"to": [9, 21.1, 8],
			"rotation": {"angle": 0, "axis": "y", "origin": [8, 16.85, 7.25]},
			"faces": {
				"north": {"uv": [10, 10.5, 11, 13], "texture": "#3"},
				"east": {"uv": [0, 0, 0, 2.5], "texture": "#3"},
				"south": {"uv": [0, 11, 1, 13.5], "texture": "#3"},
				"west": {"uv": [0, 0, 0, 2.5], "texture": "#3"},
				"up": {"uv": [1, 0, 0, 0], "texture": "#3"},
				"down": {"uv": [1, 0, 0, 0], "texture": "#3"}
			}
		},
		{
			"from": [6.85, 18.1, 8],
			"to": [9.35, 21.45, 8],
			"rotation": {"angle": 45, "axis": "z", "origin": [7.875, 19.225, 8]},
			"faces": {
				"north": {"uv": [8, 8.5, 9.5, 10.5], "texture": "#3"},
				"east": {"uv": [0, 0, 0, 2], "texture": "#3"},
				"south": {"uv": [9.5, 8.5, 11, 10.5], "texture": "#3"},
				"west": {"uv": [0, 0, 0, 2], "texture": "#3"},
				"up": {"uv": [1.5, 0, 0, 0], "texture": "#3"},
				"down": {"uv": [1.5, 0, 0, 0], "texture": "#3"}
			}
		},
		{
			"from": [8.75, 12.35, 8],
			"to": [18.25, 17.85, 8],
			"rotation": {"angle": 0, "axis": "y", "origin": [8.75, 13.6, 8]},
			"faces": {
				"north": {"uv": [0, 0, 5, 3], "texture": "#3"},
				"east": {"uv": [0, 0, 0, 3], "texture": "#3"},
				"south": {"uv": [0, 3, 5, 6], "texture": "#3"},
				"west": {"uv": [0, 0, 0, 3], "texture": "#3"},
				"up": {"uv": [5, 0, 0, 0], "texture": "#3"},
				"down": {"uv": [5, 0, 0, 0], "texture": "#3"}
			}
		},
		{
			"from": [8, 9.35, 8],
			"to": [15.5, 13.85, 8],
			"rotation": {"angle": -22.5, "axis": "z", "origin": [8, 11.85, 8]},
			"faces": {
				"north": {"uv": [0, 6, 4, 8.5], "texture": "#3"},
				"east": {"uv": [0, 0, 0, 2.5], "texture": "#3"},
				"south": {"uv": [4, 6, 8, 8.5], "texture": "#3"},
				"west": {"uv": [0, 0, 0, 2.5], "texture": "#3"},
				"up": {"uv": [4, 0, 0, 0], "texture": "#3"},
				"down": {"uv": [4, 0, 0, 0], "texture": "#3"}
			}
		},
		{
			"from": [0.5, 9.35, 8],
			"to": [8, 13.85, 8],
			"rotation": {"angle": 22.5, "axis": "z", "origin": [8, 11.85, 8]},
			"faces": {
				"north": {"uv": [8, 6, 12, 8.5], "texture": "#3"},
				"east": {"uv": [0, 0, 0, 2.5], "texture": "#3"},
				"south": {"uv": [0, 8.5, 4, 11], "texture": "#3"},
				"west": {"uv": [0, 0, 0, 2.5], "texture": "#3"},
				"up": {"uv": [4, 0, 0, 0], "texture": "#3"},
				"down": {"uv": [4, 0, 0, 0], "texture": "#3"}
			}
		},
		{
			"from": [-2.25, 12.35, 8],
			"to": [7.25, 17.85, 8],
			"rotation": {"angle": 0, "axis": "y", "origin": [7.25, 13.6, 8]},
			"faces": {
				"north": {"uv": [5, 0, 10, 3], "texture": "#3"},
				"east": {"uv": [0, 0, 0, 3], "texture": "#3"},
				"south": {"uv": [5, 3, 10, 6], "texture": "#3"},
				"west": {"uv": [0, 0, 0, 3], "texture": "#3"},
				"up": {"uv": [5, 0, 0, 0], "texture": "#3"},
				"down": {"uv": [5, 0, 0, 0], "texture": "#3"}
			}
		}
	],
	"display": {
		"thirdperson_righthand": {
			"rotation": [0, 92, 0],
			"translation": [0, 1, 0.5],
			"scale": [0.59805, 0.59805, 0.59805]
		},
		"thirdperson_lefthand": {
			"rotation": [0, 92, 0],
			"translation": [0, 1, 0.5],
			"scale": [0.59805, 0.59805, 0.59805]
		},
		"firstperson_righthand": {
			"rotation": [-173.25, -87.75, 176.25],
			"translation": [1.13, 1.2, 0.13],
			"scale": [0.68, 0.68, 0.68]
		},
		"firstperson_lefthand": {
			"rotation": [-173.25, -87.75, 176.25],
			"translation": [1.13, 1.2, 0.13],
			"scale": [0.68, 0.68, 0.68]
		},
		"ground": {
			"rotation": [90, 0, 90],
			"translation": [0, -4, 0],
			"scale": [0.3, 0.3, 0.3]
		},
		"gui": {
			"rotation": [0, 0, -42],
			"translation": [-1, -0.25, -0.25],
			"scale": [0.5, 0.5, 0.5]
		},
		"fixed": {
			"rotation": [0, 0, 44.25],
			"translation": [1.5, -1.5, -0.25],
			"scale": [0.5, 0.5, 0.5]
		}
	},
	"groups": [
		{
			"name": "poseidons pick",
			"origin": [8.75, 8.1, 8],
			"color": 0,
			"nbt": "{}",
			"armAnimationEnabled": false,
			"children": [0, 1, 2, 3, 4, 5, 6, 7, 8, 9, 10, 11, 12, 13, 14, 15, 16, 17]
		}
	]
}