{
	"credit": "Made with Blockbench",
	"texture_size": [256, 256],
	"textures": {
		"0": "item/drills/drill_netherite"
	},
	"elements": [
		{
			"from": [4, 1.75, 0.25],
			"to": [10, 12.75, 20.25],
			"rotation": {"angle": 22.5, "axis": "z", "origin": [4, 0, 9]},
			"faces": {
				"north": {"uv": [6.875, 3.8125, 7.25, 4.5], "texture": "#0"},
				"east": {"uv": [5.625, 3.8125, 6.875, 4.5], "texture": "#0"},
				"south": {"uv": [8.5, 3.8125, 8.875, 4.5], "texture": "#0"},
				"west": {"uv": [7.25, 3.8125, 8.5, 4.5], "texture": "#0"},
				"up": {"uv": [7.25, 3.8125, 6.875, 2.5625], "texture": "#0"},
				"down": {"uv": [7.625, 2.5625, 7.25, 3.8125], "texture": "#0"}
			}
		},
		{
			"from": [4, 8, 0],
			"to": [12, 17, 19],
			"rotation": {"angle": 0, "axis": "y", "origin": [4, 0, 9]},
			"faces": {
				"north": {"uv": [1.25, 6.875, 1.75, 7.4375], "texture": "#0"},
				"east": {"uv": [0.0625, 6.875, 1.25, 7.4375], "texture": "#0"},
				"south": {"uv": [2.9375, 6.875, 3.4375, 7.4375], "texture": "#0"},
				"west": {"uv": [1.75, 6.875, 2.9375, 7.4375], "texture": "#0"},
				"up": {"uv": [1.75, 6.875, 1.25, 5.6875], "texture": "#0"},
				"down": {"uv": [2.25, 5.6875, 1.75, 6.875], "texture": "#0"}
			}
		},
		{
			"from": [2.02656, 6.81181, 0],
			"to": [6.02656, 15.81181, 19],
			"rotation": {"angle": 22.5, "axis": "z", "origin": [2.02656, 11.31181, 9.5]},
			"faces": {
				"north": {"uv": [6.5625, 7.5, 6.8125, 8.0625], "texture": "#0"},
				"east": {"uv": [5.375, 7.5, 6.5625, 8.0625], "texture": "#0"},
				"south": {"uv": [8, 7.5, 8.25, 8.0625], "texture": "#0"},
				"west": {"uv": [6.8125, 7.5, 8, 8.0625], "texture": "#0"},
				"up": {"uv": [6.8125, 7.5, 6.5625, 6.3125], "texture": "#0"},
				"down": {"uv": [7.0625, 6.3125, 6.8125, 7.5], "texture": "#0"}
			}
		},
		{
			"from": [6, 1.75, 0.25],
			"to": [12, 12.75, 20.25],
			"rotation": {"angle": -22.5, "axis": "z", "origin": [12, 0, 9]},
			"faces": {
				"north": {"uv": [7.25, 3.8125, 6.875, 4.5], "texture": "#0"},
				"east": {"uv": [8.5, 3.8125, 7.25, 4.5], "texture": "#0"},
				"south": {"uv": [8.875, 3.8125, 8.5, 4.5], "texture": "#0"},
				"west": {"uv": [6.875, 3.8125, 5.625, 4.5], "texture": "#0"},
				"up": {"uv": [6.875, 3.8125, 7.25, 2.5625], "texture": "#0"},
				"down": {"uv": [7.25, 2.5625, 7.625, 3.8125], "texture": "#0"}
			}
		},
		{
			"from": [9.97344, 6.81181, 0],
			"to": [13.97344, 15.81181, 19],
			"rotation": {"angle": -22.5, "axis": "z", "origin": [13.97344, 11.31181, 9.5]},
			"faces": {
				"north": {"uv": [6.8125, 7.5, 6.5625, 8.0625], "texture": "#0"},
				"east": {"uv": [8, 7.5, 6.8125, 8.0625], "texture": "#0"},
				"south": {"uv": [8.25, 7.5, 8, 8.0625], "texture": "#0"},
				"west": {"uv": [6.5625, 7.5, 5.375, 8.0625], "texture": "#0"},
				"up": {"uv": [6.5625, 7.5, 6.8125, 6.3125], "texture": "#0"},
				"down": {"uv": [6.8125, 6.3125, 7.0625, 7.5], "texture": "#0"}
			}
		},
		{
			"from": [3, 11, 3.5],
			"to": [13, 21, 9.5],
			"rotation": {"angle": 22.5, "axis": "x", "origin": [8, 17.5, 3.5]},
			"faces": {
				"north": {"uv": [8.0625, 9.125, 8.6875, 9.75], "texture": "#0"},
				"east": {"uv": [7.6875, 9.125, 8.0625, 9.75], "texture": "#0"},
				"south": {"uv": [9.0625, 9.125, 9.6875, 9.75], "texture": "#0"},
				"west": {"uv": [8.6875, 9.125, 9.0625, 9.75], "texture": "#0"},
				"up": {"uv": [8.6875, 9.125, 8.0625, 8.75], "texture": "#0"},
				"down": {"uv": [9.3125, 8.75, 8.6875, 9.125], "texture": "#0"}
			}
		},
		{
			"from": [2, 11, 5],
			"to": [14, 21, 13],
			"rotation": {"angle": 0, "axis": "y", "origin": [8, 17.5, 3.5]},
			"faces": {
				"north": {"uv": [8.25, 5, 9, 5.625], "texture": "#0"},
				"east": {"uv": [9.5, 5, 9, 5.625], "texture": "#0"},
				"south": {"uv": [9.5, 5, 10.25, 5.625], "texture": "#0"},
				"west": {"uv": [9, 5, 9.5, 5.625], "texture": "#0"},
				"up": {"uv": [9, 5, 8.25, 4.5], "texture": "#0"},
				"down": {"uv": [9.75, 4.5, 9, 5], "texture": "#0"}
			}
		},
		{
			"from": [3, 11, 13],
			"to": [13, 21, 19],
			"rotation": {"angle": 0, "axis": "y", "origin": [8, 17.5, 3.5]},
			"faces": {
				"north": {"uv": [8.75, 1.8125, 9.375, 2.4375], "texture": "#0"},
				"east": {"uv": [9.75, 1.8125, 9.375, 2.4375], "texture": "#0"},
				"south": {"uv": [9.75, 1.8125, 10.375, 2.4375], "texture": "#0"},
				"west": {"uv": [9.375, 1.8125, 9.75, 2.4375], "texture": "#0"},
				"up": {"uv": [9.375, 1.8125, 8.75, 1.4375], "texture": "#0"},
				"down": {"uv": [10, 1.4375, 9.375, 1.8125], "texture": "#0"}
			}
		},
		{
			"from": [0, 2, 13],
			"to": [16, 18, 23],
			"rotation": {"angle": -22.5, "axis": "x", "origin": [8, 10, 19.5]},
			"faces": {
				"north": {"uv": [3.5625, 0.875, 4.5625, 1.875], "texture": "#0"},
				"east": {"uv": [5.375, 0.875, 4.5625, 1.875], "texture": "#0"},
				"south": {"uv": [5.375, 0.875, 6.375, 1.875], "texture": "#0"},
				"west": {"uv": [4.5625, 0.875, 5.375, 1.875], "texture": "#0"},
				"up": {"uv": [4.5625, 0.875, 3.5625, 0.0625], "texture": "#0"},
				"down": {"uv": [5.5625, 0.0625, 4.5625, 0.875], "texture": "#0"}
			}
		},
		{
			"from": [4, 9, 20],
			"to": [12, 21, 27],
			"rotation": {"angle": 0, "axis": "y", "origin": [8, 10, 19.5]},
			"faces": {
				"north": {"uv": [6.25, 8.5, 6.75, 9.25], "texture": "#0"},
				"east": {"uv": [5.8125, 8.5, 6.25, 9.25], "texture": "#0"},
				"south": {"uv": [7.1875, 8.5, 7.6875, 9.25], "texture": "#0"},
				"west": {"uv": [6.75, 8.5, 7.1875, 9.25], "texture": "#0"},
				"up": {"uv": [6.75, 8.5, 6.25, 8.0625], "texture": "#0"},
				"down": {"uv": [7.25, 8.0625, 6.75, 8.5], "texture": "#0"}
			}
		},
		{
			"from": [14, 0, -7],
			"to": [14, 6, 26],
			"rotation": {"angle": 0, "axis": "y", "origin": [13, 0, 9]},
			"faces": {
				"north": {"uv": [2.125, 2.5, 2.125, 2.875], "texture": "#0"},
				"east": {"uv": [4.1875, 2.5, 2.125, 2.875], "texture": "#0"},
				"south": {"uv": [4.1875, 2.5, 4.1875, 2.875], "texture": "#0"},
				"west": {"uv": [2.125, 2.5, 4.1875, 2.875], "texture": "#0"},
				"up": {"uv": [2.125, 2.5, 2.125, 0.4375], "texture": "#0"},
				"down": {"uv": [2.125, 0.4375, 2.125, 2.5], "texture": "#0"}
			}
		},
		{
			"from": [18, 0, -7],
			"to": [18, 6, 26],
			"rotation": {"angle": 0, "axis": "y", "origin": [13, 0, 9]},
			"faces": {
				"north": {"uv": [2.125, 2.5, 2.125, 2.875], "texture": "#0"},
				"east": {"uv": [4.1875, 2.5, 2.125, 2.875], "texture": "#0"},
				"south": {"uv": [4.1875, 2.5, 4.1875, 2.875], "texture": "#0"},
				"west": {"uv": [2.125, 2.5, 4.1875, 2.875], "texture": "#0"},
				"up": {"uv": [2.125, 2.5, 2.125, 0.4375], "texture": "#0"},
				"down": {"uv": [2.125, 0.4375, 2.125, 2.5], "texture": "#0"}
			}
		},
		{
			"from": [-4, 2.32843, 22.62132],
			"to": [3, 3.32843, 27.62132],
			"rotation": {"angle": -45, "axis": "x", "origin": [-0.5, 2.82843, 26.12132]},
			"faces": {
				"north": {"uv": [6.5625, 3.6875, 6.125, 3.75], "texture": "#0"},
				"east": {"uv": [5.375, 3.6875, 5.0625, 3.75], "texture": "#0"},
				"south": {"uv": [5.8125, 3.6875, 5.375, 3.75], "texture": "#0"},
				"west": {"uv": [6.125, 3.6875, 5.8125, 3.75], "texture": "#0"},
				"up": {"uv": [6.25, 3.375, 5.8125, 3.6875], "rotation": 180, "texture": "#0"},
				"down": {"uv": [6.25, 3.6875, 5.8125, 3.375], "texture": "#0"}
			}
		},
		{
			"from": [-4, 4.03553, 26.32843],
			"to": [3, 8.03553, 27.32843],
			"rotation": {"angle": -45, "axis": "x", "origin": [-0.5, 3.53553, 26.82843]},
			"faces": {
				"north": {"uv": [7.75, 7.1875, 7.3125, 7.4375], "rotation": 180, "texture": "#0"},
				"east": {"uv": [7.3125, 7.4375, 7.0625, 7.5], "rotation": 90, "texture": "#0"},
				"south": {"uv": [7.75, 7.4375, 7.3125, 7.1875], "texture": "#0"},
				"west": {"uv": [8, 7.4375, 7.75, 7.5], "rotation": 270, "texture": "#0"},
				"up": {"uv": [7.75, 7.4375, 7.3125, 7.5], "texture": "#0"},
				"down": {"uv": [8.4375, 7.4375, 8, 7.5], "rotation": 180, "texture": "#0"}
			}
		},
		{
			"from": [13, 4.03553, 26.32843],
			"to": [20, 8.03553, 27.32843],
			"rotation": {"angle": -45, "axis": "x", "origin": [-0.5, 3.53553, 26.82843]},
			"faces": {
				"north": {"uv": [7.75, 7.1875, 7.3125, 7.4375], "rotation": 180, "texture": "#0"},
				"east": {"uv": [7.3125, 7.4375, 7.0625, 7.5], "rotation": 90, "texture": "#0"},
				"south": {"uv": [7.75, 7.4375, 7.3125, 7.1875], "texture": "#0"},
				"west": {"uv": [8, 7.4375, 7.75, 7.5], "rotation": 270, "texture": "#0"},
				"up": {"uv": [7.75, 7.4375, 7.3125, 7.5], "texture": "#0"},
				"down": {"uv": [8.4375, 7.4375, 8, 7.5], "rotation": 180, "texture": "#0"}
			}
		},
		{
			"from": [-4, 2.75, -8.4467],
			"to": [3, 3.75, -3.4467],
			"rotation": {"angle": 45, "axis": "x", "origin": [-0.5, 3.25, -7.54289]},
			"faces": {
				"north": {"uv": [5.375, 3.6875, 5.8125, 3.75], "texture": "#0"},
				"east": {"uv": [5.0625, 3.6875, 5.375, 3.75], "texture": "#0"},
				"south": {"uv": [6.125, 3.6875, 6.5625, 3.75], "texture": "#0"},
				"west": {"uv": [5.8125, 3.6875, 6.125, 3.75], "texture": "#0"},
				"up": {"uv": [6.25, 3.6875, 5.8125, 3.375], "texture": "#0"},
				"down": {"uv": [6.25, 3.375, 5.8125, 3.6875], "texture": "#0"}
			}
		},
		{
			"from": [2, 0, -7],
			"to": [2, 6, 26],
			"rotation": {"angle": 0, "axis": "y", "origin": [3, 0, 9]},
			"faces": {
				"north": {"uv": [2.125, 2.5, 2.125, 2.875], "texture": "#0"},
				"east": {"uv": [4.1875, 2.5, 2.125, 2.875], "texture": "#0"},
				"south": {"uv": [4.1875, 2.5, 4.1875, 2.875], "texture": "#0"},
				"west": {"uv": [2.125, 2.5, 4.1875, 2.875], "texture": "#0"},
				"up": {"uv": [2.125, 2.5, 2.125, 0.4375], "texture": "#0"},
				"down": {"uv": [2.125, 0.4375, 2.125, 2.5], "texture": "#0"}
			}
		},
		{
			"from": [-2, 0, -7],
			"to": [-2, 6, 26],
			"rotation": {"angle": 0, "axis": "y", "origin": [3, 0, 9]},
			"faces": {
				"north": {"uv": [2.125, 2.5, 2.125, 2.875], "texture": "#0"},
				"east": {"uv": [4.1875, 2.5, 2.125, 2.875], "texture": "#0"},
				"south": {"uv": [4.1875, 2.5, 4.1875, 2.875], "texture": "#0"},
				"west": {"uv": [2.125, 2.5, 4.1875, 2.875], "texture": "#0"},
				"up": {"uv": [2.125, 2.5, 2.125, 0.4375], "texture": "#0"},
				"down": {"uv": [2.125, 0.4375, 2.125, 2.5], "texture": "#0"}
			}
		},
		{
			"from": [-4, 0, -5],
			"to": [3, 1, 24],
			"rotation": {"angle": 0, "axis": "y", "origin": [3, 0, 10]},
			"faces": {
				"north": {"uv": [4.5625, 5.6875, 5, 5.75], "texture": "#0"},
				"east": {"uv": [2.75, 5.6875, 4.5625, 5.75], "texture": "#0"},
				"south": {"uv": [6.8125, 5.6875, 7.25, 5.75], "texture": "#0"},
				"west": {"uv": [5, 5.6875, 6.8125, 5.75], "texture": "#0"},
				"up": {"uv": [2.3125, 3.8125, 1.875, 5.625], "texture": "#0"},
				"down": {"uv": [1.875, 5.625, 2.3125, 3.8125], "texture": "#0"}
			}
		},
		{
			"from": [-4, 2.73223, -7.23223],
			"to": [3, 3.73223, -3.23223],
			"rotation": {"angle": -45, "axis": "x", "origin": [-0.5, 3.23223, -8.06066]},
			"faces": {
				"north": {"uv": [7.3125, 7.4375, 7.75, 7.5], "texture": "#0"},
				"east": {"uv": [7.0625, 7.4375, 7.3125, 7.5], "texture": "#0"},
				"south": {"uv": [8, 7.4375, 8.4375, 7.5], "texture": "#0"},
				"west": {"uv": [7.75, 7.4375, 8, 7.5], "texture": "#0"},
				"up": {"uv": [7.75, 7.4375, 7.3125, 7.1875], "texture": "#0"},
				"down": {"uv": [7.75, 7.1875, 7.3125, 7.4375], "texture": "#0"}
			}
		},
		{
			"from": [-4, 6, -5],
			"to": [3, 7, 24],
			"rotation": {"angle": 0, "axis": "y", "origin": [3, 0, 10]},
			"faces": {
				"north": {"uv": [1.875, 5.625, 2.3125, 5.6875], "texture": "#0"},
				"east": {"uv": [0.0625, 5.625, 1.875, 5.6875], "texture": "#0"},
				"south": {"uv": [4.125, 5.625, 4.5625, 5.6875], "texture": "#0"},
				"west": {"uv": [2.3125, 5.625, 4.125, 5.6875], "texture": "#0"},
				"up": {"uv": [2.3125, 5.625, 1.875, 3.8125], "texture": "#0"},
				"down": {"uv": [2.3125, 5.625, 1.875, 3.8125], "texture": "#0"}
			}
		},
		{
			"from": [13, 2.75, -8.4467],
			"to": [20, 3.75, -3.4467],
			"rotation": {"angle": 45, "axis": "x", "origin": [16.5, 3.25, -7.54289]},
			"faces": {
				"north": {"uv": [5.8125, 3.6875, 5.375, 3.75], "texture": "#0"},
				"east": {"uv": [6.125, 3.6875, 5.8125, 3.75], "texture": "#0"},
				"south": {"uv": [6.5625, 3.6875, 6.125, 3.75], "texture": "#0"},
				"west": {"uv": [5.375, 3.6875, 5.0625, 3.75], "texture": "#0"},
				"up": {"uv": [5.8125, 3.6875, 6.25, 3.375], "texture": "#0"},
				"down": {"uv": [5.8125, 3.375, 6.25, 3.6875], "texture": "#0"}
			}
		},
		{
			"from": [13, 2.73223, -7.23223],
			"to": [20, 3.73223, -3.23223],
			"rotation": {"angle": -45, "axis": "x", "origin": [16.5, 3.23223, -8.06066]},
			"faces": {
				"north": {"uv": [7.75, 7.4375, 7.3125, 7.5], "texture": "#0"},
				"east": {"uv": [8, 7.4375, 7.75, 7.5], "texture": "#0"},
				"south": {"uv": [8.4375, 7.4375, 8, 7.5], "texture": "#0"},
				"west": {"uv": [7.3125, 7.4375, 7.0625, 7.5], "texture": "#0"},
				"up": {"uv": [7.3125, 7.4375, 7.75, 7.1875], "texture": "#0"},
				"down": {"uv": [7.3125, 7.1875, 7.75, 7.4375], "texture": "#0"}
			}
		},
		{
			"from": [13, 6, -5],
			"to": [20, 7, 24],
			"rotation": {"angle": 0, "axis": "y", "origin": [13, 0, 10]},
			"faces": {
				"north": {"uv": [2.3125, 5.625, 1.875, 5.6875], "texture": "#0"},
				"east": {"uv": [4.125, 5.625, 2.3125, 5.6875], "texture": "#0"},
				"south": {"uv": [4.5625, 5.625, 4.125, 5.6875], "texture": "#0"},
				"west": {"uv": [1.875, 5.625, 0.0625, 5.6875], "texture": "#0"},
				"up": {"uv": [1.875, 5.625, 2.3125, 3.8125], "texture": "#0"},
				"down": {"uv": [1.875, 5.625, 2.3125, 3.8125], "texture": "#0"}
			}
		},
		{
			"from": [13, 2.32843, 22.62132],
			"to": [20, 3.32843, 27.62132],
			"rotation": {"angle": -45, "axis": "x", "origin": [16.5, 2.82843, 26.12132]},
			"faces": {
				"north": {"uv": [6.125, 3.6875, 6.5625, 3.75], "texture": "#0"},
				"east": {"uv": [5.8125, 3.6875, 6.125, 3.75], "texture": "#0"},
				"south": {"uv": [5.375, 3.6875, 5.8125, 3.75], "texture": "#0"},
				"west": {"uv": [5.0625, 3.6875, 5.375, 3.75], "texture": "#0"},
				"up": {"uv": [5.8125, 3.375, 6.25, 3.6875], "texture": "#0"},
				"down": {"uv": [5.8125, 3.6875, 6.25, 3.375], "texture": "#0"}
			}
		},
		{
			"from": [13, 0, -5],
			"to": [20, 1, 24],
			"rotation": {"angle": 0, "axis": "y", "origin": [13, 0, 10]},
			"faces": {
				"north": {"uv": [5, 5.6875, 4.5625, 5.75], "texture": "#0"},
				"east": {"uv": [6.8125, 5.6875, 5, 5.75], "texture": "#0"},
				"south": {"uv": [7.25, 5.6875, 6.8125, 5.75], "texture": "#0"},
				"west": {"uv": [4.5625, 5.6875, 2.75, 5.75], "texture": "#0"},
				"up": {"uv": [1.875, 3.8125, 2.3125, 5.625], "texture": "#0"},
				"down": {"uv": [2.3125, 5.625, 1.875, 3.8125], "texture": "#0"}
			}
		},
		{
			"from": [15, 7, 8],
			"to": [18, 10, 18],
			"rotation": {"angle": 0, "axis": "y", "origin": [12, 0, 13]},
			"faces": {
				"north": {"uv": [4.1875, 5.1875, 4.375, 5.375], "texture": "#0"},
				"east": {"uv": [3.5625, 5.1875, 4.1875, 5.375], "texture": "#0"},
				"south": {"uv": [3.375, 5.1875, 3.5625, 5.375], "texture": "#0"},
				"west": {"uv": [2.75, 5.1875, 3.375, 5.375], "texture": "#0"},
				"up": {"uv": [3.375, 4.5625, 3.5625, 5.1875], "texture": "#0"},
				"down": {"uv": [3.5625, 5.1875, 3.75, 4.5625], "texture": "#0"}
			}
		},
		{
			"from": [15, 7, 2],
			"to": [18, 10, 12],
			"rotation": {"angle": 0, "axis": "y", "origin": [12, 0, 9]},
			"faces": {
				"north": {"uv": [3.5625, 5.1875, 3.375, 5.375], "texture": "#0"},
				"east": {"uv": [4.1875, 5.1875, 3.5625, 5.375], "texture": "#0"},
				"south": {"uv": [4.375, 5.1875, 4.1875, 5.375], "texture": "#0"},
				"west": {"uv": [3.375, 5.1875, 2.75, 5.375], "texture": "#0"},
				"up": {"uv": [3.375, 5.1875, 3.5625, 4.5625], "texture": "#0"},
				"down": {"uv": [3.5625, 4.5625, 3.75, 5.1875], "texture": "#0"}
			}
		},
		{
			"from": [14, 7, 5],
			"to": [19, 11, 15],
			"rotation": {"angle": 0, "axis": "y", "origin": [12, 0, 9]},
			"faces": {
				"north": {"uv": [1, 9.4375, 0.6875, 9.6875], "texture": "#0"},
				"east": {"uv": [1.625, 9.4375, 1, 9.6875], "texture": "#0"},
				"south": {"uv": [1.9375, 9.4375, 1.625, 9.6875], "texture": "#0"},
				"west": {"uv": [0.6875, 9.4375, 0.0625, 9.6875], "texture": "#0"},
				"up": {"uv": [0.6875, 9.4375, 1, 8.8125], "texture": "#0"},
				"down": {"uv": [1, 8.8125, 1.3125, 9.4375], "texture": "#0"}
			}
		},
		{
			"from": [-3, 7, 5],
			"to": [2, 11, 15],
			"rotation": {"angle": 0, "axis": "y", "origin": [4, 0, 9]},
			"faces": {
				"north": {"uv": [0.6875, 9.4375, 1, 9.6875], "texture": "#0"},
				"east": {"uv": [0.0625, 9.4375, 0.6875, 9.6875], "texture": "#0"},
				"south": {"uv": [1.625, 9.4375, 1.9375, 9.6875], "texture": "#0"},
				"west": {"uv": [1, 9.4375, 1.625, 9.6875], "texture": "#0"},
				"up": {"uv": [1, 9.4375, 0.6875, 8.8125], "texture": "#0"},
				"down": {"uv": [1.3125, 8.8125, 1, 9.4375], "texture": "#0"}
			}
		},
		{
			"from": [-2, 7, 8],
			"to": [1, 10, 18],
			"rotation": {"angle": 0, "axis": "y", "origin": [4, 0, 13]},
			"faces": {
				"north": {"uv": [4.375, 5.1875, 4.1875, 5.375], "texture": "#0"},
				"east": {"uv": [3.375, 5.1875, 2.75, 5.375], "texture": "#0"},
				"south": {"uv": [3.5625, 5.1875, 3.375, 5.375], "texture": "#0"},
				"west": {"uv": [4.1875, 5.1875, 3.5625, 5.375], "texture": "#0"},
				"up": {"uv": [3.5625, 4.5625, 3.375, 5.1875], "texture": "#0"},
				"down": {"uv": [3.75, 5.1875, 3.5625, 4.5625], "texture": "#0"}
			}
		},
		{
			"from": [-2, 7, 2],
			"to": [1, 10, 12],
			"rotation": {"angle": 0, "axis": "y", "origin": [4, 0, 9]},
			"faces": {
				"north": {"uv": [3.375, 5.1875, 3.5625, 5.375], "texture": "#0"},
				"east": {"uv": [2.75, 5.1875, 3.375, 5.375], "texture": "#0"},
				"south": {"uv": [4.1875, 5.1875, 4.375, 5.375], "texture": "#0"},
				"west": {"uv": [3.5625, 5.1875, 4.1875, 5.375], "texture": "#0"},
				"up": {"uv": [3.5625, 5.1875, 3.375, 4.5625], "texture": "#0"},
				"down": {"uv": [3.75, 4.5625, 3.5625, 5.1875], "texture": "#0"}
			}
		},
		{
			"from": [4, 5, -3.75],
			"to": [12, 16, 3.25],
			"rotation": {"angle": 0, "axis": "y", "origin": [4, -2, 9]},
			"faces": {
				"north": {"uv": [8.25, 8.0625, 8.75, 8.75], "texture": "#0"},
				"east": {"uv": [7.6875, 8.0625, 8.25, 8.75], "texture": "#0"},
				"south": {"uv": [9.3125, 8.0625, 9.8125, 8.75], "texture": "#0"},
				"west": {"uv": [8.75, 8.0625, 9.3125, 8.75], "texture": "#0"},
				"up": {"uv": [8.75, 8.0625, 8.25, 7.5], "texture": "#0"},
				"down": {"uv": [9.25, 7.5, 8.75, 8.0625], "texture": "#0"}
			}
		},
		{
			"from": [5, 21, 8],
			"to": [11, 26, 14],
			"rotation": {"angle": 0, "axis": "y", "origin": [8, 17.5, 3.5]},
			"faces": {
				"north": {"uv": [2.625, 6.125, 3, 6.4375], "texture": "#0"},
				"east": {"uv": [3.375, 6.125, 3, 6.4375], "texture": "#0"},
				"south": {"uv": [3.375, 6.125, 3.75, 6.4375], "texture": "#0"},
				"west": {"uv": [3, 6.125, 3.375, 6.4375], "texture": "#0"},
				"up": {"uv": [3, 6.125, 2.625, 5.75], "texture": "#0"},
				"down": {"uv": [3.375, 5.75, 3, 6.125], "texture": "#0"}
			}
		},
		{
			"from": [7, 22.5, 2],
			"to": [9, 24.5, 6],
			"rotation": {"angle": 0, "axis": "y", "origin": [8, 17.5, 3.5]},
			"faces": {
				"north": {"uv": [3, 0.3125, 3.125, 0.4375], "texture": "#0"},
				"east": {"uv": [2.75, 0.3125, 3, 0.4375], "texture": "#0"},
				"south": {"uv": [3.375, 0.3125, 3.5, 0.4375], "texture": "#0"},
				"west": {"uv": [3.125, 0.3125, 3.375, 0.4375], "texture": "#0"},
				"up": {"uv": [3.125, 0.3125, 3, 0.0625], "texture": "#0"},
				"down": {"uv": [3.25, 0.0625, 3.125, 0.3125], "texture": "#0"}
			}
		},
		{
			"from": [6.5, 22, 6],
			"to": [9.5, 25, 9],
			"rotation": {"angle": 0, "axis": "y", "origin": [8, 17.5, 3.5]},
			"faces": {
				"north": {"uv": [2.9375, 0.625, 3.125, 0.8125], "texture": "#0"},
				"east": {"uv": [2.75, 0.625, 2.9375, 0.8125], "texture": "#0"},
				"south": {"uv": [3.3125, 0.625, 3.5, 0.8125], "texture": "#0"},
				"west": {"uv": [3.125, 0.625, 3.3125, 0.8125], "texture": "#0"},
				"up": {"uv": [3.125, 0.625, 2.9375, 0.4375], "texture": "#0"},
				"down": {"uv": [3.3125, 0.4375, 3.125, 0.625], "texture": "#0"}
			}
		},
		{
			"from": [2, 3, -7],
			"to": [14, 13, -5],
			"rotation": {"angle": 0, "axis": "y", "origin": [8, 7.5, -10.5]},
			"faces": {
				"north": {"uv": [4, 9, 4.75, 9.625], "texture": "#0"},
				"east": {"uv": [4.9375, 9, 4.75, 9.625], "texture": "#0"},
				"south": {"uv": [4.9375, 9, 5.6875, 9.625], "texture": "#0"},
				"west": {"uv": [4.75, 9, 4.9375, 9.625], "texture": "#0"},
				"up": {"uv": [4.75, 9, 4, 8.8125], "texture": "#0"},
				"down": {"uv": [4.75, 8.8125, 4, 9], "texture": "#0"}
			}
		},
		{
			"from": [2.25, 4.5, -8],
			"to": [13.5, 12.75, -4],
			"rotation": {"angle": 0, "axis": "y", "origin": [8, 7.5, -10.5]},
			"faces": {
				"north": {"uv": [3, 4.0625, 3.625, 4.5625], "texture": "#0"},
				"east": {"uv": [3.875, 4.0625, 3.625, 4.5625], "texture": "#0"},
				"south": {"uv": [3.875, 4.0625, 4.5, 4.5625], "texture": "#0"},
				"west": {"uv": [3.625, 4.0625, 3.875, 4.5625], "texture": "#0"},
				"up": {"uv": [3.625, 4.0625, 3, 3.8125], "texture": "#0"},
				"down": {"uv": [3.625, 3.8125, 3, 4.0625], "texture": "#0"}
			}
		},
		{
			"from": [6, 6, -16],
			"to": [10, 10, -13],
			"rotation": {"angle": 0, "axis": "y", "origin": [8, 7.5, -10.5]},
			"faces": {
				"north": {"uv": [3.4375, 3, 3.6875, 3.25], "texture": "#0"},
				"east": {"uv": [3.8125, 3, 3.6875, 3.25], "texture": "#0"},
				"south": {"uv": [3.8125, 3, 4.0625, 3.25], "texture": "#0"},
				"west": {"uv": [3.6875, 3, 3.8125, 3.25], "texture": "#0"},
				"up": {"uv": [3.6875, 3, 3.4375, 2.875], "texture": "#0"},
				"down": {"uv": [3.6875, 2.875, 3.4375, 3], "texture": "#0"}
			}
		},
		{
			"from": [4, 4, -11],
			"to": [12, 12, -8],
			"rotation": {"angle": 0, "axis": "y", "origin": [8, 8, -6]},
			"faces": {
				"north": {"uv": [0.25, 5.875, 0.625, 6.25], "texture": "#0"},
				"east": {"uv": [0.8125, 5.875, 0.625, 6.25], "texture": "#0"},
				"south": {"uv": [0.8125, 5.875, 1.1875, 6.25], "texture": "#0"},
				"west": {"uv": [0.625, 5.875, 0.8125, 6.25], "texture": "#0"},
				"up": {"uv": [0.625, 5.875, 0.25, 5.6875], "texture": "#0"},
				"down": {"uv": [0.625, 5.6875, 0.25, 5.875], "texture": "#0"}
			}
		},
		{
			"from": [5, 5, -13.25],
			"to": [11, 11, -11],
			"rotation": {"angle": 0, "axis": "y", "origin": [8, 8, -7.625]},
			"faces": {
				"north": {"uv": [0.25, 5.875, 0.625, 6.25], "texture": "#0"},
				"east": {"uv": [0.8125, 5.875, 0.625, 6.25], "texture": "#0"},
				"south": {"uv": [0.8125, 5.875, 1.1875, 6.25], "texture": "#0"},
				"west": {"uv": [0.625, 5.875, 0.8125, 6.25], "texture": "#0"},
				"up": {"uv": [0.625, 5.875, 0.25, 5.6875], "texture": "#0"},
				"down": {"uv": [0.625, 5.6875, 0.25, 5.875], "texture": "#0"}
			}
		},
		{
			"from": [1, 2, -5.5],
			"to": [15, 14, 3.5],
			"rotation": {"angle": 0, "axis": "y", "origin": [4, -2, 9]},
			"faces": {
				"north": {"uv": [3.5, 8.0625, 4.375, 8.8125], "texture": "#0"},
				"east": {"uv": [4.9375, 8.0625, 4.375, 8.8125], "texture": "#0"},
				"south": {"uv": [4.9375, 8.0625, 5.8125, 8.8125], "texture": "#0"},
				"west": {"uv": [4.375, 8.0625, 4.9375, 8.8125], "texture": "#0"},
				"up": {"uv": [4.375, 8.0625, 3.5, 7.5], "texture": "#0"},
				"down": {"uv": [5.25, 7.5, 4.375, 8.0625], "texture": "#0"}
			}
		},
		{
			"from": [2.1397, 6, 20.24301],
			"to": [6.1397, 19, 28.24301],
			"rotation": {"angle": -22.5, "axis": "y", "origin": [-5.8603, 13.5, 16.24301]},
			"faces": {
				"north": {"uv": [0.6875, 4, 0.9375, 4.8125], "texture": "#0"},
				"east": {"uv": [0.9375, 4, 1.5625, 4.8125], "texture": "#0"},
				"south": {"uv": [1.5625, 4, 1.8125, 4.8125], "texture": "#0"},
				"west": {"uv": [0.9375, 4, 1.5625, 4.8125], "texture": "#0"},
				"up": {"uv": [0.9375, 4, 0.6875, 3.375], "texture": "#0"},
				"down": {"uv": [0.9375, 3.375, 0.6875, 4], "texture": "#0"}
			}
		},
		{
			"from": [-1, 4, 25.5],
			"to": [17, 21, 30.5],
			"rotation": {"angle": 0, "axis": "y", "origin": [8, 12.5, 25.5]},
			"faces": {
				"north": {"uv": [7.4375, 0.375, 8.5625, 1.4375], "texture": "#0"},
				"east": {"uv": [8.5625, 0.375, 8.875, 1.4375], "texture": "#0"},
				"south": {"uv": [8.875, 0.375, 10, 1.4375], "texture": "#0"},
				"west": {"uv": [8.5625, 0.375, 8.875, 1.4375], "texture": "#0"},
				"up": {"uv": [8.5625, 0.375, 7.4375, 0.0625], "texture": "#0"},
				"down": {"uv": [9.6875, 0.0625, 8.5625, 0.375], "texture": "#0"}
			}
		},
		{
			"from": [12.15224, 6, 23.76537],
			"to": [16.15224, 19, 31.76537],
			"rotation": {"angle": 22.5, "axis": "y", "origin": [14.15224, 13.5, 23.76537]},
			"faces": {
				"north": {"uv": [0.6875, 0.6875, 0.9375, 1.5], "texture": "#0"},
				"east": {"uv": [1.5625, 4, 0.9375, 4.8125], "texture": "#0"},
				"south": {"uv": [1.8125, 4, 1.5625, 4.8125], "texture": "#0"},
				"west": {"uv": [1.5625, 4, 0.9375, 4.8125], "texture": "#0"},
				"up": {"uv": [0.6875, 4, 0.9375, 3.375], "texture": "#0"},
				"down": {"uv": [0.6875, 3.375, 0.9375, 4], "texture": "#0"}
			}
		},
		{
			"from": [0.5, 7.18919, 19.11257],
			"to": [15.5, 11.18919, 27.11257],
			"rotation": {"angle": 22.5, "axis": "x", "origin": [6.5, -3.81081, 16.11257]},
			"faces": {
				"north": {"uv": [8.25, 3.4375, 9.125, 3.1875], "texture": "#0"},
				"east": {"uv": [9.75, 3.4375, 9.125, 3.1875], "texture": "#0"},
				"south": {"uv": [9.75, 3.4375, 10.625, 3.1875], "texture": "#0"},
				"west": {"uv": [9.125, 3.4375, 9.75, 3.1875], "texture": "#0"},
				"up": {"uv": [9.125, 2.5625, 8.25, 3.1875], "texture": "#0"},
				"down": {"uv": [9.125, 2.5625, 8.25, 3.1875], "texture": "#0"}
			}
		},
		{
			"from": [0.5, 17.37641, 23.91969],
			"to": [15.5, 21.37641, 31.91969],
			"rotation": {"angle": -22.5, "axis": "x", "origin": [7.5, 18.37641, 26.91969]},
			"faces": {
				"north": {"uv": [8.25, 3.1875, 9.125, 3.4375], "texture": "#0"},
				"east": {"uv": [9.75, 3.1875, 9.125, 3.4375], "texture": "#0"},
				"south": {"uv": [9.75, 3.1875, 10.625, 3.4375], "texture": "#0"},
				"west": {"uv": [9.125, 3.1875, 9.75, 3.4375], "texture": "#0"},
				"up": {"uv": [9.125, 3.1875, 8.25, 2.5625], "texture": "#0"},
				"down": {"uv": [9.125, 3.1875, 8.25, 2.5625], "texture": "#0"}
			}
		},
		{
			"from": [1, 6, 18],
			"to": [15, 19, 30],
			"rotation": {"angle": 0, "axis": "y", "origin": [8, 10, 16.5]},
			"faces": {
				"north": {"uv": [4.125, 6.4375, 5, 7.25], "texture": "#0"},
				"east": {"uv": [5.6875, 6.4375, 5, 7.25], "texture": "#0"},
				"south": {"uv": [5.6875, 6.4375, 6.5625, 7.25], "texture": "#0"},
				"west": {"uv": [5, 6.4375, 5.6875, 7.25], "texture": "#0"},
				"up": {"uv": [5, 6.4375, 4.125, 5.75], "texture": "#0"},
				"down": {"uv": [5.875, 5.75, 5, 6.4375], "texture": "#0"}
			}
		},
		{
			"from": [0, 5, 23],
			"to": [16, 20, 30],
			"rotation": {"angle": 0, "axis": "y", "origin": [8, 12.5, 29.5]},
			"faces": {
				"north": {"uv": [0.5, 7.875, 1.5, 8.8125], "texture": "#0"},
				"east": {"uv": [0.0625, 7.875, 0.5, 8.8125], "texture": "#0"},
				"south": {"uv": [1.9375, 7.875, 2.9375, 8.8125], "texture": "#0"},
				"west": {"uv": [1.5, 7.875, 1.9375, 8.8125], "texture": "#0"},
				"up": {"uv": [1.5, 7.875, 0.5, 7.4375], "texture": "#0"},
				"down": {"uv": [2.5, 7.4375, 1.5, 7.875], "texture": "#0"}
			}
		}
	],
	"display": {
		"thirdperson_righthand": {
			"rotation": [67, 0, 0],
			"translation": [-5.5, -4, -7.5]
		},
		"thirdperson_lefthand": {
			"rotation": [68, 0, 0],
			"translation": [-6.75, 0, -6]
		},
		"firstperson_righthand": {
			"translation": [16, 0, -15]
		},
		"firstperson_lefthand": {
			"translation": [13.25, 0, -16.75]
		},
		"ground": {
			"translation": [0, 3, 0],
			"scale": [0.3, 0.3, 0.3]
		},
		"gui": {
			"rotation": [23, 140, 0],
			"translation": [-0.75, -1.25, 0],
			"scale": [0.35, 0.35, 0.35]
		},
		"head": {
			"translation": [0, -25, -0.5],
			"scale": [2.25, 2.25, 2.25]
		}
	},
	"groups": [
		0,
		1,
		2,
		3,
		4,
		5,
		6,
		7,
		8,
		9,
		10,
		11,
		12,
		13,
		14,
		15,
		16,
		17,
		18,
		19,
		20,
		21,
		22,
		23,
		24,
		25,
		26,
		27,
		28,
		29,
		30,
		31,
		32,
		33,
		34,
		35,
		36,
		{
			"name": "drill",
			"origin": [0, 8, -10.7],
			"color": 0,
			"nbt": "{}",
			"armAnimationEnabled": false,
			"children": [37, 38, 39, 40, 41]
		},
		{
			"name": "jet",
			"origin": [-0.03333, 12.66667, 11.75651],
			"color": 0,
			"nbt": "{}",
			"armAnimationEnabled": false,
			"children": [42, 43, 44, 45, 46, 47, 48]
		}
	]
}