{
	"credit": "Made with Blockbench",
	"texture_size": [64, 64],
	"textures": {
		"0": "item/misc/mchub_coin",
		"particle": "item/misc/mchub_coin"
	},
	"elements": [
		{
			"from": [16.05468, 0, 6],
			"to": [18.05468, 2.8, 10],
			"rotation": {"angle": 0, "axis": "y", "origin": [3.05468, 0, -1]},
			"faces": {
				"north": {"uv": [8.5, 8.25, 9, 8.9375], "texture": "#0"},
				"east": {"uv": [4.5, 2.75, 5.5, 3.4375], "texture": "#0"},
				"south": {"uv": [0, 8.75, 0.5, 9.4375], "texture": "#0"},
				"west": {"uv": [3.5, 4.5, 4.5, 5.1875], "texture": "#0"},
				"up": {"uv": [8, 5.25, 7.5, 4.25], "texture": "#0"},
				"down": {"uv": [7, 7.5, 6.5, 8.5], "texture": "#0"}
			}
		},
		{
			"from": [15.32737, 0, 2.34358],
			"to": [17.32737, 2.8, 6.34358],
			"rotation": {"angle": 22.5, "axis": "y", "origin": [16.82737, 0.4, 4.34358]},
			"faces": {
				"north": {"uv": [9, 8, 9.5, 8.6875], "texture": "#0"},
				"east": {"uv": [1, 6, 2, 6.6875], "texture": "#0"},
				"south": {"uv": [8.5, 9, 9, 9.6875], "texture": "#0"},
				"west": {"uv": [2, 6, 3, 6.6875], "texture": "#0"},
				"up": {"uv": [8.5, 5.25, 8, 4.25], "texture": "#0"},
				"down": {"uv": [8.5, 7.25, 8, 8.25], "texture": "#0"}
			}
		},
		{
			"from": [13.25618, 0, -0.75618],
			"to": [15.25618, 2.8, 3.24382],
			"rotation": {"angle": 45, "axis": "y", "origin": [14.75618, 0.4, 1.24382]},
			"faces": {
				"north": {"uv": [9, 5, 9.5, 5.6875], "texture": "#0"},
				"east": {"uv": [5, 5.75, 6, 6.4375], "texture": "#0"},
				"south": {"uv": [9, 7.25, 9.5, 7.9375], "texture": "#0"},
				"west": {"uv": [0, 6, 1, 6.6875], "texture": "#0"},
				"up": {"uv": [6.5, 8.75, 6, 7.75], "texture": "#0"},
				"down": {"uv": [8.5, 0.5, 8, 1.5], "texture": "#0"}
			}
		},
		{
			"from": [9.65642, 0, -1.32737],
			"to": [13.65642, 2.8, 0.67263],
			"rotation": {"angle": -22.5, "axis": "y", "origin": [11.65642, 0.4, -0.82737]},
			"faces": {
				"north": {"uv": [5.5, 5, 6.5, 5.6875], "texture": "#0"},
				"east": {"uv": [9, 1, 9.5, 1.6875], "texture": "#0"},
				"south": {"uv": [4, 5.75, 5, 6.4375], "texture": "#0"},
				"west": {"uv": [9, 4.25, 9.5, 4.9375], "texture": "#0"},
				"up": {"uv": [6, 8.25, 5, 7.75], "texture": "#0"},
				"down": {"uv": [9, 0, 8, 0.5], "texture": "#0"}
			}
		},
		{
			"from": [2.34358, 0, -1.32737],
			"to": [6.34358, 2.8, 0.67263],
			"rotation": {"angle": 22.5, "axis": "y", "origin": [4.34358, 0.4, -0.82737]},
			"faces": {
				"north": {"uv": [3, 5.25, 4, 5.9375], "texture": "#0"},
				"east": {"uv": [5.5, 8.75, 6, 9.4375], "texture": "#0"},
				"south": {"uv": [5.5, 2.75, 6.5, 3.4375], "texture": "#0"},
				"west": {"uv": [6, 8.75, 6.5, 9.4375], "texture": "#0"},
				"up": {"uv": [8.5, 5.75, 7.5, 5.25], "texture": "#0"},
				"down": {"uv": [3, 7.75, 2, 8.25], "texture": "#0"}
			}
		},
		{
			"from": [0.74382, 0, -0.75618],
			"to": [2.74382, 2.8, 3.24382],
			"rotation": {"angle": -45, "axis": "y", "origin": [1.24382, 0.4, 1.24382]},
			"faces": {
				"north": {"uv": [4.5, 8.75, 5, 9.4375], "texture": "#0"},
				"east": {"uv": [1, 5.25, 2, 5.9375], "texture": "#0"},
				"south": {"uv": [5, 8.75, 5.5, 9.4375], "texture": "#0"},
				"west": {"uv": [2, 5.25, 3, 5.9375], "texture": "#0"},
				"up": {"uv": [1.5, 8.75, 1, 7.75], "texture": "#0"},
				"down": {"uv": [2, 7.75, 1.5, 8.75], "texture": "#0"}
			}
		},
		{
			"from": [-1.32737, 0, 2.34358],
			"to": [0.67263, 2.8, 6.34358],
			"rotation": {"angle": -22.5, "axis": "y", "origin": [-0.82737, 0.4, 4.34358]},
			"faces": {
				"north": {"uv": [1.5, 8.75, 2, 9.4375], "texture": "#0"},
				"east": {"uv": [4.5, 5, 5.5, 5.6875], "texture": "#0"},
				"south": {"uv": [4, 8.75, 4.5, 9.4375], "texture": "#0"},
				"west": {"uv": [0, 5.25, 1, 5.9375], "texture": "#0"},
				"up": {"uv": [0.5, 8.75, 0, 7.75], "texture": "#0"},
				"down": {"uv": [1, 7.75, 0.5, 8.75], "texture": "#0"}
			}
		},
		{
			"from": [-2.05468, 0, 6],
			"to": [-0.05468, 2.8, 10],
			"rotation": {"angle": 0, "axis": "y", "origin": [12.94532, 0, -1]},
			"faces": {
				"north": {"uv": [0.5, 8.75, 1, 9.4375], "texture": "#0"},
				"east": {"uv": [4.5, 3.5, 5.5, 4.1875], "texture": "#0"},
				"south": {"uv": [1, 8.75, 1.5, 9.4375], "texture": "#0"},
				"west": {"uv": [4.5, 4.25, 5.5, 4.9375], "texture": "#0"},
				"up": {"uv": [7.5, 8.5, 7, 7.5], "texture": "#0"},
				"down": {"uv": [8, 7.25, 7.5, 8.25], "texture": "#0"}
			}
		},
		{
			"from": [-1, 1, 3.5],
			"to": [17, 1.8, 12.5],
			"rotation": {"angle": 0, "axis": "y", "origin": [13, 0, -1]},
			"faces": {
				"north": {"uv": [4.5, 2.25, 9, 2.4375], "texture": "#0"},
				"east": {"uv": [8, 2, 10.25, 2.1875], "texture": "#0"},
				"south": {"uv": [4.5, 2.5, 9, 2.6875], "texture": "#0"},
				"west": {"uv": [8, 6.25, 10.25, 6.4375], "texture": "#0"},
				"up": {"uv": [4.5, 2.25, 0, 0], "texture": "#0"},
				"down": {"uv": [4.5, 2.25, 0, 4.5], "texture": "#0"}
			}
		},
		{
			"from": [1.1, 1, 0.7],
			"to": [14.9, 1.8, 3.5],
			"rotation": {"angle": 0, "axis": "y", "origin": [13, 0, -1]},
			"faces": {
				"north": {"uv": [7, 6.5, 10.4375, 6.6875], "texture": "#0"},
				"east": {"uv": [9, 1.75, 9.6875, 1.9375], "texture": "#0"},
				"south": {"uv": [7, 6.75, 10.4375, 6.9375], "texture": "#0"},
				"west": {"uv": [9, 2.25, 9.6875, 2.4375], "texture": "#0"},
				"up": {"uv": [3.4375, 5.1875, 0, 4.5], "texture": "#0"},
				"down": {"uv": [7.9375, 0, 4.5, 0.6875], "texture": "#0"}
			}
		},
		{
			"from": [1.9, 1, -0.1],
			"to": [14.1, 1.8, 0.7],
			"rotation": {"angle": 0, "axis": "y", "origin": [13, 0, -1]},
			"faces": {
				"north": {"uv": [0, 7.5, 3.0625, 7.6875], "texture": "#0"},
				"east": {"uv": [4, 5.25, 4.1875, 5.4375], "texture": "#0"},
				"south": {"uv": [7.5, 2.75, 10.5625, 2.9375], "texture": "#0"},
				"west": {"uv": [4.25, 5.25, 4.4375, 5.4375], "texture": "#0"},
				"up": {"uv": [10.5625, 3.1875, 7.5, 3], "texture": "#0"},
				"down": {"uv": [6.3125, 7.5, 3.25, 7.6875], "texture": "#0"}
			}
		},
		{
			"from": [1.9, 1, 15.3],
			"to": [14.1, 1.8, 16.1],
			"rotation": {"angle": 0, "axis": "y", "origin": [13, 0, -1]},
			"faces": {
				"north": {"uv": [7.5, 3.25, 10.5625, 3.4375], "texture": "#0"},
				"east": {"uv": [4, 5.5, 4.1875, 5.6875], "texture": "#0"},
				"south": {"uv": [7.5, 3.5, 10.5625, 3.6875], "texture": "#0"},
				"west": {"uv": [4.25, 5.5, 4.4375, 5.6875], "texture": "#0"},
				"up": {"uv": [10.5625, 3.9375, 7.5, 3.75], "texture": "#0"},
				"down": {"uv": [10.5625, 4, 7.5, 4.1875], "texture": "#0"}
			}
		},
		{
			"from": [1.1, 1, 12.5],
			"to": [14.9, 1.8, 15.3],
			"rotation": {"angle": 0, "axis": "y", "origin": [13, 0, -1]},
			"faces": {
				"north": {"uv": [7, 7, 10.4375, 7.1875], "texture": "#0"},
				"east": {"uv": [9, 2.5, 9.6875, 2.6875], "texture": "#0"},
				"south": {"uv": [4, 7.25, 7.4375, 7.4375], "texture": "#0"},
				"west": {"uv": [9, 5.75, 9.6875, 5.9375], "texture": "#0"},
				"up": {"uv": [7.9375, 1.4375, 4.5, 0.75], "texture": "#0"},
				"down": {"uv": [7.9375, 1.5, 4.5, 2.1875], "texture": "#0"}
			}
		},
		{
			"from": [6, 0, -2.05468],
			"to": [10, 2.8, -0.05468],
			"rotation": {"angle": 0, "axis": "y", "origin": [8, 0.4, -1.55468]},
			"faces": {
				"north": {"uv": [5.5, 3.5, 6.5, 4.1875], "texture": "#0"},
				"east": {"uv": [7.5, 8.75, 8, 9.4375], "texture": "#0"},
				"south": {"uv": [5.5, 4.25, 6.5, 4.9375], "texture": "#0"},
				"west": {"uv": [8, 8.75, 8.5, 9.4375], "texture": "#0"},
				"up": {"uv": [4, 8.25, 3, 7.75], "texture": "#0"},
				"down": {"uv": [5, 7.75, 4, 8.25], "texture": "#0"}
			}
		},
		{
			"from": [-1.32737, 0, 9.65642],
			"to": [0.67263, 2.8, 13.65642],
			"rotation": {"angle": 22.5, "axis": "y", "origin": [-0.82737, 0.4, 11.65642]},
			"faces": {
				"north": {"uv": [9.5, 4.25, 10, 4.9375], "texture": "#0"},
				"east": {"uv": [3, 6.75, 4, 7.4375], "texture": "#0"},
				"south": {"uv": [4.5, 9.5, 5, 10.1875], "texture": "#0"},
				"west": {"uv": [7, 5.75, 8, 6.4375], "texture": "#0"},
				"up": {"uv": [7.5, 9.5, 7, 8.5], "texture": "#0"},
				"down": {"uv": [9, 7.25, 8.5, 8.25], "texture": "#0"}
			}
		},
		{
			"from": [0.74382, 0, 12.75618],
			"to": [2.74382, 2.8, 16.75618],
			"rotation": {"angle": 45, "axis": "y", "origin": [1.24382, 0.4, 14.75618]},
			"faces": {
				"north": {"uv": [1.5, 9.5, 2, 10.1875], "texture": "#0"},
				"east": {"uv": [1, 6.75, 2, 7.4375], "texture": "#0"},
				"south": {"uv": [4, 9.5, 4.5, 10.1875], "texture": "#0"},
				"west": {"uv": [2, 6.75, 3, 7.4375], "texture": "#0"},
				"up": {"uv": [9, 5.25, 8.5, 4.25], "texture": "#0"},
				"down": {"uv": [7, 8.5, 6.5, 9.5], "texture": "#0"}
			}
		},
		{
			"from": [2.34358, 0, 15.32737],
			"to": [6.34358, 2.8, 17.32737],
			"rotation": {"angle": -22.5, "axis": "y", "origin": [4.34358, 0.4, 16.82737]},
			"faces": {
				"north": {"uv": [6, 6.5, 7, 7.1875], "texture": "#0"},
				"east": {"uv": [9.5, 0.75, 10, 1.4375], "texture": "#0"},
				"south": {"uv": [0, 6.75, 1, 7.4375], "texture": "#0"},
				"west": {"uv": [1, 9.5, 1.5, 10.1875], "texture": "#0"},
				"up": {"uv": [8.5, 8.75, 7.5, 8.25], "texture": "#0"},
				"down": {"uv": [9.5, 0.5, 8.5, 1], "texture": "#0"}
			}
		},
		{
			"from": [6, 0, 16.05468],
			"to": [10, 2.8, 18.05468],
			"rotation": {"angle": 0, "axis": "y", "origin": [8, 0.4, 17.55468]},
			"faces": {
				"north": {"uv": [5, 6.5, 6, 7.1875], "texture": "#0"},
				"east": {"uv": [9.5, 0, 10, 0.6875], "texture": "#0"},
				"south": {"uv": [6.5, 5, 7.5, 5.6875], "texture": "#0"},
				"west": {"uv": [0.5, 9.5, 1, 10.1875], "texture": "#0"},
				"up": {"uv": [5, 8.75, 4, 8.25], "texture": "#0"},
				"down": {"uv": [6, 8.25, 5, 8.75], "texture": "#0"}
			}
		},
		{
			"from": [9.65642, 0, 15.32737],
			"to": [13.65642, 2.8, 17.32737],
			"rotation": {"angle": 22.5, "axis": "y", "origin": [11.65642, 0.4, 16.82737]},
			"faces": {
				"north": {"uv": [4, 6.5, 5, 7.1875], "texture": "#0"},
				"east": {"uv": [3.5, 9.25, 4, 9.9375], "texture": "#0"},
				"south": {"uv": [6.5, 4.25, 7.5, 4.9375], "texture": "#0"},
				"west": {"uv": [0, 9.5, 0.5, 10.1875], "texture": "#0"},
				"up": {"uv": [9, 2, 8, 1.5], "texture": "#0"},
				"down": {"uv": [9, 5.75, 8, 6.25], "texture": "#0"}
			}
		},
		{
			"from": [13.25618, 0, 12.75618],
			"to": [15.25618, 2.8, 16.75618],
			"rotation": {"angle": -45, "axis": "y", "origin": [14.75618, 0.4, 14.75618]},
			"faces": {
				"north": {"uv": [2.5, 9.25, 3, 9.9375], "texture": "#0"},
				"east": {"uv": [6.5, 2.75, 7.5, 3.4375], "texture": "#0"},
				"south": {"uv": [3, 9.25, 3.5, 9.9375], "texture": "#0"},
				"west": {"uv": [6.5, 3.5, 7.5, 4.1875], "texture": "#0"},
				"up": {"uv": [3.5, 9.25, 3, 8.25], "texture": "#0"},
				"down": {"uv": [4, 8.25, 3.5, 9.25], "texture": "#0"}
			}
		},
		{
			"from": [15.32737, 0, 9.65642],
			"to": [17.32737, 2.8, 13.65642],
			"rotation": {"angle": -22.5, "axis": "y", "origin": [16.82737, 0.4, 11.65642]},
			"faces": {
				"north": {"uv": [9, 8.75, 9.5, 9.4375], "texture": "#0"},
				"east": {"uv": [3, 6, 4, 6.6875], "texture": "#0"},
				"south": {"uv": [2, 9.25, 2.5, 9.9375], "texture": "#0"},
				"west": {"uv": [6, 5.75, 7, 6.4375], "texture": "#0"},
				"up": {"uv": [2.5, 9.25, 2, 8.25], "texture": "#0"},
				"down": {"uv": [3, 8.25, 2.5, 9.25], "texture": "#0"}
			}
		}
	]
}