{
  "parent": "builtin/generated",
  "textures": {"layer0":"item/flint"},
  "overrides": [
  {"predicate": {"custom_model_data":1}, "model": "mchub:hats/backwards-cap"},
  {"predicate": {"custom_model_data":2}, "model": "mchub:hats/bunny-ears"},
  {"predicate": {"custom_model_data":3}, "model": "mchub:hats/cat-ears"},
  {"predicate": {"custom_model_data":4}, "model": "mchub:hats/cowboy"},
  {"predicate": {"custom_model_data":5}, "model": "mchub:hats/forwards-cap"},
  {"predicate": {"custom_model_data":6}, "model": "mchub:hats/glasses"},
  {"predicate": {"custom_model_data":7}, "model": "mchub:hats/miner-hardhat"},
  {"predicate": {"custom_model_data":8}, "model": "mchub:hats/strawhat"},
  {"predicate": {"custom_model_data":9}, "model": "mchub:hats/tophat"},
  {"predicate": {"custom_model_data":10}, "model": "mchub:hats/witch"}
  ]
}