{
  "parent": "builtin/generated",
  "textures": {"layer0":"item/spider_eye"},
  "overrides": [
  {"predicate": {"custom_model_data":1}, "model": "mchub:hats/matching/hers/hers-left-blue"},
  {"predicate": {"custom_model_data":2}, "model": "mchub:hats/matching/hers/hers-left-green"},
  {"predicate": {"custom_model_data":3}, "model": "mchub:hats/matching/hers/hers-left-orange"},
  {"predicate": {"custom_model_data":4}, "model": "mchub:hats/matching/hers/hers-left-pink"},
  {"predicate": {"custom_model_data":5}, "model": "mchub:hats/matching/hers/hers-left-purple"},
  {"predicate": {"custom_model_data":6}, "model": "mchub:hats/matching/hers/hers-left-red"},
  {"predicate": {"custom_model_data":7}, "model": "mchub:hats/matching/hers/hers-left-white"},
  {"predicate": {"custom_model_data":8}, "model": "mchub:hats/matching/hers/hers-left-yellow"},
  {"predicate": {"custom_model_data":9}, "model": "mchub:hats/matching/hers/hers-right-blue"},
  {"predicate": {"custom_model_data":10}, "model": "mchub:hats/matching/hers/hers-right-green"},
  {"predicate": {"custom_model_data":11}, "model": "mchub:hats/matching/hers/hers-right-orange"},
  {"predicate": {"custom_model_data":12}, "model": "mchub:hats/matching/hers/hers-right-pink"},
  {"predicate": {"custom_model_data":13}, "model": "mchub:hats/matching/hers/hers-right-purple"},
  {"predicate": {"custom_model_data":14}, "model": "mchub:hats/matching/hers/hers-right-red"},
  {"predicate": {"custom_model_data":15}, "model": "mchub:hats/matching/hers/hers-right-white"},
  {"predicate": {"custom_model_data":16}, "model": "mchub:hats/matching/hers/hers-right-yellow"}
  ]
}