{
  "parent": "item/handheld",
  "textures": {
    "layer0": "item/diamond_pickaxe"
  },
  "overrides": [
    {
      "predicate": {
        "custom_model_data": 1000
      },
      "model": "item/omnitool/1000"
    },
    {
      "predicate": {
        "custom_model_data": 1001
      },
      "model": "item/omnitool/1001"
    },
    {
      "predicate": {
        "custom_model_data": 1002
      },
      "model": "item/omnitool/1002"
    },
    {
      "predicate": {
        "custom_model_data": 1003
      },
      "model": "item/omnitool/1003"
    },
    {
      "predicate": {
        "custom_model_data": 1004
      },
      "model": "item/omnitool/1004"
    },
    {
      "predicate": {
        "custom_model_data": 1005
      },
      "model": "item/omnitool/1005"
    },
    {
      "predicate": {
        "custom_model_data": 1006
      },
      "model": "item/omnitool/1006"
    },
    {
      "predicate": {
        "custom_model_data": 1007
      },
      "model": "item/omnitool/1007"
    },
    {
      "predicate": {
        "custom_model_data": 1008
      },
      "model": "item/omnitool/1008"
    },
    {
      "predicate": {
        "custom_model_data": 1009
      },
      "model": "item/omnitool/1009"
    },
    {
      "predicate": {
        "custom_model_data": 1010
      },
      "model": "item/omnitool/1010"
    },
    {
      "predicate": {
        "custom_model_data": 1011
      },
      "model": "item/omnitool/1011"
    },
    {
      "predicate": {
        "custom_model_data": 1012
      },
      "model": "item/omnitool/1012"
    },
    {
      "predicate": {
        "custom_model_data": 1013
      },
      "model": "item/omnitool/1013"
    },
    {
      "predicate": {
        "custom_model_data": 1014
      },
      "model": "item/omnitool/1014"
    },
    {
      "predicate": {
        "custom_model_data": 1015
      },
      "model": "item/omnitool/1015"
    },
    {
      "predicate": {
        "custom_model_data": 1016
      },
      "model": "item/omnitool/1016"
    },
    {
      "predicate": {
        "custom_model_data": 1017
      },
      "model": "item/omnitool/1017"
    },
    {
      "predicate": {
        "custom_model_data": 1018
      },
      "model": "item/omnitool/1018"
    },
    {
      "predicate": {
        "custom_model_data": 1019
      },
      "model": "item/omnitool/1019"
    },
    {
      "predicate": {
        "custom_model_data": 1020
      },
      "model": "item/omnitool/1020"
    },
    {
      "predicate": {
        "custom_model_data": 1021
      },
      "model": "item/omnitool/1021"
    },
    {
      "predicate": {
        "custom_model_data": 1022
      },
      "model": "item/omnitool/1022"
    },
    {
      "predicate": {
        "custom_model_data": 1023
      },
      "model": "item/omnitool/1023"
    },
    {
      "predicate": {
        "custom_model_data": 1024
      },
      "model": "item/omnitool/1024"
    },
    {
      "predicate": {
        "custom_model_data": 1025
      },
      "model": "item/omnitool/1025"
    },
    {
      "predicate": {
        "custom_model_data": 1026
      },
      "model": "item/omnitool/1026"
    },
    {
      "predicate": {
        "custom_model_data": 1027
      },
      "model": "item/omnitool/1027"
    },
    {
      "predicate": {
        "custom_model_data": 1028
      },
      "model": "item/omnitool/1028"
    },
    {
      "predicate": {
        "custom_model_data": 1029
      },
      "model": "item/omnitool/1029"
    },
    {
      "predicate": {
        "custom_model_data": 1030
      },
      "model": "item/omnitool/1030"
    },
    {
      "predicate": {
        "custom_model_data": 1031
      },
      "model": "item/omnitool/1031"
    },
    {
      "predicate": {
        "custom_model_data": 1032
      },
      "model": "item/omnitool/1032"
    },
    {
      "predicate": {
        "custom_model_data": 1033
      },
      "model": "item/omnitool/1033"
    },
    {
      "predicate": {
        "custom_model_data": 1034
      },
      "model": "item/omnitool/1034"
    },
    {
      "predicate": {
        "custom_model_data": 1035
      },
      "model": "item/omnitool/1035"
    },
    {
      "predicate": {
        "custom_model_data": 1036
      },
      "model": "item/omnitool/1036"
    },
    {
      "predicate": {
        "custom_model_data": 1037
      },
      "model": "item/omnitool/1037"
    },
    {
      "predicate": {
        "custom_model_data": 1038
      },
      "model": "item/omnitool/1038"
    },
    {
      "predicate": {
        "custom_model_data": 1039
      },
      "model": "item/omnitool/1039"
    },
    {
      "predicate": {
        "custom_model_data": 1040
      },
      "model": "item/omnitool/1040"
    },
    {
      "predicate": {
        "custom_model_data": 1041
      },
      "model": "item/omnitool/1041"
    },
    {
      "predicate": {
        "custom_model_data": 1042
      },
      "model": "item/omnitool/1042"
    },
    {
      "predicate": {
        "custom_model_data": 1043
      },
      "model": "item/omnitool/1043"
    },
    {
      "predicate": {
        "custom_model_data": 1044
      },
      "model": "item/omnitool/1044"
    },
    {
      "predicate": {
        "custom_model_data": 1045
      },
      "model": "item/omnitool/1045"
    },
    {
      "predicate": {
        "custom_model_data": 1046
      },
      "model": "item/omnitool/1046"
    },
    {
      "predicate": {
        "custom_model_data": 1047
      },
      "model": "item/omnitool/1047"
    },
    {
      "predicate": {
        "custom_model_data": 1048
      },
      "model": "item/omnitool/1048"
    },
    {
      "predicate": {
        "custom_model_data": 1049
      },
      "model": "item/omnitool/1049"
    },
    {
      "predicate": {
        "custom_model_data": 1050
      },
      "model": "item/omnitool/1050"
    },
    {
      "predicate": {
        "custom_model_data": 1051
      },
      "model": "item/omnitool/1051"
    },
    {
      "predicate": {
        "custom_model_data": 1052
      },
      "model": "item/omnitool/1052"
    },
    {
      "predicate": {
        "custom_model_data": 1053
      },
      "model": "item/omnitool/1053"
    },
    {
      "predicate": {
        "custom_model_data": 1054
      },
      "model": "item/omnitool/1054"
    },
    {
      "predicate": {
        "custom_model_data": 1055
      },
      "model": "item/omnitool/1055"
    },
    {
      "predicate": {
        "custom_model_data": 1056
      },
      "model": "item/omnitool/1056"
    },
    {
      "predicate": {
        "custom_model_data": 1057
      },
      "model": "item/omnitool/1057"
    },
    {
      "predicate": {
        "custom_model_data": 1058
      },
      "model": "item/omnitool/1058"
    },
    {
      "predicate": {
        "custom_model_data": 1059
      },
      "model": "item/omnitool/1059"
    },
    {
      "predicate": {
        "custom_model_data": 1060
      },
      "model": "item/omnitool/1060"
    },
    {
      "predicate": {
        "custom_model_data": 1061
      },
      "model": "item/omnitool/1061"
    },
    {
      "predicate": {
        "custom_model_data": 1062
      },
      "model": "item/omnitool/1062"
    },
    {
      "predicate": {
        "custom_model_data": 1063
      },
      "model": "item/omnitool/1063"
    },
    {
      "predicate": {
        "custom_model_data": 1064
      },
      "model": "item/omnitool/1064"
    },
    {
      "predicate": {
        "custom_model_data": 1065
      },
      "model": "item/omnitool/1065"
    },
    {
      "predicate": {
        "custom_model_data": 1066
      },
      "model": "item/omnitool/1066"
    },
    {
      "predicate": {
        "custom_model_data": 1067
      },
      "model": "item/omnitool/1067"
    },
    {
      "predicate": {
        "custom_model_data": 1068
      },
      "model": "item/omnitool/1068"
    },
    {
      "predicate": {
        "custom_model_data": 1069
      },
      "model": "item/omnitool/1069"
    },
    {
      "predicate": {
        "custom_model_data": 1070
      },
      "model": "item/omnitool/1070"
    },
    {
      "predicate": {
        "custom_model_data": 1071
      },
      "model": "item/omnitool/1071"
    },
    {
      "predicate": {
        "custom_model_data": 1072
      },
      "model": "item/omnitool/1072"
    },
    {
      "predicate": {
        "custom_model_data": 1073
      },
      "model": "item/omnitool/1073"
    },
    {
      "predicate": {
        "custom_model_data": 1074
      },
      "model": "item/omnitool/1074"
    },
    {
      "predicate": {
        "custom_model_data": 1075
      },
      "model": "item/omnitool/1075"
    },
    {
      "predicate": {
        "custom_model_data": 1076
      },
      "model": "item/omnitool/1076"
    },
    {
      "predicate": {
        "custom_model_data": 1077
      },
      "model": "item/omnitool/1077"
    },
    {
      "predicate": {
        "custom_model_data": 1078
      },
      "model": "item/omnitool/1078"
    },
    {
      "predicate": {
        "custom_model_data": 1079
      },
      "model": "item/omnitool/1079"
    },
    {
      "predicate": {
        "custom_model_data": 1080
      },
      "model": "item/omnitool/1080"
    },
    {
      "predicate": {
        "custom_model_data": 1081
      },
      "model": "item/omnitool/1081"
    },
    {
      "predicate": {
        "custom_model_data": 1082
      },
      "model": "item/omnitool/1082"
    },
    {
      "predicate": {
        "custom_model_data": 1083
      },
      "model": "item/omnitool/1083"
    },
    {
      "predicate": {
        "custom_model_data": 1084
      },
      "model": "item/omnitool/1084"
    },
    {
      "predicate": {
        "custom_model_data": 1085
      },
      "model": "item/omnitool/1085"
    },
    {
      "predicate": {
        "custom_model_data": 1086
      },
      "model": "item/omnitool/1086"
    },
    {
      "predicate": {
        "custom_model_data": 1087
      },
      "model": "item/omnitool/1087"
    },
    {
      "predicate": {
        "custom_model_data": 1088
      },
      "model": "item/omnitool/1088"
    },
    {
      "predicate": {
        "custom_model_data": 1089
      },
      "model": "item/omnitool/1089"
    },
    {
      "predicate": {
        "custom_model_data": 1090
      },
      "model": "item/omnitool/1090"
    },
    {
      "predicate": {
        "custom_model_data": 1091
      },
      "model": "item/omnitool/1091"
    },
    {
      "predicate": {
        "custom_model_data": 1092
      },
      "model": "item/omnitool/1092"
    },
    {
      "predicate": {
        "custom_model_data": 1093
      },
      "model": "item/omnitool/1093"
    },
    {
      "predicate": {
        "custom_model_data": 1094
      },
      "model": "item/omnitool/1094"
    },
    {
      "predicate": {
        "custom_model_data": 1095
      },
      "model": "item/omnitool/1095"
    },
    {
      "predicate": {
        "custom_model_data": 1096
      },
      "model": "item/omnitool/1096"
    },
    {
      "predicate": {
        "custom_model_data": 1097
      },
      "model": "item/omnitool/1097"
    },
    {
      "predicate": {
        "custom_model_data": 1098
      },
      "model": "item/omnitool/1098"
    },
    {
      "predicate": {
        "custom_model_data": 1099
      },
      "model": "item/omnitool/1099"
    },
    {
      "predicate": {
        "custom_model_data": 1100
      },
      "model": "item/omnitool/1100"
    },
    {
      "predicate": {
        "custom_model_data": 1101
      },
      "model": "item/omnitool/1101"
    },
    {
      "predicate": {
        "custom_model_data": 1102
      },
      "model": "item/omnitool/1102"
    },
    {
      "predicate": {
        "custom_model_data": 1103
      },
      "model": "item/omnitool/1103"
    },
    {
      "predicate": {
        "custom_model_data": 1104
      },
      "model": "item/omnitool/1104"
    },
    {
      "predicate": {
        "custom_model_data": 1105
      },
      "model": "item/omnitool/1105"
    },
    {
      "predicate": {
        "custom_model_data": 1106
      },
      "model": "item/omnitool/1106"
    },
	{
      "predicate": {
        "custom_model_data": 1107
      },
      "model": "item/omnitool/1107"
    },
	{
      "predicate": {
        "custom_model_data": 1108
      },
      "model": "item/omnitool/1108"
    },
	{
      "predicate": {
        "custom_model_data": 1109
      },
      "model": "item/omnitool/1109"
    },
	{
      "predicate": {
        "custom_model_data": 1110
      },
      "model": "item/omnitool/1110"
    },
	{
      "predicate": {
        "custom_model_data": 1111
      },
      "model": "item/omnitool/1111"
    },
	{
      "predicate": {
        "custom_model_data": 1112
      },
      "model": "item/omnitool/1112"
    },
	{
      "predicate": {
        "custom_model_data": 1113
      },
      "model": "item/omnitool/1113"
    },
	{
      "predicate": {
        "custom_model_data": 1114
      },
      "model": "item/omnitool/1114"
    },
    {
        "predicate": {
          "custom_model_data": 1115
        },
        "model": "item/omnitool/1115"
    },
    {
        "predicate": {
          "custom_model_data": 1116
        },
        "model": "item/omnitool/1116"
    },
    {
        "predicate": {
          "custom_model_data": 1117
        },
        "model": "item/omnitool/1117"
    },
    {
        "predicate": {
          "custom_model_data": 1118
        },
        "model": "item/omnitool/1118"
    },
    {
        "predicate": {
          "custom_model_data": 1119
        },
        "model": "item/omnitool/1119"
    },
    {
        "predicate": {
          "custom_model_data": 1120
        },
        "model": "item/omnitool/1120"
    }
  ]
}