{
  "parent": "minecraft:item/generated",
  "textures": {
    "layer0": "minecraft:block/tripwire_hook"
  },
  "overrides": [
    {"predicate": {"custom_model_data":1}, "model": "item/keys/dolphin"},
	{"predicate": {"custom_model_data":2}, "model": "item/keys/lobster"},
	{"predicate": {"custom_model_data":3}, "model": "item/keys/monthly"},
	{"predicate": {"custom_model_data":4}, "model": "item/keys/pet"},
	{"predicate": {"custom_model_data":5}, "model": "item/keys/robot"},
	{"predicate": {"custom_model_data":6}, "model": "item/keys/shark"},
	{"predicate": {"custom_model_data":7}, "model": "item/keys/skin"},
	{"predicate": {"custom_model_data":8}, "model": "item/keys/trident"},
	{"predicate": {"custom_model_data":9}, "model": "item/keys/vote"},
	{"predicate": {"custom_model_data":10}, "model": "item/keys/whale"}
  ]
}