{
  "parent": "minecraft:block/stone_button",
  "textures": {
    "0": "minecraft:item/crates/lobster"
  },
  "elements": [
    {
      "from": [-4, 0, 0],
      "to": [20, 2, 16],
      "faces": {
        "north": {"uv": [3, 7.625, 6, 7.875], "texture": "#0"},
        "east": {"uv": [9, 7.25, 11, 7.5], "texture": "#0"},
        "south": {"uv": [7.375, 7.75, 10.375, 8], "texture": "#0"},
        "west": {"uv": [9, 8.25, 11, 8.5], "texture": "#0"},
        "up": {"uv": [3, 2, 0, 0], "texture": "#0"},
        "down": {"uv": [3, 2, 0, 4], "texture": "#0"}
      }
    },
    {
      "from": [-4, 2, 0],
      "to": [20, 4, 2],
      "rotation": {"angle": 0, "axis": "y", "origin": [8, 10, 8]},
      "faces": {
        "north": {"uv": [0, 7.875, 3, 8.125], "texture": "#0"},
        "east": {"uv": [5.75, 5.25, 6, 5.5], "texture": "#0"},
        "south": {"uv": [3, 7.875, 6, 8.125], "texture": "#0"},
        "west": {"uv": [10.625, 7, 10.875, 7.25], "texture": "#0"},
        "up": {"uv": [10.375, 8.25, 7.375, 8], "texture": "#0"},
        "down": {"uv": [3, 8.125, 0, 8.375], "texture": "#0"}
      }
    },
    {
      "from": [-4, 5.08239, 0.61313],
      "to": [20, 13.08239, 2.61313],
      "rotation": {"angle": 0, "axis": "y", "origin": [8, 13.08239, 8.61313]},
      "faces": {
        "north": {"uv": [3, 5.5, 6, 6.5], "texture": "#0"},
        "east": {"uv": [0.25, 9.75, 0.5, 10.75], "texture": "#0"},
        "south": {"uv": [5.75, 0, 8.75, 1], "texture": "#0"},
        "west": {"uv": [0.5, 9.75, 0.75, 10.75], "texture": "#0"},
        "up": {"uv": [6, 8.375, 3, 8.125], "texture": "#0"},
        "down": {"uv": [9, 8.25, 6, 8.5], "texture": "#0"}
      }
    },
    {
      "from": [-4, 5.08239, 13.38687],
      "to": [20, 13.08239, 15.38687],
      "rotation": {"angle": 0, "axis": "y", "origin": [8, 13.08239, 21.38687]},
      "faces": {
        "north": {"uv": [2.75, 4.5, 5.75, 5.5], "texture": "#0"},
        "east": {"uv": [8.25, 9.5, 8.5, 10.5], "texture": "#0"},
        "south": {"uv": [0, 5.5, 3, 6.5], "texture": "#0"},
        "west": {"uv": [0, 9.75, 0.25, 10.75], "texture": "#0"},
        "up": {"uv": [10.375, 7.75, 7.375, 7.5], "texture": "#0"},
        "down": {"uv": [3, 7.625, 0, 7.875], "texture": "#0"}
      }
    },
    {
      "from": [18, 11.08239, 2.61313],
      "to": [20, 13.08239, 13.38313],
      "rotation": {"angle": 0, "axis": "y", "origin": [8, 13.08239, 19.38]},
      "faces": {
        "north": {"uv": [10.625, 8.5, 10.875, 8.75], "texture": "#0"},
        "east": {"uv": [5.75, 9.25, 7.125, 9.5], "texture": "#0"},
        "south": {"uv": [10.625, 9.25, 10.875, 9.5], "texture": "#0"},
        "west": {"uv": [7.125, 9.25, 8.5, 9.5], "texture": "#0"},
        "up": {"uv": [8.75, 10.625, 8.5, 9.25], "texture": "#0"},
        "down": {"uv": [9, 9.25, 8.75, 10.625], "texture": "#0"}
      }
    },
    {
      "from": [-4, 11.08239, 2.61313],
      "to": [-2, 13.08239, 13.38313],
      "rotation": {"angle": 0, "axis": "y", "origin": [-14, 13.08239, 19.38]},
      "faces": {
        "north": {"uv": [6.75, 10.75, 7, 11], "texture": "#0"},
        "east": {"uv": [9, 9.25, 10.375, 9.5], "texture": "#0"},
        "south": {"uv": [7, 10.75, 7.25, 11], "texture": "#0"},
        "west": {"uv": [3, 9.5, 4.375, 9.75], "texture": "#0"},
        "up": {"uv": [4.625, 10.875, 4.375, 9.5], "texture": "#0"},
        "down": {"uv": [4.875, 9.5, 4.625, 10.875], "texture": "#0"}
      }
    },
    {
      "from": [-4, 0.32957, 2.4525],
      "to": [20, 2.32957, 4.4525],
      "rotation": {"angle": 22.5, "axis": "x", "origin": [8, 8.32957, 10.4525]},
      "faces": {
        "north": {"uv": [0, 8.375, 3, 8.625], "texture": "#0"},
        "east": {"uv": [7.25, 10.75, 7.5, 11], "texture": "#0"},
        "south": {"uv": [3, 8.375, 6, 8.625], "texture": "#0"},
        "west": {"uv": [7.5, 10.75, 7.75, 11], "texture": "#0"},
        "up": {"uv": [9, 8.75, 6, 8.5], "texture": "#0"},
        "down": {"uv": [3, 8.625, 0, 8.875], "texture": "#0"}
      }
    },
    {
      "from": [-4, 5.68714, 10.48181],
      "to": [20, 7.68714, 12.48181],
      "rotation": {"angle": -22.5, "axis": "x", "origin": [8, 13.68714, 18.48181]},
      "faces": {
        "north": {"uv": [3, 8.625, 6, 8.875], "texture": "#0"},
        "east": {"uv": [7.75, 10.75, 8, 11], "texture": "#0"},
        "south": {"uv": [8.625, 1.75, 11.625, 2], "texture": "#0"},
        "west": {"uv": [8, 10.75, 8.25, 11], "texture": "#0"},
        "up": {"uv": [11.625, 2.25, 8.625, 2], "texture": "#0"},
        "down": {"uv": [11.625, 2.25, 8.625, 2.5], "texture": "#0"}
      }
    },
    {
      "from": [-4, 2, 14],
      "to": [20, 4, 16],
      "rotation": {"angle": 0, "axis": "y", "origin": [8, 10, 22]},
      "faces": {
        "north": {"uv": [8.625, 2.5, 11.625, 2.75], "texture": "#0"},
        "east": {"uv": [8.25, 10.75, 8.5, 11], "texture": "#0"},
        "south": {"uv": [8.625, 2.75, 11.625, 3], "texture": "#0"},
        "west": {"uv": [9.25, 10.75, 9.5, 11], "texture": "#0"},
        "up": {"uv": [11.625, 3.25, 8.625, 3], "texture": "#0"},
        "down": {"uv": [11.625, 3.25, 8.625, 3.5], "texture": "#0"}
      }
    },
    {
      "from": [-3, 2, 2],
      "to": [19, 13.08, 14],
      "rotation": {"angle": 0, "axis": "y", "origin": [8, 10, 20]},
      "faces": {
        "north": {"uv": [3, 1.5, 5.75, 2.875], "texture": "#0"},
        "east": {"uv": [5.75, 1, 7.25, 2.375], "texture": "#0"},
        "south": {"uv": [0, 4, 2.75, 5.375], "texture": "#0"},
        "west": {"uv": [5.75, 2.375, 7.25, 3.75], "texture": "#0"},
        "up": {"uv": [5.75, 4.5, 3, 3], "texture": "#0"},
        "down": {"uv": [5.75, 0, 3, 1.5], "texture": "#0"}
      }
    },
    {
      "name": "hexadecagon",
      "from": [-3, 16.07359, 3.37644],
      "to": [-2, 21.05728, 14.37644],
      "rotation": {"angle": 22.5, "axis": "x", "origin": [-2.5, 16.56543, 8.87644]},
      "faces": {
        "north": {"uv": [3.375, 10.625, 3.5, 11.25], "texture": "#0"},
        "east": {"uv": [7.25, 1.75, 8.625, 2.375], "texture": "#0"},
        "south": {"uv": [8.875, 10.625, 9, 11.25], "texture": "#0"},
        "west": {"uv": [7.25, 2.375, 8.625, 3], "texture": "#0"},
        "up": {"uv": [5, 10.875, 4.875, 9.5], "texture": "#0"},
        "down": {"uv": [4.375, 9.75, 4.25, 11.125], "texture": "#0"}
      }
    },
    {
      "name": "hexadecagon",
      "from": [18, 16.07359, 3.37644],
      "to": [19, 21.05728, 14.37644],
      "rotation": {"angle": 22.5, "axis": "x", "origin": [18.5, 16.56543, 8.87644]},
      "faces": {
        "north": {"uv": [0, 10.75, 0.125, 11.375], "texture": "#0"},
        "east": {"uv": [7.25, 3, 8.625, 3.625], "texture": "#0"},
        "south": {"uv": [0.125, 10.75, 0.25, 11.375], "texture": "#0"},
        "west": {"uv": [6, 7.5, 7.375, 8.125], "texture": "#0"},
        "up": {"uv": [9.125, 11.25, 9, 9.875], "texture": "#0"},
        "down": {"uv": [9.25, 9.875, 9.125, 11.25], "texture": "#0"}
      }
    },
    {
      "name": "hexadecagon",
      "from": [-3, 20.67584, 5.29408],
      "to": [-2, 21.65952, 13.29408],
      "rotation": {"angle": 22.5, "axis": "x", "origin": [-2.5, 16.16768, 9.79408]},
      "faces": {
        "north": {"uv": [10.375, 9.625, 10.5, 9.75], "texture": "#0"},
        "east": {"uv": [7.25, 3.625, 8.25, 3.75], "texture": "#0"},
        "south": {"uv": [1.875, 10.5, 2, 10.625], "texture": "#0"},
        "west": {"uv": [6, 8.125, 7, 8.25], "texture": "#0"},
        "up": {"uv": [4.25, 11, 4.125, 10], "texture": "#0"},
        "down": {"uv": [5.75, 10.125, 5.625, 11.125], "texture": "#0"}
      }
    },
    {
      "name": "hexadecagon",
      "from": [18, 20.67584, 5.29408],
      "to": [19, 21.65952, 13.29408],
      "rotation": {"angle": 22.5, "axis": "x", "origin": [18.5, 16.16768, 9.79408]},
      "faces": {
        "north": {"uv": [10.875, 10.5, 11, 10.625], "texture": "#0"},
        "east": {"uv": [9.75, 8.875, 10.75, 9], "texture": "#0"},
        "south": {"uv": [10.875, 10.75, 11, 10.875], "texture": "#0"},
        "west": {"uv": [6.75, 10.25, 7.75, 10.375], "texture": "#0"},
        "up": {"uv": [3.625, 11.25, 3.5, 10.25], "texture": "#0"},
        "down": {"uv": [3.75, 10.25, 3.625, 11.25], "texture": "#0"}
      }
    },
    {
      "name": "hexadecagon",
      "from": [-4, 15.07359, 1.37644],
      "to": [20, 18.05728, 3.37644],
      "rotation": {"angle": 22.5, "axis": "x", "origin": [19.5, 16.56543, 8.87644]},
      "faces": {
        "north": {"uv": [5.75, 3.75, 8.75, 4.125], "texture": "#0"},
        "east": {"uv": [2.75, 4, 3, 4.375], "texture": "#0"},
        "south": {"uv": [5.75, 4.125, 8.75, 4.5], "texture": "#0"},
        "west": {"uv": [10.25, 6.625, 10.5, 7], "texture": "#0"},
        "up": {"uv": [11.625, 3.75, 8.625, 3.5], "texture": "#0"},
        "down": {"uv": [9, 8.75, 6, 9], "texture": "#0"}
      }
    },
    {
      "name": "hexadecagon",
      "from": [18, 15.07359, 3.37644],
      "to": [20, 16.05728, 14.37644],
      "rotation": {"angle": 22.5, "axis": "x", "origin": [19.5, 16.56543, 8.87644]},
      "faces": {
        "north": {"uv": [2.75, 4.375, 3, 4.5], "texture": "#0"},
        "east": {"uv": [3, 2.875, 4.375, 3], "texture": "#0"},
        "south": {"uv": [5.75, 9.125, 6, 9.25], "texture": "#0"},
        "west": {"uv": [4.375, 2.875, 5.75, 3], "texture": "#0"},
        "up": {"uv": [6, 10.875, 5.75, 9.5], "texture": "#0"},
        "down": {"uv": [6.25, 9.5, 6, 10.875], "texture": "#0"}
      }
    },
    {
      "name": "hexadecagon",
      "from": [-4, 15.07359, 3.37644],
      "to": [-2, 16.05728, 14.37644],
      "rotation": {"angle": 22.5, "axis": "x", "origin": [-2.5, 16.56543, 8.87644]},
      "faces": {
        "north": {"uv": [6.5, 10.875, 6.75, 11], "texture": "#0"},
        "east": {"uv": [0, 5.375, 1.375, 5.5], "texture": "#0"},
        "south": {"uv": [10.875, 6.25, 11.125, 6.375], "texture": "#0"},
        "west": {"uv": [1.375, 5.375, 2.75, 5.5], "texture": "#0"},
        "up": {"uv": [6.5, 10.875, 6.25, 9.5], "texture": "#0"},
        "down": {"uv": [6.75, 9.5, 6.5, 10.875], "texture": "#0"}
      }
    },
    {
      "name": "hexadecagon",
      "from": [-4, 22.06543, 7.3846],
      "to": [20, 24.06543, 10.36828],
      "rotation": {"angle": -45, "axis": "x", "origin": [19.5, 16.56543, 8.87644]},
      "faces": {
        "north": {"uv": [8.75, 0, 11.75, 0.25], "texture": "#0"},
        "east": {"uv": [10.25, 1.5, 10.625, 1.75], "texture": "#0"},
        "south": {"uv": [8.75, 0.25, 11.75, 0.5], "texture": "#0"},
        "west": {"uv": [10.25, 7, 10.625, 7.25], "texture": "#0"},
        "up": {"uv": [8.75, 4.875, 5.75, 4.5], "texture": "#0"},
        "down": {"uv": [8.75, 4.875, 5.75, 5.25], "texture": "#0"}
      }
    },
    {
      "name": "hexadecagon",
      "from": [-4, 22.06543, 7.3846],
      "to": [20, 24.06543, 10.36828],
      "rotation": {"angle": -22.5, "axis": "x", "origin": [19.5, 16.56543, 8.87644]},
      "faces": {
        "north": {"uv": [8.75, 0.5, 11.75, 0.75], "texture": "#0"},
        "east": {"uv": [10.25, 8.5, 10.625, 8.75], "texture": "#0"},
        "south": {"uv": [8.75, 0.75, 11.75, 1], "texture": "#0"},
        "west": {"uv": [5, 10.375, 5.375, 10.625], "texture": "#0"},
        "up": {"uv": [9, 6.375, 6, 6], "texture": "#0"},
        "down": {"uv": [9, 5.25, 6, 5.625], "texture": "#0"}
      }
    },
    {
      "name": "hexadecagon",
      "from": [-4, 15.07359, 14.37644],
      "to": [20, 18.05728, 16.37644],
      "rotation": {"angle": -22.5, "axis": "x", "origin": [19.5, 16.56543, 8.87644]},
      "faces": {
        "north": {"uv": [6, 5.625, 9, 6], "texture": "#0"},
        "east": {"uv": [5.375, 10.375, 5.625, 10.75], "texture": "#0"},
        "south": {"uv": [6, 6.375, 9, 6.75], "texture": "#0"},
        "west": {"uv": [6.75, 10.375, 7, 10.75], "texture": "#0"},
        "up": {"uv": [11.75, 4, 8.75, 3.75], "texture": "#0"},
        "down": {"uv": [11.75, 4, 8.75, 4.25], "texture": "#0"}
      }
    },
    {
      "name": "hexadecagon",
      "from": [-4, 15.07359, 14.37644],
      "to": [20, 18.05728, 16.37644],
      "rotation": {"angle": 0, "axis": "x", "origin": [19.5, 16.56543, 8.87644]},
      "faces": {
        "north": {"uv": [0, 6.5, 3, 6.875], "texture": "#0"},
        "east": {"uv": [7, 10.375, 7.25, 10.75], "texture": "#0"},
        "south": {"uv": [3, 6.5, 6, 6.875], "texture": "#0"},
        "west": {"uv": [7.25, 10.375, 7.5, 10.75], "texture": "#0"},
        "up": {"uv": [11.75, 4.5, 8.75, 4.25], "texture": "#0"},
        "down": {"uv": [11.75, 4.5, 8.75, 4.75], "texture": "#0"}
      }
    },
    {
      "name": "hexadecagon",
      "from": [-4, 15.07359, 14.37644],
      "to": [20, 18.05728, 16.37644],
      "rotation": {"angle": 22.5, "axis": "x", "origin": [19.5, 16.56543, 8.87644]},
      "faces": {
        "north": {"uv": [6, 6.75, 9, 7.125], "texture": "#0"},
        "east": {"uv": [7.5, 10.375, 7.75, 10.75], "texture": "#0"},
        "south": {"uv": [0, 6.875, 3, 7.25], "texture": "#0"},
        "west": {"uv": [10.375, 5.75, 10.625, 6.125], "texture": "#0"},
        "up": {"uv": [11.75, 5, 8.75, 4.75], "texture": "#0"},
        "down": {"uv": [11.75, 5, 8.75, 5.25], "texture": "#0"}
      }
    },
    {
      "name": "hexadecagon",
      "from": [-4, 22.06543, 7.3846],
      "to": [20, 24.06543, 10.36828],
      "rotation": {"angle": 0, "axis": "x", "origin": [19.5, 16.56543, 8.87644]},
      "faces": {
        "north": {"uv": [0, 8.875, 3, 9.125], "texture": "#0"},
        "east": {"uv": [10.375, 6.125, 10.75, 6.375], "texture": "#0"},
        "south": {"uv": [3, 8.875, 6, 9.125], "texture": "#0"},
        "west": {"uv": [10.375, 6.375, 10.75, 6.625], "texture": "#0"},
        "up": {"uv": [6, 7.25, 3, 6.875], "texture": "#0"},
        "down": {"uv": [9, 7.125, 6, 7.5], "texture": "#0"}
      }
    },
    {
      "name": "hexadecagon",
      "from": [-4, 22.06543, 7.3846],
      "to": [20, 24.06543, 10.36828],
      "rotation": {"angle": 22.5, "axis": "x", "origin": [19.5, 16.56543, 8.87644]},
      "faces": {
        "north": {"uv": [6, 9, 9, 9.25], "texture": "#0"},
        "east": {"uv": [10.375, 7.5, 10.75, 7.75], "texture": "#0"},
        "south": {"uv": [9, 9, 12, 9.25], "texture": "#0"},
        "west": {"uv": [10.375, 7.75, 10.75, 8], "texture": "#0"},
        "up": {"uv": [3, 7.625, 0, 7.25], "texture": "#0"},
        "down": {"uv": [6, 7.25, 3, 7.625], "texture": "#0"}
      }
    },
    {
      "name": "hexadecagon",
      "from": [-4, 15.07359, 14.37644],
      "to": [20, 18.05728, 16.37644],
      "rotation": {"angle": -45, "axis": "x", "origin": [19.5, 16.56543, 8.87644]},
      "faces": {
        "north": {"uv": [7.25, 1, 10.25, 1.375], "texture": "#0"},
        "east": {"uv": [10.375, 9.25, 10.625, 9.625], "texture": "#0"},
        "south": {"uv": [7.25, 1.375, 10.25, 1.75], "texture": "#0"},
        "west": {"uv": [0.75, 10.5, 1, 10.875], "texture": "#0"},
        "up": {"uv": [12, 5.5, 9, 5.25], "texture": "#0"},
        "down": {"uv": [12, 5.5, 9, 5.75], "texture": "#0"}
      }
    },
    {
      "name": "hexadecagon",
      "from": [5, 18.77359, 1.82644],
      "to": [11, 22.05728, 3.82644],
      "rotation": {"angle": 0, "axis": "x", "origin": [19.5, 20.56543, 9.32644]},
      "faces": {
        "north": {"uv": [6.75, 9.5, 7.5, 9.875], "texture": "#0"},
        "east": {"uv": [1, 10.5, 1.25, 10.875], "texture": "#0"},
        "south": {"uv": [7.5, 9.5, 8.25, 9.875], "texture": "#0"},
        "west": {"uv": [1.25, 10.5, 1.5, 10.875], "texture": "#0"},
        "up": {"uv": [4.25, 10, 3.5, 9.75], "texture": "#0"},
        "down": {"uv": [10.5, 9.75, 9.75, 10], "texture": "#0"}
      }
    },
    {
      "name": "hexadecagon",
      "from": [5, 10.095, 0.17644],
      "to": [11, 13.07869, 0.67644],
      "rotation": {"angle": 0, "axis": "x", "origin": [19.5, 11.56543, 7.82644]},
      "faces": {
        "north": {"uv": [9, 9.5, 9.75, 9.875], "texture": "#0"},
        "east": {"uv": [10.75, 6.125, 10.875, 6.5], "texture": "#0"},
        "south": {"uv": [1.25, 9.625, 2, 10], "texture": "#0"},
        "west": {"uv": [10.75, 7.5, 10.875, 7.875], "texture": "#0"},
        "up": {"uv": [11, 8.875, 10.25, 8.75], "texture": "#0"},
        "down": {"uv": [11.125, 8, 10.375, 8.125], "texture": "#0"}
      }
    },
    {
      "name": "hexadecagon",
      "from": [6, 11.095, -0.32356],
      "to": [10, 14.57869, 0.67644],
      "rotation": {"angle": 0, "axis": "x", "origin": [19.5, 11.56543, 7.82644]},
      "faces": {
        "north": {"uv": [9.75, 5.75, 10.25, 6.125], "texture": "#0"},
        "east": {"uv": [10.75, 10.25, 10.875, 10.625], "texture": "#0"},
        "south": {"uv": [9.75, 6.125, 10.25, 6.5], "texture": "#0"},
        "west": {"uv": [0.75, 10.875, 0.875, 11.25], "texture": "#0"},
        "up": {"uv": [9.75, 10, 9.25, 9.875], "texture": "#0"},
        "down": {"uv": [11.125, 9.5, 10.625, 9.625], "texture": "#0"}
      }
    },
    {
      "name": "hexadecagon",
      "from": [3.0369, 27.20208, 1.82644],
      "to": [5.0369, 28.28576, 3.82644],
      "rotation": {"angle": 45, "axis": "z", "origin": [11.5369, 27.5412, 9.32644]},
      "faces": {
        "north": {"uv": [10.875, 6.375, 11.125, 6.5], "texture": "#0"},
        "east": {"uv": [10.875, 6.625, 11.125, 6.75], "texture": "#0"},
        "south": {"uv": [10.875, 6.75, 11.125, 6.875], "texture": "#0"},
        "west": {"uv": [10.875, 7, 11.125, 7.125], "texture": "#0"},
        "up": {"uv": [9.75, 11, 9.5, 10.75], "texture": "#0"},
        "down": {"uv": [10, 10.75, 9.75, 11], "texture": "#0"}
      }
    },
    {
      "name": "hexadecagon",
      "from": [10.9631, 27.20208, 1.82644],
      "to": [12.9631, 28.28576, 3.82644],
      "rotation": {"angle": -45, "axis": "z", "origin": [4.4631, 27.5412, 9.32644]},
      "faces": {
        "north": {"uv": [10.875, 7.125, 11.125, 7.25], "texture": "#0"},
        "east": {"uv": [10.875, 7.5, 11.125, 7.625], "texture": "#0"},
        "south": {"uv": [10.875, 7.625, 11.125, 7.75], "texture": "#0"},
        "west": {"uv": [10.875, 7.75, 11.125, 7.875], "texture": "#0"},
        "up": {"uv": [10.25, 11, 10, 10.75], "texture": "#0"},
        "down": {"uv": [10.5, 10.75, 10.25, 11], "texture": "#0"}
      }
    },
    {
      "name": "hexadecagon",
      "from": [6.41421, 22.058, 1.82644],
      "to": [9.58521, 23.468, 3.82644],
      "rotation": {"angle": 0, "axis": "x", "origin": [-0.08579, 22.72692, 9.32644]},
      "faces": {
        "north": {"uv": [7, 8.125, 7.375, 8.25], "texture": "#0"},
        "east": {"uv": [10.875, 8.5, 11.125, 8.625], "texture": "#0"},
        "south": {"uv": [8.25, 3.625, 8.625, 3.75], "texture": "#0"},
        "west": {"uv": [10.875, 8.625, 11.125, 8.75], "texture": "#0"},
        "up": {"uv": [1.875, 10.75, 1.5, 10.5], "texture": "#0"},
        "down": {"uv": [8.125, 10.5, 7.75, 10.75], "texture": "#0"}
      }
    },
    {
      "name": "hexadecagon",
      "from": [-2, 14.32359, 14.47644],
      "to": [2, 16.30728, 17.37644],
      "rotation": {"angle": 22.5, "axis": "x", "origin": [19.5, 16.81543, 8.87644]},
      "faces": {
        "north": {"uv": [7.75, 10.25, 8.25, 10.5], "texture": "#0"},
        "east": {"uv": [8.125, 10.5, 8.5, 10.75], "texture": "#0"},
        "south": {"uv": [9.25, 10.25, 9.75, 10.5], "texture": "#0"},
        "west": {"uv": [9.25, 10.5, 9.625, 10.75], "texture": "#0"},
        "up": {"uv": [10.25, 6.875, 9.75, 6.5], "texture": "#0"},
        "down": {"uv": [10.25, 6.875, 9.75, 7.25], "texture": "#0"}
      }
    },
    {
      "name": "hexadecagon",
      "from": [14, 14.32359, 14.57644],
      "to": [18, 16.30728, 17.37644],
      "rotation": {"angle": 22.5, "axis": "x", "origin": [35.5, 16.81543, 8.87644]},
      "faces": {
        "north": {"uv": [9.75, 10.25, 10.25, 10.5], "texture": "#0"},
        "east": {"uv": [9.625, 10.5, 10, 10.75], "texture": "#0"},
        "south": {"uv": [10.25, 10.25, 10.75, 10.5], "texture": "#0"},
        "west": {"uv": [10, 10.5, 10.375, 10.75], "texture": "#0"},
        "up": {"uv": [10.25, 8.875, 9.75, 8.5], "texture": "#0"},
        "down": {"uv": [2.5, 9.875, 2, 10.25], "texture": "#0"}
      }
    },
    {
      "from": [19, 12, 6.75],
      "to": [20, 15, 10.75],
      "rotation": {"angle": 22.5, "axis": "x", "origin": [8, 14, 20.75]},
      "faces": {
        "north": {"uv": [0.875, 10.875, 1, 11.25], "texture": "#0"},
        "east": {"uv": [2.5, 9.875, 3, 10.25], "texture": "#0"},
        "south": {"uv": [1, 10.875, 1.125, 11.25], "texture": "#0"},
        "west": {"uv": [6.75, 9.875, 7.25, 10.25], "texture": "#0"},
        "up": {"uv": [5.625, 11.25, 5.5, 10.75], "texture": "#0"},
        "down": {"uv": [10.625, 10.75, 10.5, 11.25], "texture": "#0"}
      }
    },
    {
      "from": [20, 12.5, 7.25],
      "to": [21, 14.5, 10.25],
      "rotation": {"angle": 22.5, "axis": "x", "origin": [8, 14, 20.75]},
      "faces": {
        "north": {"uv": [1.875, 10, 2, 10.25], "texture": "#0"},
        "east": {"uv": [10.375, 10.5, 10.75, 10.75], "texture": "#0"},
        "south": {"uv": [10.875, 9.25, 11, 9.5], "texture": "#0"},
        "west": {"uv": [10.5, 6.625, 10.875, 6.875], "texture": "#0"},
        "up": {"uv": [1.25, 11.25, 1.125, 10.875], "texture": "#0"},
        "down": {"uv": [1.375, 10.875, 1.25, 11.25], "texture": "#0"}
      }
    },
    {
      "from": [20.25, 13, 5.25],
      "to": [20.75, 14, 12.25],
      "rotation": {"angle": 22.5, "axis": "x", "origin": [8, 14, 20.75]},
      "faces": {
        "north": {"uv": [11, 1.5, 11.125, 1.625], "texture": "#0"},
        "east": {"uv": [10.25, 1, 11.125, 1.125], "texture": "#0"},
        "south": {"uv": [11, 1.625, 11.125, 1.75], "texture": "#0"},
        "west": {"uv": [10.25, 1.125, 11.125, 1.25], "texture": "#0"},
        "up": {"uv": [3.875, 11.125, 3.75, 10.25], "texture": "#0"},
        "down": {"uv": [4, 10.25, 3.875, 11.125], "texture": "#0"}
      }
    },
    {
      "from": [20.25, 11, 11.25],
      "to": [20.75, 13, 12.25],
      "rotation": {"angle": 22.5, "axis": "x", "origin": [8, 14, 20.75]},
      "faces": {
        "north": {"uv": [10.875, 9.625, 11, 9.875], "texture": "#0"},
        "east": {"uv": [10.875, 9.875, 11, 10.125], "texture": "#0"},
        "south": {"uv": [10.875, 10.25, 11, 10.5], "texture": "#0"},
        "west": {"uv": [2.75, 11, 2.875, 11.25], "texture": "#0"},
        "up": {"uv": [11.125, 5.875, 11, 5.75], "texture": "#0"},
        "down": {"uv": [11.125, 5.875, 11, 6], "texture": "#0"}
      }
    },
    {
      "from": [20.25, 11, 5.25],
      "to": [20.75, 13, 6.25],
      "rotation": {"angle": 22.5, "axis": "x", "origin": [8, 14, 20.75]},
      "faces": {
        "north": {"uv": [2.875, 11, 3, 11.25], "texture": "#0"},
        "east": {"uv": [3, 11, 3.125, 11.25], "texture": "#0"},
        "south": {"uv": [4.125, 11, 4.25, 11.25], "texture": "#0"},
        "west": {"uv": [4.375, 11, 4.5, 11.25], "texture": "#0"},
        "up": {"uv": [11.125, 7.375, 11, 7.25], "texture": "#0"},
        "down": {"uv": [11.125, 7.375, 11, 7.5], "texture": "#0"}
      }
    },
    {
      "from": [-4, 12, 6.75],
      "to": [-3, 15, 10.75],
      "rotation": {"angle": 22.5, "axis": "x", "origin": [8, 14, 20.75]},
      "faces": {
        "north": {"uv": [1.375, 10.875, 1.5, 11.25], "texture": "#0"},
        "east": {"uv": [7.25, 9.875, 7.75, 10.25], "texture": "#0"},
        "south": {"uv": [1.875, 10.875, 2, 11.25], "texture": "#0"},
        "west": {"uv": [7.75, 9.875, 8.25, 10.25], "texture": "#0"},
        "up": {"uv": [10.75, 11.25, 10.625, 10.75], "texture": "#0"},
        "down": {"uv": [10.875, 10.75, 10.75, 11.25], "texture": "#0"}
      }
    },
    {
      "from": [-5, 12.5, 7.25],
      "to": [-4, 14.5, 10.25],
      "rotation": {"angle": 22.5, "axis": "x", "origin": [8, 14, 20.75]},
      "faces": {
        "north": {"uv": [4.5, 11, 4.625, 11.25], "texture": "#0"},
        "east": {"uv": [10.5, 9.625, 10.875, 9.875], "texture": "#0"},
        "south": {"uv": [4.625, 11, 4.75, 11.25], "texture": "#0"},
        "west": {"uv": [10.5, 9.875, 10.875, 10.125], "texture": "#0"},
        "up": {"uv": [2.125, 11.25, 2, 10.875], "texture": "#0"},
        "down": {"uv": [2.25, 10.875, 2.125, 11.25], "texture": "#0"}
      }
    },
    {
      "from": [-4.75, 13, 5.25],
      "to": [-4.25, 14, 12.25],
      "rotation": {"angle": 22.5, "axis": "x", "origin": [8, 14, 20.75]},
      "faces": {
        "north": {"uv": [11, 8.125, 11.125, 8.25], "texture": "#0"},
        "east": {"uv": [10.25, 1.25, 11.125, 1.375], "texture": "#0"},
        "south": {"uv": [11, 8.25, 11.125, 8.375], "texture": "#0"},
        "west": {"uv": [10.25, 1.375, 11.125, 1.5], "texture": "#0"},
        "up": {"uv": [4.125, 11.125, 4, 10.25], "texture": "#0"},
        "down": {"uv": [10.375, 5.75, 10.25, 6.625], "texture": "#0"}
      }
    },
    {
      "from": [-4.75, 11, 11.25],
      "to": [-4.25, 13, 12.25],
      "rotation": {"angle": 22.5, "axis": "x", "origin": [8, 14, 20.75]},
      "faces": {
        "north": {"uv": [4.75, 11, 4.875, 11.25], "texture": "#0"},
        "east": {"uv": [4.875, 11, 5, 11.25], "texture": "#0"},
        "south": {"uv": [5, 11, 5.125, 11.25], "texture": "#0"},
        "west": {"uv": [5.75, 11, 5.875, 11.25], "texture": "#0"},
        "up": {"uv": [11.125, 8.5, 11, 8.375], "texture": "#0"},
        "down": {"uv": [11.125, 8.75, 11, 8.875], "texture": "#0"}
      }
    },
    {
      "from": [-4.75, 10, 6.25],
      "to": [-4.25, 12, 7.25],
      "rotation": {"angle": 22.5, "axis": "x", "origin": [8, 14, 20.75]},
      "faces": {
        "north": {"uv": [5.875, 11, 6, 11.25], "texture": "#0"},
        "east": {"uv": [6, 11, 6.125, 11.25], "texture": "#0"},
        "south": {"uv": [6.125, 11, 6.25, 11.25], "texture": "#0"},
        "west": {"uv": [6.25, 11, 6.375, 11.25], "texture": "#0"},
        "up": {"uv": [11.125, 9.375, 11, 9.25], "texture": "#0"},
        "down": {"uv": [11.125, 9.375, 11, 9.5], "texture": "#0"}
      }
    },
    {
      "from": [20.25, 10, 6.25],
      "to": [20.75, 12, 7.25],
      "rotation": {"angle": 22.5, "axis": "x", "origin": [8, 14, 20.75]},
      "faces": {
        "north": {"uv": [6.375, 11, 6.5, 11.25], "texture": "#0"},
        "east": {"uv": [6.5, 11, 6.625, 11.25], "texture": "#0"},
        "south": {"uv": [6.625, 11, 6.75, 11.25], "texture": "#0"},
        "west": {"uv": [6.75, 11, 6.875, 11.25], "texture": "#0"},
        "up": {"uv": [11.125, 9.75, 11, 9.625], "texture": "#0"},
        "down": {"uv": [11.125, 9.75, 11, 9.875], "texture": "#0"}
      }
    },
    {
      "from": [-4.75, 10, 7.25],
      "to": [-4.25, 11, 10.25],
      "rotation": {"angle": 22.5, "axis": "x", "origin": [8, 14, 20.75]},
      "faces": {
        "north": {"uv": [11, 9.875, 11.125, 10], "texture": "#0"},
        "east": {"uv": [10.75, 6.5, 11.125, 6.625], "texture": "#0"},
        "south": {"uv": [11, 10, 11.125, 10.125], "texture": "#0"},
        "west": {"uv": [10.75, 7.875, 11.125, 8], "texture": "#0"},
        "up": {"uv": [2.375, 11.25, 2.25, 10.875], "texture": "#0"},
        "down": {"uv": [2.5, 10.875, 2.375, 11.25], "texture": "#0"}
      }
    },
    {
      "from": [20.25, 10, 7.25],
      "to": [20.75, 11, 10.25],
      "rotation": {"angle": 22.5, "axis": "x", "origin": [8, 14, 20.75]},
      "faces": {
        "north": {"uv": [11, 9.875, 11.125, 10], "texture": "#0"},
        "east": {"uv": [10.75, 6.5, 11.125, 6.625], "texture": "#0"},
        "south": {"uv": [11, 10, 11.125, 10.125], "texture": "#0"},
        "west": {"uv": [10.75, 7.875, 11.125, 8], "texture": "#0"},
        "up": {"uv": [2.375, 11.25, 2.25, 10.875], "texture": "#0"},
        "down": {"uv": [2.5, 10.875, 2.375, 11.25], "texture": "#0"}
      }
    },
    {
      "from": [-4.75, 10, 10.25],
      "to": [-4.25, 12, 11.25],
      "rotation": {"angle": 22.5, "axis": "x", "origin": [8, 14, 20.75]},
      "faces": {
        "north": {"uv": [6.875, 11, 7, 11.25], "texture": "#0"},
        "east": {"uv": [7, 11, 7.125, 11.25], "texture": "#0"},
        "south": {"uv": [7.125, 11, 7.25, 11.25], "texture": "#0"},
        "west": {"uv": [7.25, 11, 7.375, 11.25], "texture": "#0"},
        "up": {"uv": [11.125, 10.625, 11, 10.5], "texture": "#0"},
        "down": {"uv": [11.125, 10.75, 11, 10.875], "texture": "#0"}
      }
    },
    {
      "from": [20.25, 10, 10.25],
      "to": [20.75, 12, 11.25],
      "rotation": {"angle": 22.5, "axis": "x", "origin": [8, 14, 20.75]},
      "faces": {
        "north": {"uv": [7.375, 11, 7.5, 11.25], "texture": "#0"},
        "east": {"uv": [7.5, 11, 7.625, 11.25], "texture": "#0"},
        "south": {"uv": [7.625, 11, 7.75, 11.25], "texture": "#0"},
        "west": {"uv": [7.75, 11, 7.875, 11.25], "texture": "#0"},
        "up": {"uv": [3.875, 11.25, 3.75, 11.125], "texture": "#0"},
        "down": {"uv": [4, 11.125, 3.875, 11.25], "texture": "#0"}
      }
    },
    {
      "from": [-4.75, 11, 5.25],
      "to": [-4.25, 13, 6.25],
      "rotation": {"angle": 22.5, "axis": "x", "origin": [8, 14, 20.75]},
      "faces": {
        "north": {"uv": [7.875, 11, 8, 11.25], "texture": "#0"},
        "east": {"uv": [8, 11, 8.125, 11.25], "texture": "#0"},
        "south": {"uv": [8.125, 11, 8.25, 11.25], "texture": "#0"},
        "west": {"uv": [8.25, 11, 8.375, 11.25], "texture": "#0"},
        "up": {"uv": [4.125, 11.25, 4, 11.125], "texture": "#0"},
        "down": {"uv": [4.375, 11.125, 4.25, 11.25], "texture": "#0"}
      }
    },
    {
      "from": [13, 13.08239, 1.61313],
      "to": [18, 14.08239, 6.61313],
      "rotation": {"angle": 0, "axis": "y", "origin": [-8, -0.16761, 0.61313]},
      "faces": {
        "north": {"uv": [10.375, 8.125, 11, 8.25], "texture": "#0"},
        "east": {"uv": [10.5, 6.875, 11.125, 7], "texture": "#0"},
        "south": {"uv": [10.5, 10.125, 11.125, 10.25], "texture": "#0"},
        "west": {"uv": [10.625, 6, 11.25, 6.125], "texture": "#0"},
        "up": {"uv": [0.625, 9.75, 0, 9.125], "texture": "#0"},
        "down": {"uv": [1.25, 9.125, 0.625, 9.75], "texture": "#0"}
      }
    },
    {
      "from": [8, 13.08239, 5.61313],
      "to": [13, 14.08239, 10.61313],
      "rotation": {"angle": 0, "axis": "y", "origin": [-8, -0.16761, 0.61313]},
      "faces": {
        "north": {"uv": [10.375, 8.125, 11, 8.25], "texture": "#0"},
        "east": {"uv": [10.5, 6.875, 11.125, 7], "texture": "#0"},
        "south": {"uv": [10.5, 10.125, 11.125, 10.25], "texture": "#0"},
        "west": {"uv": [10.625, 6, 11.25, 6.125], "texture": "#0"},
        "up": {"uv": [0.625, 9.75, 0, 9.125], "texture": "#0"},
        "down": {"uv": [1.25, 9.125, 0.625, 9.75], "texture": "#0"}
      }
    },
    {
      "from": [2, 13.08239, 6.61313],
      "to": [7, 14.08239, 11.61313],
      "rotation": {"angle": 0, "axis": "y", "origin": [-8, -0.16761, 0.61313]},
      "faces": {
        "north": {"uv": [10.375, 8.125, 11, 8.25], "texture": "#0"},
        "east": {"uv": [10.5, 6.875, 11.125, 7], "texture": "#0"},
        "south": {"uv": [10.5, 10.125, 11.125, 10.25], "texture": "#0"},
        "west": {"uv": [10.625, 6, 11.25, 6.125], "texture": "#0"},
        "up": {"uv": [0.625, 9.75, 0, 9.125], "texture": "#0"},
        "down": {"uv": [1.25, 9.125, 0.625, 9.75], "texture": "#0"}
      }
    },
    {
      "from": [6, 14.08239, 10.61313],
      "to": [11, 15.08239, 15.61313],
      "rotation": {"angle": 22.5, "axis": "y", "origin": [-8, -0.16761, 0.61313]},
      "faces": {
        "north": {"uv": [10.375, 8.125, 11, 8.25], "texture": "#0"},
        "east": {"uv": [10.5, 6.875, 11.125, 7], "texture": "#0"},
        "south": {"uv": [10.5, 10.125, 11.125, 10.25], "texture": "#0"},
        "west": {"uv": [10.625, 6, 11.25, 6.125], "texture": "#0"},
        "up": {"uv": [0.625, 9.75, 0, 9.125], "texture": "#0"},
        "down": {"uv": [1.25, 9.125, 0.625, 9.75], "texture": "#0"}
      }
    },
    {
      "from": [-8, 1, -3.38687],
      "to": [-3, 2, 1.61313],
      "rotation": {"angle": 22.5, "axis": "y", "origin": [-8, -0.16761, 0.61313]},
      "faces": {
        "north": {"uv": [10.375, 8.125, 11, 8.25], "texture": "#0"},
        "east": {"uv": [10.5, 6.875, 11.125, 7], "texture": "#0"},
        "south": {"uv": [10.5, 10.125, 11.125, 10.25], "texture": "#0"},
        "west": {"uv": [10.625, 6, 11.25, 6.125], "texture": "#0"},
        "up": {"uv": [0.625, 9.75, 0, 9.125], "texture": "#0"},
        "down": {"uv": [1.25, 9.125, 0.625, 9.75], "texture": "#0"}
      }
    },
    {
      "from": [18, -0.81761, -2.55448],
      "to": [23, 4.18239, -1.55448],
      "rotation": {"angle": 22.5, "axis": "x", "origin": [-8, -0.16761, 0.61313]},
      "faces": {
        "north": {"uv": [0.625, 9.75, 0, 9.125], "rotation": 180, "texture": "#0"},
        "east": {"uv": [10.5, 6.875, 11.125, 7], "rotation": 90, "texture": "#0"},
        "south": {"uv": [1.25, 9.125, 0.625, 9.75], "texture": "#0"},
        "west": {"uv": [10.625, 6, 11.25, 6.125], "rotation": 270, "texture": "#0"},
        "up": {"uv": [10.5, 10.125, 11.125, 10.25], "texture": "#0"},
        "down": {"uv": [10.375, 8.125, 11, 8.25], "rotation": 180, "texture": "#0"}
      }
    },
    {
      "from": [2, 14.08239, -0.38687],
      "to": [7, 15.08239, 4.61313],
      "rotation": {"angle": -22.5, "axis": "y", "origin": [-8, -0.16761, 0.61313]},
      "faces": {
        "north": {"uv": [10.375, 8.125, 11, 8.25], "texture": "#0"},
        "east": {"uv": [10.5, 6.875, 11.125, 7], "texture": "#0"},
        "south": {"uv": [10.5, 10.125, 11.125, 10.25], "texture": "#0"},
        "west": {"uv": [10.625, 6, 11.25, 6.125], "texture": "#0"},
        "up": {"uv": [0.625, 9.75, 0, 9.125], "texture": "#0"},
        "down": {"uv": [1.25, 9.125, 0.625, 9.75], "texture": "#0"}
      }
    },
    {
      "from": [-10, 0, -0.38687],
      "to": [-5, 1, 4.61313],
      "rotation": {"angle": -22.5, "axis": "y", "origin": [-8, -0.16761, 0.61313]},
      "faces": {
        "north": {"uv": [10.375, 8.125, 11, 8.25], "texture": "#0"},
        "east": {"uv": [10.5, 6.875, 11.125, 7], "texture": "#0"},
        "south": {"uv": [10.5, 10.125, 11.125, 10.25], "texture": "#0"},
        "west": {"uv": [10.625, 6, 11.25, 6.125], "texture": "#0"},
        "up": {"uv": [0.625, 9.75, 0, 9.125], "texture": "#0"},
        "down": {"uv": [1.25, 9.125, 0.625, 9.75], "texture": "#0"}
      }
    },
    {
      "from": [-1, 0, 13.61313],
      "to": [4, 1, 18.61313],
      "rotation": {"angle": -22.5, "axis": "y", "origin": [-8, -0.16761, 0.61313]},
      "faces": {
        "north": {"uv": [10.375, 8.125, 11, 8.25], "texture": "#0"},
        "east": {"uv": [10.5, 6.875, 11.125, 7], "texture": "#0"},
        "south": {"uv": [10.5, 10.125, 11.125, 10.25], "texture": "#0"},
        "west": {"uv": [10.625, 6, 11.25, 6.125], "texture": "#0"},
        "up": {"uv": [0.625, 9.75, 0, 9.125], "texture": "#0"},
        "down": {"uv": [1.25, 9.125, 0.625, 9.75], "texture": "#0"}
      }
    },
    {
      "from": [19, 0, -12.38687],
      "to": [24, 1, -7.38687],
      "rotation": {"angle": -22.5, "axis": "y", "origin": [-8, -0.16761, 0.61313]},
      "faces": {
        "north": {"uv": [10.375, 8.125, 11, 8.25], "texture": "#0"},
        "east": {"uv": [10.5, 6.875, 11.125, 7], "texture": "#0"},
        "south": {"uv": [10.5, 10.125, 11.125, 10.25], "texture": "#0"},
        "west": {"uv": [10.625, 6, 11.25, 6.125], "texture": "#0"},
        "up": {"uv": [0.625, 9.75, 0, 9.125], "texture": "#0"},
        "down": {"uv": [1.25, 9.125, 0.625, 9.75], "texture": "#0"}
      }
    },
    {
      "from": [7, 13.08239, 0.61313],
      "to": [12, 14.08239, 5.61313],
      "rotation": {"angle": 0, "axis": "y", "origin": [-8, -0.16761, 0.61313]},
      "faces": {
        "north": {"uv": [10.375, 8.125, 11, 8.25], "texture": "#0"},
        "east": {"uv": [10.5, 6.875, 11.125, 7], "texture": "#0"},
        "south": {"uv": [10.5, 10.125, 11.125, 10.25], "texture": "#0"},
        "west": {"uv": [10.625, 6, 11.25, 6.125], "texture": "#0"},
        "up": {"uv": [0.625, 9.75, 0, 9.125], "texture": "#0"},
        "down": {"uv": [1.25, 9.125, 0.625, 9.75], "texture": "#0"}
      }
    },
    {
      "from": [-3, 13.08239, 6.61313],
      "to": [2, 14.08239, 11.61313],
      "rotation": {"angle": 0, "axis": "y", "origin": [-8, -0.16761, 0.61313]},
      "faces": {
        "north": {"uv": [10.375, 8.125, 11, 8.25], "texture": "#0"},
        "east": {"uv": [10.5, 6.875, 11.125, 7], "texture": "#0"},
        "south": {"uv": [10.5, 10.125, 11.125, 10.25], "texture": "#0"},
        "west": {"uv": [10.625, 6, 11.25, 6.125], "texture": "#0"},
        "up": {"uv": [0.625, 9.75, 0, 9.125], "texture": "#0"},
        "down": {"uv": [1.25, 9.125, 0.625, 9.75], "texture": "#0"}
      }
    },
    {
      "from": [0, 13.08239, 1.61313],
      "to": [5, 14.08239, 6.61313],
      "rotation": {"angle": 0, "axis": "y", "origin": [-8, -0.16761, 0.61313]},
      "faces": {
        "north": {"uv": [10.375, 8.125, 11, 8.25], "texture": "#0"},
        "east": {"uv": [10.5, 6.875, 11.125, 7], "texture": "#0"},
        "south": {"uv": [10.5, 10.125, 11.125, 10.25], "texture": "#0"},
        "west": {"uv": [10.625, 6, 11.25, 6.125], "texture": "#0"},
        "up": {"uv": [0.625, 9.75, 0, 9.125], "texture": "#0"},
        "down": {"uv": [1.25, 9.125, 0.625, 9.75], "texture": "#0"}
      }
    },
    {
      "from": [-6, 0, -5.38687],
      "to": [-1, 1, -0.38687],
      "rotation": {"angle": 0, "axis": "y", "origin": [-8, -0.16761, 0.61313]},
      "faces": {
        "north": {"uv": [10.375, 8.125, 11, 8.25], "texture": "#0"},
        "east": {"uv": [10.5, 6.875, 11.125, 7], "texture": "#0"},
        "south": {"uv": [10.5, 10.125, 11.125, 10.25], "texture": "#0"},
        "west": {"uv": [10.625, 6, 11.25, 6.125], "texture": "#0"},
        "up": {"uv": [0.625, 9.75, 0, 9.125], "texture": "#0"},
        "down": {"uv": [1.25, 9.125, 0.625, 9.75], "texture": "#0"}
      }
    },
    {
      "from": [-1, 0, 16.61313],
      "to": [4, 1, 21.61313],
      "rotation": {"angle": 0, "axis": "y", "origin": [-8, -0.16761, 0.61313]},
      "faces": {
        "north": {"uv": [10.375, 8.125, 11, 8.25], "texture": "#0"},
        "east": {"uv": [10.5, 6.875, 11.125, 7], "texture": "#0"},
        "south": {"uv": [10.5, 10.125, 11.125, 10.25], "texture": "#0"},
        "west": {"uv": [10.625, 6, 11.25, 6.125], "texture": "#0"},
        "up": {"uv": [0.625, 9.75, 0, 9.125], "texture": "#0"},
        "down": {"uv": [1.25, 9.125, 0.625, 9.75], "texture": "#0"}
      }
    },
    {
      "from": [-0.5, 19.25, 22.75],
      "to": [-0.5, 21.25, 23.75],
      "rotation": {"angle": -45, "axis": "x", "origin": [-1, -0.25, 4.25]},
      "faces": {
        "north": {"uv": [0, 0, 0, 0.25], "texture": "#0"},
        "east": {"uv": [8.375, 11, 8.5, 11.25], "texture": "#0"},
        "south": {"uv": [0, 0, 0, 0.25], "texture": "#0"},
        "west": {"uv": [8.5, 11, 8.625, 11.25], "texture": "#0"},
        "up": {"uv": [0, 0.125, 0, 0], "texture": "#0"},
        "down": {"uv": [0, 0, 0, 0.125], "texture": "#0"}
      }
    },
    {
      "from": [-0.5, 20.25, 23.75],
      "to": [-0.5, 21.25, 26.75],
      "rotation": {"angle": -45, "axis": "x", "origin": [-1, -0.25, 4.25]},
      "faces": {
        "north": {"uv": [0, 0, 0, 0.125], "texture": "#0"},
        "east": {"uv": [2.75, 10.875, 3.125, 11], "texture": "#0"},
        "south": {"uv": [0, 0, 0, 0.125], "texture": "#0"},
        "west": {"uv": [4.375, 10.875, 4.75, 11], "texture": "#0"},
        "up": {"uv": [0, 0.375, 0, 0], "texture": "#0"},
        "down": {"uv": [0, 0, 0, 0.375], "texture": "#0"}
      }
    },
    {
      "from": [-0.5, 19.25, 25.75],
      "to": [-0.5, 20.25, 28.75],
      "rotation": {"angle": -45, "axis": "x", "origin": [-1, -0.25, 4.25]},
      "faces": {
        "north": {"uv": [0, 0, 0, 0.125], "texture": "#0"},
        "east": {"uv": [4.75, 10.875, 5.125, 11], "texture": "#0"},
        "south": {"uv": [0, 0, 0, 0.125], "texture": "#0"},
        "west": {"uv": [5.75, 10.875, 6.125, 11], "texture": "#0"},
        "up": {"uv": [0, 0.375, 0, 0], "texture": "#0"},
        "down": {"uv": [0, 0, 0, 0.375], "texture": "#0"}
      }
    },
    {
      "from": [-0.5, 18.25, 27.75],
      "to": [-0.5, 19.25, 28.75],
      "rotation": {"angle": -45, "axis": "x", "origin": [-1, -0.25, 4.25]},
      "faces": {
        "north": {"uv": [0, 0, 0, 0.125], "texture": "#0"},
        "east": {"uv": [5.625, 11.125, 5.75, 11.25], "texture": "#0"},
        "south": {"uv": [0, 0, 0, 0.125], "texture": "#0"},
        "west": {"uv": [11.125, 11.125, 11.25, 11.25], "texture": "#0"},
        "up": {"uv": [0, 0.125, 0, 0], "texture": "#0"},
        "down": {"uv": [0, 0, 0, 0.125], "texture": "#0"}
      }
    },
    {
      "from": [2.5, 19.25, 22.75],
      "to": [2.5, 21.25, 23.75],
      "rotation": {"angle": -45, "axis": "x", "origin": [-1, -0.25, 4.25]},
      "faces": {
        "north": {"uv": [0, 0, 0, 0.25], "texture": "#0"},
        "east": {"uv": [8.625, 11, 8.75, 11.25], "texture": "#0"},
        "south": {"uv": [0, 0, 0, 0.25], "texture": "#0"},
        "west": {"uv": [8.75, 11, 8.875, 11.25], "texture": "#0"},
        "up": {"uv": [0, 0.125, 0, 0], "texture": "#0"},
        "down": {"uv": [0, 0, 0, 0.125], "texture": "#0"}
      }
    },
    {
      "from": [2.5, 20.25, 23.75],
      "to": [2.5, 21.25, 26.75],
      "rotation": {"angle": -45, "axis": "x", "origin": [-1, -0.25, 4.25]},
      "faces": {
        "north": {"uv": [0, 0, 0, 0.125], "texture": "#0"},
        "east": {"uv": [6.125, 10.875, 6.5, 11], "texture": "#0"},
        "south": {"uv": [0, 0, 0, 0.125], "texture": "#0"},
        "west": {"uv": [8.5, 10.875, 8.875, 11], "texture": "#0"},
        "up": {"uv": [0, 0.375, 0, 0], "texture": "#0"},
        "down": {"uv": [0, 0, 0, 0.375], "texture": "#0"}
      }
    },
    {
      "from": [2.5, 19.25, 25.75],
      "to": [2.5, 20.25, 28.75],
      "rotation": {"angle": -45, "axis": "x", "origin": [-1, -0.25, 4.25]},
      "faces": {
        "north": {"uv": [0, 0, 0, 0.125], "texture": "#0"},
        "east": {"uv": [10.875, 10.875, 11.25, 11], "texture": "#0"},
        "south": {"uv": [0, 0, 0, 0.125], "texture": "#0"},
        "west": {"uv": [10.875, 6.125, 11.25, 6.25], "texture": "#0"},
        "up": {"uv": [0, 0.375, 0, 0], "texture": "#0"},
        "down": {"uv": [0, 0, 0, 0.375], "texture": "#0"}
      }
    },
    {
      "from": [2.5, 18.25, 27.75],
      "to": [2.5, 19.25, 28.75],
      "rotation": {"angle": -45, "axis": "x", "origin": [-1, -0.25, 4.25]},
      "faces": {
        "north": {"uv": [0, 0, 0, 0.125], "texture": "#0"},
        "east": {"uv": [11.125, 1, 11.25, 1.125], "texture": "#0"},
        "south": {"uv": [0, 0, 0, 0.125], "texture": "#0"},
        "west": {"uv": [11.125, 1.125, 11.25, 1.25], "texture": "#0"},
        "up": {"uv": [0, 0.125, 0, 0], "texture": "#0"},
        "down": {"uv": [0, 0, 0, 0.125], "texture": "#0"}
      }
    },
    {
      "from": [-3.25, 24.5, 0.75],
      "to": [-2, 26.5, 5.75],
      "rotation": {"angle": 22.5, "axis": "y", "origin": [-1, -0.25, 4.25]},
      "faces": {
        "north": {"uv": [9.25, 11, 9.375, 11.25], "texture": "#0"},
        "east": {"uv": [9.75, 9.5, 10.375, 9.75], "texture": "#0"},
        "south": {"uv": [9.375, 11, 9.5, 11.25], "texture": "#0"},
        "west": {"uv": [1.25, 10, 1.875, 10.25], "texture": "#0"},
        "up": {"uv": [0.375, 11.375, 0.25, 10.75], "texture": "#0"},
        "down": {"uv": [0.5, 10.75, 0.375, 11.375], "texture": "#0"}
      }
    },
    {
      "from": [-2, 24.5, 2.75],
      "to": [-1.75, 26.5, 5.75],
      "rotation": {"angle": 22.5, "axis": "y", "origin": [-1, -0.25, 4.25]},
      "faces": {
        "north": {"uv": [9.5, 11, 9.625, 11.25], "texture": "#0"},
        "east": {"uv": [1.875, 10.625, 2.25, 10.875], "texture": "#0"},
        "south": {"uv": [9.625, 11, 9.75, 11.25], "texture": "#0"},
        "west": {"uv": [2.25, 10.625, 2.625, 10.875], "texture": "#0"},
        "up": {"uv": [3.25, 11.25, 3.125, 10.875], "texture": "#0"},
        "down": {"uv": [3.375, 10.875, 3.25, 11.25], "texture": "#0"}
      }
    },
    {
      "from": [-1.75, 24.5, 0.75],
      "to": [-1.25, 26.5, 5.75],
      "rotation": {"angle": 22.5, "axis": "y", "origin": [-1, -0.25, 4.25]},
      "faces": {
        "north": {"uv": [9.75, 11, 9.875, 11.25], "texture": "#0"},
        "east": {"uv": [3.5, 10, 4.125, 10.25], "texture": "#0"},
        "south": {"uv": [9.875, 11, 10, 11.25], "texture": "#0"},
        "west": {"uv": [9.25, 10, 9.875, 10.25], "texture": "#0"},
        "up": {"uv": [0.625, 11.375, 0.5, 10.75], "texture": "#0"},
        "down": {"uv": [0.75, 10.75, 0.625, 11.375], "texture": "#0"}
      }
    },
    {
      "from": [5, 24.5, 5.75],
      "to": [6.25, 26.5, 10.75],
      "rotation": {"angle": -22.5, "axis": "y", "origin": [15, -0.25, 4.25]},
      "faces": {
        "north": {"uv": [10, 11, 10.125, 11.25], "texture": "#0"},
        "east": {"uv": [9.875, 10, 10.5, 10.25], "texture": "#0"},
        "south": {"uv": [10.125, 11, 10.25, 11.25], "texture": "#0"},
        "west": {"uv": [5, 10.125, 5.625, 10.375], "texture": "#0"},
        "up": {"uv": [1.625, 11.375, 1.5, 10.75], "texture": "#0"},
        "down": {"uv": [1.75, 10.75, 1.625, 11.375], "texture": "#0"}
      }
    },
    {
      "from": [4.75, 24.5, 7.75],
      "to": [5, 26.5, 10.75],
      "rotation": {"angle": -22.5, "axis": "y", "origin": [15, -0.25, 4.25]},
      "faces": {
        "north": {"uv": [10.25, 11, 10.375, 11.25], "texture": "#0"},
        "east": {"uv": [2.625, 10.625, 3, 10.875], "texture": "#0"},
        "south": {"uv": [10.375, 11, 10.5, 11.25], "texture": "#0"},
        "west": {"uv": [3, 10.625, 3.375, 10.875], "texture": "#0"},
        "up": {"uv": [5.25, 11.25, 5.125, 10.875], "texture": "#0"},
        "down": {"uv": [5.375, 10.875, 5.25, 11.25], "texture": "#0"}
      }
    },
    {
      "from": [4.25, 24.5, 5.75],
      "to": [4.75, 26.5, 10.75],
      "rotation": {"angle": -22.5, "axis": "y", "origin": [15, -0.25, 4.25]},
      "faces": {
        "north": {"uv": [10.875, 11, 11, 11.25], "texture": "#0"},
        "east": {"uv": [0.75, 10.25, 1.375, 10.5], "texture": "#0"},
        "south": {"uv": [11, 11, 11.125, 11.25], "texture": "#0"},
        "west": {"uv": [1.375, 10.25, 2, 10.5], "texture": "#0"},
        "up": {"uv": [1.875, 11.375, 1.75, 10.75], "texture": "#0"},
        "down": {"uv": [5.5, 10.75, 5.375, 11.375], "texture": "#0"}
      }
    },
    {
      "from": [-0.5, 17.25, 20.75],
      "to": [2.5, 19.25, 23.75],
      "rotation": {"angle": -45, "axis": "x", "origin": [-1, -0.25, 4.25]},
      "faces": {
        "north": {"uv": [5, 10.625, 5.375, 10.875], "texture": "#0"},
        "east": {"uv": [8.5, 10.625, 8.875, 10.875], "texture": "#0"},
        "south": {"uv": [10.625, 1.5, 11, 1.75], "texture": "#0"},
        "west": {"uv": [10.625, 5.75, 11, 6], "texture": "#0"},
        "up": {"uv": [2.375, 10.625, 2, 10.25], "texture": "#0"},
        "down": {"uv": [2.75, 10.25, 2.375, 10.625], "texture": "#0"}
      }
    },
    {
      "from": [-1, 23.75, 4.25],
      "to": [3, 27.75, 10.25],
      "rotation": {"angle": 0, "axis": "y", "origin": [-1, -0.25, 4.25]},
      "faces": {
        "north": {"uv": [0.75, 9.75, 1.25, 10.25], "texture": "#0"},
        "east": {"uv": [9, 8.5, 9.75, 9], "texture": "#0"},
        "south": {"uv": [3, 9.75, 3.5, 10.25], "texture": "#0"},
        "west": {"uv": [1.25, 9.125, 2, 9.625], "texture": "#0"},
        "up": {"uv": [2.5, 9.875, 2, 9.125], "texture": "#0"},
        "down": {"uv": [3, 9.125, 2.5, 9.875], "texture": "#0"}
      }
    },
    {
      "from": [-0.5, 24.5, -0.75],
      "to": [2.5, 27.5, 7.25],
      "rotation": {"angle": 22.5, "axis": "x", "origin": [-1, -0.25, 4.25]},
      "faces": {
        "north": {"uv": [2.75, 10.25, 3.125, 10.625], "texture": "#0"},
        "east": {"uv": [3, 9.125, 4, 9.5], "texture": "#0"},
        "south": {"uv": [3.125, 10.25, 3.5, 10.625], "texture": "#0"},
        "west": {"uv": [4, 9.125, 5, 9.5], "texture": "#0"},
        "up": {"uv": [5.375, 10.125, 5, 9.125], "texture": "#0"},
        "down": {"uv": [5.75, 9.125, 5.375, 10.125], "texture": "#0"}
      }
    },
    {
      "from": [-2, 23, 16.25],
      "to": [4, 23, 22.25],
      "rotation": {"angle": 0, "axis": "x", "origin": [-1, -0.25, 4.25]},
      "faces": {
        "north": {"uv": [0, 0, 0.75, 0], "texture": "#0"},
        "east": {"uv": [0, 0, 0.75, 0], "texture": "#0"},
        "south": {"uv": [0, 0, 0.75, 0], "texture": "#0"},
        "west": {"uv": [0, 0, 0.75, 0], "texture": "#0"},
        "up": {"uv": [9.75, 6.5, 9, 5.75], "texture": "#0"},
        "down": {"uv": [9.75, 6.5, 9, 7.25], "texture": "#0"}
      }
    }
  ]
}