{
    "parent": "item/chest",
    "textures": {
        "particle": "block/obsidian"
    },
	"overrides": [
	  {"predicate": {"custom_model_data":3}, "model": "item/keys/monthly"},
      {"predicate": {"custom_model_data":10}, "model": "item/crates/treasure_gold/treasure_gold"},
      {"predicate": {"custom_model_data":11}, "model": "item/crates/treasure_gold/treasure_gold1"},
      {"predicate": {"custom_model_data":12}, "model": "item/crates/treasure_gold/treasure_gold2"},
      {"predicate": {"custom_model_data":13}, "model": "item/crates/treasure_gold/treasure_gold3"},
      {"predicate": {"custom_model_data":14}, "model": "item/crates/treasure_gold/treasure_gold4"},
      {"predicate": {"custom_model_data":15}, "model": "item/crates/treasure_gold/treasure_gold5"},
      {"predicate": {"custom_model_data":16}, "model": "item/crates/treasure_gold/treasure_gold6"},
      {"predicate": {"custom_model_data":17}, "model": "item/crates/treasure_gold/treasure_gold7"},
      {"predicate": {"custom_model_data":20}, "model": "item/crates/treasure_blue/treasure_blue"},
      {"predicate": {"custom_model_data":21}, "model": "item/crates/treasure_blue/treasure_blue1"},
      {"predicate": {"custom_model_data":22}, "model": "item/crates/treasure_blue/treasure_blue2"},
      {"predicate": {"custom_model_data":23}, "model": "item/crates/treasure_blue/treasure_blue3"},
      {"predicate": {"custom_model_data":24}, "model": "item/crates/treasure_blue/treasure_blue4"},
      {"predicate": {"custom_model_data":25}, "model": "item/crates/treasure_blue/treasure_blue5"},
      {"predicate": {"custom_model_data":26}, "model": "item/crates/treasure_blue/treasure_blue6"},
      {"predicate": {"custom_model_data":27}, "model": "item/crates/treasure_blue/treasure_blue7"},
      {"predicate": {"custom_model_data":30}, "model": "item/crates/treasure_green/treasure_green"},
      {"predicate": {"custom_model_data":31}, "model": "item/crates/treasure_green/treasure_green1"},
      {"predicate": {"custom_model_data":32}, "model": "item/crates/treasure_green/treasure_green2"},
      {"predicate": {"custom_model_data":33}, "model": "item/crates/treasure_green/treasure_green3"},
      {"predicate": {"custom_model_data":34}, "model": "item/crates/treasure_green/treasure_green4"},
      {"predicate": {"custom_model_data":35}, "model": "item/crates/treasure_green/treasure_green5"},
      {"predicate": {"custom_model_data":36}, "model": "item/crates/treasure_green/treasure_green6"},
      {"predicate": {"custom_model_data":37}, "model": "item/crates/treasure_green/treasure_green7"},
      {"predicate": {"custom_model_data":40}, "model": "item/crates/treasure_wood/treasure_wood"},
      {"predicate": {"custom_model_data":41}, "model": "item/crates/treasure_wood/treasure_wood1"},
      {"predicate": {"custom_model_data":42}, "model": "item/crates/treasure_wood/treasure_wood2"},
      {"predicate": {"custom_model_data":43}, "model": "item/crates/treasure_wood/treasure_wood3"},
      {"predicate": {"custom_model_data":44}, "model": "item/crates/treasure_wood/treasure_wood4"},
      {"predicate": {"custom_model_data":45}, "model": "item/crates/treasure_wood/treasure_wood5"},
      {"predicate": {"custom_model_data":46}, "model": "item/crates/treasure_wood/treasure_wood6"},
      {"predicate": {"custom_model_data":47}, "model": "item/crates/treasure_wood/treasure_wood7"},
      {"predicate": {"custom_model_data":50}, "model": "item/crates/treasure_stone/treasure_stone"},
      {"predicate": {"custom_model_data":51}, "model": "item/crates/treasure_stone/treasure_stone1"},
      {"predicate": {"custom_model_data":52}, "model": "item/crates/treasure_stone/treasure_stone2"},
      {"predicate": {"custom_model_data":53}, "model": "item/crates/treasure_stone/treasure_stone3"},
      {"predicate": {"custom_model_data":54}, "model": "item/crates/treasure_stone/treasure_stone4"},
      {"predicate": {"custom_model_data":55}, "model": "item/crates/treasure_stone/treasure_stone5"},
      {"predicate": {"custom_model_data":56}, "model": "item/crates/treasure_stone/treasure_stone6"},
      {"predicate": {"custom_model_data":57}, "model": "item/crates/treasure_stone/treasure_stone7"},
      {"predicate": {"custom_model_data":60}, "model": "item/crates/treasure_iron/treasure_iron"},
      {"predicate": {"custom_model_data":61}, "model": "item/crates/treasure_iron/treasure_iron1"},
      {"predicate": {"custom_model_data":62}, "model": "item/crates/treasure_iron/treasure_iron2"},
      {"predicate": {"custom_model_data":63}, "model": "item/crates/treasure_iron/treasure_iron3"},
      {"predicate": {"custom_model_data":64}, "model": "item/crates/treasure_iron/treasure_iron4"},
      {"predicate": {"custom_model_data":65}, "model": "item/crates/treasure_iron/treasure_iron5"},
      {"predicate": {"custom_model_data":66}, "model": "item/crates/treasure_iron/treasure_iron6"},
      {"predicate": {"custom_model_data":67}, "model": "item/crates/treasure_iron/treasure_iron7"}
    ]
}
