{
	"credit": "Made by ChainArts",
	"parent": "minecraft:block/stone_button",
	"texture_size": [128, 128],
	"textures": {
		"0": "item/crates/monthly"
	},
	"elements": [
		{
			"from": [-4, 0, 0],
			"to": [20, 3, 16],
			"faces": {
				"north": {"uv": [5.75, 0.5, 8.75, 0.875], "texture": "#0"},
				"east": {"uv": [5.5, 6.875, 7.5, 7.25], "texture": "#0"},
				"south": {"uv": [5.75, 0.875, 8.75, 1.25], "texture": "#0"},
				"west": {"uv": [5.5, 7.25, 7.5, 7.625], "texture": "#0"},
				"up": {"uv": [3, 2, 0, 0], "texture": "#0"},
				"down": {"uv": [3, 2, 0, 4], "texture": "#0"}
			}
		},
		{
			"from": [17, 0, -0.5],
			"to": [20.5, 3.5, 3],
			"faces": {
				"north": {"uv": [9, 5.75, 9.5, 6.25], "texture": "#0"},
				"east": {"uv": [9, 7.75, 9.5, 8.25], "texture": "#0"},
				"south": {"uv": [9, 8.25, 9.5, 8.75], "texture": "#0"},
				"west": {"uv": [9, 8.75, 9.5, 9.25], "texture": "#0"},
				"up": {"uv": [7.25, 9.625, 6.75, 9.125], "texture": "#0"},
				"down": {"uv": [7.75, 9.125, 7.25, 9.625], "texture": "#0"}
			}
		},
		{
			"from": [17, 10, -0.5],
			"to": [20.5, 13.5, 3],
			"faces": {
				"north": {"uv": [9, 5.75, 9.5, 6.25], "texture": "#0"},
				"east": {"uv": [9, 7.75, 9.5, 8.25], "texture": "#0"},
				"south": {"uv": [9, 8.25, 9.5, 8.75], "texture": "#0"},
				"west": {"uv": [9, 8.75, 9.5, 9.25], "texture": "#0"},
				"up": {"uv": [7.25, 9.625, 6.75, 9.125], "texture": "#0"},
				"down": {"uv": [7.75, 9.125, 7.25, 9.625], "texture": "#0"}
			}
		},
		{
			"from": [-4.5, 0, -0.5],
			"to": [-1, 3.5, 3],
			"faces": {
				"north": {"uv": [9, 5.75, 9.5, 6.25], "texture": "#0"},
				"east": {"uv": [9, 7.75, 9.5, 8.25], "texture": "#0"},
				"south": {"uv": [9, 8.25, 9.5, 8.75], "texture": "#0"},
				"west": {"uv": [9, 8.75, 9.5, 9.25], "texture": "#0"},
				"up": {"uv": [7.25, 9.625, 6.75, 9.125], "texture": "#0"},
				"down": {"uv": [7.75, 9.125, 7.25, 9.625], "texture": "#0"}
			}
		},
		{
			"from": [-4.5, 10, -0.5],
			"to": [-1, 13.5, 3],
			"faces": {
				"north": {"uv": [9, 5.75, 9.5, 6.25], "texture": "#0"},
				"east": {"uv": [9, 7.75, 9.5, 8.25], "texture": "#0"},
				"south": {"uv": [9, 8.25, 9.5, 8.75], "texture": "#0"},
				"west": {"uv": [9, 8.75, 9.5, 9.25], "texture": "#0"},
				"up": {"uv": [7.25, 9.625, 6.75, 9.125], "texture": "#0"},
				"down": {"uv": [7.75, 9.125, 7.25, 9.625], "texture": "#0"}
			}
		},
		{
			"from": [-4.5, 0, 13],
			"to": [-1, 3.5, 16.5],
			"faces": {
				"north": {"uv": [9, 5.75, 9.5, 6.25], "texture": "#0"},
				"east": {"uv": [9, 7.75, 9.5, 8.25], "texture": "#0"},
				"south": {"uv": [9, 8.25, 9.5, 8.75], "texture": "#0"},
				"west": {"uv": [9, 8.75, 9.5, 9.25], "texture": "#0"},
				"up": {"uv": [7.25, 9.625, 6.75, 9.125], "texture": "#0"},
				"down": {"uv": [7.75, 9.125, 7.25, 9.625], "texture": "#0"}
			}
		},
		{
			"from": [-4.5, 10, 13],
			"to": [-1, 13.5, 16.5],
			"faces": {
				"north": {"uv": [9, 5.75, 9.5, 6.25], "texture": "#0"},
				"east": {"uv": [9, 7.75, 9.5, 8.25], "texture": "#0"},
				"south": {"uv": [9, 8.25, 9.5, 8.75], "texture": "#0"},
				"west": {"uv": [9, 8.75, 9.5, 9.25], "texture": "#0"},
				"up": {"uv": [7.25, 9.625, 6.75, 9.125], "texture": "#0"},
				"down": {"uv": [7.75, 9.125, 7.25, 9.625], "texture": "#0"}
			}
		},
		{
			"from": [17, 0, 13],
			"to": [20.5, 3.5, 16.5],
			"faces": {
				"north": {"uv": [9, 5.75, 9.5, 6.25], "texture": "#0"},
				"east": {"uv": [9, 7.75, 9.5, 8.25], "texture": "#0"},
				"south": {"uv": [9, 8.25, 9.5, 8.75], "texture": "#0"},
				"west": {"uv": [9, 8.75, 9.5, 9.25], "texture": "#0"},
				"up": {"uv": [7.25, 9.625, 6.75, 9.125], "texture": "#0"},
				"down": {"uv": [7.75, 9.125, 7.25, 9.625], "texture": "#0"}
			}
		},
		{
			"from": [17, 10, 13],
			"to": [20.5, 13.5, 16.5],
			"faces": {
				"north": {"uv": [9, 5.75, 9.5, 6.25], "texture": "#0"},
				"east": {"uv": [9, 7.75, 9.5, 8.25], "texture": "#0"},
				"south": {"uv": [9, 8.25, 9.5, 8.75], "texture": "#0"},
				"west": {"uv": [9, 8.75, 9.5, 9.25], "texture": "#0"},
				"up": {"uv": [7.25, 9.625, 6.75, 9.125], "texture": "#0"},
				"down": {"uv": [7.75, 9.125, 7.25, 9.625], "texture": "#0"}
			}
		},
		{
			"from": [-4, 2, 0],
			"to": [-2, 4, 2],
			"rotation": {"angle": 0, "axis": "y", "origin": [8, 10, 8]},
			"faces": {
				"north": {"uv": [9.5, 9, 9.75, 9.25], "texture": "#0"},
				"east": {"uv": [10.25, 8.5, 10.5, 8.75], "texture": "#0"},
				"south": {"uv": [10.25, 8.75, 10.5, 9], "texture": "#0"},
				"west": {"uv": [0, 10.375, 0.25, 10.625], "texture": "#0"},
				"up": {"uv": [0.5, 10.625, 0.25, 10.375], "texture": "#0"},
				"down": {"uv": [10.625, 0.5, 10.375, 0.75], "texture": "#0"}
			}
		},
		{
			"from": [18, 2, 0],
			"to": [20, 4, 2],
			"rotation": {"angle": 0, "axis": "y", "origin": [8, 10, 8]},
			"faces": {
				"north": {"uv": [10.375, 0.75, 10.625, 1], "texture": "#0"},
				"east": {"uv": [10.375, 1, 10.625, 1.25], "texture": "#0"},
				"south": {"uv": [10.375, 1.25, 10.625, 1.5], "texture": "#0"},
				"west": {"uv": [10.375, 1.5, 10.625, 1.75], "texture": "#0"},
				"up": {"uv": [10.625, 2, 10.375, 1.75], "texture": "#0"},
				"down": {"uv": [10.625, 2.75, 10.375, 3], "texture": "#0"}
			}
		},
		{
			"from": [18, 5.08239, 0.61313],
			"to": [20, 13.08239, 2.61313],
			"rotation": {"angle": 0, "axis": "y", "origin": [8, 13.08239, 8.61313]},
			"faces": {
				"north": {"uv": [0.5, 9.5, 0.75, 10.5], "texture": "#0"},
				"east": {"uv": [0.75, 9.5, 1, 10.5], "texture": "#0"},
				"south": {"uv": [1, 9.5, 1.25, 10.5], "texture": "#0"},
				"west": {"uv": [1.25, 9.5, 1.5, 10.5], "texture": "#0"},
				"up": {"uv": [4.875, 10.625, 4.625, 10.375], "texture": "#0"},
				"down": {"uv": [5.125, 10.375, 4.875, 10.625], "texture": "#0"}
			}
		},
		{
			"from": [-2, 10.08239, 0.61313],
			"to": [18, 13.08239, 2.61313],
			"rotation": {"angle": 0, "axis": "y", "origin": [8, 13.08239, 8.61313]},
			"faces": {
				"north": {"uv": [0, 5.375, 2.5, 5.75], "texture": "#0"},
				"east": {"uv": [2.75, 4, 3, 4.375], "texture": "#0"},
				"south": {"uv": [0, 6.25, 2.5, 6.625], "texture": "#0"},
				"west": {"uv": [2.5, 5.375, 2.75, 5.75], "texture": "#0"},
				"up": {"uv": [5.5, 8.875, 3, 8.625], "texture": "#0"},
				"down": {"uv": [2.5, 8.75, 0, 9], "texture": "#0"}
			}
		},
		{
			"from": [-4, 5.08239, 0.61313],
			"to": [-2, 13.08239, 2.61313],
			"rotation": {"angle": 0, "axis": "y", "origin": [8, 13.08239, 8.61313]},
			"faces": {
				"north": {"uv": [1.5, 9.5, 1.75, 10.5], "texture": "#0"},
				"east": {"uv": [1.75, 9.5, 2, 10.5], "texture": "#0"},
				"south": {"uv": [2, 9.5, 2.25, 10.5], "texture": "#0"},
				"west": {"uv": [2.25, 9.5, 2.5, 10.5], "texture": "#0"},
				"up": {"uv": [10.625, 5.5, 10.375, 5.25], "texture": "#0"},
				"down": {"uv": [5.75, 10.375, 5.5, 10.625], "texture": "#0"}
			}
		},
		{
			"from": [18, 5.08239, 13.38687],
			"to": [20, 13.08239, 15.38687],
			"rotation": {"angle": 0, "axis": "y", "origin": [8, 13.08239, 21.38687]},
			"faces": {
				"north": {"uv": [9.5, 3.5, 9.75, 4.5], "texture": "#0"},
				"east": {"uv": [9.5, 5.375, 9.75, 6.375], "texture": "#0"},
				"south": {"uv": [9.5, 7.75, 9.75, 8.75], "texture": "#0"},
				"west": {"uv": [6.75, 9.625, 7, 10.625], "texture": "#0"},
				"up": {"uv": [10.625, 5.75, 10.375, 5.5], "texture": "#0"},
				"down": {"uv": [6, 10.375, 5.75, 10.625], "texture": "#0"}
			}
		},
		{
			"from": [-4, 5.08239, 13.38687],
			"to": [-2, 13.08239, 15.38687],
			"rotation": {"angle": 0, "axis": "y", "origin": [8, 13.08239, 21.38687]},
			"faces": {
				"north": {"uv": [7, 9.625, 7.25, 10.625], "texture": "#0"},
				"east": {"uv": [7.25, 9.625, 7.5, 10.625], "texture": "#0"},
				"south": {"uv": [7.5, 9.625, 7.75, 10.625], "texture": "#0"},
				"west": {"uv": [7.75, 9.625, 8, 10.625], "texture": "#0"},
				"up": {"uv": [10.625, 6, 10.375, 5.75], "texture": "#0"},
				"down": {"uv": [10.625, 6, 10.375, 6.25], "texture": "#0"}
			}
		},
		{
			"from": [-2, 10.08239, 13.38687],
			"to": [18, 13.08239, 15.38687],
			"rotation": {"angle": 0, "axis": "y", "origin": [8, 13.08239, 21.38687]},
			"faces": {
				"north": {"uv": [2.5, 6.5, 5, 6.875], "texture": "#0"},
				"east": {"uv": [0, 10, 0.25, 10.375], "texture": "#0"},
				"south": {"uv": [5, 6.5, 7.5, 6.875], "texture": "#0"},
				"west": {"uv": [0.25, 10, 0.5, 10.375], "texture": "#0"},
				"up": {"uv": [11.25, 0.25, 8.75, 0], "texture": "#0"},
				"down": {"uv": [11.25, 0.25, 8.75, 0.5], "texture": "#0"}
			}
		},
		{
			"from": [18, 10.08239, 2.61313],
			"to": [20, 13.08239, 13.38313],
			"rotation": {"angle": 0, "axis": "y", "origin": [8, 13.08239, 19.38]},
			"faces": {
				"north": {"uv": [5.5, 10, 5.75, 10.375], "texture": "#0"},
				"east": {"uv": [8.75, 0.5, 10.125, 0.875], "texture": "#0"},
				"south": {"uv": [5.75, 10, 6, 10.375], "texture": "#0"},
				"west": {"uv": [8.75, 0.875, 10.125, 1.25], "texture": "#0"},
				"up": {"uv": [5.75, 10, 5.5, 8.625], "texture": "#0"},
				"down": {"uv": [6, 8.625, 5.75, 10], "texture": "#0"}
			}
		},
		{
			"from": [-4, 10.08239, 2.61313],
			"to": [-2, 13.08239, 13.38313],
			"rotation": {"angle": 0, "axis": "y", "origin": [-14, 13.08239, 19.38]},
			"faces": {
				"north": {"uv": [8, 10, 8.25, 10.375], "texture": "#0"},
				"east": {"uv": [8.75, 1.25, 10.125, 1.625], "texture": "#0"},
				"south": {"uv": [8.25, 10, 8.5, 10.375], "texture": "#0"},
				"west": {"uv": [8.75, 1.625, 10.125, 2], "texture": "#0"},
				"up": {"uv": [2.75, 10.125, 2.5, 8.75], "texture": "#0"},
				"down": {"uv": [3, 8.75, 2.75, 10.125], "texture": "#0"}
			}
		},
		{
			"from": [18, 0.32957, 2.4525],
			"to": [20, 2.32957, 4.4525],
			"rotation": {"angle": 22.5, "axis": "x", "origin": [8, 8.32957, 10.4525]},
			"faces": {
				"north": {"uv": [10.375, 6.25, 10.625, 6.5], "texture": "#0"},
				"east": {"uv": [10.375, 7.75, 10.625, 8], "texture": "#0"},
				"south": {"uv": [8, 10.375, 8.25, 10.625], "texture": "#0"},
				"west": {"uv": [10.375, 8, 10.625, 8.25], "texture": "#0"},
				"up": {"uv": [8.5, 10.625, 8.25, 10.375], "texture": "#0"},
				"down": {"uv": [10.625, 9.375, 10.375, 9.625], "texture": "#0"}
			}
		},
		{
			"from": [-4, 0.32957, 2.4525],
			"to": [-2, 2.32957, 4.4525],
			"rotation": {"angle": 22.5, "axis": "x", "origin": [8, 8.32957, 10.4525]},
			"faces": {
				"north": {"uv": [10.375, 9.625, 10.625, 9.875], "texture": "#0"},
				"east": {"uv": [9.75, 10.375, 10, 10.625], "texture": "#0"},
				"south": {"uv": [10.375, 9.875, 10.625, 10.125], "texture": "#0"},
				"west": {"uv": [10, 10.375, 10.25, 10.625], "texture": "#0"},
				"up": {"uv": [10.625, 10.375, 10.375, 10.125], "texture": "#0"},
				"down": {"uv": [10.5, 10.375, 10.25, 10.625], "texture": "#0"}
			}
		},
		{
			"from": [18, 5.68714, 10.48181],
			"to": [20, 7.68714, 12.48181],
			"rotation": {"angle": -22.5, "axis": "x", "origin": [8, 13.68714, 18.48181]},
			"faces": {
				"north": {"uv": [0.5, 10.5, 0.75, 10.75], "texture": "#0"},
				"east": {"uv": [0.75, 10.5, 1, 10.75], "texture": "#0"},
				"south": {"uv": [1, 10.5, 1.25, 10.75], "texture": "#0"},
				"west": {"uv": [1.25, 10.5, 1.5, 10.75], "texture": "#0"},
				"up": {"uv": [1.75, 10.75, 1.5, 10.5], "texture": "#0"},
				"down": {"uv": [2, 10.5, 1.75, 10.75], "texture": "#0"}
			}
		},
		{
			"from": [-4, 5.68714, 10.48181],
			"to": [-2, 7.68714, 12.48181],
			"rotation": {"angle": -22.5, "axis": "x", "origin": [8, 13.68714, 18.48181]},
			"faces": {
				"north": {"uv": [2, 10.5, 2.25, 10.75], "texture": "#0"},
				"east": {"uv": [2.25, 10.5, 2.5, 10.75], "texture": "#0"},
				"south": {"uv": [2.5, 10.5, 2.75, 10.75], "texture": "#0"},
				"west": {"uv": [2.75, 10.5, 3, 10.75], "texture": "#0"},
				"up": {"uv": [3.25, 10.75, 3, 10.5], "texture": "#0"},
				"down": {"uv": [10.75, 3, 10.5, 3.25], "texture": "#0"}
			}
		},
		{
			"from": [18, 2, 14],
			"to": [20, 4, 16],
			"rotation": {"angle": 0, "axis": "y", "origin": [8, 10, 22]},
			"faces": {
				"north": {"uv": [3.25, 10.5, 3.5, 10.75], "texture": "#0"},
				"east": {"uv": [10.5, 3.25, 10.75, 3.5], "texture": "#0"},
				"south": {"uv": [3.5, 10.5, 3.75, 10.75], "texture": "#0"},
				"west": {"uv": [3.75, 10.5, 4, 10.75], "texture": "#0"},
				"up": {"uv": [10.75, 5, 10.5, 4.75], "texture": "#0"},
				"down": {"uv": [10.75, 5, 10.5, 5.25], "texture": "#0"}
			}
		},
		{
			"from": [-4, 2, 14],
			"to": [-2, 4, 16],
			"rotation": {"angle": 0, "axis": "y", "origin": [8, 10, 22]},
			"faces": {
				"north": {"uv": [6, 10.5, 6.25, 10.75], "texture": "#0"},
				"east": {"uv": [6.25, 10.5, 6.5, 10.75], "texture": "#0"},
				"south": {"uv": [6.5, 10.5, 6.75, 10.75], "texture": "#0"},
				"west": {"uv": [10.5, 6.5, 10.75, 6.75], "texture": "#0"},
				"up": {"uv": [10.75, 7, 10.5, 6.75], "texture": "#0"},
				"down": {"uv": [10.75, 7, 10.5, 7.25], "texture": "#0"}
			}
		},
		{
			"from": [-3, 2, 2],
			"to": [19, 13.08, 14],
			"rotation": {"angle": 0, "axis": "y", "origin": [8, 10, 20]},
			"faces": {
				"north": {"uv": [3, 3, 5.75, 4.375], "texture": "#0"},
				"east": {"uv": [2.75, 4.375, 4.25, 5.75], "texture": "#0"},
				"south": {"uv": [0, 4, 2.75, 5.375], "texture": "#0"},
				"west": {"uv": [4.25, 4.375, 5.75, 5.75], "texture": "#0"},
				"up": {"uv": [5.75, 1.5, 3, 0], "texture": "#0"},
				"down": {"uv": [5.75, 1.5, 3, 3], "texture": "#0"}
			}
		},
		{
			"name": "hexadecagon",
			"from": [-3, 16.07359, 3.37644],
			"to": [-2, 21.05728, 14.37644],
			"rotation": {"angle": 22.5, "axis": "x", "origin": [-2.5, 16.56543, 8.87644]},
			"faces": {
				"north": {"uv": [9.625, 10.125, 9.75, 10.75], "texture": "#0"},
				"east": {"uv": [0, 6.625, 1.375, 7.25], "texture": "#0"},
				"south": {"uv": [10.25, 5.25, 10.375, 5.875], "texture": "#0"},
				"west": {"uv": [1.375, 6.875, 2.75, 7.5], "texture": "#0"},
				"up": {"uv": [9.125, 11.125, 9, 9.75], "texture": "#0"},
				"down": {"uv": [9.875, 9, 9.75, 10.375], "texture": "#0"}
			}
		},
		{
			"name": "hexadecagon",
			"from": [18, 16.07359, 3.37644],
			"to": [19, 21.05728, 14.37644],
			"rotation": {"angle": 22.5, "axis": "x", "origin": [18.5, 16.56543, 8.87644]},
			"faces": {
				"north": {"uv": [10.25, 5.875, 10.375, 6.5], "texture": "#0"},
				"east": {"uv": [2.75, 6.875, 4.125, 7.5], "texture": "#0"},
				"south": {"uv": [10.25, 7.75, 10.375, 8.375], "texture": "#0"},
				"west": {"uv": [4.125, 6.875, 5.5, 7.5], "texture": "#0"},
				"up": {"uv": [9.25, 11.125, 9.125, 9.75], "texture": "#0"},
				"down": {"uv": [9.375, 9.75, 9.25, 11.125], "texture": "#0"}
			}
		},
		{
			"name": "hexadecagon",
			"from": [-3, 20.67584, 5.29408],
			"to": [-2, 21.65952, 13.29408],
			"rotation": {"angle": 22.5, "axis": "x", "origin": [-2.5, 16.16768, 9.79408]},
			"faces": {
				"north": {"uv": [10, 4.75, 10.125, 4.875], "texture": "#0"},
				"east": {"uv": [3, 7.5, 4, 7.625], "texture": "#0"},
				"south": {"uv": [10.125, 5.25, 10.25, 5.375], "texture": "#0"},
				"west": {"uv": [4, 7.5, 5, 7.625], "texture": "#0"},
				"up": {"uv": [4.25, 10.875, 4.125, 9.875], "texture": "#0"},
				"down": {"uv": [4.375, 9.875, 4.25, 10.875], "texture": "#0"}
			}
		},
		{
			"name": "hexadecagon",
			"from": [18, 20.67584, 5.29408],
			"to": [19, 21.65952, 13.29408],
			"rotation": {"angle": 22.5, "axis": "x", "origin": [18.5, 16.16768, 9.79408]},
			"faces": {
				"north": {"uv": [9.875, 10.25, 10, 10.375], "texture": "#0"},
				"east": {"uv": [6, 7.625, 7, 7.75], "texture": "#0"},
				"south": {"uv": [3.625, 10.75, 3.75, 10.875], "texture": "#0"},
				"west": {"uv": [9, 4.75, 10, 4.875], "texture": "#0"},
				"up": {"uv": [4.5, 10.875, 4.375, 9.875], "texture": "#0"},
				"down": {"uv": [4.625, 9.875, 4.5, 10.875], "texture": "#0"}
			}
		},
		{
			"name": "hexadecagon",
			"from": [-4, 14.07359, 1.37644],
			"to": [20, 18.05728, 3.37644],
			"rotation": {"angle": 22.5, "axis": "x", "origin": [19.5, 16.56543, 8.87644]},
			"faces": {
				"north": {"uv": [0, 5.75, 3, 6.25], "texture": "#0"},
				"east": {"uv": [4.625, 9.875, 4.875, 10.375], "texture": "#0"},
				"south": {"uv": [5.75, 0, 8.75, 0.5], "texture": "#0"},
				"west": {"uv": [4.875, 9.875, 5.125, 10.375], "texture": "#0"},
				"up": {"uv": [3, 7.75, 0, 7.5], "texture": "#0"},
				"down": {"uv": [10.5, 6.5, 7.5, 6.75], "texture": "#0"}
			}
		},
		{
			"name": "hexadecagon",
			"from": [18, 14.07359, 3.37644],
			"to": [20, 16.05728, 14.37644],
			"rotation": {"angle": 22.5, "axis": "x", "origin": [19.5, 16.56543, 8.87644]},
			"faces": {
				"north": {"uv": [10.5, 7.25, 10.75, 7.5], "texture": "#0"},
				"east": {"uv": [0, 7.25, 1.375, 7.5], "texture": "#0"},
				"south": {"uv": [10.5, 7.5, 10.75, 7.75], "texture": "#0"},
				"west": {"uv": [8.75, 3.25, 10.125, 3.5], "texture": "#0"},
				"up": {"uv": [9, 4.875, 8.75, 3.5], "texture": "#0"},
				"down": {"uv": [6.25, 8.75, 6, 10.125], "texture": "#0"}
			}
		},
		{
			"name": "hexadecagon",
			"from": [-4, 14.07359, 3.37644],
			"to": [-2, 16.05728, 14.37644],
			"rotation": {"angle": 22.5, "axis": "x", "origin": [-2.5, 16.56543, 8.87644]},
			"faces": {
				"north": {"uv": [8.5, 10.5, 8.75, 10.75], "texture": "#0"},
				"east": {"uv": [8.75, 4.875, 10.125, 5.125], "texture": "#0"},
				"south": {"uv": [10.5, 8.5, 10.75, 8.75], "texture": "#0"},
				"west": {"uv": [8.75, 5.125, 10.125, 5.375], "texture": "#0"},
				"up": {"uv": [6.5, 10.125, 6.25, 8.75], "texture": "#0"},
				"down": {"uv": [6.75, 8.75, 6.5, 10.125], "texture": "#0"}
			}
		},
		{
			"name": "hexadecagon",
			"from": [-4, 22.06543, 7.3846],
			"to": [20, 24.06543, 10.36828],
			"rotation": {"angle": -45, "axis": "x", "origin": [19.5, 16.56543, 8.87644]},
			"faces": {
				"north": {"uv": [7.5, 6.75, 10.5, 7], "texture": "#0"},
				"east": {"uv": [2.125, 6.625, 2.5, 6.875], "texture": "#0"},
				"south": {"uv": [7.5, 7, 10.5, 7.25], "texture": "#0"},
				"west": {"uv": [10, 9.375, 10.375, 9.625], "texture": "#0"},
				"up": {"uv": [8.75, 1.625, 5.75, 1.25], "texture": "#0"},
				"down": {"uv": [8.75, 1.625, 5.75, 2], "texture": "#0"}
			}
		},
		{
			"name": "hexadecagon",
			"from": [-4, 22.06543, 7.3846],
			"to": [20, 24.06543, 10.36828],
			"rotation": {"angle": -22.5, "axis": "x", "origin": [19.5, 16.56543, 8.87644]},
			"faces": {
				"north": {"uv": [7.5, 7.25, 10.5, 7.5], "texture": "#0"},
				"east": {"uv": [10, 9.625, 10.375, 9.875], "texture": "#0"},
				"south": {"uv": [7.5, 7.5, 10.5, 7.75], "texture": "#0"},
				"west": {"uv": [10, 9.875, 10.375, 10.125], "texture": "#0"},
				"up": {"uv": [8.75, 2.375, 5.75, 2], "texture": "#0"},
				"down": {"uv": [8.75, 2.375, 5.75, 2.75], "texture": "#0"}
			}
		},
		{
			"name": "hexadecagon",
			"from": [-4, 15.07359, 14.37644],
			"to": [20, 18.05728, 16.37644],
			"rotation": {"angle": -22.5, "axis": "x", "origin": [19.5, 16.56543, 8.87644]},
			"faces": {
				"north": {"uv": [5.75, 2.75, 8.75, 3.125], "texture": "#0"},
				"east": {"uv": [10.125, 0.5, 10.375, 0.875], "texture": "#0"},
				"south": {"uv": [3, 5.75, 6, 6.125], "texture": "#0"},
				"west": {"uv": [10.125, 0.875, 10.375, 1.25], "texture": "#0"},
				"up": {"uv": [6, 7.875, 3, 7.625], "texture": "#0"},
				"down": {"uv": [3, 7.75, 0, 8], "texture": "#0"}
			}
		},
		{
			"name": "hexadecagon",
			"from": [-4, 15.07359, 14.37644],
			"to": [20, 18.05728, 16.37644],
			"rotation": {"angle": 0, "axis": "x", "origin": [19.5, 16.56543, 8.87644]},
			"faces": {
				"north": {"uv": [5.75, 3.125, 8.75, 3.5], "texture": "#0"},
				"east": {"uv": [10.125, 1.25, 10.375, 1.625], "texture": "#0"},
				"south": {"uv": [5.75, 3.5, 8.75, 3.875], "texture": "#0"},
				"west": {"uv": [10.125, 1.625, 10.375, 2], "texture": "#0"},
				"up": {"uv": [9, 8, 6, 7.75], "texture": "#0"},
				"down": {"uv": [6, 7.875, 3, 8.125], "texture": "#0"}
			}
		},
		{
			"name": "hexadecagon",
			"from": [-4, 15.07359, 14.37644],
			"to": [20, 18.05728, 16.37644],
			"rotation": {"angle": 22.5, "axis": "x", "origin": [19.5, 16.56543, 8.87644]},
			"faces": {
				"north": {"uv": [5.75, 3.875, 8.75, 4.25], "texture": "#0"},
				"east": {"uv": [2.5, 10.125, 2.75, 10.5], "texture": "#0"},
				"south": {"uv": [5.75, 4.25, 8.75, 4.625], "texture": "#0"},
				"west": {"uv": [2.75, 10.125, 3, 10.5], "texture": "#0"},
				"up": {"uv": [3, 8.25, 0, 8], "texture": "#0"},
				"down": {"uv": [9, 8, 6, 8.25], "texture": "#0"}
			}
		},
		{
			"name": "hexadecagon",
			"from": [-4, 22.06543, 7.3846],
			"to": [20, 24.06543, 10.36828],
			"rotation": {"angle": 0, "axis": "x", "origin": [19.5, 16.56543, 8.87644]},
			"faces": {
				"north": {"uv": [3, 8.125, 6, 8.375], "texture": "#0"},
				"east": {"uv": [10.125, 3, 10.5, 3.25], "texture": "#0"},
				"south": {"uv": [0, 8.25, 3, 8.5], "texture": "#0"},
				"west": {"uv": [10.125, 3.25, 10.5, 3.5], "texture": "#0"},
				"up": {"uv": [8.75, 5, 5.75, 4.625], "texture": "#0"},
				"down": {"uv": [8.75, 5, 5.75, 5.375], "texture": "#0"}
			}
		},
		{
			"name": "hexadecagon",
			"from": [-4, 22.06543, 7.3846],
			"to": [20, 24.06543, 10.36828],
			"rotation": {"angle": 22.5, "axis": "x", "origin": [19.5, 16.56543, 8.87644]},
			"faces": {
				"north": {"uv": [6, 8.25, 9, 8.5], "texture": "#0"},
				"east": {"uv": [10.125, 4.75, 10.5, 5], "texture": "#0"},
				"south": {"uv": [3, 8.375, 6, 8.625], "texture": "#0"},
				"west": {"uv": [10.125, 5, 10.5, 5.25], "texture": "#0"},
				"up": {"uv": [8.75, 5.75, 5.75, 5.375], "texture": "#0"},
				"down": {"uv": [9, 5.75, 6, 6.125], "texture": "#0"}
			}
		},
		{
			"name": "hexadecagon",
			"from": [-4, 15.07359, 14.37644],
			"to": [20, 18.05728, 16.37644],
			"rotation": {"angle": -45, "axis": "x", "origin": [19.5, 16.56543, 8.87644]},
			"faces": {
				"north": {"uv": [3, 6.125, 6, 6.5], "texture": "#0"},
				"east": {"uv": [6, 10.125, 6.25, 10.5], "texture": "#0"},
				"south": {"uv": [6, 6.125, 9, 6.5], "texture": "#0"},
				"west": {"uv": [6.25, 10.125, 6.5, 10.5], "texture": "#0"},
				"up": {"uv": [3, 8.75, 0, 8.5], "texture": "#0"},
				"down": {"uv": [9, 8.5, 6, 8.75], "texture": "#0"}
			}
		},
		{
			"name": "hexadecagon",
			"from": [5, 18.77359, 1.82644],
			"to": [11, 22.05728, 3.82644],
			"rotation": {"angle": 0, "axis": "x", "origin": [19.5, 20.56543, 9.32644]},
			"faces": {
				"north": {"uv": [8.75, 5.375, 9.5, 5.75], "texture": "#0"},
				"east": {"uv": [6.5, 10.125, 6.75, 10.5], "texture": "#0"},
				"south": {"uv": [6.75, 8.75, 7.5, 9.125], "texture": "#0"},
				"west": {"uv": [8.5, 10.125, 8.75, 10.5], "texture": "#0"},
				"up": {"uv": [2.125, 6.875, 1.375, 6.625], "texture": "#0"},
				"down": {"uv": [9.75, 4.5, 9, 4.75], "texture": "#0"}
			}
		},
		{
			"name": "hexadecagon",
			"from": [9.75, 12.77359, 1.32644],
			"to": [11, 14.02359, 2.82644],
			"rotation": {"angle": -45, "axis": "z", "origin": [19.5, 20.56543, 9.32644]},
			"faces": {
				"north": {"uv": [3.75, 10.75, 3.875, 10.875], "texture": "#0"},
				"east": {"uv": [8.75, 9.125, 9, 9.25], "texture": "#0"},
				"south": {"uv": [10.75, 3.75, 10.875, 3.875], "texture": "#0"},
				"west": {"uv": [9.5, 6.375, 9.75, 6.5], "texture": "#0"},
				"up": {"uv": [8, 10.875, 7.875, 10.625], "texture": "#0"},
				"down": {"uv": [8.125, 10.625, 8, 10.875], "texture": "#0"}
			}
		},
		{
			"name": "hexadecagon",
			"from": [11, 11.52359, 1.32644],
			"to": [12.25, 12.77359, 2.82644],
			"rotation": {"angle": -45, "axis": "z", "origin": [19.5, 20.56543, 9.32644]},
			"faces": {
				"north": {"uv": [3.875, 10.75, 4, 10.875], "texture": "#0"},
				"east": {"uv": [8.5, 9.625, 8.75, 9.75], "texture": "#0"},
				"south": {"uv": [10.75, 3.875, 10.875, 4], "texture": "#0"},
				"west": {"uv": [8.125, 10.625, 8.375, 10.75], "texture": "#0"},
				"up": {"uv": [8.5, 10.875, 8.375, 10.625], "texture": "#0"},
				"down": {"uv": [10.75, 9.375, 10.625, 9.625], "texture": "#0"}
			}
		},
		{
			"name": "hexadecagon",
			"from": [7.09605, 20.18229, 1.32644],
			"to": [8.84605, 21.93229, 2.82644],
			"rotation": {"angle": 0, "axis": "z", "origin": [16.13789, 12.93229, 9.32644]},
			"faces": {
				"north": {"uv": [8.75, 10.5, 9, 10.75], "texture": "#0"},
				"east": {"uv": [10.5, 8.75, 10.75, 9], "texture": "#0"},
				"south": {"uv": [9.375, 10.5, 9.625, 10.75], "texture": "#0"},
				"west": {"uv": [10.5, 10.375, 10.75, 10.625], "texture": "#0"},
				"up": {"uv": [0.25, 10.875, 0, 10.625], "texture": "#0"},
				"down": {"uv": [0.5, 10.625, 0.25, 10.875], "texture": "#0"}
			}
		},
		{
			"name": "hexadecagon",
			"from": [5, 9.595, 0.17644],
			"to": [11, 13.07869, 1.92644],
			"rotation": {"angle": 0, "axis": "x", "origin": [19.5, 11.56543, 7.82644]},
			"faces": {
				"north": {"uv": [7.5, 8.75, 8.25, 9.125], "texture": "#0"},
				"east": {"uv": [8.75, 10.125, 9, 10.5], "texture": "#0"},
				"south": {"uv": [8.25, 8.75, 9, 9.125], "texture": "#0"},
				"west": {"uv": [9.375, 10.125, 9.625, 10.5], "texture": "#0"},
				"up": {"uv": [10.125, 3.25, 9.375, 3], "texture": "#0"},
				"down": {"uv": [10.25, 8.75, 9.5, 9], "texture": "#0"}
			}
		},
		{
			"name": "hexadecagon",
			"from": [6, 11.095, -0.32356],
			"to": [10, 14.57869, 0.67644],
			"rotation": {"angle": 0, "axis": "x", "origin": [19.5, 11.56543, 7.82644]},
			"faces": {
				"north": {"uv": [8, 9.625, 8.5, 10], "texture": "#0"},
				"east": {"uv": [10.625, 3.5, 10.75, 3.875], "texture": "#0"},
				"south": {"uv": [9.75, 3.5, 10.25, 3.875], "texture": "#0"},
				"west": {"uv": [10.625, 3.875, 10.75, 4.25], "texture": "#0"},
				"up": {"uv": [5.5, 7.625, 5, 7.5], "texture": "#0"},
				"down": {"uv": [7.5, 7.625, 7, 7.75], "texture": "#0"}
			}
		},
		{
			"name": "hexadecagon",
			"from": [2.37859, 1.41127, -0.32],
			"to": [5.20859, 4.24127, 2.18],
			"rotation": {"angle": -45, "axis": "z", "origin": [15.87859, 1.8817, 7.82644]},
			"faces": {
				"north": {"uv": [9.375, 9.75, 9.75, 10.125], "texture": "#0"},
				"east": {"uv": [9.875, 2, 10.25, 2.375], "texture": "#0"},
				"south": {"uv": [9.875, 2.375, 10.25, 2.75], "texture": "#0"},
				"west": {"uv": [3, 9.875, 3.375, 10.25], "texture": "#0"},
				"up": {"uv": [3.75, 10.25, 3.375, 9.875], "texture": "#0"},
				"down": {"uv": [4.125, 9.875, 3.75, 10.25], "texture": "#0"}
			}
		},
		{
			"name": "hexadecagon",
			"from": [3.0369, 27.20208, 1.82644],
			"to": [5.0369, 28.28576, 3.82644],
			"rotation": {"angle": 45, "axis": "z", "origin": [11.5369, 27.5412, 9.32644]},
			"faces": {
				"north": {"uv": [10.625, 8.125, 10.875, 8.25], "texture": "#0"},
				"east": {"uv": [10.625, 9.625, 10.875, 9.75], "texture": "#0"},
				"south": {"uv": [9.75, 10.625, 10, 10.75], "texture": "#0"},
				"west": {"uv": [10.625, 9.75, 10.875, 9.875], "texture": "#0"},
				"up": {"uv": [10.875, 0.75, 10.625, 0.5], "texture": "#0"},
				"down": {"uv": [10.875, 0.75, 10.625, 1], "texture": "#0"}
			}
		},
		{
			"name": "hexadecagon",
			"from": [10.9631, 27.20208, 1.82644],
			"to": [12.9631, 28.28576, 3.82644],
			"rotation": {"angle": -45, "axis": "z", "origin": [4.4631, 27.5412, 9.32644]},
			"faces": {
				"north": {"uv": [10.625, 9.875, 10.875, 10], "texture": "#0"},
				"east": {"uv": [10, 10.625, 10.25, 10.75], "texture": "#0"},
				"south": {"uv": [10.625, 10, 10.875, 10.125], "texture": "#0"},
				"west": {"uv": [10.625, 10.125, 10.875, 10.25], "texture": "#0"},
				"up": {"uv": [10.875, 1.25, 10.625, 1], "texture": "#0"},
				"down": {"uv": [10.875, 1.25, 10.625, 1.5], "texture": "#0"}
			}
		},
		{
			"name": "hexadecagon",
			"from": [6.41421, 22.058, 1.82644],
			"to": [9.58521, 23.468, 3.82644],
			"rotation": {"angle": 0, "axis": "x", "origin": [-0.08579, 22.72692, 9.32644]},
			"faces": {
				"north": {"uv": [10.375, 8.25, 10.75, 8.375], "texture": "#0"},
				"east": {"uv": [10.25, 10.625, 10.5, 10.75], "texture": "#0"},
				"south": {"uv": [4.625, 10.625, 5, 10.75], "texture": "#0"},
				"west": {"uv": [10.625, 10.25, 10.875, 10.375], "texture": "#0"},
				"up": {"uv": [10.375, 10.375, 10, 10.125], "texture": "#0"},
				"down": {"uv": [10.625, 2, 10.25, 2.25], "texture": "#0"}
			}
		},
		{
			"name": "hexadecagon",
			"from": [-2, 14.32359, 14.47644],
			"to": [2, 16.30728, 17.37644],
			"rotation": {"angle": 22.5, "axis": "x", "origin": [19.5, 16.81543, 8.87644]},
			"faces": {
				"north": {"uv": [2.5, 6.25, 3, 6.5], "texture": "#0"},
				"east": {"uv": [10.25, 2.25, 10.625, 2.5], "texture": "#0"},
				"south": {"uv": [9, 6.25, 9.5, 6.5], "texture": "#0"},
				"west": {"uv": [10.25, 2.5, 10.625, 2.75], "texture": "#0"},
				"up": {"uv": [10.25, 4.25, 9.75, 3.875], "texture": "#0"},
				"down": {"uv": [10.25, 4.25, 9.75, 4.625], "texture": "#0"}
			}
		},
		{
			"name": "hexadecagon",
			"from": [14, 14.32359, 14.57644],
			"to": [18, 16.30728, 17.37644],
			"rotation": {"angle": 22.5, "axis": "x", "origin": [35.5, 16.81543, 8.87644]},
			"faces": {
				"north": {"uv": [9.75, 8.5, 10.25, 8.75], "texture": "#0"},
				"east": {"uv": [3, 10.25, 3.375, 10.5], "texture": "#0"},
				"south": {"uv": [9.875, 2.75, 10.375, 3], "texture": "#0"},
				"west": {"uv": [3.375, 10.25, 3.75, 10.5], "texture": "#0"},
				"up": {"uv": [10.25, 5.75, 9.75, 5.375], "texture": "#0"},
				"down": {"uv": [10.25, 5.75, 9.75, 6.125], "texture": "#0"}
			}
		},
		{
			"from": [19, 12, 6.75],
			"to": [20, 15, 10.75],
			"rotation": {"angle": 22.5, "axis": "x", "origin": [8, 14, 20.75]},
			"faces": {
				"north": {"uv": [5, 10.625, 5.125, 11], "texture": "#0"},
				"east": {"uv": [9.75, 6.125, 10.25, 6.5], "texture": "#0"},
				"south": {"uv": [10.625, 5.25, 10.75, 5.625], "texture": "#0"},
				"west": {"uv": [9.75, 7.75, 10.25, 8.125], "texture": "#0"},
				"up": {"uv": [4.125, 11, 4, 10.5], "texture": "#0"},
				"down": {"uv": [10.75, 1.5, 10.625, 2], "texture": "#0"}
			}
		},
		{
			"from": [20, 12.5, 7.25],
			"to": [21, 14.5, 10.25],
			"rotation": {"angle": 22.5, "axis": "x", "origin": [8, 14, 20.75]},
			"faces": {
				"north": {"uv": [10.5, 10.625, 10.625, 10.875], "texture": "#0"},
				"east": {"uv": [10.25, 3.5, 10.625, 3.75], "texture": "#0"},
				"south": {"uv": [10.625, 10.625, 10.75, 10.875], "texture": "#0"},
				"west": {"uv": [3.75, 10.25, 4.125, 10.5], "texture": "#0"},
				"up": {"uv": [5.625, 11, 5.5, 10.625], "texture": "#0"},
				"down": {"uv": [5.75, 10.625, 5.625, 11], "texture": "#0"}
			}
		},
		{
			"from": [20.25, 13, 5.25],
			"to": [20.75, 14, 12.25],
			"rotation": {"angle": 22.5, "axis": "x", "origin": [8, 14, 20.75]},
			"faces": {
				"north": {"uv": [10.75, 4, 10.875, 4.125], "texture": "#0"},
				"east": {"uv": [9.75, 4.625, 10.625, 4.75], "texture": "#0"},
				"south": {"uv": [10.75, 4.125, 10.875, 4.25], "texture": "#0"},
				"west": {"uv": [9.875, 9, 10.75, 9.125], "texture": "#0"},
				"up": {"uv": [5.25, 10.75, 5.125, 9.875], "texture": "#0"},
				"down": {"uv": [5.375, 9.875, 5.25, 10.75], "texture": "#0"}
			}
		},
		{
			"from": [20.25, 11, 11.25],
			"to": [20.75, 13, 12.25],
			"rotation": {"angle": 22.5, "axis": "x", "origin": [8, 14, 20.75]},
			"faces": {
				"north": {"uv": [0.5, 10.75, 0.625, 11], "texture": "#0"},
				"east": {"uv": [0.625, 10.75, 0.75, 11], "texture": "#0"},
				"south": {"uv": [0.75, 10.75, 0.875, 11], "texture": "#0"},
				"west": {"uv": [0.875, 10.75, 1, 11], "texture": "#0"},
				"up": {"uv": [4.75, 10.875, 4.625, 10.75], "texture": "#0"},
				"down": {"uv": [4.875, 10.75, 4.75, 10.875], "texture": "#0"}
			}
		},
		{
			"from": [20.25, 11, 5.25],
			"to": [20.75, 13, 6.25],
			"rotation": {"angle": 22.5, "axis": "x", "origin": [8, 14, 20.75]},
			"faces": {
				"north": {"uv": [1, 10.75, 1.125, 11], "texture": "#0"},
				"east": {"uv": [1.125, 10.75, 1.25, 11], "texture": "#0"},
				"south": {"uv": [1.25, 10.75, 1.375, 11], "texture": "#0"},
				"west": {"uv": [1.375, 10.75, 1.5, 11], "texture": "#0"},
				"up": {"uv": [10.875, 4.875, 10.75, 4.75], "texture": "#0"},
				"down": {"uv": [5, 10.75, 4.875, 10.875], "texture": "#0"}
			}
		},
		{
			"from": [-4, 12, 6.75],
			"to": [-3, 15, 10.75],
			"rotation": {"angle": 22.5, "axis": "x", "origin": [8, 14, 20.75]},
			"faces": {
				"north": {"uv": [10.625, 5.625, 10.75, 6], "texture": "#0"},
				"east": {"uv": [9.75, 8.125, 10.25, 8.5], "texture": "#0"},
				"south": {"uv": [5.75, 10.625, 5.875, 11], "texture": "#0"},
				"west": {"uv": [8.5, 9.75, 9, 10.125], "texture": "#0"},
				"up": {"uv": [10.75, 2.5, 10.625, 2], "texture": "#0"},
				"down": {"uv": [10.75, 2.5, 10.625, 3], "texture": "#0"}
			}
		},
		{
			"from": [-5, 12.5, 7.25],
			"to": [-4, 14.5, 10.25],
			"rotation": {"angle": 22.5, "axis": "x", "origin": [8, 14, 20.75]},
			"faces": {
				"north": {"uv": [1.5, 10.75, 1.625, 11], "texture": "#0"},
				"east": {"uv": [10.25, 3.75, 10.625, 4], "texture": "#0"},
				"south": {"uv": [10.75, 1.5, 10.875, 1.75], "texture": "#0"},
				"west": {"uv": [10.25, 4, 10.625, 4.25], "texture": "#0"},
				"up": {"uv": [6, 11, 5.875, 10.625], "texture": "#0"},
				"down": {"uv": [10.75, 6, 10.625, 6.375], "texture": "#0"}
			}
		},
		{
			"from": [-4.75, 13, 5.25],
			"to": [-4.25, 14, 12.25],
			"rotation": {"angle": 22.5, "axis": "x", "origin": [8, 14, 20.75]},
			"faces": {
				"north": {"uv": [10.75, 4.875, 10.875, 5], "texture": "#0"},
				"east": {"uv": [9.875, 9.125, 10.75, 9.25], "texture": "#0"},
				"south": {"uv": [10.75, 5, 10.875, 5.125], "texture": "#0"},
				"west": {"uv": [9.875, 9.25, 10.75, 9.375], "texture": "#0"},
				"up": {"uv": [5.5, 10.75, 5.375, 9.875], "texture": "#0"},
				"down": {"uv": [10, 9.375, 9.875, 10.25], "texture": "#0"}
			}
		},
		{
			"from": [-4.75, 11, 11.25],
			"to": [-4.25, 13, 12.25],
			"rotation": {"angle": 22.5, "axis": "x", "origin": [8, 14, 20.75]},
			"faces": {
				"north": {"uv": [1.625, 10.75, 1.75, 11], "texture": "#0"},
				"east": {"uv": [1.75, 10.75, 1.875, 11], "texture": "#0"},
				"south": {"uv": [10.75, 1.75, 10.875, 2], "texture": "#0"},
				"west": {"uv": [1.875, 10.75, 2, 11], "texture": "#0"},
				"up": {"uv": [5.25, 10.875, 5.125, 10.75], "texture": "#0"},
				"down": {"uv": [10.875, 5.125, 10.75, 5.25], "texture": "#0"}
			}
		},
		{
			"from": [-4.75, 10, 6.25],
			"to": [-4.25, 12, 7.25],
			"rotation": {"angle": 22.5, "axis": "x", "origin": [8, 14, 20.75]},
			"faces": {
				"north": {"uv": [2, 10.75, 2.125, 11], "texture": "#0"},
				"east": {"uv": [10.75, 2, 10.875, 2.25], "texture": "#0"},
				"south": {"uv": [2.125, 10.75, 2.25, 11], "texture": "#0"},
				"west": {"uv": [2.25, 10.75, 2.375, 11], "texture": "#0"},
				"up": {"uv": [5.375, 10.875, 5.25, 10.75], "texture": "#0"},
				"down": {"uv": [10.875, 5.25, 10.75, 5.375], "texture": "#0"}
			}
		},
		{
			"from": [20.25, 10, 6.25],
			"to": [20.75, 12, 7.25],
			"rotation": {"angle": 22.5, "axis": "x", "origin": [8, 14, 20.75]},
			"faces": {
				"north": {"uv": [10.75, 2.25, 10.875, 2.5], "texture": "#0"},
				"east": {"uv": [2.375, 10.75, 2.5, 11], "texture": "#0"},
				"south": {"uv": [2.5, 10.75, 2.625, 11], "texture": "#0"},
				"west": {"uv": [10.75, 2.5, 10.875, 2.75], "texture": "#0"},
				"up": {"uv": [5.5, 10.875, 5.375, 10.75], "texture": "#0"},
				"down": {"uv": [10.875, 5.375, 10.75, 5.5], "texture": "#0"}
			}
		},
		{
			"from": [-4.75, 10, 7.25],
			"to": [-4.25, 11, 10.25],
			"rotation": {"angle": 22.5, "axis": "x", "origin": [8, 14, 20.75]},
			"faces": {
				"north": {"uv": [10.75, 5.5, 10.875, 5.625], "texture": "#0"},
				"east": {"uv": [10.625, 4.625, 11, 4.75], "texture": "#0"},
				"south": {"uv": [10.75, 5.625, 10.875, 5.75], "texture": "#0"},
				"west": {"uv": [10.625, 6.375, 11, 6.5], "texture": "#0"},
				"up": {"uv": [6.875, 11, 6.75, 10.625], "texture": "#0"},
				"down": {"uv": [7, 10.625, 6.875, 11], "texture": "#0"}
			}
		},
		{
			"from": [20.25, 10, 7.25],
			"to": [20.75, 11, 10.25],
			"rotation": {"angle": 22.5, "axis": "x", "origin": [8, 14, 20.75]},
			"faces": {
				"north": {"uv": [10.75, 5.75, 10.875, 5.875], "texture": "#0"},
				"east": {"uv": [7, 10.625, 7.375, 10.75], "texture": "#0"},
				"south": {"uv": [10.75, 5.875, 10.875, 6], "texture": "#0"},
				"west": {"uv": [7.375, 10.625, 7.75, 10.75], "texture": "#0"},
				"up": {"uv": [7.875, 11, 7.75, 10.625], "texture": "#0"},
				"down": {"uv": [10.75, 7.75, 10.625, 8.125], "texture": "#0"}
			}
		},
		{
			"from": [-4.75, 10, 10.25],
			"to": [-4.25, 12, 11.25],
			"rotation": {"angle": 22.5, "axis": "x", "origin": [8, 14, 20.75]},
			"faces": {
				"north": {"uv": [2.625, 10.75, 2.75, 11], "texture": "#0"},
				"east": {"uv": [2.75, 10.75, 2.875, 11], "texture": "#0"},
				"south": {"uv": [10.75, 2.75, 10.875, 3], "texture": "#0"},
				"west": {"uv": [2.875, 10.75, 3, 11], "texture": "#0"},
				"up": {"uv": [6.125, 10.875, 6, 10.75], "texture": "#0"},
				"down": {"uv": [10.875, 6, 10.75, 6.125], "texture": "#0"}
			}
		},
		{
			"from": [20.25, 10, 10.25],
			"to": [20.75, 12, 11.25],
			"rotation": {"angle": 22.5, "axis": "x", "origin": [8, 14, 20.75]},
			"faces": {
				"north": {"uv": [3, 10.75, 3.125, 11], "texture": "#0"},
				"east": {"uv": [10.75, 3, 10.875, 3.25], "texture": "#0"},
				"south": {"uv": [3.125, 10.75, 3.25, 11], "texture": "#0"},
				"west": {"uv": [3.25, 10.75, 3.375, 11], "texture": "#0"},
				"up": {"uv": [6.25, 10.875, 6.125, 10.75], "texture": "#0"},
				"down": {"uv": [10.875, 6.125, 10.75, 6.25], "texture": "#0"}
			}
		},
		{
			"from": [-4.75, 11, 5.25],
			"to": [-4.25, 13, 6.25],
			"rotation": {"angle": 22.5, "axis": "x", "origin": [8, 14, 20.75]},
			"faces": {
				"north": {"uv": [10.75, 3.25, 10.875, 3.5], "texture": "#0"},
				"east": {"uv": [3.375, 10.75, 3.5, 11], "texture": "#0"},
				"south": {"uv": [3.5, 10.75, 3.625, 11], "texture": "#0"},
				"west": {"uv": [10.75, 3.5, 10.875, 3.75], "texture": "#0"},
				"up": {"uv": [6.375, 10.875, 6.25, 10.75], "texture": "#0"},
				"down": {"uv": [10.875, 6.25, 10.75, 6.375], "texture": "#0"}
			}
		},
		{
			"from": [14, 13.08239, 1.61313],
			"to": [19, 14.08239, 6.61313],
			"rotation": {"angle": 0, "axis": "y", "origin": [-8, -0.16761, 0.61313]},
			"faces": {
				"north": {"uv": [10.25, 4.25, 10.875, 4.375], "texture": "#0"},
				"east": {"uv": [10.25, 4.375, 10.875, 4.5], "texture": "#0"},
				"south": {"uv": [10.25, 4.5, 10.875, 4.625], "texture": "#0"},
				"west": {"uv": [10.25, 8.375, 10.875, 8.5], "texture": "#0"},
				"up": {"uv": [9.375, 2.625, 8.75, 2], "texture": "#0"},
				"down": {"uv": [9.375, 2.625, 8.75, 3.25], "texture": "#0"}
			}
		},
		{
			"from": [12, 13.08239, 7.61313],
			"to": [17, 14.08239, 12.61313],
			"rotation": {"angle": 0, "axis": "y", "origin": [-8, -0.16761, 0.61313]},
			"faces": {
				"north": {"uv": [10.25, 4.25, 10.875, 4.375], "texture": "#0"},
				"east": {"uv": [10.25, 4.375, 10.875, 4.5], "texture": "#0"},
				"south": {"uv": [10.25, 4.5, 10.875, 4.625], "texture": "#0"},
				"west": {"uv": [10.25, 8.375, 10.875, 8.5], "texture": "#0"},
				"up": {"uv": [9.375, 2.625, 8.75, 2], "texture": "#0"},
				"down": {"uv": [9.375, 2.625, 8.75, 3.25], "texture": "#0"}
			}
		},
		{
			"from": [-3, 13.08239, 1.61313],
			"to": [2, 14.08239, 6.61313],
			"rotation": {"angle": 0, "axis": "y", "origin": [-8, -0.16761, 0.61313]},
			"faces": {
				"north": {"uv": [10.25, 4.25, 10.875, 4.375], "texture": "#0"},
				"east": {"uv": [10.25, 4.375, 10.875, 4.5], "texture": "#0"},
				"south": {"uv": [10.25, 4.5, 10.875, 4.625], "texture": "#0"},
				"west": {"uv": [10.25, 8.375, 10.875, 8.5], "texture": "#0"},
				"up": {"uv": [9.375, 2.625, 8.75, 2], "texture": "#0"},
				"down": {"uv": [9.375, 2.625, 8.75, 3.25], "texture": "#0"}
			}
		},
		{
			"from": [-7.26761, 0.83239, -2.38687],
			"to": [-6.26761, 5.83239, 2.61313],
			"rotation": {"angle": -22.5, "axis": "z", "origin": [-8, -0.16761, 0.61313]},
			"faces": {
				"north": {"uv": [10.25, 4.25, 10.875, 4.375], "rotation": 90, "texture": "#0"},
				"east": {"uv": [9.375, 2.625, 8.75, 3.25], "rotation": 270, "texture": "#0"},
				"south": {"uv": [10.25, 4.5, 10.875, 4.625], "rotation": 270, "texture": "#0"},
				"west": {"uv": [9.375, 2.625, 8.75, 2], "rotation": 270, "texture": "#0"},
				"up": {"uv": [10.25, 4.375, 10.875, 4.5], "rotation": 270, "texture": "#0"},
				"down": {"uv": [10.25, 8.375, 10.875, 8.5], "rotation": 270, "texture": "#0"}
			}
		},
		{
			"from": [-6, 0, 16.61313],
			"to": [-1, 1, 21.61313],
			"rotation": {"angle": 0, "axis": "y", "origin": [-8, -0.16761, 0.61313]},
			"faces": {
				"north": {"uv": [10.25, 8.375, 10.875, 8.5], "texture": "#0"},
				"east": {"uv": [10.25, 4.25, 10.875, 4.375], "texture": "#0"},
				"south": {"uv": [10.25, 4.375, 10.875, 4.5], "texture": "#0"},
				"west": {"uv": [10.25, 4.5, 10.875, 4.625], "texture": "#0"},
				"up": {"uv": [9.375, 2.625, 8.75, 2], "rotation": 90, "texture": "#0"},
				"down": {"uv": [9.375, 2.625, 8.75, 3.25], "rotation": 270, "texture": "#0"}
			}
		},
		{
			"from": [15, 0, 18.61313],
			"to": [20, 1, 23.61313],
			"rotation": {"angle": 0, "axis": "y", "origin": [-8, -0.16761, 0.61313]},
			"faces": {
				"north": {"uv": [10.25, 8.375, 10.875, 8.5], "texture": "#0"},
				"east": {"uv": [10.25, 4.25, 10.875, 4.375], "texture": "#0"},
				"south": {"uv": [10.25, 4.375, 10.875, 4.5], "texture": "#0"},
				"west": {"uv": [10.25, 4.5, 10.875, 4.625], "texture": "#0"},
				"up": {"uv": [9.375, 2.625, 8.75, 2], "rotation": 90, "texture": "#0"},
				"down": {"uv": [9.375, 2.625, 8.75, 3.25], "rotation": 270, "texture": "#0"}
			}
		},
		{
			"from": [21, 0, -2.38687],
			"to": [26, 1, 2.61313],
			"rotation": {"angle": 0, "axis": "y", "origin": [-8, -0.16761, 0.61313]},
			"faces": {
				"north": {"uv": [10.25, 4.25, 10.875, 4.375], "texture": "#0"},
				"east": {"uv": [10.25, 4.375, 10.875, 4.5], "texture": "#0"},
				"south": {"uv": [10.25, 4.5, 10.875, 4.625], "texture": "#0"},
				"west": {"uv": [10.25, 8.375, 10.875, 8.5], "texture": "#0"},
				"up": {"uv": [9.375, 2.625, 8.75, 2], "texture": "#0"},
				"down": {"uv": [9.375, 2.625, 8.75, 3.25], "texture": "#0"}
			}
		},
		{
			"from": [-4, 0, -7.38687],
			"to": [1, 1, -2.38687],
			"rotation": {"angle": 0, "axis": "y", "origin": [-8, -0.16761, 0.61313]},
			"faces": {
				"north": {"uv": [10.25, 4.25, 10.875, 4.375], "texture": "#0"},
				"east": {"uv": [10.25, 4.375, 10.875, 4.5], "texture": "#0"},
				"south": {"uv": [10.25, 4.5, 10.875, 4.625], "texture": "#0"},
				"west": {"uv": [10.25, 8.375, 10.875, 8.5], "texture": "#0"},
				"up": {"uv": [9.375, 2.625, 8.75, 2], "texture": "#0"},
				"down": {"uv": [9.375, 2.625, 8.75, 3.25], "texture": "#0"}
			}
		},
		{
			"from": [9, 0, 16.61313],
			"to": [14, 1, 21.61313],
			"rotation": {"angle": 0, "axis": "y", "origin": [-8, -0.16761, 0.61313]},
			"faces": {
				"north": {"uv": [10.25, 4.25, 10.875, 4.375], "texture": "#0"},
				"east": {"uv": [10.25, 4.375, 10.875, 4.5], "texture": "#0"},
				"south": {"uv": [10.25, 4.5, 10.875, 4.625], "texture": "#0"},
				"west": {"uv": [10.25, 8.375, 10.875, 8.5], "texture": "#0"},
				"up": {"uv": [9.375, 2.625, 8.75, 2], "texture": "#0"},
				"down": {"uv": [9.375, 2.625, 8.75, 3.25], "texture": "#0"}
			}
		},
		{
			"from": [8, 13.08239, 0.61313],
			"to": [13, 14.08239, 5.61313],
			"rotation": {"angle": 0, "axis": "y", "origin": [-8, -0.16761, 0.61313]},
			"faces": {
				"north": {"uv": [10.25, 8.375, 10.875, 8.5], "texture": "#0"},
				"east": {"uv": [10.25, 4.25, 10.875, 4.375], "texture": "#0"},
				"south": {"uv": [10.25, 4.375, 10.875, 4.5], "texture": "#0"},
				"west": {"uv": [10.25, 4.5, 10.875, 4.625], "texture": "#0"},
				"up": {"uv": [9.375, 2.625, 8.75, 2], "rotation": 90, "texture": "#0"},
				"down": {"uv": [9.375, 2.625, 8.75, 3.25], "rotation": 270, "texture": "#0"}
			}
		},
		{
			"from": [2.5, 13.08239, 0.71313],
			"to": [7.5, 14.08239, 5.71313],
			"rotation": {"angle": 0, "axis": "y", "origin": [-8, -0.16761, 0.61313]},
			"faces": {
				"north": {"uv": [10.25, 4.5, 10.875, 4.625], "texture": "#0"},
				"east": {"uv": [10.25, 8.375, 10.875, 8.5], "texture": "#0"},
				"south": {"uv": [10.25, 4.25, 10.875, 4.375], "texture": "#0"},
				"west": {"uv": [10.25, 4.375, 10.875, 4.5], "texture": "#0"},
				"up": {"uv": [9.375, 2.625, 8.75, 2], "rotation": 180, "texture": "#0"},
				"down": {"uv": [9.375, 2.625, 8.75, 3.25], "rotation": 180, "texture": "#0"}
			}
		},
		{
			"from": [8.5, 14.08239, -13.28687],
			"to": [13.5, 15.08239, -8.28687],
			"rotation": {"angle": -45, "axis": "y", "origin": [-8, -0.16761, 0.61313]},
			"faces": {
				"north": {"uv": [10.25, 4.5, 10.875, 4.625], "texture": "#0"},
				"east": {"uv": [10.25, 8.375, 10.875, 8.5], "texture": "#0"},
				"south": {"uv": [10.25, 4.25, 10.875, 4.375], "texture": "#0"},
				"west": {"uv": [10.25, 4.375, 10.875, 4.5], "texture": "#0"},
				"up": {"uv": [9.375, 2.625, 8.75, 2], "rotation": 180, "texture": "#0"},
				"down": {"uv": [9.375, 2.625, 8.75, 3.25], "rotation": 180, "texture": "#0"}
			}
		},
		{
			"from": [-4.25, 14.08239, 6.71313],
			"to": [0.75, 15.08239, 11.71313],
			"rotation": {"angle": 22.5, "axis": "y", "origin": [-8, -0.16761, 0.61313]},
			"faces": {
				"north": {"uv": [10.25, 4.5, 10.875, 4.625], "texture": "#0"},
				"east": {"uv": [10.25, 8.375, 10.875, 8.5], "texture": "#0"},
				"south": {"uv": [10.25, 4.25, 10.875, 4.375], "texture": "#0"},
				"west": {"uv": [10.25, 4.375, 10.875, 4.5], "texture": "#0"},
				"up": {"uv": [9.375, 2.625, 8.75, 2], "rotation": 180, "texture": "#0"},
				"down": {"uv": [9.375, 2.625, 8.75, 3.25], "rotation": 180, "texture": "#0"}
			}
		},
		{
			"from": [4.9, 14.08239, -3.88687],
			"to": [9.9, 15.08239, 1.11313],
			"rotation": {"angle": -22.5, "axis": "y", "origin": [-8, -0.16761, 0.61313]},
			"faces": {
				"north": {"uv": [10.25, 4.375, 10.875, 4.5], "texture": "#0"},
				"east": {"uv": [10.25, 4.5, 10.875, 4.625], "texture": "#0"},
				"south": {"uv": [10.25, 8.375, 10.875, 8.5], "texture": "#0"},
				"west": {"uv": [10.25, 4.25, 10.875, 4.375], "texture": "#0"},
				"up": {"uv": [9.375, 2.625, 8.75, 2], "rotation": 270, "texture": "#0"},
				"down": {"uv": [9.375, 2.625, 8.75, 3.25], "rotation": 90, "texture": "#0"}
			}
		},
		{
			"from": [6, 13.08239, 6.61313],
			"to": [11, 14.08239, 11.61313],
			"rotation": {"angle": 0, "axis": "y", "origin": [-8, -0.16761, 0.61313]},
			"faces": {
				"north": {"uv": [10.25, 8.375, 10.875, 8.5], "texture": "#0"},
				"east": {"uv": [10.25, 4.25, 10.875, 4.375], "texture": "#0"},
				"south": {"uv": [10.25, 4.375, 10.875, 4.5], "texture": "#0"},
				"west": {"uv": [10.25, 4.5, 10.875, 4.625], "texture": "#0"},
				"up": {"uv": [9.375, 2.625, 8.75, 2], "rotation": 90, "texture": "#0"},
				"down": {"uv": [9.375, 2.625, 8.75, 3.25], "rotation": 270, "texture": "#0"}
			}
		}
	],
	"display": {
		"thirdperson_righthand": {
			"translation": [-1.4, 0, 0]
		}
	},
	"groups": [
		{
			"name": "Monthly Crate",
			"origin": [8, 8, 8],
			"color": 0,
			"nbt": "{}",
			"armAnimationEnabled": false,
			"children": [
				{
					"name": "Body",
					"origin": [8, 8, 8],
					"color": 0,
					"nbt": "{}",
					"armAnimationEnabled": false,
					"children": [0, 1, 2, 3, 4, 5, 6, 7, 8, 9, 10, 11, 12, 13, 14, 15, 16, 17, 18, 19, 20, 21, 22, 23, 24]
				},
				{
					"name": "Extra",
					"origin": [8, 8, 8],
					"color": 0,
					"nbt": "{}",
					"armAnimationEnabled": false,
					"children": [25, 26, 27, 28, 29]
				},
				{
					"name": "Cover",
					"origin": [8, 8, 8],
					"color": 0,
					"nbt": "{}",
					"armAnimationEnabled": false,
					"children": [
						{
							"name": "hexadecagon",
							"origin": [8, 8, 8],
							"color": 0,
							"nbt": "{}",
							"armAnimationEnabled": false,
							"children": [30, 31, 32, 33, 34, 35, 36, 37, 38, 39, 40]
						}
					]
				},
				{
					"name": "Metal",
					"origin": [8, 8, 8],
					"color": 0,
					"nbt": "{}",
					"armAnimationEnabled": false,
					"children": [41, 42, 43, 44, 45, 46, 47, 48, 49, 50, 51, 52]
				},
				{
					"name": "Handles",
					"origin": [8, 8, 8],
					"color": 0,
					"nbt": "{}",
					"armAnimationEnabled": false,
					"children": [
						53,
						54,
						55,
						56,
						57,
						{
							"name": "Handles",
							"origin": [8, 8, 8],
							"color": 0,
							"nbt": "{}",
							"armAnimationEnabled": false,
							"children": [58, 59, 60, 61, 62, 63, 64, 65, 66, 67, 68]
						}
					]
				},
				{
					"name": "Loot",
					"origin": [8, 8, 8],
					"color": 0,
					"nbt": "{}",
					"armAnimationEnabled": false,
					"children": [69, 70, 71, 72, 73, 74, 75, 76, 77, 78, 79, 80, 81, 82, 83]
				}
			]
		}
	]
}