{
	"credit": "Made with Blockbench",
	"texture_size": [32, 32],
	"textures": {
		"0": "item/keys/easter_key",
		"1": "item/omnitool/bunny",
		"particle": "item/keys/easter_key"
	},
	"elements": [
		{
			"name": "hexadecagon",
			"from": [5, 8.40326, 7.4],
			"to": [6, 9.59674, 8.4],
			"rotation": {"angle": 45, "axis": "z", "origin": [8, 9, 7.9]},
			"faces": {
				"north": {"uv": [2.5, 1, 3, 1.625], "texture": "#0"},
				"east": {"uv": [2.5, 2, 3, 2.625], "texture": "#0"},
				"south": {"uv": [0, 3, 0.5, 3.625], "texture": "#0"},
				"west": {"uv": [3, 0, 3.5, 0.625], "texture": "#0"},
				"up": {"uv": [6.5, 3.5, 6, 3], "texture": "#0"},
				"down": {"uv": [6.5, 3.5, 6, 4], "texture": "#0"}
			}
		},
		{
			"name": "hexadecagon",
			"from": [5, 8.40326, 7.401],
			"to": [6, 9.59674, 8.401],
			"rotation": {"angle": 22.5, "axis": "z", "origin": [8, 9, 7.9]},
			"faces": {
				"north": {"uv": [0.5, 3, 1, 3.625], "texture": "#0"},
				"east": {"uv": [1, 3, 1.5, 3.625], "texture": "#0"},
				"south": {"uv": [3, 1, 3.5, 1.625], "texture": "#0"},
				"west": {"uv": [1.5, 3, 2, 3.625], "texture": "#0"},
				"up": {"uv": [4.5, 6.5, 4, 6], "texture": "#0"},
				"down": {"uv": [6.5, 4, 6, 4.5], "texture": "#0"}
			}
		},
		{
			"name": "hexadecagon",
			"from": [5, 8.40326, 7.399],
			"to": [6, 9.59674, 8.399],
			"rotation": {"angle": 0, "axis": "x", "origin": [8, 9, 7.9]},
			"faces": {
				"north": {"uv": [2, 3, 2.5, 3.625], "texture": "#0"},
				"east": {"uv": [3, 2, 3.5, 2.625], "texture": "#0"},
				"south": {"uv": [2.5, 3, 3, 3.625], "texture": "#0"},
				"west": {"uv": [3, 3, 3.5, 3.625], "texture": "#0"},
				"up": {"uv": [5, 6.5, 4.5, 6], "texture": "#0"},
				"down": {"uv": [6.5, 4.5, 6, 5], "texture": "#0"}
			}
		},
		{
			"name": "hexadecagon",
			"from": [5, 8.40326, 7.401],
			"to": [6, 9.59674, 8.401],
			"rotation": {"angle": -22.5, "axis": "z", "origin": [8, 9, 7.9]},
			"faces": {
				"north": {"uv": [3.5, 0, 4, 0.625], "texture": "#0"},
				"east": {"uv": [3.5, 1, 4, 1.625], "texture": "#0"},
				"south": {"uv": [3.5, 2, 4, 2.625], "texture": "#0"},
				"west": {"uv": [3.5, 3, 4, 3.625], "texture": "#0"},
				"up": {"uv": [5.5, 6.5, 5, 6], "texture": "#0"},
				"down": {"uv": [6.5, 5, 6, 5.5], "texture": "#0"}
			}
		},
		{
			"name": "hexadecagon",
			"from": [5, 8.40326, 7.399],
			"to": [6, 9.59674, 8.399],
			"rotation": {"angle": -45, "axis": "z", "origin": [8, 9, 7.9]},
			"faces": {
				"north": {"uv": [0, 4, 0.5, 4.625], "texture": "#0"},
				"east": {"uv": [4, 0, 4.5, 0.625], "texture": "#0"},
				"south": {"uv": [0.5, 4, 1, 4.625], "texture": "#0"},
				"west": {"uv": [1, 4, 1.5, 4.625], "texture": "#0"},
				"up": {"uv": [6, 6.5, 5.5, 6], "texture": "#0"},
				"down": {"uv": [6.5, 5.5, 6, 6], "texture": "#0"}
			}
		},
		{
			"name": "hexadecagon",
			"from": [10, 8.40326, 7.399],
			"to": [11, 9.59674, 8.399],
			"rotation": {"angle": 45, "axis": "z", "origin": [8, 9, 7.9]},
			"faces": {
				"north": {"uv": [4, 1, 4.5, 1.625], "texture": "#0"},
				"east": {"uv": [1.5, 4, 2, 4.625], "texture": "#0"},
				"south": {"uv": [2, 4, 2.5, 4.625], "texture": "#0"},
				"west": {"uv": [4, 2, 4.5, 2.625], "texture": "#0"},
				"up": {"uv": [6.5, 6.5, 6, 6], "texture": "#0"},
				"down": {"uv": [0.5, 6.5, 0, 7], "texture": "#0"}
			}
		},
		{
			"name": "hexadecagon",
			"from": [10, 8.40326, 7.401],
			"to": [11, 9.59674, 8.401],
			"rotation": {"angle": 22.5, "axis": "z", "origin": [8, 9, 7.9]},
			"faces": {
				"north": {"uv": [2.5, 4, 3, 4.625], "texture": "#0"},
				"east": {"uv": [3, 4, 3.5, 4.625], "texture": "#0"},
				"south": {"uv": [4, 3, 4.5, 3.625], "texture": "#0"},
				"west": {"uv": [3.5, 4, 4, 4.625], "texture": "#0"},
				"up": {"uv": [7, 0.5, 6.5, 0], "texture": "#0"},
				"down": {"uv": [1, 6.5, 0.5, 7], "texture": "#0"}
			}
		},
		{
			"name": "hexadecagon",
			"from": [10, 8.40326, 7.399],
			"to": [11, 9.59674, 8.399],
			"rotation": {"angle": 0, "axis": "x", "origin": [8, 9, 7.9]},
			"faces": {
				"north": {"uv": [4, 4, 4.5, 4.625], "texture": "#0"},
				"east": {"uv": [4.5, 0, 5, 0.625], "texture": "#0"},
				"south": {"uv": [4.5, 1, 5, 1.625], "texture": "#0"},
				"west": {"uv": [4.5, 2, 5, 2.625], "texture": "#0"},
				"up": {"uv": [7, 1, 6.5, 0.5], "texture": "#0"},
				"down": {"uv": [1.5, 6.5, 1, 7], "texture": "#0"}
			}
		},
		{
			"name": "hexadecagon",
			"from": [10, 8.40326, 7.401],
			"to": [11, 9.59674, 8.401],
			"rotation": {"angle": -22.5, "axis": "z", "origin": [8, 9, 7.9]},
			"faces": {
				"north": {"uv": [4.5, 3, 5, 3.625], "texture": "#0"},
				"east": {"uv": [4.5, 4, 5, 4.625], "texture": "#0"},
				"south": {"uv": [0, 5, 0.5, 5.625], "texture": "#0"},
				"west": {"uv": [5, 0, 5.5, 0.625], "texture": "#0"},
				"up": {"uv": [7, 1.5, 6.5, 1], "texture": "#0"},
				"down": {"uv": [2, 6.5, 1.5, 7], "texture": "#0"}
			}
		},
		{
			"name": "hexadecagon",
			"from": [10, 8.40326, 7.399],
			"to": [11, 9.59674, 8.399],
			"rotation": {"angle": -45, "axis": "z", "origin": [8, 9, 7.9]},
			"faces": {
				"north": {"uv": [0.5, 5, 1, 5.625], "texture": "#0"},
				"east": {"uv": [1, 5, 1.5, 5.625], "texture": "#0"},
				"south": {"uv": [5, 1, 5.5, 1.625], "texture": "#0"},
				"west": {"uv": [1.5, 5, 2, 5.625], "texture": "#0"},
				"up": {"uv": [7, 2, 6.5, 1.5], "texture": "#0"},
				"down": {"uv": [2.5, 6.5, 2, 7], "texture": "#0"}
			}
		},
		{
			"name": "hexadecagon",
			"from": [7.40326, 6, 7.401],
			"to": [8.59674, 7, 8.401],
			"rotation": {"angle": 22.5, "axis": "z", "origin": [8, 9, 7.9]},
			"faces": {
				"north": {"uv": [2, 5, 2.625, 5.5], "texture": "#0"},
				"east": {"uv": [2.5, 6.5, 3, 7], "texture": "#0"},
				"south": {"uv": [5, 2, 5.625, 2.5], "texture": "#0"},
				"west": {"uv": [3, 6.5, 3.5, 7], "texture": "#0"},
				"up": {"uv": [5.625, 3, 5, 2.5], "texture": "#0"},
				"down": {"uv": [3.625, 5, 3, 5.5], "texture": "#0"}
			}
		},
		{
			"name": "hexadecagon",
			"from": [7.40326, 6, 7.399],
			"to": [8.59674, 7, 8.399],
			"rotation": {"angle": 0, "axis": "x", "origin": [8, 9, 7.9]},
			"faces": {
				"north": {"uv": [5, 3, 5.625, 3.5], "texture": "#0"},
				"east": {"uv": [6.5, 3, 7, 3.5], "texture": "#0"},
				"south": {"uv": [5, 3.5, 5.625, 4], "texture": "#0"},
				"west": {"uv": [3.5, 6.5, 4, 7], "texture": "#0"},
				"up": {"uv": [4.625, 5.5, 4, 5], "texture": "#0"},
				"down": {"uv": [5.625, 4, 5, 4.5], "texture": "#0"}
			}
		},
		{
			"name": "hexadecagon",
			"from": [7.40326, 6, 7.4],
			"to": [8.59674, 7, 8.4],
			"rotation": {"angle": -22.5, "axis": "z", "origin": [8, 9, 7.9]},
			"faces": {
				"north": {"uv": [5, 4.5, 5.625, 5], "texture": "#0"},
				"east": {"uv": [6.5, 3.5, 7, 4], "texture": "#0"},
				"south": {"uv": [5, 5, 5.625, 5.5], "texture": "#0"},
				"west": {"uv": [4, 6.5, 4.5, 7], "texture": "#0"},
				"up": {"uv": [6.125, 0.5, 5.5, 0], "texture": "#0"},
				"down": {"uv": [6.125, 0.5, 5.5, 1], "texture": "#0"}
			}
		},
		{
			"name": "hexadecagon",
			"from": [7.40326, 11, 7.401],
			"to": [8.59674, 12, 8.401],
			"rotation": {"angle": 22.5, "axis": "z", "origin": [8, 9, 7.9]},
			"faces": {
				"north": {"uv": [5.5, 1, 6.125, 1.5], "texture": "#0"},
				"east": {"uv": [6.5, 4, 7, 4.5], "texture": "#0"},
				"south": {"uv": [5.5, 1.5, 6.125, 2], "texture": "#0"},
				"west": {"uv": [4.5, 6.5, 5, 7], "texture": "#0"},
				"up": {"uv": [2.625, 6, 2, 5.5], "texture": "#0"},
				"down": {"uv": [3.625, 5.5, 3, 6], "texture": "#0"}
			}
		},
		{
			"name": "hexadecagon",
			"from": [7.40326, 11, 7.4],
			"to": [8.59674, 12, 8.4],
			"rotation": {"angle": 0, "axis": "x", "origin": [8, 9, 7.9]},
			"faces": {
				"north": {"uv": [4, 5.5, 4.625, 6], "texture": "#0"},
				"east": {"uv": [6.5, 4.5, 7, 5], "texture": "#0"},
				"south": {"uv": [5, 5.5, 5.625, 6], "texture": "#0"},
				"west": {"uv": [5, 6.5, 5.5, 7], "texture": "#0"},
				"up": {"uv": [0.625, 6.5, 0, 6], "texture": "#0"},
				"down": {"uv": [1.625, 6, 1, 6.5], "texture": "#0"}
			}
		},
		{
			"name": "hexadecagon",
			"from": [7.40326, 11, 7.401],
			"to": [8.59674, 12, 8.401],
			"rotation": {"angle": -22.5, "axis": "z", "origin": [8, 9, 7.9]},
			"faces": {
				"north": {"uv": [2, 6, 2.625, 6.5], "texture": "#0"},
				"east": {"uv": [6.5, 5, 7, 5.5], "texture": "#0"},
				"south": {"uv": [6, 2, 6.625, 2.5], "texture": "#0"},
				"west": {"uv": [5.5, 6.5, 6, 7], "texture": "#0"},
				"up": {"uv": [6.625, 3, 6, 2.5], "texture": "#0"},
				"down": {"uv": [3.625, 6, 3, 6.5], "texture": "#0"}
			}
		},
		{
			"name": "hexadecagon",
			"from": [6.47, 8.69566, 7.645],
			"to": [6.98, 9.30434, 8.155],
			"rotation": {"angle": 45, "axis": "z", "origin": [8, 9, 7.9]},
			"faces": {
				"north": {"uv": [8, 8, 8.25, 8.25], "texture": "#0"},
				"east": {"uv": [0, 8.5, 0.25, 8.75], "texture": "#0"},
				"south": {"uv": [8.5, 0, 8.75, 0.25], "texture": "#0"},
				"west": {"uv": [0.5, 8.5, 0.75, 8.75], "texture": "#0"},
				"up": {"uv": [8.75, 0.75, 8.5, 0.5], "texture": "#0"},
				"down": {"uv": [1.25, 8.5, 1, 8.75], "texture": "#0"}
			}
		},
		{
			"name": "hexadecagon",
			"from": [5.97, 8.79566, 7.745],
			"to": [6.48, 9.20434, 8.055],
			"rotation": {"angle": 45, "axis": "z", "origin": [8, 9, 7.9]},
			"faces": {
				"north": {"uv": [9.5, 7, 9.75, 7.25], "texture": "#0"},
				"east": {"uv": [5, 10, 5.125, 10.25], "texture": "#0"},
				"south": {"uv": [7.5, 9.5, 7.75, 9.75], "texture": "#0"},
				"west": {"uv": [10, 5, 10.125, 5.25], "texture": "#0"},
				"up": {"uv": [5.75, 10.125, 5.5, 10], "texture": "#0"},
				"down": {"uv": [10.25, 5.5, 10, 5.625], "texture": "#0"}
			}
		},
		{
			"name": "hexadecagon",
			"from": [6.47, 8.69566, 7.64551],
			"to": [6.98, 9.30434, 8.15551],
			"rotation": {"angle": 22.5, "axis": "z", "origin": [8, 9, 7.9]},
			"faces": {
				"north": {"uv": [8.5, 1, 8.75, 1.25], "texture": "#0"},
				"east": {"uv": [1.5, 8.5, 1.75, 8.75], "texture": "#0"},
				"south": {"uv": [8.5, 1.5, 8.75, 1.75], "texture": "#0"},
				"west": {"uv": [2, 8.5, 2.25, 8.75], "texture": "#0"},
				"up": {"uv": [8.75, 2.25, 8.5, 2], "texture": "#0"},
				"down": {"uv": [2.75, 8.5, 2.5, 8.75], "texture": "#0"}
			}
		},
		{
			"name": "hexadecagon",
			"from": [6.47, 8.69566, 7.64449],
			"to": [6.98, 9.30434, 8.15449],
			"rotation": {"angle": 0, "axis": "x", "origin": [8, 9, 7.9]},
			"faces": {
				"north": {"uv": [8.5, 2.5, 8.75, 2.75], "texture": "#0"},
				"east": {"uv": [3, 8.5, 3.25, 8.75], "texture": "#0"},
				"south": {"uv": [8.5, 3, 8.75, 3.25], "texture": "#0"},
				"west": {"uv": [3.5, 8.5, 3.75, 8.75], "texture": "#0"},
				"up": {"uv": [8.75, 3.75, 8.5, 3.5], "texture": "#0"},
				"down": {"uv": [4.25, 8.5, 4, 8.75], "texture": "#0"}
			}
		},
		{
			"name": "hexadecagon",
			"from": [6.47, 8.69566, 7.64551],
			"to": [6.98, 9.30434, 8.15551],
			"rotation": {"angle": -22.5, "axis": "z", "origin": [8, 9, 7.9]},
			"faces": {
				"north": {"uv": [8.5, 4, 8.75, 4.25], "texture": "#0"},
				"east": {"uv": [4.5, 8.5, 4.75, 8.75], "texture": "#0"},
				"south": {"uv": [8.5, 4.5, 8.75, 4.75], "texture": "#0"},
				"west": {"uv": [5, 8.5, 5.25, 8.75], "texture": "#0"},
				"up": {"uv": [8.75, 5.25, 8.5, 5], "texture": "#0"},
				"down": {"uv": [5.75, 8.5, 5.5, 8.75], "texture": "#0"}
			}
		},
		{
			"name": "hexadecagon",
			"from": [6.47, 8.69566, 7.64449],
			"to": [6.98, 9.30434, 8.15449],
			"rotation": {"angle": -45, "axis": "z", "origin": [8, 9, 7.9]},
			"faces": {
				"north": {"uv": [8.5, 5.5, 8.75, 5.75], "texture": "#0"},
				"east": {"uv": [6, 8.5, 6.25, 8.75], "texture": "#0"},
				"south": {"uv": [8.5, 6, 8.75, 6.25], "texture": "#0"},
				"west": {"uv": [6.5, 8.5, 6.75, 8.75], "texture": "#0"},
				"up": {"uv": [8.75, 6.75, 8.5, 6.5], "texture": "#0"},
				"down": {"uv": [7.25, 8.5, 7, 8.75], "texture": "#0"}
			}
		},
		{
			"name": "hexadecagon",
			"from": [5.97, 8.79566, 7.74449],
			"to": [6.48, 9.20434, 8.05449],
			"rotation": {"angle": -45, "axis": "z", "origin": [8, 9, 7.9]},
			"faces": {
				"north": {"uv": [9.5, 6, 9.75, 6.25], "texture": "#0"},
				"east": {"uv": [3, 10, 3.125, 10.25], "texture": "#0"},
				"south": {"uv": [6.5, 9.5, 6.75, 9.75], "texture": "#0"},
				"west": {"uv": [10, 3, 10.125, 3.25], "texture": "#0"},
				"up": {"uv": [3.75, 10.125, 3.5, 10], "texture": "#0"},
				"down": {"uv": [10.25, 3.5, 10, 3.625], "texture": "#0"}
			}
		},
		{
			"name": "hexadecagon",
			"from": [9.02, 8.69566, 7.64449],
			"to": [9.53, 9.30434, 8.15449],
			"rotation": {"angle": 45, "axis": "z", "origin": [8, 9, 7.9]},
			"faces": {
				"north": {"uv": [8.5, 7, 8.75, 7.25], "texture": "#0"},
				"east": {"uv": [7.5, 8.5, 7.75, 8.75], "texture": "#0"},
				"south": {"uv": [8.5, 7.5, 8.75, 7.75], "texture": "#0"},
				"west": {"uv": [8, 8.5, 8.25, 8.75], "texture": "#0"},
				"up": {"uv": [8.75, 8.25, 8.5, 8], "texture": "#0"},
				"down": {"uv": [8.75, 8.5, 8.5, 8.75], "texture": "#0"}
			}
		},
		{
			"name": "hexadecagon",
			"from": [9.52, 8.79566, 7.74449],
			"to": [10.03, 9.20434, 8.05449],
			"rotation": {"angle": 45, "axis": "z", "origin": [8, 9, 7.9]},
			"faces": {
				"north": {"uv": [9.5, 5.5, 9.75, 5.75], "texture": "#0"},
				"east": {"uv": [2, 10, 2.125, 10.25], "texture": "#0"},
				"south": {"uv": [6, 9.5, 6.25, 9.75], "texture": "#0"},
				"west": {"uv": [10, 2, 10.125, 2.25], "texture": "#0"},
				"up": {"uv": [2.75, 10.125, 2.5, 10], "texture": "#0"},
				"down": {"uv": [10.25, 2.5, 10, 2.625], "texture": "#0"}
			}
		},
		{
			"name": "hexadecagon",
			"from": [9.02, 8.69566, 7.64551],
			"to": [9.53, 9.30434, 8.15551],
			"rotation": {"angle": 22.5, "axis": "z", "origin": [8, 9, 7.9]},
			"faces": {
				"north": {"uv": [0, 9, 0.25, 9.25], "texture": "#0"},
				"east": {"uv": [9, 0, 9.25, 0.25], "texture": "#0"},
				"south": {"uv": [0.5, 9, 0.75, 9.25], "texture": "#0"},
				"west": {"uv": [9, 0.5, 9.25, 0.75], "texture": "#0"},
				"up": {"uv": [1.25, 9.25, 1, 9], "texture": "#0"},
				"down": {"uv": [9.25, 1, 9, 1.25], "texture": "#0"}
			}
		},
		{
			"name": "hexadecagon",
			"from": [9.02, 8.69566, 7.64449],
			"to": [9.53, 9.30434, 8.15449],
			"rotation": {"angle": 0, "axis": "x", "origin": [8, 9, 7.9]},
			"faces": {
				"north": {"uv": [1.5, 9, 1.75, 9.25], "texture": "#0"},
				"east": {"uv": [9, 1.5, 9.25, 1.75], "texture": "#0"},
				"south": {"uv": [2, 9, 2.25, 9.25], "texture": "#0"},
				"west": {"uv": [9, 2, 9.25, 2.25], "texture": "#0"},
				"up": {"uv": [2.75, 9.25, 2.5, 9], "texture": "#0"},
				"down": {"uv": [9.25, 2.5, 9, 2.75], "texture": "#0"}
			}
		},
		{
			"name": "hexadecagon",
			"from": [9.02, 8.69566, 7.64551],
			"to": [9.53, 9.30434, 8.15551],
			"rotation": {"angle": -22.5, "axis": "z", "origin": [8, 9, 7.9]},
			"faces": {
				"north": {"uv": [3, 9, 3.25, 9.25], "texture": "#0"},
				"east": {"uv": [9, 3, 9.25, 3.25], "texture": "#0"},
				"south": {"uv": [3.5, 9, 3.75, 9.25], "texture": "#0"},
				"west": {"uv": [9, 3.5, 9.25, 3.75], "texture": "#0"},
				"up": {"uv": [4.25, 9.25, 4, 9], "texture": "#0"},
				"down": {"uv": [9.25, 4, 9, 4.25], "texture": "#0"}
			}
		},
		{
			"name": "hexadecagon",
			"from": [9.02, 8.69566, 7.64449],
			"to": [9.53, 9.30434, 8.15449],
			"rotation": {"angle": -45, "axis": "z", "origin": [8, 9, 7.9]},
			"faces": {
				"north": {"uv": [4.5, 9, 4.75, 9.25], "texture": "#0"},
				"east": {"uv": [9, 4.5, 9.25, 4.75], "texture": "#0"},
				"south": {"uv": [5, 9, 5.25, 9.25], "texture": "#0"},
				"west": {"uv": [9, 5, 9.25, 5.25], "texture": "#0"},
				"up": {"uv": [5.75, 9.25, 5.5, 9], "texture": "#0"},
				"down": {"uv": [9.25, 5.5, 9, 5.75], "texture": "#0"}
			}
		},
		{
			"name": "hexadecagon",
			"from": [9.52, 8.79566, 7.74449],
			"to": [10.03, 9.20434, 8.05449],
			"rotation": {"angle": -45, "axis": "z", "origin": [8, 9, 7.9]},
			"faces": {
				"north": {"uv": [9.5, 6.5, 9.75, 6.75], "texture": "#0"},
				"east": {"uv": [4, 10, 4.125, 10.25], "texture": "#0"},
				"south": {"uv": [7, 9.5, 7.25, 9.75], "texture": "#0"},
				"west": {"uv": [10, 4, 10.125, 4.25], "texture": "#0"},
				"up": {"uv": [4.75, 10.125, 4.5, 10], "texture": "#0"},
				"down": {"uv": [10.25, 4.5, 10, 4.625], "texture": "#0"}
			}
		},
		{
			"name": "hexadecagon",
			"from": [7.69566, 7.47, 7.64551],
			"to": [8.30434, 7.98, 8.15551],
			"rotation": {"angle": 22.5, "axis": "z", "origin": [8, 9, 7.9]},
			"faces": {
				"north": {"uv": [6, 9, 6.25, 9.25], "texture": "#0"},
				"east": {"uv": [9, 6, 9.25, 6.25], "texture": "#0"},
				"south": {"uv": [6.5, 9, 6.75, 9.25], "texture": "#0"},
				"west": {"uv": [9, 6.5, 9.25, 6.75], "texture": "#0"},
				"up": {"uv": [7.25, 9.25, 7, 9], "texture": "#0"},
				"down": {"uv": [9.25, 7, 9, 7.25], "texture": "#0"}
			}
		},
		{
			"name": "hexadecagon",
			"from": [7.69566, 7.47, 7.64449],
			"to": [8.30434, 7.98, 8.15449],
			"rotation": {"angle": 0, "axis": "x", "origin": [8, 9, 7.9]},
			"faces": {
				"north": {"uv": [7.5, 9, 7.75, 9.25], "texture": "#0"},
				"east": {"uv": [9, 7.5, 9.25, 7.75], "texture": "#0"},
				"south": {"uv": [8, 9, 8.25, 9.25], "texture": "#0"},
				"west": {"uv": [9, 8, 9.25, 8.25], "texture": "#0"},
				"up": {"uv": [8.75, 9.25, 8.5, 9], "texture": "#0"},
				"down": {"uv": [9.25, 8.5, 9, 8.75], "texture": "#0"}
			}
		},
		{
			"name": "hexadecagon",
			"from": [7.69566, 7.47, 7.645],
			"to": [8.30434, 7.98, 8.155],
			"rotation": {"angle": -22.5, "axis": "z", "origin": [8, 9, 7.9]},
			"faces": {
				"north": {"uv": [9, 9, 9.25, 9.25], "texture": "#0"},
				"east": {"uv": [0, 9.5, 0.25, 9.75], "texture": "#0"},
				"south": {"uv": [9.5, 0, 9.75, 0.25], "texture": "#0"},
				"west": {"uv": [0.5, 9.5, 0.75, 9.75], "texture": "#0"},
				"up": {"uv": [9.75, 0.75, 9.5, 0.5], "texture": "#0"},
				"down": {"uv": [1.25, 9.5, 1, 9.75], "texture": "#0"}
			}
		},
		{
			"name": "hexadecagon",
			"from": [7.69566, 10.02, 7.64551],
			"to": [8.30434, 10.53, 8.15551],
			"rotation": {"angle": 22.5, "axis": "z", "origin": [8, 9, 7.9]},
			"faces": {
				"north": {"uv": [9.5, 1, 9.75, 1.25], "texture": "#0"},
				"east": {"uv": [1.5, 9.5, 1.75, 9.75], "texture": "#0"},
				"south": {"uv": [9.5, 1.5, 9.75, 1.75], "texture": "#0"},
				"west": {"uv": [2, 9.5, 2.25, 9.75], "texture": "#0"},
				"up": {"uv": [9.75, 2.25, 9.5, 2], "texture": "#0"},
				"down": {"uv": [2.75, 9.5, 2.5, 9.75], "texture": "#0"}
			}
		},
		{
			"name": "hexadecagon",
			"from": [7.69566, 10.02, 7.645],
			"to": [8.30434, 10.53, 8.155],
			"rotation": {"angle": 0, "axis": "x", "origin": [8, 9, 7.9]},
			"faces": {
				"north": {"uv": [9.5, 2.5, 9.75, 2.75], "texture": "#0"},
				"east": {"uv": [3, 9.5, 3.25, 9.75], "texture": "#0"},
				"south": {"uv": [9.5, 3, 9.75, 3.25], "texture": "#0"},
				"west": {"uv": [3.5, 9.5, 3.75, 9.75], "texture": "#0"},
				"up": {"uv": [9.75, 3.75, 9.5, 3.5], "texture": "#0"},
				"down": {"uv": [4.25, 9.5, 4, 9.75], "texture": "#0"}
			}
		},
		{
			"name": "hexadecagon",
			"from": [7.69566, 10.02, 7.64551],
			"to": [8.30434, 10.53, 8.15551],
			"rotation": {"angle": -22.5, "axis": "z", "origin": [8, 9, 7.9]},
			"faces": {
				"north": {"uv": [9.5, 4, 9.75, 4.25], "texture": "#0"},
				"east": {"uv": [4.5, 9.5, 4.75, 9.75], "texture": "#0"},
				"south": {"uv": [9.5, 4.5, 9.75, 4.75], "texture": "#0"},
				"west": {"uv": [5, 9.5, 5.25, 9.75], "texture": "#0"},
				"up": {"uv": [9.75, 5.25, 9.5, 5], "texture": "#0"},
				"down": {"uv": [5.75, 9.5, 5.5, 9.75], "texture": "#0"}
			}
		},
		{
			"from": [7.56734, 0.81141, 7.42109],
			"to": [8.54234, 3.76141, 8.39609],
			"rotation": {"angle": 0, "axis": "y", "origin": [1.22984, 1.09391, 1.08359]},
			"faces": {
				"north": {"uv": [0, 0, 0.5, 1.5], "texture": "#0"},
				"east": {"uv": [0.5, 0, 1, 1.5], "texture": "#0"},
				"south": {"uv": [1, 0, 1.5, 1.5], "texture": "#0"},
				"west": {"uv": [0, 1.5, 0.5, 3], "texture": "#0"},
				"up": {"uv": [7, 6, 6.5, 5.5], "texture": "#0"},
				"down": {"uv": [6.5, 6.5, 6, 7], "texture": "#0"}
			}
		},
		{
			"from": [7.95734, -0.84609, 7.81109],
			"to": [8.34734, -0.45609, 8.20109],
			"rotation": {"angle": 0, "axis": "y", "origin": [0.25484, 1.09391, 0.10859]},
			"faces": {
				"north": {"uv": [2.5, 7, 2.75, 7.25], "texture": "#0"},
				"east": {"uv": [7, 2.5, 7.25, 2.75], "texture": "#0"},
				"south": {"uv": [3, 7, 3.25, 7.25], "texture": "#0"},
				"west": {"uv": [7, 3, 7.25, 3.25], "texture": "#0"},
				"up": {"uv": [3.75, 7.25, 3.5, 7], "texture": "#0"},
				"down": {"uv": [7.25, 3.5, 7, 3.75], "texture": "#0"}
			}
		},
		{
			"from": [8.53734, 1.45859, 7.71359],
			"to": [8.92734, 1.84859, 8.10359],
			"rotation": {"angle": 0, "axis": "z", "origin": [10, 1.59875, 8]},
			"faces": {
				"north": {"uv": [7.5, 6.5, 7.75, 6.75], "texture": "#0"},
				"east": {"uv": [7, 7.5, 7.25, 7.75], "texture": "#0"},
				"south": {"uv": [7.5, 7, 7.75, 7.25], "texture": "#0"},
				"west": {"uv": [7.5, 7.5, 7.75, 7.75], "texture": "#0"},
				"up": {"uv": [0.25, 8.25, 0, 8], "texture": "#0"},
				"down": {"uv": [8.25, 0, 8, 0.25], "texture": "#0"}
			}
		},
		{
			"from": [8.92734, 1.45859, 7.51859],
			"to": [9.31734, 1.84859, 7.90859],
			"rotation": {"angle": 0, "axis": "z", "origin": [10, 1.59875, 8]},
			"faces": {
				"north": {"uv": [7.5, 5, 7.75, 5.25], "texture": "#0"},
				"east": {"uv": [5.5, 7.5, 5.75, 7.75], "texture": "#0"},
				"south": {"uv": [7.5, 5.5, 7.75, 5.75], "texture": "#0"},
				"west": {"uv": [6, 7.5, 6.25, 7.75], "texture": "#0"},
				"up": {"uv": [7.75, 6.25, 7.5, 6], "texture": "#0"},
				"down": {"uv": [6.75, 7.5, 6.5, 7.75], "texture": "#0"}
			}
		},
		{
			"from": [9.40266, 1.83641, 8.09141],
			"to": [9.59766, 2.03141, 8.28641],
			"rotation": {"angle": 0, "axis": "z", "origin": [10, 1.59875, 8]},
			"faces": {
				"north": {"uv": [0, 12, 0.125, 12.125], "texture": "#0"},
				"east": {"uv": [12, 0, 12.125, 0.125], "texture": "#0"},
				"south": {"uv": [0.5, 12, 0.625, 12.125], "texture": "#0"},
				"west": {"uv": [12, 0.5, 12.125, 0.625], "texture": "#0"},
				"up": {"uv": [1.125, 12.125, 1, 12], "texture": "#0"},
				"down": {"uv": [12.125, 1, 12, 1.125], "texture": "#0"}
			}
		},
		{
			"from": [9.69516, 2.03141, 8.18891],
			"to": [9.89016, 2.22641, 8.38391],
			"rotation": {"angle": 0, "axis": "z", "origin": [10, 1.59875, 8]},
			"faces": {
				"north": {"uv": [11.5, 10, 11.625, 10.125], "texture": "#0"},
				"east": {"uv": [10.5, 11.5, 10.625, 11.625], "texture": "#0"},
				"south": {"uv": [11.5, 10.5, 11.625, 10.625], "texture": "#0"},
				"west": {"uv": [11, 11.5, 11.125, 11.625], "texture": "#0"},
				"up": {"uv": [11.625, 11.125, 11.5, 11], "texture": "#0"},
				"down": {"uv": [11.625, 11.5, 11.5, 11.625], "texture": "#0"}
			}
		},
		{
			"from": [9.50016, 1.54391, 7.31141],
			"to": [9.69516, 1.73891, 7.50641],
			"rotation": {"angle": 0, "axis": "z", "origin": [10, 1.59875, 8]},
			"faces": {
				"north": {"uv": [11.5, 8.5, 11.625, 8.625], "texture": "#0"},
				"east": {"uv": [9, 11.5, 9.125, 11.625], "texture": "#0"},
				"south": {"uv": [11.5, 9, 11.625, 9.125], "texture": "#0"},
				"west": {"uv": [9.5, 11.5, 9.625, 11.625], "texture": "#0"},
				"up": {"uv": [11.625, 9.625, 11.5, 9.5], "texture": "#0"},
				"down": {"uv": [10.125, 11.5, 10, 11.625], "texture": "#0"}
			}
		},
		{
			"from": [9.30516, 1.64141, 7.40891],
			"to": [9.50016, 1.83641, 7.60391],
			"rotation": {"angle": 0, "axis": "z", "origin": [10, 1.59875, 8]},
			"faces": {
				"north": {"uv": [11.5, 7, 11.625, 7.125], "texture": "#0"},
				"east": {"uv": [7.5, 11.5, 7.625, 11.625], "texture": "#0"},
				"south": {"uv": [11.5, 7.5, 11.625, 7.625], "texture": "#0"},
				"west": {"uv": [8, 11.5, 8.125, 11.625], "texture": "#0"},
				"up": {"uv": [11.625, 8.125, 11.5, 8], "texture": "#0"},
				"down": {"uv": [8.625, 11.5, 8.5, 11.625], "texture": "#0"}
			}
		},
		{
			"from": [9.69516, 1.83641, 7.60391],
			"to": [9.89016, 2.03141, 7.79891],
			"rotation": {"angle": 0, "axis": "z", "origin": [10, 1.59875, 8]},
			"faces": {
				"north": {"uv": [11.5, 5.5, 11.625, 5.625], "texture": "#0"},
				"east": {"uv": [6, 11.5, 6.125, 11.625], "texture": "#0"},
				"south": {"uv": [11.5, 6, 11.625, 6.125], "texture": "#0"},
				"west": {"uv": [6.5, 11.5, 6.625, 11.625], "texture": "#0"},
				"up": {"uv": [11.625, 6.625, 11.5, 6.5], "texture": "#0"},
				"down": {"uv": [7.125, 11.5, 7, 11.625], "texture": "#0"}
			}
		},
		{
			"from": [9.59766, 1.93391, 7.70141],
			"to": [9.79266, 2.12891, 7.89641],
			"rotation": {"angle": 0, "axis": "z", "origin": [10, 1.59875, 8]},
			"faces": {
				"north": {"uv": [11.5, 4, 11.625, 4.125], "texture": "#0"},
				"east": {"uv": [4.5, 11.5, 4.625, 11.625], "texture": "#0"},
				"south": {"uv": [11.5, 4.5, 11.625, 4.625], "texture": "#0"},
				"west": {"uv": [5, 11.5, 5.125, 11.625], "texture": "#0"},
				"up": {"uv": [11.625, 5.125, 11.5, 5], "texture": "#0"},
				"down": {"uv": [5.625, 11.5, 5.5, 11.625], "texture": "#0"}
			}
		},
		{
			"from": [9.59766, 1.93391, 8.09141],
			"to": [9.79266, 2.12891, 8.28641],
			"rotation": {"angle": 0, "axis": "z", "origin": [10, 1.59875, 8]},
			"faces": {
				"north": {"uv": [11.5, 2.5, 11.625, 2.625], "texture": "#0"},
				"east": {"uv": [3, 11.5, 3.125, 11.625], "texture": "#0"},
				"south": {"uv": [11.5, 3, 11.625, 3.125], "texture": "#0"},
				"west": {"uv": [3.5, 11.5, 3.625, 11.625], "texture": "#0"},
				"up": {"uv": [11.625, 3.625, 11.5, 3.5], "texture": "#0"},
				"down": {"uv": [4.125, 11.5, 4, 11.625], "texture": "#0"}
			}
		},
		{
			"from": [9.41484, 1.45859, 8.49359],
			"to": [9.60984, 1.65359, 8.68859],
			"rotation": {"angle": 0, "axis": "z", "origin": [10, 1.59875, 8]},
			"faces": {
				"north": {"uv": [11.5, 1, 11.625, 1.125], "texture": "#0"},
				"east": {"uv": [1.5, 11.5, 1.625, 11.625], "texture": "#0"},
				"south": {"uv": [11.5, 1.5, 11.625, 1.625], "texture": "#0"},
				"west": {"uv": [2, 11.5, 2.125, 11.625], "texture": "#0"},
				"up": {"uv": [11.625, 2.125, 11.5, 2], "texture": "#0"},
				"down": {"uv": [2.625, 11.5, 2.5, 11.625], "texture": "#0"}
			}
		},
		{
			"from": [9.31734, 1.36109, 8.39609],
			"to": [9.51234, 1.55609, 8.59109],
			"rotation": {"angle": 0, "axis": "z", "origin": [10, 1.59875, 8]},
			"faces": {
				"north": {"uv": [11, 11, 11.125, 11.125], "texture": "#0"},
				"east": {"uv": [0, 11.5, 0.125, 11.625], "texture": "#0"},
				"south": {"uv": [11.5, 0, 11.625, 0.125], "texture": "#0"},
				"west": {"uv": [0.5, 11.5, 0.625, 11.625], "texture": "#0"},
				"up": {"uv": [11.625, 0.625, 11.5, 0.5], "texture": "#0"},
				"down": {"uv": [1.125, 11.5, 1, 11.625], "texture": "#0"}
			}
		},
		{
			"from": [9.12234, 1.36109, 8.29859],
			"to": [9.31734, 1.55609, 8.49359],
			"rotation": {"angle": 0, "axis": "z", "origin": [10, 1.59875, 8]},
			"faces": {
				"north": {"uv": [9.5, 11, 9.625, 11.125], "texture": "#0"},
				"east": {"uv": [11, 9.5, 11.125, 9.625], "texture": "#0"},
				"south": {"uv": [10, 11, 10.125, 11.125], "texture": "#0"},
				"west": {"uv": [11, 10, 11.125, 10.125], "texture": "#0"},
				"up": {"uv": [10.625, 11.125, 10.5, 11], "texture": "#0"},
				"down": {"uv": [11.125, 10.5, 11, 10.625], "texture": "#0"}
			}
		},
		{
			"from": [9.30516, 0.97109, 8.00609],
			"to": [9.50016, 1.16609, 8.20109],
			"rotation": {"angle": 0, "axis": "z", "origin": [10, 1.59875, 8]},
			"faces": {
				"north": {"uv": [8, 11, 8.125, 11.125], "texture": "#0"},
				"east": {"uv": [11, 8, 11.125, 8.125], "texture": "#0"},
				"south": {"uv": [8.5, 11, 8.625, 11.125], "texture": "#0"},
				"west": {"uv": [11, 8.5, 11.125, 8.625], "texture": "#0"},
				"up": {"uv": [9.125, 11.125, 9, 11], "texture": "#0"},
				"down": {"uv": [11.125, 9, 11, 9.125], "texture": "#0"}
			}
		},
		{
			"from": [9.12234, 1.06859, 7.90859],
			"to": [9.31734, 1.26359, 8.10359],
			"rotation": {"angle": 0, "axis": "z", "origin": [10, 1.59875, 8]},
			"faces": {
				"north": {"uv": [6.5, 11, 6.625, 11.125], "texture": "#0"},
				"east": {"uv": [11, 6.5, 11.125, 6.625], "texture": "#0"},
				"south": {"uv": [7, 11, 7.125, 11.125], "texture": "#0"},
				"west": {"uv": [11, 7, 11.125, 7.125], "texture": "#0"},
				"up": {"uv": [7.625, 11.125, 7.5, 11], "texture": "#0"},
				"down": {"uv": [11.125, 7.5, 11, 7.625], "texture": "#0"}
			}
		},
		{
			"from": [8.92734, 1.26359, 7.90859],
			"to": [9.31734, 1.65359, 8.29859],
			"rotation": {"angle": 0, "axis": "z", "origin": [10, 1.59875, 8]},
			"faces": {
				"north": {"uv": [7.5, 3.5, 7.75, 3.75], "texture": "#0"},
				"east": {"uv": [4, 7.5, 4.25, 7.75], "texture": "#0"},
				"south": {"uv": [7.5, 4, 7.75, 4.25], "texture": "#0"},
				"west": {"uv": [4.5, 7.5, 4.75, 7.75], "texture": "#0"},
				"up": {"uv": [7.75, 4.75, 7.5, 4.5], "texture": "#0"},
				"down": {"uv": [5.25, 7.5, 5, 7.75], "texture": "#0"}
			}
		},
		{
			"from": [9.31734, 1.55609, 7.81109],
			"to": [9.70734, 1.94609, 8.20109],
			"rotation": {"angle": 0, "axis": "z", "origin": [10, 1.59875, 8]},
			"faces": {
				"north": {"uv": [7.5, 2, 7.75, 2.25], "texture": "#0"},
				"east": {"uv": [2.5, 7.5, 2.75, 7.75], "texture": "#0"},
				"south": {"uv": [7.5, 2.5, 7.75, 2.75], "texture": "#0"},
				"west": {"uv": [3, 7.5, 3.25, 7.75], "texture": "#0"},
				"up": {"uv": [7.75, 3.25, 7.5, 3], "texture": "#0"},
				"down": {"uv": [3.75, 7.5, 3.5, 7.75], "texture": "#0"}
			}
		},
		{
			"from": [9.31734, 2.65141, 7.79891],
			"to": [9.70734, 3.04141, 8.18891],
			"rotation": {"angle": 0, "axis": "x", "origin": [9.2625, 2.99875, 8]},
			"faces": {
				"north": {"uv": [5, 8, 5.25, 8.25], "texture": "#0"},
				"east": {"uv": [8, 5, 8.25, 5.25], "texture": "#0"},
				"south": {"uv": [5.5, 8, 5.75, 8.25], "texture": "#0"},
				"west": {"uv": [8, 5.5, 8.25, 5.75], "texture": "#0"},
				"up": {"uv": [6.25, 8.25, 6, 8], "texture": "#0"},
				"down": {"uv": [8.25, 6, 8, 6.25], "texture": "#0"}
			}
		},
		{
			"from": [8.92734, 2.94391, 7.70141],
			"to": [9.31734, 3.33391, 8.09141],
			"rotation": {"angle": 0, "axis": "x", "origin": [9.2625, 2.99875, 8]},
			"faces": {
				"north": {"uv": [3.5, 8, 3.75, 8.25], "texture": "#0"},
				"east": {"uv": [8, 3.5, 8.25, 3.75], "texture": "#0"},
				"south": {"uv": [4, 8, 4.25, 8.25], "texture": "#0"},
				"west": {"uv": [8, 4, 8.25, 4.25], "texture": "#0"},
				"up": {"uv": [4.75, 8.25, 4.5, 8], "texture": "#0"},
				"down": {"uv": [8.25, 4.5, 8, 4.75], "texture": "#0"}
			}
		},
		{
			"from": [9.12234, 3.33391, 7.89641],
			"to": [9.31734, 3.52891, 8.09141],
			"rotation": {"angle": 0, "axis": "x", "origin": [9.2625, 2.99875, 8]},
			"faces": {
				"north": {"uv": [12.5, 5.5, 12.625, 5.625], "texture": "#0"},
				"east": {"uv": [6, 12.5, 6.125, 12.625], "texture": "#0"},
				"south": {"uv": [12.5, 6, 12.625, 6.125], "texture": "#0"},
				"west": {"uv": [6.5, 12.5, 6.625, 12.625], "texture": "#0"},
				"up": {"uv": [12.625, 6.625, 12.5, 6.5], "texture": "#0"},
				"down": {"uv": [7.125, 12.5, 7, 12.625], "texture": "#0"}
			}
		},
		{
			"from": [9.30516, 3.43141, 7.79891],
			"to": [9.50016, 3.62641, 7.99391],
			"rotation": {"angle": 0, "axis": "x", "origin": [9.2625, 2.99875, 8]},
			"faces": {
				"north": {"uv": [12.5, 4, 12.625, 4.125], "texture": "#0"},
				"east": {"uv": [4.5, 12.5, 4.625, 12.625], "texture": "#0"},
				"south": {"uv": [12.5, 4.5, 12.625, 4.625], "texture": "#0"},
				"west": {"uv": [5, 12.5, 5.125, 12.625], "texture": "#0"},
				"up": {"uv": [12.625, 5.125, 12.5, 5], "texture": "#0"},
				"down": {"uv": [5.625, 12.5, 5.5, 12.625], "texture": "#0"}
			}
		},
		{
			"from": [9.12234, 3.04141, 7.50641],
			"to": [9.31734, 3.23641, 7.70141],
			"rotation": {"angle": 0, "axis": "x", "origin": [9.2625, 2.99875, 8]},
			"faces": {
				"north": {"uv": [12.5, 2.5, 12.625, 2.625], "texture": "#0"},
				"east": {"uv": [3, 12.5, 3.125, 12.625], "texture": "#0"},
				"south": {"uv": [12.5, 3, 12.625, 3.125], "texture": "#0"},
				"west": {"uv": [3.5, 12.5, 3.625, 12.625], "texture": "#0"},
				"up": {"uv": [12.625, 3.625, 12.5, 3.5], "texture": "#0"},
				"down": {"uv": [4.125, 12.5, 4, 12.625], "texture": "#0"}
			}
		},
		{
			"from": [9.31734, 3.04141, 7.40891],
			"to": [9.51234, 3.23641, 7.60391],
			"rotation": {"angle": 0, "axis": "x", "origin": [9.2625, 2.99875, 8]},
			"faces": {
				"north": {"uv": [12.5, 1, 12.625, 1.125], "texture": "#0"},
				"east": {"uv": [1.5, 12.5, 1.625, 12.625], "texture": "#0"},
				"south": {"uv": [12.5, 1.5, 12.625, 1.625], "texture": "#0"},
				"west": {"uv": [2, 12.5, 2.125, 12.625], "texture": "#0"},
				"up": {"uv": [12.625, 2.125, 12.5, 2], "texture": "#0"},
				"down": {"uv": [2.625, 12.5, 2.5, 12.625], "texture": "#0"}
			}
		},
		{
			"from": [9.41484, 2.94391, 7.31141],
			"to": [9.60984, 3.13891, 7.50641],
			"rotation": {"angle": 0, "axis": "x", "origin": [9.2625, 2.99875, 8]},
			"faces": {
				"north": {"uv": [12, 12, 12.125, 12.125], "texture": "#0"},
				"east": {"uv": [0, 12.5, 0.125, 12.625], "texture": "#0"},
				"south": {"uv": [12.5, 0, 12.625, 0.125], "texture": "#0"},
				"west": {"uv": [0.5, 12.5, 0.625, 12.625], "texture": "#0"},
				"up": {"uv": [12.625, 0.625, 12.5, 0.5], "texture": "#0"},
				"down": {"uv": [1.125, 12.5, 1, 12.625], "texture": "#0"}
			}
		},
		{
			"from": [9.59766, 2.46859, 7.71359],
			"to": [9.79266, 2.66359, 7.90859],
			"rotation": {"angle": 0, "axis": "x", "origin": [9.2625, 2.99875, 8]},
			"faces": {
				"north": {"uv": [10.5, 12, 10.625, 12.125], "texture": "#0"},
				"east": {"uv": [12, 10.5, 12.125, 10.625], "texture": "#0"},
				"south": {"uv": [11, 12, 11.125, 12.125], "texture": "#0"},
				"west": {"uv": [12, 11, 12.125, 11.125], "texture": "#0"},
				"up": {"uv": [11.625, 12.125, 11.5, 12], "texture": "#0"},
				"down": {"uv": [12.125, 11.5, 12, 11.625], "texture": "#0"}
			}
		},
		{
			"from": [9.59766, 2.46859, 8.10359],
			"to": [9.79266, 2.66359, 8.29859],
			"rotation": {"angle": 0, "axis": "x", "origin": [9.2625, 2.99875, 8]},
			"faces": {
				"north": {"uv": [9, 12, 9.125, 12.125], "texture": "#0"},
				"east": {"uv": [12, 9, 12.125, 9.125], "texture": "#0"},
				"south": {"uv": [9.5, 12, 9.625, 12.125], "texture": "#0"},
				"west": {"uv": [12, 9.5, 12.125, 9.625], "texture": "#0"},
				"up": {"uv": [10.125, 12.125, 10, 12], "texture": "#0"},
				"down": {"uv": [12.125, 10, 12, 10.125], "texture": "#0"}
			}
		},
		{
			"from": [9.69516, 2.56609, 8.20109],
			"to": [9.89016, 2.76109, 8.39609],
			"rotation": {"angle": 0, "axis": "x", "origin": [9.2625, 2.99875, 8]},
			"faces": {
				"north": {"uv": [7.5, 12, 7.625, 12.125], "texture": "#0"},
				"east": {"uv": [12, 7.5, 12.125, 7.625], "texture": "#0"},
				"south": {"uv": [8, 12, 8.125, 12.125], "texture": "#0"},
				"west": {"uv": [12, 8, 12.125, 8.125], "texture": "#0"},
				"up": {"uv": [8.625, 12.125, 8.5, 12], "texture": "#0"},
				"down": {"uv": [12.125, 8.5, 12, 8.625], "texture": "#0"}
			}
		},
		{
			"from": [9.30516, 2.76109, 8.39609],
			"to": [9.50016, 2.95609, 8.59109],
			"rotation": {"angle": 0, "axis": "x", "origin": [9.2625, 2.99875, 8]},
			"faces": {
				"north": {"uv": [6, 12, 6.125, 12.125], "texture": "#0"},
				"east": {"uv": [12, 6, 12.125, 6.125], "texture": "#0"},
				"south": {"uv": [6.5, 12, 6.625, 12.125], "texture": "#0"},
				"west": {"uv": [12, 6.5, 12.125, 6.625], "texture": "#0"},
				"up": {"uv": [7.125, 12.125, 7, 12], "texture": "#0"},
				"down": {"uv": [12.125, 7, 12, 7.125], "texture": "#0"}
			}
		},
		{
			"from": [9.50016, 2.85859, 8.49359],
			"to": [9.69516, 3.05359, 8.68859],
			"rotation": {"angle": 0, "axis": "x", "origin": [9.2625, 2.99875, 8]},
			"faces": {
				"north": {"uv": [4.5, 12, 4.625, 12.125], "texture": "#0"},
				"east": {"uv": [12, 4.5, 12.125, 4.625], "texture": "#0"},
				"south": {"uv": [5, 12, 5.125, 12.125], "texture": "#0"},
				"west": {"uv": [12, 5, 12.125, 5.125], "texture": "#0"},
				"up": {"uv": [5.625, 12.125, 5.5, 12], "texture": "#0"},
				"down": {"uv": [12.125, 5.5, 12, 5.625], "texture": "#0"}
			}
		},
		{
			"from": [9.69516, 2.37109, 7.61609],
			"to": [9.89016, 2.56609, 7.81109],
			"rotation": {"angle": 0, "axis": "x", "origin": [9.2625, 2.99875, 8]},
			"faces": {
				"north": {"uv": [3, 12, 3.125, 12.125], "texture": "#0"},
				"east": {"uv": [12, 3, 12.125, 3.125], "texture": "#0"},
				"south": {"uv": [3.5, 12, 3.625, 12.125], "texture": "#0"},
				"west": {"uv": [12, 3.5, 12.125, 3.625], "texture": "#0"},
				"up": {"uv": [4.125, 12.125, 4, 12], "texture": "#0"},
				"down": {"uv": [12.125, 4, 12, 4.125], "texture": "#0"}
			}
		},
		{
			"from": [9.40266, 2.56609, 7.71359],
			"to": [9.59766, 2.76109, 7.90859],
			"rotation": {"angle": 0, "axis": "x", "origin": [9.2625, 2.99875, 8]},
			"faces": {
				"north": {"uv": [1.5, 12, 1.625, 12.125], "texture": "#0"},
				"east": {"uv": [12, 1.5, 12.125, 1.625], "texture": "#0"},
				"south": {"uv": [2, 12, 2.125, 12.125], "texture": "#0"},
				"west": {"uv": [12, 2, 12.125, 2.125], "texture": "#0"},
				"up": {"uv": [2.625, 12.125, 2.5, 12], "texture": "#0"},
				"down": {"uv": [12.125, 2.5, 12, 2.625], "texture": "#0"}
			}
		},
		{
			"from": [8.92734, 2.74891, 8.09141],
			"to": [9.31734, 3.13891, 8.48141],
			"rotation": {"angle": 0, "axis": "x", "origin": [9.2625, 2.99875, 8]},
			"faces": {
				"north": {"uv": [2, 8, 2.25, 8.25], "texture": "#0"},
				"east": {"uv": [8, 2, 8.25, 2.25], "texture": "#0"},
				"south": {"uv": [2.5, 8, 2.75, 8.25], "texture": "#0"},
				"west": {"uv": [8, 2.5, 8.25, 2.75], "texture": "#0"},
				"up": {"uv": [3.25, 8.25, 3, 8], "texture": "#0"},
				"down": {"uv": [8.25, 3, 8, 3.25], "texture": "#0"}
			}
		},
		{
			"from": [8.53734, 2.74891, 7.89641],
			"to": [8.92734, 3.13891, 8.28641],
			"rotation": {"angle": 0, "axis": "x", "origin": [9.2625, 2.99875, 8]},
			"faces": {
				"north": {"uv": [0.5, 8, 0.75, 8.25], "texture": "#0"},
				"east": {"uv": [8, 0.5, 8.25, 0.75], "texture": "#0"},
				"south": {"uv": [1, 8, 1.25, 8.25], "texture": "#0"},
				"west": {"uv": [8, 1, 8.25, 1.25], "texture": "#0"},
				"up": {"uv": [1.75, 8.25, 1.5, 8], "texture": "#0"},
				"down": {"uv": [8.25, 1.5, 8, 1.75], "texture": "#0"}
			}
		},
		{
			"from": [7.66891, 0.51891, 7.52266],
			"to": [8.44078, 0.81141, 8.28234],
			"rotation": {"angle": 0, "axis": "y", "origin": [1.22984, 1.09391, 1.08359]},
			"faces": {
				"north": {"uv": [9.5, 7.5, 9.875, 7.625], "texture": "#0"},
				"east": {"uv": [8, 9.5, 8.375, 9.625], "texture": "#0"},
				"south": {"uv": [9.5, 8, 9.875, 8.125], "texture": "#0"},
				"west": {"uv": [8.5, 9.5, 8.875, 9.625], "texture": "#0"},
				"up": {"uv": [1.375, 7.375, 1, 7], "texture": "#0"},
				"down": {"uv": [7.375, 1, 7, 1.375], "texture": "#0"}
			}
		},
		{
			"from": [7.60391, 2.76141, 7.45766],
			"to": [8.50578, 4.73641, 8.34734],
			"rotation": {"angle": 0, "axis": "y", "origin": [1.22984, 1.09391, 1.08359]},
			"faces": {
				"north": {"uv": [2, 0, 2.5, 1], "texture": "#0"},
				"east": {"uv": [2, 1, 2.5, 2], "texture": "#0"},
				"south": {"uv": [2, 2, 2.5, 3], "texture": "#0"},
				"west": {"uv": [2.5, 0, 3, 1], "texture": "#0"},
				"up": {"uv": [7, 6.5, 6.5, 6], "texture": "#0"},
				"down": {"uv": [7, 6.5, 6.5, 7], "texture": "#0"}
			}
		},
		{
			"from": [7.79484, 0.32391, 7.64859],
			"to": [8.31484, 0.55141, 8.16859],
			"rotation": {"angle": 0, "axis": "y", "origin": [1.22984, 1.09391, 1.08359]},
			"faces": {
				"north": {"uv": [0, 10, 0.25, 10.125], "texture": "#0"},
				"east": {"uv": [10, 0, 10.25, 0.125], "texture": "#0"},
				"south": {"uv": [0.5, 10, 0.75, 10.125], "texture": "#0"},
				"west": {"uv": [10, 0.5, 10.25, 0.625], "texture": "#0"},
				"up": {"uv": [4.25, 7.25, 4, 7], "texture": "#0"},
				"down": {"uv": [7.25, 4, 7, 4.25], "texture": "#0"}
			}
		},
		{
			"from": [7.66484, 2.85891, 7.51859],
			"to": [8.44484, 5.61391, 8.29859],
			"rotation": {"angle": 0, "axis": "y", "origin": [1.22984, 1.09391, 1.08359]},
			"faces": {
				"north": {"uv": [1.5, 0, 1.875, 1.375], "texture": "#0"},
				"east": {"uv": [0.5, 1.5, 0.875, 2.875], "texture": "#0"},
				"south": {"uv": [1, 1.5, 1.375, 2.875], "texture": "#0"},
				"west": {"uv": [1.5, 1.5, 1.875, 2.875], "texture": "#0"},
				"up": {"uv": [1.875, 7.375, 1.5, 7], "texture": "#0"},
				"down": {"uv": [7.375, 1.5, 7, 1.875], "texture": "#0"}
			}
		},
		{
			"from": [7.76484, 5.62141, 7.61859],
			"to": [8.34484, 6.07641, 8.19859],
			"rotation": {"angle": 0, "axis": "y", "origin": [1.22984, 1.09391, 1.08359]},
			"faces": {
				"north": {"uv": [6.5, 8, 6.75, 8.25], "texture": "#0"},
				"east": {"uv": [8, 6.5, 8.25, 6.75], "texture": "#0"},
				"south": {"uv": [7, 8, 7.25, 8.25], "texture": "#0"},
				"west": {"uv": [8, 7, 8.25, 7.25], "texture": "#0"},
				"up": {"uv": [7.75, 8.25, 7.5, 8], "texture": "#0"},
				"down": {"uv": [8.25, 7.5, 8, 7.75], "texture": "#0"}
			}
		},
		{
			"from": [7.85984, 5.97891, 7.71359],
			"to": [8.24984, 6.07641, 8.10359],
			"rotation": {"angle": 0, "axis": "y", "origin": [1.22984, 1.09391, 1.08359]},
			"faces": {
				"north": {"uv": [1, 10, 1.25, 10.125], "texture": "#0"},
				"east": {"uv": [10, 1, 10.25, 1.125], "texture": "#0"},
				"south": {"uv": [1.5, 10, 1.75, 10.125], "texture": "#0"},
				"west": {"uv": [10, 1.5, 10.25, 1.625], "texture": "#0"},
				"up": {"uv": [4.75, 7.25, 4.5, 7], "texture": "#0"},
				"down": {"uv": [7.25, 4.5, 7, 4.75], "texture": "#0"}
			}
		},
		{
			"from": [7.95734, 6.07641, 7.81109],
			"to": [8.15234, 6.17391, 8.00609],
			"rotation": {"angle": 0, "axis": "y", "origin": [1.22984, 1.09391, 1.08359]},
			"faces": {
				"north": {"uv": [8, 10, 8.125, 10.125], "texture": "#0"},
				"east": {"uv": [10, 8, 10.125, 8.125], "texture": "#0"},
				"south": {"uv": [8.5, 10, 8.625, 10.125], "texture": "#0"},
				"west": {"uv": [10, 8.5, 10.125, 8.625], "texture": "#0"},
				"up": {"uv": [9.125, 10.125, 9, 10], "texture": "#0"},
				"down": {"uv": [10.125, 9, 10, 9.125], "texture": "#0"}
			}
		},
		{
			"from": [7.85984, -0.06609, 7.71359],
			"to": [8.24984, 0.32391, 8.10359],
			"rotation": {"angle": 0, "axis": "y", "origin": [0.25484, 1.09391, 0.10859]},
			"faces": {
				"north": {"uv": [5, 7, 5.25, 7.25], "texture": "#0"},
				"east": {"uv": [7, 5, 7.25, 5.25], "texture": "#0"},
				"south": {"uv": [5.5, 7, 5.75, 7.25], "texture": "#0"},
				"west": {"uv": [7, 5.5, 7.25, 5.75], "texture": "#0"},
				"up": {"uv": [6.25, 7.25, 6, 7], "texture": "#0"},
				"down": {"uv": [7.25, 6, 7, 6.25], "texture": "#0"}
			}
		},
		{
			"from": [7.66484, -0.45609, 7.90859],
			"to": [8.05484, -0.06609, 8.29859],
			"rotation": {"angle": 0, "axis": "y", "origin": [0.25484, 1.09391, 0.10859]},
			"faces": {
				"north": {"uv": [6.5, 7, 6.75, 7.25], "texture": "#0"},
				"east": {"uv": [7, 6.5, 7.25, 6.75], "texture": "#0"},
				"south": {"uv": [7, 7, 7.25, 7.25], "texture": "#0"},
				"west": {"uv": [0, 7.5, 0.25, 7.75], "texture": "#0"},
				"up": {"uv": [7.75, 0.25, 7.5, 0], "texture": "#0"},
				"down": {"uv": [0.75, 7.5, 0.5, 7.75], "texture": "#0"}
			}
		},
		{
			"from": [7.46984, -0.45609, 7.90859],
			"to": [7.66484, -0.26109, 8.10359],
			"rotation": {"angle": 0, "axis": "y", "origin": [0.25484, 1.09391, 0.10859]},
			"faces": {
				"north": {"uv": [9.5, 10, 9.625, 10.125], "texture": "#0"},
				"east": {"uv": [10, 9.5, 10.125, 9.625], "texture": "#0"},
				"south": {"uv": [10, 10, 10.125, 10.125], "texture": "#0"},
				"west": {"uv": [0, 10.5, 0.125, 10.625], "texture": "#0"},
				"up": {"uv": [10.625, 0.125, 10.5, 0], "texture": "#0"},
				"down": {"uv": [0.625, 10.5, 0.5, 10.625], "texture": "#0"}
			}
		},
		{
			"from": [7.37234, -0.63891, 8.00609],
			"to": [7.56734, -0.44391, 8.20109],
			"rotation": {"angle": 0, "axis": "y", "origin": [0.25484, 1.09391, 0.10859]},
			"faces": {
				"north": {"uv": [10.5, 0.5, 10.625, 0.625], "texture": "#0"},
				"east": {"uv": [1, 10.5, 1.125, 10.625], "texture": "#0"},
				"south": {"uv": [10.5, 1, 10.625, 1.125], "texture": "#0"},
				"west": {"uv": [1.5, 10.5, 1.625, 10.625], "texture": "#0"},
				"up": {"uv": [10.625, 1.625, 10.5, 1.5], "texture": "#0"},
				"down": {"uv": [2.125, 10.5, 2, 10.625], "texture": "#0"}
			}
		},
		{
			"from": [7.76234, -0.45609, 8.29859],
			"to": [7.95734, -0.26109, 8.49359],
			"rotation": {"angle": 0, "axis": "y", "origin": [0.25484, 1.09391, 0.10859]},
			"faces": {
				"north": {"uv": [10.5, 2, 10.625, 2.125], "texture": "#0"},
				"east": {"uv": [2.5, 10.5, 2.625, 10.625], "texture": "#0"},
				"south": {"uv": [10.5, 2.5, 10.625, 2.625], "texture": "#0"},
				"west": {"uv": [3, 10.5, 3.125, 10.625], "texture": "#0"},
				"up": {"uv": [10.625, 3.125, 10.5, 3], "texture": "#0"},
				"down": {"uv": [3.625, 10.5, 3.5, 10.625], "texture": "#0"}
			}
		},
		{
			"from": [7.76234, -0.65109, 8.39609],
			"to": [7.95734, -0.45609, 8.59109],
			"rotation": {"angle": 0, "axis": "y", "origin": [0.25484, 1.09391, 0.10859]},
			"faces": {
				"north": {"uv": [10.5, 3.5, 10.625, 3.625], "texture": "#0"},
				"east": {"uv": [4, 10.5, 4.125, 10.625], "texture": "#0"},
				"south": {"uv": [10.5, 4, 10.625, 4.125], "texture": "#0"},
				"west": {"uv": [4.5, 10.5, 4.625, 10.625], "texture": "#0"},
				"up": {"uv": [10.625, 4.625, 10.5, 4.5], "texture": "#0"},
				"down": {"uv": [5.125, 10.5, 5, 10.625], "texture": "#0"}
			}
		},
		{
			"from": [7.85984, -0.74859, 8.49359],
			"to": [8.05484, -0.55359, 8.68859],
			"rotation": {"angle": 0, "axis": "y", "origin": [0.25484, 1.09391, 0.10859]},
			"faces": {
				"north": {"uv": [10.5, 5, 10.625, 5.125], "texture": "#0"},
				"east": {"uv": [5.5, 10.5, 5.625, 10.625], "texture": "#0"},
				"south": {"uv": [10.5, 5.5, 10.625, 5.625], "texture": "#0"},
				"west": {"uv": [6, 10.5, 6.125, 10.625], "texture": "#0"},
				"up": {"uv": [10.625, 6.125, 10.5, 6], "texture": "#0"},
				"down": {"uv": [6.625, 10.5, 6.5, 10.625], "texture": "#0"}
			}
		},
		{
			"from": [8.33516, -0.93141, 8.09141],
			"to": [8.53016, -0.73641, 8.28641],
			"rotation": {"angle": 0, "axis": "y", "origin": [8.59109, 0.65516, 8.10359]},
			"faces": {
				"north": {"uv": [10.5, 6.5, 10.625, 6.625], "texture": "#0"},
				"east": {"uv": [7, 10.5, 7.125, 10.625], "texture": "#0"},
				"south": {"uv": [10.5, 7, 10.625, 7.125], "texture": "#0"},
				"west": {"uv": [7.5, 10.5, 7.625, 10.625], "texture": "#0"},
				"up": {"uv": [10.625, 7.625, 10.5, 7.5], "texture": "#0"},
				"down": {"uv": [8.125, 10.5, 8, 10.625], "texture": "#0"}
			}
		},
		{
			"from": [8.33516, -0.93141, 7.70141],
			"to": [8.53016, -0.73641, 7.89641],
			"rotation": {"angle": 0, "axis": "y", "origin": [8.59109, 0.65516, 8.10359]},
			"faces": {
				"north": {"uv": [10.5, 8, 10.625, 8.125], "texture": "#0"},
				"east": {"uv": [8.5, 10.5, 8.625, 10.625], "texture": "#0"},
				"south": {"uv": [10.5, 8.5, 10.625, 8.625], "texture": "#0"},
				"west": {"uv": [9, 10.5, 9.125, 10.625], "texture": "#0"},
				"up": {"uv": [10.625, 9.125, 10.5, 9], "texture": "#0"},
				"down": {"uv": [9.625, 10.5, 9.5, 10.625], "texture": "#0"}
			}
		},
		{
			"from": [8.23766, -1.02891, 7.60391],
			"to": [8.43266, -0.83391, 7.79891],
			"rotation": {"angle": 0, "axis": "y", "origin": [8.59109, 0.65516, 8.10359]},
			"faces": {
				"north": {"uv": [10.5, 9.5, 10.625, 9.625], "texture": "#0"},
				"east": {"uv": [10, 10.5, 10.125, 10.625], "texture": "#0"},
				"south": {"uv": [10.5, 10, 10.625, 10.125], "texture": "#0"},
				"west": {"uv": [10.5, 10.5, 10.625, 10.625], "texture": "#0"},
				"up": {"uv": [0.125, 11.125, 0, 11], "texture": "#0"},
				"down": {"uv": [11.125, 0, 11, 0.125], "texture": "#0"}
			}
		},
		{
			"from": [8.04266, -0.63891, 7.40891],
			"to": [8.23766, -0.44391, 7.60391],
			"rotation": {"angle": 0, "axis": "y", "origin": [8.59109, 0.65516, 8.10359]},
			"faces": {
				"north": {"uv": [0.5, 11, 0.625, 11.125], "texture": "#0"},
				"east": {"uv": [11, 0.5, 11.125, 0.625], "texture": "#0"},
				"south": {"uv": [1, 11, 1.125, 11.125], "texture": "#0"},
				"west": {"uv": [11, 1, 11.125, 1.125], "texture": "#0"},
				"up": {"uv": [1.625, 11.125, 1.5, 11], "texture": "#0"},
				"down": {"uv": [11.125, 1.5, 11, 1.625], "texture": "#0"}
			}
		},
		{
			"from": [7.94516, -0.83391, 7.31141],
			"to": [8.14016, -0.63891, 7.50641],
			"rotation": {"angle": 0, "axis": "y", "origin": [8.59109, 0.65516, 8.10359]},
			"faces": {
				"north": {"uv": [2, 11, 2.125, 11.125], "texture": "#0"},
				"east": {"uv": [11, 2, 11.125, 2.125], "texture": "#0"},
				"south": {"uv": [2.5, 11, 2.625, 11.125], "texture": "#0"},
				"west": {"uv": [11, 2.5, 11.125, 2.625], "texture": "#0"},
				"up": {"uv": [3.125, 11.125, 3, 11], "texture": "#0"},
				"down": {"uv": [11.125, 3, 11, 3.125], "texture": "#0"}
			}
		},
		{
			"from": [8.43266, -1.02891, 8.18891],
			"to": [8.62766, -0.83391, 8.38391],
			"rotation": {"angle": 0, "axis": "y", "origin": [8.59109, 0.65516, 8.10359]},
			"faces": {
				"north": {"uv": [3.5, 11, 3.625, 11.125], "texture": "#0"},
				"east": {"uv": [11, 3.5, 11.125, 3.625], "texture": "#0"},
				"south": {"uv": [4, 11, 4.125, 11.125], "texture": "#0"},
				"west": {"uv": [11, 4, 11.125, 4.125], "texture": "#0"},
				"up": {"uv": [4.625, 11.125, 4.5, 11], "texture": "#0"},
				"down": {"uv": [11.125, 4.5, 11, 4.625], "texture": "#0"}
			}
		},
		{
			"from": [8.23766, -0.73641, 8.09141],
			"to": [8.43266, -0.54141, 8.28641],
			"rotation": {"angle": 0, "axis": "y", "origin": [8.59109, 0.65516, 8.10359]},
			"faces": {
				"north": {"uv": [5, 11, 5.125, 11.125], "texture": "#0"},
				"east": {"uv": [11, 5, 11.125, 5.125], "texture": "#0"},
				"south": {"uv": [5.5, 11, 5.625, 11.125], "texture": "#0"},
				"west": {"uv": [11, 5.5, 11.125, 5.625], "texture": "#0"},
				"up": {"uv": [6.125, 11.125, 6, 11], "texture": "#0"},
				"down": {"uv": [11.125, 6, 11, 6.125], "texture": "#0"}
			}
		},
		{
			"from": [7.85984, -0.45609, 7.51859],
			"to": [8.24984, -0.06609, 7.90859],
			"rotation": {"angle": 0, "axis": "y", "origin": [0.25484, 1.09391, 0.10859]},
			"faces": {
				"north": {"uv": [7.5, 0.5, 7.75, 0.75], "texture": "#0"},
				"east": {"uv": [1, 7.5, 1.25, 7.75], "texture": "#0"},
				"south": {"uv": [7.5, 1, 7.75, 1.25], "texture": "#0"},
				"west": {"uv": [1.5, 7.5, 1.75, 7.75], "texture": "#0"},
				"up": {"uv": [7.75, 1.75, 7.5, 1.5], "texture": "#0"},
				"down": {"uv": [2.25, 7.5, 2, 7.75], "texture": "#0"}
			}
		},
		{
			"from": [7.92345, 8.49936, 7.81559],
			"to": [8.64397, 9.62016, 8.61616],
			"rotation": {"angle": -22.5, "axis": "x", "origin": [7.8625, 8.9653, 8.2]},
			"faces": {
				"north": {"uv": [6.375, 5.625, 5.75, 5.25], "rotation": 270, "texture": "#1"},
				"east": {"uv": [3.75, 5.875, 4.1875, 5.25], "rotation": 180, "texture": "#1"},
				"south": {"uv": [6.375, 6.125, 5.75, 5.75], "rotation": 90, "texture": "#1"},
				"west": {"uv": [3.25, 5.25, 3.6875, 5.875], "texture": "#1"},
				"up": {"uv": [5, 6.75, 5.4375, 7.125], "rotation": 270, "texture": "#1"},
				"down": {"uv": [6.75, 3, 7.1875, 3.375], "rotation": 270, "texture": "#1"}
			}
		},
		{
			"from": [7.52316, 9.10726, 7.77696],
			"to": [7.92345, 9.42749, 7.89705],
			"rotation": {"angle": 0, "axis": "y", "origin": [7.8625, 8.9653, 8.2]},
			"faces": {
				"north": {"uv": [4.1875, 9.9375, 4, 9.75], "rotation": 270, "texture": "#1"},
				"east": {"uv": [7.25, 10.4375, 7.3125, 10.25], "rotation": 180, "texture": "#1"},
				"south": {"uv": [9.9375, 6.4375, 9.75, 6.25], "rotation": 90, "texture": "#1"},
				"west": {"uv": [10.25, 7, 10.3125, 7.1875], "texture": "#1"},
				"up": {"uv": [7, 10.25, 7.0625, 10.4375], "rotation": 270, "texture": "#1"},
				"down": {"uv": [10.25, 6.75, 10.3125, 6.9375], "rotation": 270, "texture": "#1"}
			}
		},
		{
			"from": [7.3106, 9.10726, 7.67931],
			"to": [7.71089, 9.42749, 7.79939],
			"rotation": {"angle": 22.5, "axis": "y", "origin": [7.8625, 8.9653, 8.2]},
			"faces": {
				"north": {"uv": [9.9375, 6.6875, 9.75, 6.5], "rotation": 270, "texture": "#1"},
				"east": {"uv": [8, 10.4375, 8.0625, 10.25], "rotation": 180, "texture": "#1"},
				"south": {"uv": [9.9375, 6.9375, 9.75, 6.75], "rotation": 90, "texture": "#1"},
				"west": {"uv": [10.25, 7.75, 10.3125, 7.9375], "texture": "#1"},
				"up": {"uv": [10.25, 7.5, 10.3125, 7.6875], "rotation": 270, "texture": "#1"},
				"down": {"uv": [10.25, 7.25, 10.3125, 7.4375], "rotation": 270, "texture": "#1"}
			}
		},
		{
			"from": [7.12288, 8.6901, 7.82785],
			"to": [7.92345, 9.01032, 7.94793],
			"rotation": {"angle": -45, "axis": "x", "origin": [7.8625, 8.9653, 8.2]},
			"faces": {
				"north": {"uv": [5.6875, 8.9375, 5.5, 8.5], "rotation": 270, "texture": "#1"},
				"east": {"uv": [6.75, 10.4375, 6.8125, 10.25], "rotation": 180, "texture": "#1"},
				"south": {"uv": [6.9375, 8.9375, 6.75, 8.5], "rotation": 90, "texture": "#1"},
				"west": {"uv": [10.25, 6.5, 10.3125, 6.6875], "texture": "#1"},
				"up": {"uv": [7.5, 10, 7.5625, 10.4375], "rotation": 270, "texture": "#1"},
				"down": {"uv": [10, 7.25, 10.0625, 7.6875], "rotation": 270, "texture": "#1"}
			}
		},
		{
			"from": [8.28371, 8.98971, 8.61616],
			"to": [8.44382, 9.14983, 8.65619],
			"rotation": {"angle": -22.5, "axis": "x", "origin": [7.8625, 8.9653, 8.2]},
			"faces": {
				"north": {"uv": [10.5625, 3.8125, 10.5, 3.75], "rotation": 270, "texture": "#1"},
				"east": {"uv": [10.5, 4.3125, 10.5625, 4.25], "rotation": 180, "texture": "#1"},
				"south": {"uv": [10.5625, 4.0625, 10.5, 4], "rotation": 90, "texture": "#1"},
				"west": {"uv": [4.25, 10.5, 4.3125, 10.5625], "texture": "#1"},
				"up": {"uv": [4, 10.5, 4.0625, 10.5625], "rotation": 270, "texture": "#1"},
				"down": {"uv": [3.75, 10.5, 3.8125, 10.5625], "rotation": 270, "texture": "#1"}
			}
		}
	],
	"display": {
		"thirdperson_righthand": {
			"rotation": [180, -90, 90],
			"translation": [0.25, 0, -1.25],
			"scale": [0.5, 0.5, 0.5]
		},
		"thirdperson_lefthand": {
			"rotation": [90, 90, 0],
			"translation": [0.25, 0, -1.25],
			"scale": [0.5, 0.5, 0.5]
		},
		"firstperson_righthand": {
			"rotation": [145, -100, 0],
			"translation": [2.5, 3, 0],
			"scale": [0.75, 0.75, 0.75]
		},
		"firstperson_lefthand": {
			"rotation": [145, -100, 0],
			"translation": [2.5, 3, 0],
			"scale": [0.75, 0.75, 0.75]
		},
		"ground": {
			"rotation": [45, 0, 0],
			"translation": [0, 8.25, 0],
			"scale": [1.49, 1.49, 1.49]
		},
		"gui": {
			"rotation": [23.49, -21.51, 54.07],
			"translation": [-2.5, 1.75, 0],
			"scale": [1.43, 1.43, 1.43]
		},
		"head": {
			"rotation": [0, -90, 0],
			"translation": [0, 1, 0],
			"scale": [1.5, 1.5, 1.5]
		},
		"fixed": {
			"rotation": [0, -180, 0],
			"translation": [0, 2, -1.25]
		}
	},
	"groups": [
		{
			"name": "Vote Key",
			"origin": [8, 8, 8],
			"color": 0,
			"nbt": "{}",
			"armAnimationEnabled": false,
			"children": [
				{
					"name": "Ring",
					"origin": [8, 8, 8.5],
					"color": 0,
					"nbt": "{}",
					"armAnimationEnabled": false,
					"children": [
						{
							"name": "hexadecagon",
							"origin": [8, 8, 8.5],
							"color": 0,
							"nbt": "{}",
							"armAnimationEnabled": false,
							"children": [0, 1, 2, 3, 4, 5, 6, 7, 8, 9, 10, 11, 12, 13, 14, 15]
						},
						{
							"name": "hexadecagon",
							"origin": [8, 8, 8.5],
							"color": 0,
							"nbt": "{}",
							"armAnimationEnabled": false,
							"children": [16, 17, 18, 19, 20, 21, 22, 23, 24, 25, 26, 27, 28, 29, 30, 31, 32, 33, 34, 35]
						}
					]
				},
				{
					"name": "Bottom",
					"origin": [8, 8, 8],
					"color": 0,
					"nbt": "{}",
					"armAnimationEnabled": false,
					"children": [
						{
							"name": "Carrot",
							"origin": [0.08437, 0.8, -0.14062],
							"color": 0,
							"nbt": "{}",
							"armAnimationEnabled": false,
							"children": [
								36,
								37,
								38,
								39,
								40,
								41,
								42,
								43,
								44,
								45,
								46,
								47,
								48,
								49,
								50,
								51,
								52,
								53,
								54,
								55,
								56,
								57,
								58,
								59,
								60,
								61,
								62,
								63,
								64,
								65,
								66,
								67,
								68,
								69,
								70,
								71,
								72,
								73,
								74,
								75,
								76,
								77,
								78,
								79,
								80,
								81,
								82,
								83,
								84,
								85,
								86,
								87,
								88,
								89,
								90,
								91
							]
						}
					]
				}
			]
		},
		{
			"name": "Bunny",
			"origin": [8.74573, 3.52255, 6.98382],
			"color": 0,
			"nbt": "{}",
			"armAnimationEnabled": false,
			"children": [92, 93, 94, 95, 96]
		}
	]
}