{
	"credit": "Made with Blockbench",
	"texture_size": [32, 32],
	"textures": {
		"1": "item/keys/halloween_key",
		"2": "item/halloween/pumpkin",
		"particle": "item/keys/halloween_key"
	},
	"elements": [
		{
			"name": "hexadecagon",
			"from": [5, 8.40326, 7],
			"to": [6, 9.59674, 8],
			"rotation": {"angle": 45, "axis": "z", "origin": [8, 9, 7.5]},
			"faces": {
				"north": {"uv": [3, 2.5, 3.5, 3.125], "texture": "#1"},
				"east": {"uv": [0, 3.5, 0.5, 4.125], "texture": "#1"},
				"south": {"uv": [0.5, 3.5, 1, 4.125], "texture": "#1"},
				"west": {"uv": [1, 3.5, 1.5, 4.125], "texture": "#1"},
				"up": {"uv": [4, 6, 3.5, 5.5], "texture": "#1"},
				"down": {"uv": [3.5, 6.5, 3, 7], "texture": "#1"}
			}
		},
		{
			"name": "hexadecagon",
			"from": [5, 8.40326, 7.001],
			"to": [6, 9.59674, 8.001],
			"rotation": {"angle": 22.5, "axis": "z", "origin": [8, 9, 7.5]},
			"faces": {
				"north": {"uv": [1.5, 3.5, 2, 4.125], "texture": "#1"},
				"east": {"uv": [2, 3.5, 2.5, 4.125], "texture": "#1"},
				"south": {"uv": [2.5, 3.5, 3, 4.125], "texture": "#1"},
				"west": {"uv": [3.5, 2.5, 4, 3.125], "texture": "#1"},
				"up": {"uv": [7, 3.5, 6.5, 3], "texture": "#1"},
				"down": {"uv": [4, 6.5, 3.5, 7], "texture": "#1"}
			}
		},
		{
			"name": "hexadecagon",
			"from": [5, 8.40326, 6.999],
			"to": [6, 9.59674, 7.999],
			"rotation": {"angle": 0, "axis": "x", "origin": [8, 9, 7.5]},
			"faces": {
				"north": {"uv": [3, 3.5, 3.5, 4.125], "texture": "#1"},
				"east": {"uv": [3.5, 3.5, 4, 4.125], "texture": "#1"},
				"south": {"uv": [4, 0, 4.5, 0.625], "texture": "#1"},
				"west": {"uv": [4, 1, 4.5, 1.625], "texture": "#1"},
				"up": {"uv": [7, 4, 6.5, 3.5], "texture": "#1"},
				"down": {"uv": [4.5, 6.5, 4, 7], "texture": "#1"}
			}
		},
		{
			"name": "hexadecagon",
			"from": [5, 8.40326, 7.001],
			"to": [6, 9.59674, 8.001],
			"rotation": {"angle": -22.5, "axis": "z", "origin": [8, 9, 7.5]},
			"faces": {
				"north": {"uv": [4, 2, 4.5, 2.625], "texture": "#1"},
				"east": {"uv": [4, 3, 4.5, 3.625], "texture": "#1"},
				"south": {"uv": [4, 4, 4.5, 4.625], "texture": "#1"},
				"west": {"uv": [0, 4.5, 0.5, 5.125], "texture": "#1"},
				"up": {"uv": [7, 4.5, 6.5, 4], "texture": "#1"},
				"down": {"uv": [5, 6.5, 4.5, 7], "texture": "#1"}
			}
		},
		{
			"name": "hexadecagon",
			"from": [5, 8.40326, 6.999],
			"to": [6, 9.59674, 7.999],
			"rotation": {"angle": -45, "axis": "z", "origin": [8, 9, 7.5]},
			"faces": {
				"north": {"uv": [4.5, 0, 5, 0.625], "texture": "#1"},
				"east": {"uv": [0.5, 4.5, 1, 5.125], "texture": "#1"},
				"south": {"uv": [1, 4.5, 1.5, 5.125], "texture": "#1"},
				"west": {"uv": [4.5, 1, 5, 1.625], "texture": "#1"},
				"up": {"uv": [7, 5, 6.5, 4.5], "texture": "#1"},
				"down": {"uv": [5.5, 6.5, 5, 7], "texture": "#1"}
			}
		},
		{
			"name": "hexadecagon",
			"from": [10, 8.40326, 6.999],
			"to": [11, 9.59674, 7.999],
			"rotation": {"angle": 45, "axis": "z", "origin": [8, 9, 7.5]},
			"faces": {
				"north": {"uv": [1.5, 4.5, 2, 5.125], "texture": "#1"},
				"east": {"uv": [2, 4.5, 2.5, 5.125], "texture": "#1"},
				"south": {"uv": [4.5, 2, 5, 2.625], "texture": "#1"},
				"west": {"uv": [2.5, 4.5, 3, 5.125], "texture": "#1"},
				"up": {"uv": [7, 5.5, 6.5, 5], "texture": "#1"},
				"down": {"uv": [6, 6.5, 5.5, 7], "texture": "#1"}
			}
		},
		{
			"name": "hexadecagon",
			"from": [10, 8.40326, 7.001],
			"to": [11, 9.59674, 8.001],
			"rotation": {"angle": 22.5, "axis": "z", "origin": [8, 9, 7.5]},
			"faces": {
				"north": {"uv": [3, 4.5, 3.5, 5.125], "texture": "#1"},
				"east": {"uv": [4.5, 3, 5, 3.625], "texture": "#1"},
				"south": {"uv": [3.5, 4.5, 4, 5.125], "texture": "#1"},
				"west": {"uv": [4.5, 4, 5, 4.625], "texture": "#1"},
				"up": {"uv": [7, 6, 6.5, 5.5], "texture": "#1"},
				"down": {"uv": [6.5, 6.5, 6, 7], "texture": "#1"}
			}
		},
		{
			"name": "hexadecagon",
			"from": [10, 8.40326, 6.999],
			"to": [11, 9.59674, 7.999],
			"rotation": {"angle": 0, "axis": "x", "origin": [8, 9, 7.5]},
			"faces": {
				"north": {"uv": [5, 0, 5.5, 0.625], "texture": "#1"},
				"east": {"uv": [5, 1, 5.5, 1.625], "texture": "#1"},
				"south": {"uv": [5, 2, 5.5, 2.625], "texture": "#1"},
				"west": {"uv": [5, 3, 5.5, 3.625], "texture": "#1"},
				"up": {"uv": [7, 6.5, 6.5, 6], "texture": "#1"},
				"down": {"uv": [7, 6.5, 6.5, 7], "texture": "#1"}
			}
		},
		{
			"name": "hexadecagon",
			"from": [10, 8.40326, 7.001],
			"to": [11, 9.59674, 8.001],
			"rotation": {"angle": -22.5, "axis": "z", "origin": [8, 9, 7.5]},
			"faces": {
				"north": {"uv": [4, 5, 4.5, 5.625], "texture": "#1"},
				"east": {"uv": [5, 4, 5.5, 4.625], "texture": "#1"},
				"south": {"uv": [4.5, 5, 5, 5.625], "texture": "#1"},
				"west": {"uv": [5, 5, 5.5, 5.625], "texture": "#1"},
				"up": {"uv": [0.5, 7.5, 0, 7], "texture": "#1"},
				"down": {"uv": [7.5, 0, 7, 0.5], "texture": "#1"}
			}
		},
		{
			"name": "hexadecagon",
			"from": [10, 8.40326, 6.999],
			"to": [11, 9.59674, 7.999],
			"rotation": {"angle": -45, "axis": "z", "origin": [8, 9, 7.5]},
			"faces": {
				"north": {"uv": [0, 5.5, 0.5, 6.125], "texture": "#1"},
				"east": {"uv": [5.5, 0, 6, 0.625], "texture": "#1"},
				"south": {"uv": [0.5, 5.5, 1, 6.125], "texture": "#1"},
				"west": {"uv": [1, 5.5, 1.5, 6.125], "texture": "#1"},
				"up": {"uv": [1, 7.5, 0.5, 7], "texture": "#1"},
				"down": {"uv": [7.5, 0.5, 7, 1], "texture": "#1"}
			}
		},
		{
			"name": "hexadecagon",
			"from": [7.40326, 6, 7.001],
			"to": [8.59674, 7, 8.001],
			"rotation": {"angle": 22.5, "axis": "z", "origin": [8, 9, 7.5]},
			"faces": {
				"north": {"uv": [5.5, 1, 6.125, 1.5], "texture": "#1"},
				"east": {"uv": [1, 7, 1.5, 7.5], "texture": "#1"},
				"south": {"uv": [1.5, 5.5, 2.125, 6], "texture": "#1"},
				"west": {"uv": [1.5, 7, 2, 7.5], "texture": "#1"},
				"up": {"uv": [6.125, 2, 5.5, 1.5], "texture": "#1"},
				"down": {"uv": [6.125, 2, 5.5, 2.5], "texture": "#1"}
			}
		},
		{
			"name": "hexadecagon",
			"from": [7.40326, 6, 6.999],
			"to": [8.59674, 7, 7.999],
			"rotation": {"angle": 0, "axis": "x", "origin": [8, 9, 7.5]},
			"faces": {
				"north": {"uv": [2.5, 5.5, 3.125, 6], "texture": "#1"},
				"east": {"uv": [2, 7, 2.5, 7.5], "texture": "#1"},
				"south": {"uv": [5.5, 2.5, 6.125, 3], "texture": "#1"},
				"west": {"uv": [2.5, 7, 3, 7.5], "texture": "#1"},
				"up": {"uv": [6.125, 3.5, 5.5, 3], "texture": "#1"},
				"down": {"uv": [6.125, 3.5, 5.5, 4], "texture": "#1"}
			}
		},
		{
			"name": "hexadecagon",
			"from": [7.75, 4.1625, 6.9],
			"to": [8.25, 4.6625, 8.1],
			"rotation": {"angle": 45, "axis": "z", "origin": [8.00326, 4.4125, 7.5]},
			"faces": {
				"north": {"uv": [0.5, 8.5, 0.875, 8.75], "texture": "#1"},
				"east": {"uv": [0.5, 8.5, 0.875, 8.75], "texture": "#1"},
				"south": {"uv": [0.5, 8.5, 0.875, 8.75], "texture": "#1"},
				"west": {"uv": [0.5, 8.5, 0.875, 8.75], "texture": "#1"},
				"up": {"uv": [0.875, 8.75, 0.5, 8.5], "texture": "#1"},
				"down": {"uv": [0.875, 8.5, 0.5, 8.75], "texture": "#1"}
			}
		},
		{
			"name": "hexadecagon",
			"from": [5.94341, 10.52399, 6.9],
			"to": [6.44341, 11.02399, 8.1],
			"rotation": {"angle": 45, "axis": "z", "origin": [8.00095, 8.96644, 7.5]},
			"faces": {
				"north": {"uv": [0.5, 8.5, 0.875, 8.75], "rotation": 270, "texture": "#1"},
				"east": {"uv": [0.875, 8.75, 0.5, 8.5], "rotation": 90, "texture": "#1"},
				"south": {"uv": [0.5, 8.5, 0.875, 8.75], "rotation": 90, "texture": "#1"},
				"west": {"uv": [0.875, 8.5, 0.5, 8.75], "rotation": 90, "texture": "#1"},
				"up": {"uv": [0.5, 8.5, 0.875, 8.75], "rotation": 90, "texture": "#1"},
				"down": {"uv": [0.5, 8.5, 0.875, 8.75], "rotation": 90, "texture": "#1"}
			}
		},
		{
			"name": "hexadecagon",
			"from": [7.75, 11.275, 6.9],
			"to": [8.25, 11.775, 8.1],
			"rotation": {"angle": 45, "axis": "z", "origin": [8.00326, 11.525, 7.5]},
			"faces": {
				"north": {"uv": [0.5, 8.5, 0.875, 8.75], "texture": "#1"},
				"east": {"uv": [0.5, 8.5, 0.875, 8.75], "texture": "#1"},
				"south": {"uv": [0.5, 8.5, 0.875, 8.75], "texture": "#1"},
				"west": {"uv": [0.5, 8.5, 0.875, 8.75], "texture": "#1"},
				"up": {"uv": [0.875, 8.75, 0.5, 8.5], "texture": "#1"},
				"down": {"uv": [0.875, 8.5, 0.5, 8.75], "texture": "#1"}
			}
		},
		{
			"name": "hexadecagon",
			"from": [9.5585, 6.9089, 6.9],
			"to": [10.0585, 7.4089, 8.1],
			"rotation": {"angle": 45, "axis": "z", "origin": [8.00095, 8.96644, 7.5]},
			"faces": {
				"north": {"uv": [0.5, 8.5, 0.875, 8.75], "rotation": 270, "texture": "#1"},
				"east": {"uv": [0.875, 8.75, 0.5, 8.5], "rotation": 90, "texture": "#1"},
				"south": {"uv": [0.5, 8.5, 0.875, 8.75], "rotation": 90, "texture": "#1"},
				"west": {"uv": [0.875, 8.5, 0.5, 8.75], "rotation": 90, "texture": "#1"},
				"up": {"uv": [0.5, 8.5, 0.875, 8.75], "rotation": 90, "texture": "#1"},
				"down": {"uv": [0.5, 8.5, 0.875, 8.75], "rotation": 90, "texture": "#1"}
			}
		},
		{
			"name": "hexadecagon",
			"from": [5.94341, 10.52399, 6.9],
			"to": [6.44341, 11.02399, 8.1],
			"rotation": {"angle": 45, "axis": "z", "origin": [8.00095, 8.96644, 7.5]},
			"faces": {
				"north": {"uv": [0.5, 8.5, 0.875, 8.75], "rotation": 270, "texture": "#1"},
				"east": {"uv": [0.875, 8.75, 0.5, 8.5], "rotation": 90, "texture": "#1"},
				"south": {"uv": [0.5, 8.5, 0.875, 8.75], "rotation": 90, "texture": "#1"},
				"west": {"uv": [0.875, 8.5, 0.5, 8.75], "rotation": 90, "texture": "#1"},
				"up": {"uv": [0.5, 8.5, 0.875, 8.75], "rotation": 90, "texture": "#1"},
				"down": {"uv": [0.5, 8.5, 0.875, 8.75], "rotation": 90, "texture": "#1"}
			}
		},
		{
			"name": "hexadecagon",
			"from": [7.75, 1.1625, 6.9],
			"to": [8.25, 1.6625, 8.1],
			"rotation": {"angle": 45, "axis": "z", "origin": [8.00326, 1.4125, 7.5]},
			"faces": {
				"north": {"uv": [0.5, 8.5, 0.875, 8.75], "texture": "#1"},
				"east": {"uv": [0.5, 8.5, 0.875, 8.75], "texture": "#1"},
				"south": {"uv": [0.5, 8.5, 0.875, 8.75], "texture": "#1"},
				"west": {"uv": [0.5, 8.5, 0.875, 8.75], "texture": "#1"},
				"up": {"uv": [0.875, 8.75, 0.5, 8.5], "texture": "#1"},
				"down": {"uv": [0.875, 8.5, 0.5, 8.75], "texture": "#1"}
			}
		},
		{
			"name": "hexadecagon",
			"from": [7.60326, 7, 7.224],
			"to": [8.39674, 7.5, 7.724],
			"rotation": {"angle": 0, "axis": "x", "origin": [8, 7.25, 7.474]},
			"faces": {
				"north": {"uv": [7.5, 1.5, 7.875, 1.75], "texture": "#1"},
				"east": {"uv": [8.5, 1.5, 8.75, 1.75], "texture": "#1"},
				"south": {"uv": [2, 7.5, 2.375, 7.75], "texture": "#1"},
				"west": {"uv": [2, 8.5, 2.25, 8.75], "texture": "#1"},
				"up": {"uv": [7.875, 2.25, 7.5, 2], "texture": "#1"},
				"down": {"uv": [2.875, 7.5, 2.5, 7.75], "texture": "#1"}
			}
		},
		{
			"name": "hexadecagon",
			"from": [6.93565, 7.1328, 7.224],
			"to": [7.72913, 7.6328, 7.724],
			"rotation": {"angle": -22.5, "axis": "z", "origin": [7.33239, 7.3828, 7.474]},
			"faces": {
				"north": {"uv": [7.5, 2.5, 7.875, 2.75], "texture": "#1"},
				"east": {"uv": [8.5, 2, 8.75, 2.25], "texture": "#1"},
				"south": {"uv": [3, 7.5, 3.375, 7.75], "texture": "#1"},
				"west": {"uv": [2.5, 8.5, 2.75, 8.75], "texture": "#1"},
				"up": {"uv": [7.875, 3.25, 7.5, 3], "texture": "#1"},
				"down": {"uv": [3.875, 7.5, 3.5, 7.75], "texture": "#1"}
			}
		},
		{
			"name": "hexadecagon",
			"from": [6.36968, 7.51097, 7.224],
			"to": [7.16316, 8.01097, 7.724],
			"rotation": {"angle": -45, "axis": "z", "origin": [6.76642, 7.76097, 7.474]},
			"faces": {
				"north": {"uv": [7.5, 4.5, 7.875, 4.75], "texture": "#1"},
				"east": {"uv": [8.5, 3, 8.75, 3.25], "texture": "#1"},
				"south": {"uv": [5, 7.5, 5.375, 7.75], "texture": "#1"},
				"west": {"uv": [3.5, 8.5, 3.75, 8.75], "texture": "#1"},
				"up": {"uv": [7.875, 5.25, 7.5, 5], "texture": "#1"},
				"down": {"uv": [5.875, 7.5, 5.5, 7.75], "texture": "#1"}
			}
		},
		{
			"name": "hexadecagon",
			"from": [5.80371, 7.88914, 7.224],
			"to": [6.59719, 8.38914, 7.724],
			"rotation": {"angle": -22.5, "axis": "z", "origin": [6.20045, 8.13914, 7.474]},
			"faces": {
				"north": {"uv": [7.5, 5.5, 7.875, 5.75], "texture": "#1"},
				"east": {"uv": [8.5, 3.5, 8.75, 3.75], "texture": "#1"},
				"south": {"uv": [6, 7.5, 6.375, 7.75], "texture": "#1"},
				"west": {"uv": [4, 8.5, 4.25, 8.75], "texture": "#1"},
				"up": {"uv": [7.875, 6.25, 7.5, 6], "texture": "#1"},
				"down": {"uv": [6.875, 7.5, 6.5, 7.75], "texture": "#1"}
			}
		},
		{
			"name": "hexadecagon",
			"from": [8.27087, 7.1328, 7.224],
			"to": [9.06435, 7.6328, 7.724],
			"rotation": {"angle": 22.5, "axis": "z", "origin": [8.66761, 7.3828, 7.474]},
			"faces": {
				"north": {"uv": [7.5, 6.5, 7.875, 6.75], "texture": "#1"},
				"east": {"uv": [8.5, 4, 8.75, 4.25], "texture": "#1"},
				"south": {"uv": [7, 7.5, 7.375, 7.75], "texture": "#1"},
				"west": {"uv": [4.5, 8.5, 4.75, 8.75], "texture": "#1"},
				"up": {"uv": [7.875, 7.25, 7.5, 7], "texture": "#1"},
				"down": {"uv": [7.875, 7.5, 7.5, 7.75], "texture": "#1"}
			}
		},
		{
			"name": "hexadecagon",
			"from": [8.83684, 7.51097, 7.224],
			"to": [9.63032, 8.01097, 7.724],
			"rotation": {"angle": 45, "axis": "z", "origin": [9.23358, 7.76097, 7.474]},
			"faces": {
				"north": {"uv": [0, 8, 0.375, 8.25], "texture": "#1"},
				"east": {"uv": [8.5, 4.5, 8.75, 4.75], "texture": "#1"},
				"south": {"uv": [8, 0, 8.375, 0.25], "texture": "#1"},
				"west": {"uv": [5, 8.5, 5.25, 8.75], "texture": "#1"},
				"up": {"uv": [0.875, 8.25, 0.5, 8], "texture": "#1"},
				"down": {"uv": [8.375, 0.5, 8, 0.75], "texture": "#1"}
			}
		},
		{
			"name": "hexadecagon",
			"from": [9.36175, 7.9302, 7.224],
			"to": [9.86175, 8.72368, 7.724],
			"rotation": {"angle": -22.5, "axis": "z", "origin": [9.61175, 8.32694, 7.474]},
			"faces": {
				"north": {"uv": [1, 8, 1.25, 8.375], "texture": "#1"},
				"east": {"uv": [8, 1, 8.25, 1.375], "texture": "#1"},
				"south": {"uv": [1.5, 8, 1.75, 8.375], "texture": "#1"},
				"west": {"uv": [8, 1.5, 8.25, 1.875], "texture": "#1"},
				"up": {"uv": [8.75, 5.25, 8.5, 5], "texture": "#1"},
				"down": {"uv": [5.75, 8.5, 5.5, 8.75], "texture": "#1"}
			}
		},
		{
			"name": "hexadecagon",
			"from": [9.49455, 8.59781, 7.224],
			"to": [9.99455, 9.39129, 7.724],
			"rotation": {"angle": 0, "axis": "z", "origin": [9.74455, 8.99455, 7.474]},
			"faces": {
				"north": {"uv": [2, 8, 2.25, 8.375], "texture": "#1"},
				"east": {"uv": [8, 2, 8.25, 2.375], "texture": "#1"},
				"south": {"uv": [2.5, 8, 2.75, 8.375], "texture": "#1"},
				"west": {"uv": [8, 2.5, 8.25, 2.875], "texture": "#1"},
				"up": {"uv": [8.75, 5.75, 8.5, 5.5], "texture": "#1"},
				"down": {"uv": [6.25, 8.5, 6, 8.75], "texture": "#1"}
			}
		},
		{
			"name": "hexadecagon",
			"from": [9.36175, 9.26542, 7.224],
			"to": [9.86175, 10.0589, 7.724],
			"rotation": {"angle": 22.5, "axis": "z", "origin": [9.61175, 9.66216, 7.474]},
			"faces": {
				"north": {"uv": [3, 8, 3.25, 8.375], "texture": "#1"},
				"east": {"uv": [8, 3, 8.25, 3.375], "texture": "#1"},
				"south": {"uv": [3.5, 8, 3.75, 8.375], "texture": "#1"},
				"west": {"uv": [8, 3.5, 8.25, 3.875], "texture": "#1"},
				"up": {"uv": [8.75, 6.25, 8.5, 6], "texture": "#1"},
				"down": {"uv": [6.75, 8.5, 6.5, 8.75], "texture": "#1"}
			}
		},
		{
			"name": "hexadecagon",
			"from": [8.98358, 9.83139, 7.224],
			"to": [9.48358, 10.62487, 7.724],
			"rotation": {"angle": 45, "axis": "z", "origin": [9.23358, 10.22813, 7.474]},
			"faces": {
				"north": {"uv": [4, 8, 4.25, 8.375], "texture": "#1"},
				"east": {"uv": [8, 4, 8.25, 4.375], "texture": "#1"},
				"south": {"uv": [4.5, 8, 4.75, 8.375], "texture": "#1"},
				"west": {"uv": [8, 4.5, 8.25, 4.875], "texture": "#1"},
				"up": {"uv": [8.75, 6.75, 8.5, 6.5], "texture": "#1"},
				"down": {"uv": [7.25, 8.5, 7, 8.75], "texture": "#1"}
			}
		},
		{
			"name": "hexadecagon",
			"from": [8.27087, 10.3563, 7.224],
			"to": [9.06435, 10.8563, 7.724],
			"rotation": {"angle": -22.5, "axis": "z", "origin": [8.66761, 10.6063, 7.474]},
			"faces": {
				"north": {"uv": [5, 8, 5.375, 8.25], "texture": "#1"},
				"east": {"uv": [8.5, 7, 8.75, 7.25], "texture": "#1"},
				"south": {"uv": [8, 5, 8.375, 5.25], "texture": "#1"},
				"west": {"uv": [7.5, 8.5, 7.75, 8.75], "texture": "#1"},
				"up": {"uv": [5.875, 8.25, 5.5, 8], "texture": "#1"},
				"down": {"uv": [8.375, 5.5, 8, 5.75], "texture": "#1"}
			}
		},
		{
			"name": "hexadecagon",
			"from": [7.60326, 10.48909, 7.224],
			"to": [8.39674, 10.98909, 7.724],
			"rotation": {"angle": 0, "axis": "z", "origin": [8, 10.73909, 7.474]},
			"faces": {
				"north": {"uv": [6, 8, 6.375, 8.25], "texture": "#1"},
				"east": {"uv": [8.5, 7.5, 8.75, 7.75], "texture": "#1"},
				"south": {"uv": [8, 6, 8.375, 6.25], "texture": "#1"},
				"west": {"uv": [8, 8.5, 8.25, 8.75], "texture": "#1"},
				"up": {"uv": [6.875, 8.25, 6.5, 8], "texture": "#1"},
				"down": {"uv": [8.375, 6.5, 8, 6.75], "texture": "#1"}
			}
		},
		{
			"name": "hexadecagon",
			"from": [6.93565, 10.3563, 7.224],
			"to": [7.72913, 10.8563, 7.724],
			"rotation": {"angle": 22.5, "axis": "z", "origin": [7.33239, 10.6063, 7.474]},
			"faces": {
				"north": {"uv": [7, 8, 7.375, 8.25], "texture": "#1"},
				"east": {"uv": [8.5, 8, 8.75, 8.25], "texture": "#1"},
				"south": {"uv": [8, 7, 8.375, 7.25], "texture": "#1"},
				"west": {"uv": [8.5, 8.5, 8.75, 8.75], "texture": "#1"},
				"up": {"uv": [7.875, 8.25, 7.5, 8], "texture": "#1"},
				"down": {"uv": [8.375, 7.5, 8, 7.75], "texture": "#1"}
			}
		},
		{
			"name": "hexadecagon",
			"from": [6.36968, 9.97813, 7.224],
			"to": [7.16316, 10.47813, 7.724],
			"rotation": {"angle": 45, "axis": "z", "origin": [6.76642, 10.22813, 7.474]},
			"faces": {
				"north": {"uv": [8, 8, 8.375, 8.25], "texture": "#1"},
				"east": {"uv": [0, 9, 0.25, 9.25], "texture": "#1"},
				"south": {"uv": [0, 8.5, 0.375, 8.75], "texture": "#1"},
				"west": {"uv": [9, 0, 9.25, 0.25], "texture": "#1"},
				"up": {"uv": [8.875, 0.25, 8.5, 0], "texture": "#1"},
				"down": {"uv": [0.875, 8.5, 0.5, 8.75], "texture": "#1"}
			}
		},
		{
			"name": "hexadecagon",
			"from": [5.80371, 9.59996, 7.224],
			"to": [6.59719, 10.09996, 7.724],
			"rotation": {"angle": 22.5, "axis": "z", "origin": [6.20045, 9.84996, 7.474]},
			"faces": {
				"north": {"uv": [8.5, 0.5, 8.875, 0.75], "texture": "#1"},
				"east": {"uv": [0.5, 9, 0.75, 9.25], "texture": "#1"},
				"south": {"uv": [1, 8.5, 1.375, 8.75], "texture": "#1"},
				"west": {"uv": [9, 0.5, 9.25, 0.75], "texture": "#1"},
				"up": {"uv": [8.875, 1.25, 8.5, 1], "texture": "#1"},
				"down": {"uv": [1.875, 8.5, 1.5, 8.75], "texture": "#1"}
			}
		},
		{
			"name": "hexadecagon",
			"from": [7.40326, 6, 7],
			"to": [8.59674, 7, 8],
			"rotation": {"angle": -22.5, "axis": "z", "origin": [8, 9, 7.5]},
			"faces": {
				"north": {"uv": [5.5, 4, 6.125, 4.5], "texture": "#1"},
				"east": {"uv": [3, 7, 3.5, 7.5], "texture": "#1"},
				"south": {"uv": [5.5, 4.5, 6.125, 5], "texture": "#1"},
				"west": {"uv": [7, 3, 7.5, 3.5], "texture": "#1"},
				"up": {"uv": [6.125, 5.5, 5.5, 5], "texture": "#1"},
				"down": {"uv": [6.125, 5.5, 5.5, 6], "texture": "#1"}
			}
		},
		{
			"name": "hexadecagon",
			"from": [7.40326, 11, 7.001],
			"to": [8.59674, 12, 8.001],
			"rotation": {"angle": 22.5, "axis": "z", "origin": [8, 9, 7.5]},
			"faces": {
				"north": {"uv": [6, 0, 6.625, 0.5], "texture": "#1"},
				"east": {"uv": [3.5, 7, 4, 7.5], "texture": "#1"},
				"south": {"uv": [6, 0.5, 6.625, 1], "texture": "#1"},
				"west": {"uv": [7, 3.5, 7.5, 4], "texture": "#1"},
				"up": {"uv": [2.125, 6.5, 1.5, 6], "texture": "#1"},
				"down": {"uv": [3.125, 6, 2.5, 6.5], "texture": "#1"}
			}
		},
		{
			"name": "hexadecagon",
			"from": [7.40326, 11, 7],
			"to": [8.59674, 12, 8],
			"rotation": {"angle": 0, "axis": "x", "origin": [8, 9, 7.5]},
			"faces": {
				"north": {"uv": [3.5, 6, 4.125, 6.5], "texture": "#1"},
				"east": {"uv": [4, 7, 4.5, 7.5], "texture": "#1"},
				"south": {"uv": [4.5, 6, 5.125, 6.5], "texture": "#1"},
				"west": {"uv": [7, 4, 7.5, 4.5], "texture": "#1"},
				"up": {"uv": [6.125, 6.5, 5.5, 6], "texture": "#1"},
				"down": {"uv": [0.625, 6.5, 0, 7], "texture": "#1"}
			}
		},
		{
			"name": "hexadecagon",
			"from": [7.40326, 11, 7.001],
			"to": [8.59674, 12, 8.001],
			"rotation": {"angle": -22.5, "axis": "z", "origin": [8, 9, 7.5]},
			"faces": {
				"north": {"uv": [1, 6.5, 1.625, 7], "texture": "#1"},
				"east": {"uv": [4.5, 7, 5, 7.5], "texture": "#1"},
				"south": {"uv": [6.5, 1, 7.125, 1.5], "texture": "#1"},
				"west": {"uv": [7, 4.5, 7.5, 5], "texture": "#1"},
				"up": {"uv": [7.125, 2, 6.5, 1.5], "texture": "#1"},
				"down": {"uv": [2.625, 6.5, 2, 7], "texture": "#1"}
			}
		},
		{
			"name": "hexadecagon",
			"from": [7.40326, 0, 7],
			"to": [8.59674, 6, 8],
			"rotation": {"angle": 0, "axis": "x", "origin": [8, 9, 7.5]},
			"faces": {
				"north": {"uv": [0, 0, 0.625, 3], "texture": "#1"},
				"east": {"uv": [2, 0, 2.5, 3], "texture": "#1"},
				"south": {"uv": [1, 0, 1.625, 3], "texture": "#1"},
				"west": {"uv": [2.5, 0, 3, 3], "texture": "#1"},
				"up": {"uv": [7.125, 2.5, 6.5, 2], "texture": "#1"},
				"down": {"uv": [7.125, 2.5, 6.5, 3], "texture": "#1"}
			}
		},
		{
			"name": "hexadecagon",
			"from": [8.06841, 0.27551, 7.1],
			"to": [10.06188, 1.27551, 7.9],
			"rotation": {"angle": 45, "axis": "z", "origin": [8.66514, 0.77551, 7.5]},
			"faces": {
				"north": {"uv": [0, 3, 1, 3.5], "texture": "#1"},
				"east": {"uv": [5, 7, 5.5, 7.5], "texture": "#1"},
				"south": {"uv": [3, 0, 4, 0.5], "texture": "#1"},
				"west": {"uv": [7, 5, 7.5, 5.5], "texture": "#1"},
				"up": {"uv": [4, 1, 3, 0.5], "texture": "#1"},
				"down": {"uv": [2, 3, 1, 3.5], "texture": "#1"}
			}
		},
		{
			"name": "hexadecagon",
			"from": [8.06841, 3.27551, 7.1],
			"to": [10.06188, 4.27551, 7.9],
			"rotation": {"angle": 45, "axis": "z", "origin": [8.66514, 3.77551, 7.5]},
			"faces": {
				"north": {"uv": [3, 1, 4, 1.5], "texture": "#1"},
				"east": {"uv": [5.5, 7, 6, 7.5], "texture": "#1"},
				"south": {"uv": [3, 1.5, 4, 2], "texture": "#1"},
				"west": {"uv": [7, 5.5, 7.5, 6], "texture": "#1"},
				"up": {"uv": [3, 3.5, 2, 3], "texture": "#1"},
				"down": {"uv": [4, 2, 3, 2.5], "texture": "#1"}
			}
		},
		{
			"name": "hexadecagon",
			"from": [8.06841, 1.54368, 7.1],
			"to": [9.06188, 2.54368, 7.9],
			"rotation": {"angle": -45, "axis": "z", "origin": [8.66514, 2.04368, 7.5]},
			"faces": {
				"north": {"uv": [6, 7, 6.5, 7.5], "texture": "#1"},
				"east": {"uv": [7, 6, 7.5, 6.5], "texture": "#1"},
				"south": {"uv": [6.5, 7, 7, 7.5], "texture": "#1"},
				"west": {"uv": [7, 6.5, 7.5, 7], "texture": "#1"},
				"up": {"uv": [7.5, 7.5, 7, 7], "texture": "#1"},
				"down": {"uv": [0.5, 7.5, 0, 8], "texture": "#1"}
			}
		},
		{
			"name": "hexadecagon",
			"from": [8.06841, 4.54368, 7.1],
			"to": [9.06188, 5.54368, 7.9],
			"rotation": {"angle": -45, "axis": "z", "origin": [8.66514, 5.04368, 7.5]},
			"faces": {
				"north": {"uv": [7.5, 0, 8, 0.5], "texture": "#1"},
				"east": {"uv": [0.5, 7.5, 1, 8], "texture": "#1"},
				"south": {"uv": [7.5, 0.5, 8, 1], "texture": "#1"},
				"west": {"uv": [1, 7.5, 1.5, 8], "texture": "#1"},
				"up": {"uv": [8, 1.5, 7.5, 1], "texture": "#1"},
				"down": {"uv": [2, 7.5, 1.5, 8], "texture": "#1"}
			}
		},
		{
			"from": [6.8325, 8.73, 7.58],
			"to": [7.0125, 8.91, 7.76],
			"rotation": {"angle": 0, "axis": "y", "origin": [7.41597, 9, 7.4]},
			"faces": {
				"north": {"uv": [1, 8.5, 1.25, 8.25], "rotation": 270, "texture": "#2"},
				"east": {"uv": [2.25, 8.5, 2, 8.25], "rotation": 270, "texture": "#2"},
				"south": {"uv": [0.75, 8.5, 1, 8.25], "rotation": 90, "texture": "#2"},
				"west": {"uv": [2, 8.25, 1.75, 8.5], "rotation": 270, "texture": "#2"},
				"up": {"uv": [8.5, 0.75, 8.25, 1], "rotation": 270, "texture": "#2"},
				"down": {"uv": [8.5, 1.5, 8.25, 1.75], "rotation": 270, "texture": "#2"}
			}
		},
		{
			"from": [7.0125, 8.73, 7.22],
			"to": [7.1925, 9.27, 7.76],
			"rotation": {"angle": 0, "axis": "y", "origin": [7.41597, 9, 7.4]},
			"faces": {
				"north": {"uv": [6.25, 2.75, 7, 2.5], "rotation": 270, "texture": "#2"},
				"east": {"uv": [2.75, 4.5, 2, 3.75], "rotation": 270, "texture": "#2"},
				"south": {"uv": [6.25, 2.5, 7, 2.25], "rotation": 90, "texture": "#2"},
				"west": {"uv": [2, 3.75, 1.25, 4.5], "rotation": 270, "texture": "#2"},
				"up": {"uv": [3.25, 6.25, 2.5, 6.5], "rotation": 270, "texture": "#2"},
				"down": {"uv": [7, 2.75, 6.25, 3], "rotation": 270, "texture": "#2"}
			}
		},
		{
			"from": [6.6525, 9.09, 7.4],
			"to": [7.0125, 9.27, 7.58],
			"rotation": {"angle": 0, "axis": "y", "origin": [7.41597, 9, 7.4]},
			"faces": {
				"north": {"uv": [7.25, 7.25, 7.5, 6.75], "rotation": 270, "texture": "#2"},
				"east": {"uv": [8.5, 2.5, 8.25, 2.25], "rotation": 270, "texture": "#2"},
				"south": {"uv": [7, 3.5, 7.25, 3], "rotation": 90, "texture": "#2"},
				"west": {"uv": [2.5, 8.25, 2.25, 8.5], "rotation": 270, "texture": "#2"},
				"up": {"uv": [6.75, 7.25, 6.5, 7.75], "rotation": 270, "texture": "#2"},
				"down": {"uv": [7.5, 7.25, 7.25, 7.75], "rotation": 270, "texture": "#2"}
			}
		},
		{
			"from": [6.29, 9.09, 7.4],
			"to": [6.65, 9.27, 7.58],
			"rotation": {"angle": 0, "axis": "y", "origin": [7.41597, 9, 7.4]},
			"faces": {
				"north": {"uv": [7.25, 7.25, 7.5, 6.75], "rotation": 270, "texture": "#2"},
				"east": {"uv": [8.5, 2.5, 8.25, 2.25], "rotation": 270, "texture": "#2"},
				"south": {"uv": [7, 3.5, 7.25, 3], "rotation": 90, "texture": "#2"},
				"west": {"uv": [2.5, 8.25, 2.25, 8.5], "rotation": 270, "texture": "#2"},
				"up": {"uv": [6.75, 7.25, 6.5, 7.75], "rotation": 270, "texture": "#2"},
				"down": {"uv": [7.5, 7.25, 7.25, 7.75], "rotation": 270, "texture": "#2"}
			}
		},
		{
			"from": [5.88127, 8.65226, 7.4],
			"to": [6.34127, 8.83226, 7.58],
			"rotation": {"angle": -22.5, "axis": "z", "origin": [7.41597, 9, 7.4]},
			"faces": {
				"north": {"uv": [7.25, 7.25, 7.5, 6.75], "rotation": 270, "texture": "#2"},
				"east": {"uv": [8.5, 2.5, 8.25, 2.25], "rotation": 270, "texture": "#2"},
				"south": {"uv": [7, 3.5, 7.25, 3], "rotation": 90, "texture": "#2"},
				"west": {"uv": [2.5, 8.25, 2.25, 8.5], "rotation": 270, "texture": "#2"},
				"up": {"uv": [6.75, 7.25, 6.5, 7.75], "rotation": 270, "texture": "#2"},
				"down": {"uv": [7.5, 7.25, 7.25, 7.75], "rotation": 270, "texture": "#2"}
			}
		},
		{
			"from": [5.91016, 8.7755, 6.98251],
			"to": [6.37016, 9.2555, 7.16251],
			"rotation": {"angle": 22.5, "axis": "y", "origin": [7.41597, 9, 7.4]},
			"faces": {
				"north": {"uv": [7.25, 7.25, 7.5, 6.75], "rotation": 270, "texture": "#2"},
				"east": {"uv": [8.5, 2.5, 8.25, 2.25], "rotation": 270, "texture": "#2"},
				"south": {"uv": [7, 3.5, 7.25, 3], "rotation": 90, "texture": "#2"},
				"west": {"uv": [2.5, 8.25, 2.25, 8.5], "rotation": 270, "texture": "#2"},
				"up": {"uv": [6.75, 7.25, 6.5, 7.75], "rotation": 270, "texture": "#2"},
				"down": {"uv": [7.5, 7.25, 7.25, 7.75], "rotation": 270, "texture": "#2"}
			}
		},
		{
			"from": [5.97904, 8.7755, 7.80379],
			"to": [6.43904, 9.2555, 7.98379],
			"rotation": {"angle": -22.5, "axis": "y", "origin": [7.41597, 9, 7.4]},
			"faces": {
				"north": {"uv": [7.25, 7.25, 7.5, 6.75], "rotation": 270, "texture": "#2"},
				"east": {"uv": [8.5, 2.5, 8.25, 2.25], "rotation": 270, "texture": "#2"},
				"south": {"uv": [7, 3.5, 7.25, 3], "rotation": 90, "texture": "#2"},
				"west": {"uv": [2.5, 8.25, 2.25, 8.5], "rotation": 270, "texture": "#2"},
				"up": {"uv": [6.75, 7.25, 6.5, 7.75], "rotation": 270, "texture": "#2"},
				"down": {"uv": [7.5, 7.25, 7.25, 7.75], "rotation": 270, "texture": "#2"}
			}
		},
		{
			"from": [5.88127, 9.16774, 7.4],
			"to": [6.34127, 9.34774, 7.58],
			"rotation": {"angle": 22.5, "axis": "z", "origin": [7.41597, 9, 7.4]},
			"faces": {
				"north": {"uv": [7.25, 7.25, 7.5, 6.75], "rotation": 270, "texture": "#2"},
				"east": {"uv": [8.5, 2.5, 8.25, 2.25], "rotation": 270, "texture": "#2"},
				"south": {"uv": [7, 3.5, 7.25, 3], "rotation": 90, "texture": "#2"},
				"west": {"uv": [2.5, 8.25, 2.25, 8.5], "rotation": 270, "texture": "#2"},
				"up": {"uv": [6.75, 7.25, 6.5, 7.75], "rotation": 270, "texture": "#2"},
				"down": {"uv": [7.5, 7.25, 7.25, 7.75], "rotation": 270, "texture": "#2"}
			}
		},
		{
			"from": [5.90933, 8.91, 7.13541],
			"to": [6.30683, 9.09, 7.31541],
			"rotation": {"angle": 22.5, "axis": "y", "origin": [7.41597, 9, 7.4]},
			"faces": {
				"north": {"uv": [7.25, 7.75, 7.5, 7.25], "rotation": 270, "texture": "#2"},
				"east": {"uv": [8.25, 2.25, 8.5, 2.5], "texture": "#2"},
				"south": {"uv": [6.5, 7.75, 6.75, 7.25], "rotation": 90, "texture": "#2"},
				"west": {"uv": [2.25, 8.5, 2.5, 8.25], "rotation": 180, "texture": "#2"},
				"up": {"uv": [7.5, 6.75, 7.25, 7.25], "rotation": 270, "texture": "#2"},
				"down": {"uv": [7.25, 3, 7, 3.5], "rotation": 270, "texture": "#2"}
			}
		},
		{
			"from": [5.91571, 8.91, 7.65089],
			"to": [6.37571, 9.09, 7.83089],
			"rotation": {"angle": -22.5, "axis": "y", "origin": [7.41597, 9, 7.4]},
			"faces": {
				"north": {"uv": [7.25, 7.75, 7.5, 7.25], "rotation": 270, "texture": "#2"},
				"east": {"uv": [8.25, 2.25, 8.5, 2.5], "texture": "#2"},
				"south": {"uv": [6.5, 7.75, 6.75, 7.25], "rotation": 90, "texture": "#2"},
				"west": {"uv": [2.25, 8.5, 2.5, 8.25], "rotation": 180, "texture": "#2"},
				"up": {"uv": [7.5, 6.75, 7.25, 7.25], "rotation": 270, "texture": "#2"},
				"down": {"uv": [7.25, 3, 7, 3.5], "rotation": 270, "texture": "#2"}
			}
		},
		{
			"from": [7.0125, 9.27, 7.22],
			"to": [7.1925, 9.45, 7.76],
			"rotation": {"angle": 0, "axis": "y", "origin": [7.41597, 9, 7.4]},
			"faces": {
				"north": {"uv": [2.75, 8.5, 3, 8.25], "rotation": 270, "texture": "#2"},
				"east": {"uv": [4.25, 7, 4, 6.25], "rotation": 270, "texture": "#2"},
				"south": {"uv": [2.5, 8.5, 2.75, 8.25], "rotation": 90, "texture": "#2"},
				"west": {"uv": [6.5, 3.75, 6.25, 4.5], "rotation": 270, "texture": "#2"},
				"up": {"uv": [7, 3, 6.25, 3.25], "rotation": 270, "texture": "#2"},
				"down": {"uv": [4, 6.25, 3.25, 6.5], "rotation": 270, "texture": "#2"}
			}
		},
		{
			"from": [7.0125, 9.45, 7.4],
			"to": [7.1925, 9.63, 7.58],
			"rotation": {"angle": 0, "axis": "y", "origin": [7.41597, 9, 7.4]},
			"faces": {
				"north": {"uv": [3.5, 8.5, 3.75, 8.25], "rotation": 270, "texture": "#2"},
				"east": {"uv": [8.5, 4, 8.25, 3.75], "rotation": 270, "texture": "#2"},
				"south": {"uv": [3, 8.5, 3.25, 8.25], "rotation": 90, "texture": "#2"},
				"west": {"uv": [4, 8.25, 3.75, 8.5], "rotation": 270, "texture": "#2"},
				"up": {"uv": [3.5, 8.25, 3.25, 8.5], "rotation": 270, "texture": "#2"},
				"down": {"uv": [8.5, 3.5, 8.25, 3.75], "rotation": 270, "texture": "#2"}
			}
		},
		{
			"from": [7.1925, 9.63, 7.58],
			"to": [7.3725, 9.81, 7.76],
			"rotation": {"angle": 0, "axis": "y", "origin": [7.41597, 9, 7.4]},
			"faces": {
				"north": {"uv": [4.25, 8.5, 4.5, 8.25], "rotation": 270, "texture": "#2"},
				"east": {"uv": [8.5, 4.75, 8.25, 4.5], "rotation": 270, "texture": "#2"},
				"south": {"uv": [4, 8.5, 4.25, 8.25], "rotation": 90, "texture": "#2"},
				"west": {"uv": [4.75, 8.25, 4.5, 8.5], "rotation": 270, "texture": "#2"},
				"up": {"uv": [8.5, 4, 8.25, 4.25], "rotation": 270, "texture": "#2"},
				"down": {"uv": [8.5, 4.25, 8.25, 4.5], "rotation": 270, "texture": "#2"}
			}
		},
		{
			"from": [7.1925, 8.73, 8.12],
			"to": [7.3725, 8.91, 8.3],
			"rotation": {"angle": 0, "axis": "y", "origin": [7.41597, 9, 7.4]},
			"faces": {
				"north": {"uv": [5.25, 8.5, 5.5, 8.25], "rotation": 270, "texture": "#2"},
				"east": {"uv": [6, 8.5, 5.75, 8.25], "rotation": 270, "texture": "#2"},
				"south": {"uv": [8.25, 5, 8.5, 4.75], "rotation": 90, "texture": "#2"},
				"west": {"uv": [8.5, 5.5, 8.25, 5.75], "rotation": 270, "texture": "#2"},
				"up": {"uv": [5.25, 8.25, 5, 8.5], "rotation": 270, "texture": "#2"},
				"down": {"uv": [8.5, 5.25, 8.25, 5.5], "rotation": 270, "texture": "#2"}
			}
		},
		{
			"from": [7.0125, 8.91, 7.94],
			"to": [7.1925, 9.09, 8.12],
			"rotation": {"angle": 0, "axis": "y", "origin": [7.41597, 9, 7.4]},
			"faces": {
				"north": {"uv": [6.25, 8.5, 6.5, 8.25], "rotation": 270, "texture": "#2"},
				"east": {"uv": [7, 8.5, 6.75, 8.25], "rotation": 270, "texture": "#2"},
				"south": {"uv": [6, 8.5, 6.25, 8.25], "rotation": 90, "texture": "#2"},
				"west": {"uv": [8.5, 6.5, 8.25, 6.75], "rotation": 270, "texture": "#2"},
				"up": {"uv": [8.5, 6, 8.25, 6.25], "rotation": 270, "texture": "#2"},
				"down": {"uv": [6.75, 8.25, 6.5, 8.5], "rotation": 270, "texture": "#2"}
			}
		},
		{
			"from": [7.0125, 8.73, 7.76],
			"to": [7.1925, 9.09, 7.94],
			"rotation": {"angle": 0, "axis": "y", "origin": [7.41597, 9, 7.4]},
			"faces": {
				"north": {"uv": [0, 7.75, 0.5, 7.5], "rotation": 270, "texture": "#2"},
				"east": {"uv": [8, 0.5, 7.5, 0.25], "rotation": 270, "texture": "#2"},
				"south": {"uv": [7.25, 6.25, 7.75, 6], "rotation": 90, "texture": "#2"},
				"west": {"uv": [8, 0, 7.5, 0.25], "rotation": 270, "texture": "#2"},
				"up": {"uv": [8.5, 6.75, 8.25, 7], "rotation": 270, "texture": "#2"},
				"down": {"uv": [7.25, 8.25, 7, 8.5], "rotation": 270, "texture": "#2"}
			}
		},
		{
			"from": [6.6525, 8.91, 7.58],
			"to": [7.0125, 9.09, 7.76],
			"rotation": {"angle": 0, "axis": "y", "origin": [7.41597, 9, 7.4]},
			"faces": {
				"north": {"uv": [7.5, 1.5, 7.75, 1], "rotation": 270, "texture": "#2"},
				"east": {"uv": [7.5, 8.5, 7.25, 8.25], "rotation": 270, "texture": "#2"},
				"south": {"uv": [0.5, 8, 0.75, 7.5], "rotation": 90, "texture": "#2"},
				"west": {"uv": [8.5, 7, 8.25, 7.25], "rotation": 270, "texture": "#2"},
				"up": {"uv": [7.75, 0.5, 7.5, 1], "rotation": 270, "texture": "#2"},
				"down": {"uv": [7.75, 1.5, 7.5, 2], "rotation": 270, "texture": "#2"}
			}
		},
		{
			"from": [6.8325, 9.09, 7.58],
			"to": [7.0125, 9.27, 7.76],
			"rotation": {"angle": 0, "axis": "y", "origin": [7.41597, 9, 7.4]},
			"faces": {
				"north": {"uv": [8.25, 8, 8.5, 7.75], "rotation": 270, "texture": "#2"},
				"east": {"uv": [8.5, 8.5, 8.25, 8.25], "rotation": 270, "texture": "#2"},
				"south": {"uv": [8.25, 7.5, 8.5, 7.25], "rotation": 90, "texture": "#2"},
				"west": {"uv": [8.5, 8, 8.25, 8.25], "rotation": 270, "texture": "#2"},
				"up": {"uv": [8.5, 7.5, 8.25, 7.75], "rotation": 270, "texture": "#2"},
				"down": {"uv": [8.25, 8.25, 8, 8.5], "rotation": 270, "texture": "#2"}
			}
		},
		{
			"from": [7.0125, 8.55, 7.22],
			"to": [7.1925, 8.73, 7.76],
			"rotation": {"angle": 0, "axis": "y", "origin": [7.41597, 9, 7.4]},
			"faces": {
				"north": {"uv": [8.5, 0.25, 8.75, 0], "rotation": 270, "texture": "#2"},
				"east": {"uv": [6, 7, 5.75, 6.25], "rotation": 270, "texture": "#2"},
				"south": {"uv": [0, 8.75, 0.25, 8.5], "rotation": 90, "texture": "#2"},
				"west": {"uv": [6.5, 5.5, 6.25, 6.25], "rotation": 270, "texture": "#2"},
				"up": {"uv": [7, 3.25, 6.25, 3.5], "rotation": 270, "texture": "#2"},
				"down": {"uv": [5.75, 6.25, 5, 6.5], "rotation": 270, "texture": "#2"}
			}
		},
		{
			"from": [7.0125, 8.37, 7.4],
			"to": [7.1925, 8.55, 7.58],
			"rotation": {"angle": 0, "axis": "y", "origin": [7.41597, 9, 7.4]},
			"faces": {
				"north": {"uv": [0.5, 8.75, 0.75, 8.5], "rotation": 270, "texture": "#2"},
				"east": {"uv": [8.75, 1, 8.5, 0.75], "rotation": 270, "texture": "#2"},
				"south": {"uv": [0.25, 8.75, 0.5, 8.5], "rotation": 90, "texture": "#2"},
				"west": {"uv": [1, 8.5, 0.75, 8.75], "rotation": 270, "texture": "#2"},
				"up": {"uv": [8.75, 0.25, 8.5, 0.5], "rotation": 270, "texture": "#2"},
				"down": {"uv": [8.75, 0.5, 8.5, 0.75], "rotation": 270, "texture": "#2"}
			}
		},
		{
			"from": [7.1925, 8.19, 7.22],
			"to": [7.3725, 8.37, 7.4],
			"rotation": {"angle": 0, "axis": "y", "origin": [7.41597, 9, 7.4]},
			"faces": {
				"north": {"uv": [1.25, 8.75, 1.5, 8.5], "rotation": 270, "texture": "#2"},
				"east": {"uv": [8.75, 1.75, 8.5, 1.5], "rotation": 270, "texture": "#2"},
				"south": {"uv": [1, 8.75, 1.25, 8.5], "rotation": 90, "texture": "#2"},
				"west": {"uv": [1.75, 8.5, 1.5, 8.75], "rotation": 270, "texture": "#2"},
				"up": {"uv": [8.75, 1, 8.5, 1.25], "rotation": 270, "texture": "#2"},
				"down": {"uv": [8.75, 1.25, 8.5, 1.5], "rotation": 270, "texture": "#2"}
			}
		},
		{
			"from": [7.0125, 8.91, 6.86],
			"to": [7.1925, 9.09, 7.04],
			"rotation": {"angle": 0, "axis": "y", "origin": [7.41597, 9, 7.4]},
			"faces": {
				"north": {"uv": [2, 8.75, 2.25, 8.5], "rotation": 270, "texture": "#2"},
				"east": {"uv": [8.75, 2.5, 8.5, 2.25], "rotation": 270, "texture": "#2"},
				"south": {"uv": [1.75, 8.75, 2, 8.5], "rotation": 90, "texture": "#2"},
				"west": {"uv": [2.5, 8.5, 2.25, 8.75], "rotation": 270, "texture": "#2"},
				"up": {"uv": [8.75, 1.75, 8.5, 2], "rotation": 270, "texture": "#2"},
				"down": {"uv": [8.75, 2, 8.5, 2.25], "rotation": 270, "texture": "#2"}
			}
		},
		{
			"from": [7.0125, 8.73, 7.04],
			"to": [7.1925, 9.27, 7.22],
			"rotation": {"angle": 0, "axis": "y", "origin": [7.41597, 9, 7.4]},
			"faces": {
				"north": {"uv": [0, 6.75, 0.75, 6.5], "rotation": 270, "texture": "#2"},
				"east": {"uv": [7.25, 1, 6.5, 0.75], "rotation": 270, "texture": "#2"},
				"south": {"uv": [6, 6.5, 6.75, 6.25], "rotation": 90, "texture": "#2"},
				"west": {"uv": [7.25, 0.5, 6.5, 0.75], "rotation": 270, "texture": "#2"},
				"up": {"uv": [2.75, 8.5, 2.5, 8.75], "rotation": 270, "texture": "#2"},
				"down": {"uv": [8.75, 2.5, 8.5, 2.75], "rotation": 270, "texture": "#2"}
			}
		},
		{
			"from": [6.8325, 8.73, 7.22],
			"to": [7.0125, 8.91, 7.4],
			"rotation": {"angle": 0, "axis": "y", "origin": [7.41597, 9, 7.4]},
			"faces": {
				"north": {"uv": [3, 8.75, 3.25, 8.5], "rotation": 270, "texture": "#2"},
				"east": {"uv": [8.75, 3.5, 8.5, 3.25], "rotation": 270, "texture": "#2"},
				"south": {"uv": [2.75, 8.75, 3, 8.5], "rotation": 90, "texture": "#2"},
				"west": {"uv": [3.5, 8.5, 3.25, 8.75], "rotation": 270, "texture": "#2"},
				"up": {"uv": [8.75, 2.75, 8.5, 3], "rotation": 270, "texture": "#2"},
				"down": {"uv": [8.75, 3, 8.5, 3.25], "rotation": 270, "texture": "#2"}
			}
		},
		{
			"from": [6.6525, 8.73, 7.4],
			"to": [7.0125, 8.91, 7.58],
			"rotation": {"angle": 0, "axis": "y", "origin": [7.41597, 9, 7.4]},
			"faces": {
				"north": {"uv": [7.5, 3.5, 7.75, 3], "rotation": 270, "texture": "#2"},
				"east": {"uv": [8.75, 3.75, 8.5, 3.5], "rotation": 270, "texture": "#2"},
				"south": {"uv": [7.5, 2.5, 7.75, 2], "rotation": 90, "texture": "#2"},
				"west": {"uv": [3.75, 8.5, 3.5, 8.75], "rotation": 270, "texture": "#2"},
				"up": {"uv": [7.75, 2.5, 7.5, 3], "rotation": 270, "texture": "#2"},
				"down": {"uv": [7.75, 3.5, 7.5, 4], "rotation": 270, "texture": "#2"}
			}
		},
		{
			"from": [6.29, 8.73, 7.4],
			"to": [6.65, 8.91, 7.58],
			"rotation": {"angle": 0, "axis": "y", "origin": [7.41597, 9, 7.4]},
			"faces": {
				"north": {"uv": [7.5, 3.5, 7.75, 3], "rotation": 270, "texture": "#2"},
				"east": {"uv": [8.75, 3.75, 8.5, 3.5], "rotation": 270, "texture": "#2"},
				"south": {"uv": [7.5, 2.5, 7.75, 2], "rotation": 90, "texture": "#2"},
				"west": {"uv": [3.75, 8.5, 3.5, 8.75], "rotation": 270, "texture": "#2"},
				"up": {"uv": [7.75, 2.5, 7.5, 3], "rotation": 270, "texture": "#2"},
				"down": {"uv": [7.75, 3.5, 7.5, 4], "rotation": 270, "texture": "#2"}
			}
		},
		{
			"from": [6.29, 8.91, 7.22],
			"to": [6.65, 9.09, 7.4],
			"rotation": {"angle": 0, "axis": "x", "origin": [7.41597, 9, 7.4]},
			"faces": {
				"north": {"uv": [7.5, 4, 7.75, 3.5], "rotation": 270, "texture": "#2"},
				"east": {"uv": [8.5, 3.5, 8.75, 3.75], "texture": "#2"},
				"south": {"uv": [7.5, 3, 7.75, 2.5], "rotation": 90, "texture": "#2"},
				"west": {"uv": [3.5, 8.75, 3.75, 8.5], "rotation": 180, "texture": "#2"},
				"up": {"uv": [7.75, 3, 7.5, 3.5], "rotation": 270, "texture": "#2"},
				"down": {"uv": [7.75, 2, 7.5, 2.5], "rotation": 270, "texture": "#2"}
			}
		},
		{
			"from": [6.29, 8.91, 7.58],
			"to": [6.65, 9.09, 7.76],
			"rotation": {"angle": 0, "axis": "x", "origin": [7.41597, 9, 7.4]},
			"faces": {
				"north": {"uv": [7.25, 7.75, 7.5, 7.25], "rotation": 270, "texture": "#2"},
				"east": {"uv": [8.25, 2.25, 8.5, 2.5], "texture": "#2"},
				"south": {"uv": [6.5, 7.75, 6.75, 7.25], "rotation": 90, "texture": "#2"},
				"west": {"uv": [2.25, 8.5, 2.5, 8.25], "rotation": 180, "texture": "#2"},
				"up": {"uv": [7.5, 6.75, 7.25, 7.25], "rotation": 270, "texture": "#2"},
				"down": {"uv": [7.25, 3, 7, 3.5], "rotation": 270, "texture": "#2"}
			}
		},
		{
			"from": [6.6525, 8.91, 7.22],
			"to": [7.0125, 9.09, 7.4],
			"rotation": {"angle": 0, "axis": "y", "origin": [7.41597, 9, 7.4]},
			"faces": {
				"north": {"uv": [4.75, 8, 5, 7.5], "rotation": 270, "texture": "#2"},
				"east": {"uv": [8.75, 4, 8.5, 3.75], "rotation": 270, "texture": "#2"},
				"south": {"uv": [7.5, 4.5, 7.75, 4], "rotation": 90, "texture": "#2"},
				"west": {"uv": [4, 8.5, 3.75, 8.75], "rotation": 270, "texture": "#2"},
				"up": {"uv": [4.75, 7.5, 4.5, 8], "rotation": 270, "texture": "#2"},
				"down": {"uv": [5.25, 7.5, 5, 8], "rotation": 270, "texture": "#2"}
			}
		},
		{
			"from": [6.4725, 8.91, 7.4],
			"to": [7.0125, 9.09, 7.58],
			"rotation": {"angle": 0, "axis": "y", "origin": [7.41597, 9, 7.4]},
			"faces": {
				"north": {"uv": [6, 8, 6.25, 7.25], "rotation": 270, "texture": "#2"},
				"east": {"uv": [8.5, 9.5, 8.25, 9.25], "rotation": 270, "texture": "#2"},
				"south": {"uv": [4.25, 8, 4.5, 7.25], "rotation": 90, "texture": "#2"},
				"west": {"uv": [9.5, 8, 9.25, 8.25], "rotation": 270, "texture": "#2"},
				"up": {"uv": [7.5, 5.25, 7.25, 6], "rotation": 270, "texture": "#2"},
				"down": {"uv": [6.5, 7.25, 6.25, 8], "rotation": 270, "texture": "#2"}
			}
		},
		{
			"from": [6.8325, 9.09, 7.22],
			"to": [7.0125, 9.27, 7.4],
			"rotation": {"angle": 0, "axis": "y", "origin": [7.41597, 9, 7.4]},
			"faces": {
				"north": {"uv": [4.25, 8.75, 4.5, 8.5], "rotation": 270, "texture": "#2"},
				"east": {"uv": [8.75, 4.75, 8.5, 4.5], "rotation": 270, "texture": "#2"},
				"south": {"uv": [4, 8.75, 4.25, 8.5], "rotation": 90, "texture": "#2"},
				"west": {"uv": [4.75, 8.5, 4.5, 8.75], "rotation": 270, "texture": "#2"},
				"up": {"uv": [8.75, 4, 8.5, 4.25], "rotation": 270, "texture": "#2"},
				"down": {"uv": [8.75, 4.25, 8.5, 4.5], "rotation": 270, "texture": "#2"}
			}
		},
		{
			"from": [7.1925, 9.09, 6.68],
			"to": [7.3725, 9.27, 6.86],
			"rotation": {"angle": 0, "axis": "y", "origin": [7.41597, 9, 7.4]},
			"faces": {
				"north": {"uv": [5, 8.75, 5.25, 8.5], "rotation": 270, "texture": "#2"},
				"east": {"uv": [8.75, 5.5, 8.5, 5.25], "rotation": 270, "texture": "#2"},
				"south": {"uv": [4.75, 8.75, 5, 8.5], "rotation": 90, "texture": "#2"},
				"west": {"uv": [5.5, 8.5, 5.25, 8.75], "rotation": 270, "texture": "#2"},
				"up": {"uv": [8.75, 4.75, 8.5, 5], "rotation": 270, "texture": "#2"},
				"down": {"uv": [8.75, 5, 8.5, 5.25], "rotation": 270, "texture": "#2"}
			}
		},
		{
			"from": [8.63, 8.37, 7.04],
			"to": [8.81, 9.63, 7.94],
			"rotation": {"angle": 0, "axis": "y", "origin": [7.41597, 9, 7.4]},
			"faces": {
				"north": {"uv": [2.75, 4.25, 4.5, 4], "rotation": 270, "texture": "#2"},
				"east": {"uv": [1.75, 2.5, 0, 1.25], "rotation": 270, "texture": "#2"},
				"south": {"uv": [2.75, 4, 4.5, 3.75], "rotation": 90, "texture": "#2"},
				"west": {"uv": [1.75, 0, 0, 1.25], "rotation": 270, "texture": "#2"},
				"up": {"uv": [6, 0, 4.75, 0.25], "rotation": 270, "texture": "#2"},
				"down": {"uv": [6, 0.25, 4.75, 0.5], "rotation": 270, "texture": "#2"}
			}
		},
		{
			"from": [8.63, 8.55, 7.94],
			"to": [8.81, 9.45, 8.12],
			"rotation": {"angle": 0, "axis": "y", "origin": [7.41597, 9, 7.4]},
			"faces": {
				"north": {"uv": [4.75, 1, 6, 0.75], "rotation": 270, "texture": "#2"},
				"east": {"uv": [6, 1.5, 4.75, 1.25], "rotation": 270, "texture": "#2"},
				"south": {"uv": [4.75, 0.75, 6, 0.5], "rotation": 90, "texture": "#2"},
				"west": {"uv": [6, 1, 4.75, 1.25], "rotation": 270, "texture": "#2"},
				"up": {"uv": [5.75, 8.5, 5.5, 8.75], "rotation": 270, "texture": "#2"},
				"down": {"uv": [8.75, 5.5, 8.5, 5.75], "rotation": 270, "texture": "#2"}
			}
		},
		{
			"from": [8.45, 8.55, 8.12],
			"to": [8.63, 9.45, 8.3],
			"rotation": {"angle": 0, "axis": "y", "origin": [7.41597, 9, 7.4]},
			"faces": {
				"north": {"uv": [1.75, 5, 3, 4.75], "rotation": 270, "texture": "#2"},
				"east": {"uv": [6, 2.25, 4.75, 2], "rotation": 270, "texture": "#2"},
				"south": {"uv": [4.75, 1.75, 6, 1.5], "rotation": 90, "texture": "#2"},
				"west": {"uv": [6, 1.75, 4.75, 2], "rotation": 270, "texture": "#2"},
				"up": {"uv": [6, 8.5, 5.75, 8.75], "rotation": 270, "texture": "#2"},
				"down": {"uv": [8.75, 5.75, 8.5, 6], "rotation": 270, "texture": "#2"}
			}
		},
		{
			"from": [7.55, 8.37, 7.94],
			"to": [8.45, 9.63, 8.12],
			"rotation": {"angle": 0, "axis": "y", "origin": [7.41597, 9, 7.4]},
			"faces": {
				"north": {"uv": [1.75, 2.5, 3.5, 1.25], "rotation": 270, "texture": "#2"},
				"east": {"uv": [1.75, 4.75, 0, 4.5], "rotation": 270, "texture": "#2"},
				"south": {"uv": [1.75, 1.25, 3.5, 0], "rotation": 90, "texture": "#2"},
				"west": {"uv": [4.5, 4.25, 2.75, 4.5], "rotation": 270, "texture": "#2"},
				"up": {"uv": [5, 2.25, 4.75, 3.5], "rotation": 270, "texture": "#2"},
				"down": {"uv": [3.25, 4.75, 3, 6], "rotation": 270, "texture": "#2"}
			}
		},
		{
			"from": [8.63, 8.55, 6.86],
			"to": [8.81, 9.45, 7.04],
			"rotation": {"angle": 0, "axis": "y", "origin": [7.41597, 9, 7.4]},
			"faces": {
				"north": {"uv": [4.75, 3.75, 6, 3.5], "rotation": 270, "texture": "#2"},
				"east": {"uv": [1.25, 5.25, 0, 5], "rotation": 270, "texture": "#2"},
				"south": {"uv": [3.25, 5, 4.5, 4.75], "rotation": 90, "texture": "#2"},
				"west": {"uv": [5.75, 4.75, 4.5, 5], "rotation": 270, "texture": "#2"},
				"up": {"uv": [6.25, 8.5, 6, 8.75], "rotation": 270, "texture": "#2"},
				"down": {"uv": [8.75, 6, 8.5, 6.25], "rotation": 270, "texture": "#2"}
			}
		},
		{
			"from": [7.19, 8.37, 7.04],
			"to": [7.37, 9.63, 7.94],
			"rotation": {"angle": 0, "axis": "y", "origin": [7.41597, 9, 7.4]},
			"faces": {
				"north": {"uv": [3.5, 4.75, 5.25, 4.5], "rotation": 270, "texture": "#2"},
				"east": {"uv": [3.5, 3.75, 1.75, 2.5], "rotation": 270, "texture": "#2"},
				"south": {"uv": [1.75, 4.75, 3.5, 4.5], "rotation": 90, "texture": "#2"},
				"west": {"uv": [1.75, 2.5, 0, 3.75], "rotation": 270, "texture": "#2"},
				"up": {"uv": [2.5, 5, 1.25, 5.25], "rotation": 270, "texture": "#2"},
				"down": {"uv": [6.25, 2.25, 5, 2.5], "rotation": 270, "texture": "#2"}
			}
		},
		{
			"from": [7.19, 8.55, 6.86],
			"to": [7.37, 9.45, 7.04],
			"rotation": {"angle": 0, "axis": "y", "origin": [7.41597, 9, 7.4]},
			"faces": {
				"north": {"uv": [5, 3, 6.25, 2.75], "rotation": 270, "texture": "#2"},
				"east": {"uv": [4.5, 5.25, 3.25, 5], "rotation": 270, "texture": "#2"},
				"south": {"uv": [5, 2.75, 6.25, 2.5], "rotation": 90, "texture": "#2"},
				"west": {"uv": [6.25, 3, 5, 3.25], "rotation": 270, "texture": "#2"},
				"up": {"uv": [6.5, 8.5, 6.25, 8.75], "rotation": 270, "texture": "#2"},
				"down": {"uv": [8.75, 6.25, 8.5, 6.5], "rotation": 270, "texture": "#2"}
			}
		},
		{
			"from": [7.19, 8.55, 7.94],
			"to": [7.37, 9.45, 8.12],
			"rotation": {"angle": 0, "axis": "y", "origin": [7.41597, 9, 7.4]},
			"faces": {
				"north": {"uv": [4.5, 5.25, 5.75, 5], "rotation": 270, "texture": "#2"},
				"east": {"uv": [2.5, 5.5, 1.25, 5.25], "rotation": 270, "texture": "#2"},
				"south": {"uv": [5, 3.5, 6.25, 3.25], "rotation": 90, "texture": "#2"},
				"west": {"uv": [1.25, 5.25, 0, 5.5], "rotation": 270, "texture": "#2"},
				"up": {"uv": [6.75, 8.5, 6.5, 8.75], "rotation": 270, "texture": "#2"},
				"down": {"uv": [8.75, 6.5, 8.5, 6.75], "rotation": 270, "texture": "#2"}
			}
		},
		{
			"from": [8.45, 8.55, 6.68],
			"to": [8.63, 9.45, 6.86],
			"rotation": {"angle": 0, "axis": "y", "origin": [7.41597, 9, 7.4]},
			"faces": {
				"north": {"uv": [4.5, 5.5, 5.75, 5.25], "rotation": 270, "texture": "#2"},
				"east": {"uv": [1.25, 5.75, 0, 5.5], "rotation": 270, "texture": "#2"},
				"south": {"uv": [3.25, 5.5, 4.5, 5.25], "rotation": 90, "texture": "#2"},
				"west": {"uv": [6.5, 4.5, 5.25, 4.75], "rotation": 270, "texture": "#2"},
				"up": {"uv": [7, 8.5, 6.75, 8.75], "rotation": 270, "texture": "#2"},
				"down": {"uv": [8.75, 6.75, 8.5, 7], "rotation": 270, "texture": "#2"}
			}
		},
		{
			"from": [8.27, 8.73, 6.5],
			"to": [8.45, 9.27, 6.68],
			"rotation": {"angle": 0, "axis": "y", "origin": [7.41597, 9, 7.4]},
			"faces": {
				"north": {"uv": [6.5, 1.5, 7.25, 1.25], "rotation": 270, "texture": "#2"},
				"east": {"uv": [3.25, 6.75, 2.5, 6.5], "rotation": 270, "texture": "#2"},
				"south": {"uv": [6.5, 1.25, 7.25, 1], "rotation": 90, "texture": "#2"},
				"west": {"uv": [7.25, 1.5, 6.5, 1.75], "rotation": 270, "texture": "#2"},
				"up": {"uv": [7.25, 8.5, 7, 8.75], "rotation": 270, "texture": "#2"},
				"down": {"uv": [8.75, 7, 8.5, 7.25], "rotation": 270, "texture": "#2"}
			}
		},
		{
			"from": [7.73, 8.55, 6.5],
			"to": [8.27, 9.45, 6.68],
			"rotation": {"angle": 0, "axis": "y", "origin": [7.41597, 9, 7.4]},
			"faces": {
				"north": {"uv": [3.5, 1.5, 4.75, 0.75], "rotation": 270, "texture": "#2"},
				"east": {"uv": [4.5, 5.75, 3.25, 5.5], "rotation": 270, "texture": "#2"},
				"south": {"uv": [3.5, 0.75, 4.75, 0], "rotation": 90, "texture": "#2"},
				"west": {"uv": [2.5, 5.5, 1.25, 5.75], "rotation": 270, "texture": "#2"},
				"up": {"uv": [1, 6.5, 0.75, 7.25], "rotation": 270, "texture": "#2"},
				"down": {"uv": [1.25, 6.5, 1, 7.25], "rotation": 270, "texture": "#2"}
			}
		},
		{
			"from": [7.55, 8.73, 6.5],
			"to": [7.73, 9.27, 6.68],
			"rotation": {"angle": 0, "axis": "y", "origin": [7.41597, 9, 7.4]},
			"faces": {
				"north": {"uv": [6.5, 4, 7.25, 3.75], "rotation": 270, "texture": "#2"},
				"east": {"uv": [7.25, 4.5, 6.5, 4.25], "rotation": 270, "texture": "#2"},
				"south": {"uv": [3.25, 6.75, 4, 6.5], "rotation": 90, "texture": "#2"},
				"west": {"uv": [7.25, 4, 6.5, 4.25], "rotation": 270, "texture": "#2"},
				"up": {"uv": [7.5, 8.5, 7.25, 8.75], "rotation": 270, "texture": "#2"},
				"down": {"uv": [8.75, 7.25, 8.5, 7.5], "rotation": 270, "texture": "#2"}
			}
		},
		{
			"from": [7.73, 9.81, 7.04],
			"to": [8.27, 9.99, 7.94],
			"rotation": {"angle": 0, "axis": "y", "origin": [7.41597, 9, 7.4]},
			"faces": {
				"north": {"uv": [5.25, 7.25, 5.5, 6.5], "rotation": 270, "texture": "#2"},
				"east": {"uv": [3, 6.25, 2.75, 5], "rotation": 270, "texture": "#2"},
				"south": {"uv": [5, 7.25, 5.25, 6.5], "rotation": 90, "texture": "#2"},
				"west": {"uv": [2.75, 5, 2.5, 6.25], "rotation": 270, "texture": "#2"},
				"up": {"uv": [4.75, 1.5, 3.5, 2.25], "rotation": 270, "texture": "#2"},
				"down": {"uv": [4.75, 2.25, 3.5, 3], "rotation": 270, "texture": "#2"}
			}
		},
		{
			"from": [7.55, 9.81, 7.22],
			"to": [7.73, 9.99, 7.76],
			"rotation": {"angle": 0, "axis": "y", "origin": [7.41597, 9, 7.4]},
			"faces": {
				"north": {"uv": [8.5, 7.75, 8.75, 7.5], "rotation": 270, "texture": "#2"},
				"east": {"uv": [6.25, 7.25, 6, 6.5], "rotation": 270, "texture": "#2"},
				"south": {"uv": [7.5, 8.75, 7.75, 8.5], "rotation": 90, "texture": "#2"},
				"west": {"uv": [5.75, 6.5, 5.5, 7.25], "rotation": 270, "texture": "#2"},
				"up": {"uv": [7.25, 4.5, 6.5, 4.75], "rotation": 270, "texture": "#2"},
				"down": {"uv": [7.25, 5.5, 6.5, 5.75], "rotation": 270, "texture": "#2"}
			}
		},
		{
			"from": [7.55, 8.01, 7.22],
			"to": [7.73, 8.19, 7.76],
			"rotation": {"angle": 0, "axis": "y", "origin": [7.41597, 9, 7.4]},
			"faces": {
				"north": {"uv": [8.5, 8, 8.75, 7.75], "rotation": 270, "texture": "#2"},
				"east": {"uv": [6.75, 7.25, 6.5, 6.5], "rotation": 270, "texture": "#2"},
				"south": {"uv": [7.75, 8.75, 8, 8.5], "rotation": 90, "texture": "#2"},
				"west": {"uv": [6.5, 6.5, 6.25, 7.25], "rotation": 270, "texture": "#2"},
				"up": {"uv": [7.25, 5.75, 6.5, 6], "rotation": 270, "texture": "#2"},
				"down": {"uv": [7.25, 6, 6.5, 6.25], "rotation": 270, "texture": "#2"}
			}
		},
		{
			"from": [7.73, 8.01, 7.04],
			"to": [8.27, 8.19, 7.94],
			"rotation": {"angle": 0, "axis": "y", "origin": [7.41597, 9, 7.4]},
			"faces": {
				"north": {"uv": [0.25, 7.5, 0.5, 6.75], "rotation": 270, "texture": "#2"},
				"east": {"uv": [5, 6.75, 4.75, 5.5], "rotation": 270, "texture": "#2"},
				"south": {"uv": [0, 7.5, 0.25, 6.75], "rotation": 90, "texture": "#2"},
				"west": {"uv": [4.75, 5.5, 4.5, 6.75], "rotation": 270, "texture": "#2"},
				"up": {"uv": [4.75, 3, 3.5, 3.75], "rotation": 270, "texture": "#2"},
				"down": {"uv": [1.25, 3.75, 0, 4.5], "rotation": 270, "texture": "#2"}
			}
		},
		{
			"from": [8.27, 8.01, 7.22],
			"to": [8.45, 8.19, 7.76],
			"rotation": {"angle": 0, "axis": "y", "origin": [7.41597, 9, 7.4]},
			"faces": {
				"north": {"uv": [8.5, 8.25, 8.75, 8], "rotation": 270, "texture": "#2"},
				"east": {"uv": [4.75, 7.5, 4.5, 6.75], "rotation": 270, "texture": "#2"},
				"south": {"uv": [8, 8.75, 8.25, 8.5], "rotation": 90, "texture": "#2"},
				"west": {"uv": [0.75, 6.75, 0.5, 7.5], "rotation": 270, "texture": "#2"},
				"up": {"uv": [3.25, 6.75, 2.5, 7], "rotation": 270, "texture": "#2"},
				"down": {"uv": [4, 6.75, 3.25, 7], "rotation": 270, "texture": "#2"}
			}
		},
		{
			"from": [8.27, 9.81, 7.22],
			"to": [8.45, 9.99, 7.76],
			"rotation": {"angle": 0, "axis": "y", "origin": [7.41597, 9, 7.4]},
			"faces": {
				"north": {"uv": [8.5, 8.5, 8.75, 8.25], "rotation": 270, "texture": "#2"},
				"east": {"uv": [7, 7.5, 6.75, 6.75], "rotation": 270, "texture": "#2"},
				"south": {"uv": [8.25, 8.75, 8.5, 8.5], "rotation": 90, "texture": "#2"},
				"west": {"uv": [5, 6.75, 4.75, 7.5], "rotation": 270, "texture": "#2"},
				"up": {"uv": [7.5, 6.25, 6.75, 6.5], "rotation": 270, "texture": "#2"},
				"down": {"uv": [7.5, 6.5, 6.75, 6.75], "rotation": 270, "texture": "#2"}
			}
		},
		{
			"from": [8.27, 9.27, 6.68],
			"to": [8.45, 9.63, 6.86],
			"rotation": {"angle": 0, "axis": "y", "origin": [7.41597, 9, 7.4]},
			"faces": {
				"north": {"uv": [7.5, 5.5, 8, 5.25], "rotation": 270, "texture": "#2"},
				"east": {"uv": [8, 6, 7.5, 5.75], "rotation": 270, "texture": "#2"},
				"south": {"uv": [5.25, 7.75, 5.75, 7.5], "rotation": 90, "texture": "#2"},
				"west": {"uv": [8, 5.5, 7.5, 5.75], "rotation": 270, "texture": "#2"},
				"up": {"uv": [8.75, 8.5, 8.5, 8.75], "rotation": 270, "texture": "#2"},
				"down": {"uv": [0.25, 8.75, 0, 9], "rotation": 270, "texture": "#2"}
			}
		},
		{
			"from": [8.27, 8.37, 6.68],
			"to": [8.45, 8.73, 6.86],
			"rotation": {"angle": 0, "axis": "y", "origin": [7.41597, 9, 7.4]},
			"faces": {
				"north": {"uv": [7.5, 6.75, 8, 6.5], "rotation": 270, "texture": "#2"},
				"east": {"uv": [8, 7, 7.5, 6.75], "rotation": 270, "texture": "#2"},
				"south": {"uv": [7.5, 6.5, 8, 6.25], "rotation": 90, "texture": "#2"},
				"west": {"uv": [7.25, 7.5, 6.75, 7.75], "rotation": 270, "texture": "#2"},
				"up": {"uv": [9, 0, 8.75, 0.25], "rotation": 270, "texture": "#2"},
				"down": {"uv": [0.5, 8.75, 0.25, 9], "rotation": 270, "texture": "#2"}
			}
		},
		{
			"from": [8.27, 8.37, 8.12],
			"to": [8.45, 8.55, 8.3],
			"rotation": {"angle": 0, "axis": "y", "origin": [7.41597, 9, 7.4]},
			"faces": {
				"north": {"uv": [8.75, 0.75, 9, 0.5], "rotation": 270, "texture": "#2"},
				"east": {"uv": [1.25, 9, 1, 8.75], "rotation": 270, "texture": "#2"},
				"south": {"uv": [8.75, 0.5, 9, 0.25], "rotation": 90, "texture": "#2"},
				"west": {"uv": [9, 0.75, 8.75, 1], "rotation": 270, "texture": "#2"},
				"up": {"uv": [0.75, 8.75, 0.5, 9], "rotation": 270, "texture": "#2"},
				"down": {"uv": [1, 8.75, 0.75, 9], "rotation": 270, "texture": "#2"}
			}
		},
		{
			"from": [8.27, 9.45, 8.12],
			"to": [8.45, 9.63, 8.3],
			"rotation": {"angle": 0, "axis": "y", "origin": [7.41597, 9, 7.4]},
			"faces": {
				"north": {"uv": [8.75, 1.5, 9, 1.25], "rotation": 270, "texture": "#2"},
				"east": {"uv": [2, 9, 1.75, 8.75], "rotation": 270, "texture": "#2"},
				"south": {"uv": [8.75, 1.25, 9, 1], "rotation": 90, "texture": "#2"},
				"west": {"uv": [9, 1.5, 8.75, 1.75], "rotation": 270, "texture": "#2"},
				"up": {"uv": [1.5, 8.75, 1.25, 9], "rotation": 270, "texture": "#2"},
				"down": {"uv": [1.75, 8.75, 1.5, 9], "rotation": 270, "texture": "#2"}
			}
		},
		{
			"from": [8.27, 8.19, 7.76],
			"to": [8.45, 8.37, 8.12],
			"rotation": {"angle": 0, "axis": "y", "origin": [7.41597, 9, 7.4]},
			"faces": {
				"north": {"uv": [2, 9, 2.25, 8.75], "rotation": 270, "texture": "#2"},
				"east": {"uv": [0.25, 8.25, 0, 7.75], "rotation": 270, "texture": "#2"},
				"south": {"uv": [8.75, 2, 9, 1.75], "rotation": 90, "texture": "#2"},
				"west": {"uv": [7.75, 7.5, 7.5, 8], "rotation": 270, "texture": "#2"},
				"up": {"uv": [8, 7, 7.5, 7.25], "rotation": 270, "texture": "#2"},
				"down": {"uv": [8, 7.25, 7.5, 7.5], "rotation": 270, "texture": "#2"}
			}
		},
		{
			"from": [8.27, 8.19, 6.86],
			"to": [8.45, 8.37, 7.22],
			"rotation": {"angle": 0, "axis": "y", "origin": [7.41597, 9, 7.4]},
			"faces": {
				"north": {"uv": [2.25, 9, 2.5, 8.75], "rotation": 270, "texture": "#2"},
				"east": {"uv": [8, 1.5, 7.75, 1], "rotation": 270, "texture": "#2"},
				"south": {"uv": [8.75, 2.25, 9, 2], "rotation": 90, "texture": "#2"},
				"west": {"uv": [0.5, 7.75, 0.25, 8.25], "rotation": 270, "texture": "#2"},
				"up": {"uv": [8.25, 0.5, 7.75, 0.75], "rotation": 270, "texture": "#2"},
				"down": {"uv": [8.25, 0.75, 7.75, 1], "rotation": 270, "texture": "#2"}
			}
		},
		{
			"from": [7.55, 8.19, 6.86],
			"to": [7.73, 8.37, 7.22],
			"rotation": {"angle": 0, "axis": "y", "origin": [7.41597, 9, 7.4]},
			"faces": {
				"north": {"uv": [2.5, 9, 2.75, 8.75], "rotation": 270, "texture": "#2"},
				"east": {"uv": [8, 2.25, 7.75, 1.75], "rotation": 270, "texture": "#2"},
				"south": {"uv": [8.75, 2.5, 9, 2.25], "rotation": 90, "texture": "#2"},
				"west": {"uv": [2, 7.75, 1.75, 8.25], "rotation": 270, "texture": "#2"},
				"up": {"uv": [1.75, 7.75, 1.25, 8], "rotation": 270, "texture": "#2"},
				"down": {"uv": [8.25, 1.5, 7.75, 1.75], "rotation": 270, "texture": "#2"}
			}
		},
		{
			"from": [7.55, 8.19, 7.76],
			"to": [7.73, 8.37, 8.12],
			"rotation": {"angle": 0, "axis": "y", "origin": [7.41597, 9, 7.4]},
			"faces": {
				"north": {"uv": [2.75, 9, 3, 8.75], "rotation": 270, "texture": "#2"},
				"east": {"uv": [8, 3, 7.75, 2.5], "rotation": 270, "texture": "#2"},
				"south": {"uv": [8.75, 2.75, 9, 2.5], "rotation": 90, "texture": "#2"},
				"west": {"uv": [2.75, 7.75, 2.5, 8.25], "rotation": 270, "texture": "#2"},
				"up": {"uv": [2.5, 7.75, 2, 8], "rotation": 270, "texture": "#2"},
				"down": {"uv": [8.25, 2.25, 7.75, 2.5], "rotation": 270, "texture": "#2"}
			}
		},
		{
			"from": [7.73, 8.19, 6.86],
			"to": [8.27, 8.37, 7.04],
			"rotation": {"angle": 0, "axis": "y", "origin": [7.41597, 9, 7.4]},
			"faces": {
				"north": {"uv": [1.75, 7.75, 2, 7], "rotation": 270, "texture": "#2"},
				"east": {"uv": [3.25, 9, 3, 8.75], "rotation": 270, "texture": "#2"},
				"south": {"uv": [1.25, 7.75, 1.5, 7], "rotation": 90, "texture": "#2"},
				"west": {"uv": [9, 2.75, 8.75, 3], "rotation": 270, "texture": "#2"},
				"up": {"uv": [1.75, 7, 1.5, 7.75], "rotation": 270, "texture": "#2"},
				"down": {"uv": [2.25, 7, 2, 7.75], "rotation": 270, "texture": "#2"}
			}
		},
		{
			"from": [7.73, 9.63, 6.86],
			"to": [8.27, 9.81, 7.04],
			"rotation": {"angle": 0, "axis": "y", "origin": [7.41597, 9, 7.4]},
			"faces": {
				"north": {"uv": [2.5, 7.75, 2.75, 7], "rotation": 270, "texture": "#2"},
				"east": {"uv": [3.5, 9, 3.25, 8.75], "rotation": 270, "texture": "#2"},
				"south": {"uv": [2.25, 7.75, 2.5, 7], "rotation": 90, "texture": "#2"},
				"west": {"uv": [9, 3, 8.75, 3.25], "rotation": 270, "texture": "#2"},
				"up": {"uv": [7.25, 2.25, 7, 3], "rotation": 270, "texture": "#2"},
				"down": {"uv": [3, 7, 2.75, 7.75], "rotation": 270, "texture": "#2"}
			}
		},
		{
			"from": [7.73, 8.19, 7.94],
			"to": [8.27, 8.37, 8.12],
			"rotation": {"angle": 0, "axis": "y", "origin": [7.41597, 9, 7.4]},
			"faces": {
				"north": {"uv": [3.5, 7.75, 3.75, 7], "rotation": 270, "texture": "#2"},
				"east": {"uv": [3.75, 9, 3.5, 8.75], "rotation": 270, "texture": "#2"},
				"south": {"uv": [3, 7.75, 3.25, 7], "rotation": 90, "texture": "#2"},
				"west": {"uv": [9, 3.25, 8.75, 3.5], "rotation": 270, "texture": "#2"},
				"up": {"uv": [3.5, 7, 3.25, 7.75], "rotation": 270, "texture": "#2"},
				"down": {"uv": [4, 7, 3.75, 7.75], "rotation": 270, "texture": "#2"}
			}
		},
		{
			"from": [7.73, 9.63, 7.94],
			"to": [8.27, 9.81, 8.12],
			"rotation": {"angle": 0, "axis": "y", "origin": [7.41597, 9, 7.4]},
			"faces": {
				"north": {"uv": [5.75, 7.75, 6, 7], "rotation": 270, "texture": "#2"},
				"east": {"uv": [4, 9, 3.75, 8.75], "rotation": 270, "texture": "#2"},
				"south": {"uv": [4, 7.75, 4.25, 7], "rotation": 90, "texture": "#2"},
				"west": {"uv": [9, 3.5, 8.75, 3.75], "rotation": 270, "texture": "#2"},
				"up": {"uv": [7.25, 4.75, 7, 5.5], "rotation": 270, "texture": "#2"},
				"down": {"uv": [7.25, 6.75, 7, 7.5], "rotation": 270, "texture": "#2"}
			}
		},
		{
			"from": [7.73, 8.37, 6.68],
			"to": [8.27, 8.55, 6.86],
			"rotation": {"angle": 0, "axis": "y", "origin": [7.41597, 9, 7.4]},
			"faces": {
				"north": {"uv": [7.25, 1.5, 7.5, 0.75], "rotation": 270, "texture": "#2"},
				"east": {"uv": [4.25, 9, 4, 8.75], "rotation": 270, "texture": "#2"},
				"south": {"uv": [7.25, 0.75, 7.5, 0], "rotation": 90, "texture": "#2"},
				"west": {"uv": [9, 3.75, 8.75, 4], "rotation": 270, "texture": "#2"},
				"up": {"uv": [1, 7.25, 0.75, 8], "rotation": 270, "texture": "#2"},
				"down": {"uv": [1.25, 7.25, 1, 8], "rotation": 270, "texture": "#2"}
			}
		},
		{
			"from": [7.91, 8.37, 8.12],
			"to": [8.27, 8.55, 8.3],
			"rotation": {"angle": 0, "axis": "y", "origin": [7.41597, 9, 7.4]},
			"faces": {
				"north": {"uv": [7.75, 3.5, 8, 3], "rotation": 270, "texture": "#2"},
				"east": {"uv": [4.5, 9, 4.25, 8.75], "rotation": 270, "texture": "#2"},
				"south": {"uv": [2.75, 8.25, 3, 7.75], "rotation": 90, "texture": "#2"},
				"west": {"uv": [9, 4, 8.75, 4.25], "rotation": 270, "texture": "#2"},
				"up": {"uv": [3.25, 7.75, 3, 8.25], "rotation": 270, "texture": "#2"},
				"down": {"uv": [3.5, 7.75, 3.25, 8.25], "rotation": 270, "texture": "#2"}
			}
		},
		{
			"from": [8.27, 8.55, 8.12],
			"to": [8.36, 8.64, 8.3],
			"rotation": {"angle": 0, "axis": "y", "origin": [7.41597, 9, 7.4]},
			"faces": {
				"north": {"uv": [8.75, 4.75, 9, 4.5], "rotation": 270, "texture": "#2"},
				"east": {"uv": [5.25, 9, 5, 8.75], "rotation": 270, "texture": "#2"},
				"south": {"uv": [8.75, 4.5, 9, 4.25], "rotation": 90, "texture": "#2"},
				"west": {"uv": [9, 4.75, 8.75, 5], "rotation": 270, "texture": "#2"},
				"up": {"uv": [4.75, 8.75, 4.5, 9], "rotation": 270, "texture": "#2"},
				"down": {"uv": [5, 8.75, 4.75, 9], "rotation": 270, "texture": "#2"}
			}
		},
		{
			"from": [7.82, 8.37, 8.12],
			"to": [7.91, 8.46, 8.3],
			"rotation": {"angle": 0, "axis": "y", "origin": [7.41597, 9, 7.4]},
			"faces": {
				"north": {"uv": [8.75, 5.5, 9, 5.25], "rotation": 270, "texture": "#2"},
				"east": {"uv": [6, 9, 5.75, 8.75], "rotation": 270, "texture": "#2"},
				"south": {"uv": [8.75, 5.25, 9, 5], "rotation": 90, "texture": "#2"},
				"west": {"uv": [9, 5.5, 8.75, 5.75], "rotation": 270, "texture": "#2"},
				"up": {"uv": [5.5, 8.75, 5.25, 9], "rotation": 270, "texture": "#2"},
				"down": {"uv": [5.75, 8.75, 5.5, 9], "rotation": 270, "texture": "#2"}
			}
		},
		{
			"from": [7.91, 8.91, 8.12],
			"to": [8, 9.09, 8.21],
			"rotation": {"angle": 0, "axis": "y", "origin": [7.41597, 9, 7.4]},
			"faces": {
				"north": {"uv": [8.75, 6.25, 9, 6], "rotation": 270, "texture": "#2"},
				"east": {"uv": [6.75, 9, 6.5, 8.75], "rotation": 270, "texture": "#2"},
				"south": {"uv": [8.75, 6, 9, 5.75], "rotation": 90, "texture": "#2"},
				"west": {"uv": [9, 6.25, 8.75, 6.5], "rotation": 270, "texture": "#2"},
				"up": {"uv": [6.25, 8.75, 6, 9], "rotation": 270, "texture": "#2"},
				"down": {"uv": [6.5, 8.75, 6.25, 9], "rotation": 270, "texture": "#2"}
			}
		},
		{
			"from": [7.82, 8.82, 8.12],
			"to": [7.91, 8.91, 8.3],
			"rotation": {"angle": 0, "axis": "y", "origin": [7.41597, 9, 7.4]},
			"faces": {
				"north": {"uv": [8.75, 7, 9, 6.75], "rotation": 270, "texture": "#2"},
				"east": {"uv": [7.5, 9, 7.25, 8.75], "rotation": 270, "texture": "#2"},
				"south": {"uv": [8.75, 6.75, 9, 6.5], "rotation": 90, "texture": "#2"},
				"west": {"uv": [9, 7, 8.75, 7.25], "rotation": 270, "texture": "#2"},
				"up": {"uv": [7, 8.75, 6.75, 9], "rotation": 270, "texture": "#2"},
				"down": {"uv": [7.25, 8.75, 7, 9], "rotation": 270, "texture": "#2"}
			}
		},
		{
			"from": [7.82, 9.09, 8.12],
			"to": [7.91, 9.18, 8.3],
			"rotation": {"angle": 0, "axis": "y", "origin": [7.41597, 9, 7.4]},
			"faces": {
				"north": {"uv": [8.75, 7.75, 9, 7.5], "rotation": 270, "texture": "#2"},
				"east": {"uv": [8.25, 9, 8, 8.75], "rotation": 270, "texture": "#2"},
				"south": {"uv": [8.75, 7.5, 9, 7.25], "rotation": 90, "texture": "#2"},
				"west": {"uv": [9, 7.75, 8.75, 8], "rotation": 270, "texture": "#2"},
				"up": {"uv": [7.75, 8.75, 7.5, 9], "rotation": 270, "texture": "#2"},
				"down": {"uv": [8, 8.75, 7.75, 9], "rotation": 270, "texture": "#2"}
			}
		},
		{
			"from": [7.82, 9.54, 8.12],
			"to": [7.91, 9.63, 8.3],
			"rotation": {"angle": 0, "axis": "y", "origin": [7.41597, 9, 7.4]},
			"faces": {
				"north": {"uv": [8.75, 8.5, 9, 8.25], "rotation": 270, "texture": "#2"},
				"east": {"uv": [9, 9, 8.75, 8.75], "rotation": 270, "texture": "#2"},
				"south": {"uv": [8.75, 8.25, 9, 8], "rotation": 90, "texture": "#2"},
				"west": {"uv": [9, 8.5, 8.75, 8.75], "rotation": 270, "texture": "#2"},
				"up": {"uv": [8.5, 8.75, 8.25, 9], "rotation": 270, "texture": "#2"},
				"down": {"uv": [8.75, 8.75, 8.5, 9], "rotation": 270, "texture": "#2"}
			}
		},
		{
			"from": [8.27, 9.36, 8.12],
			"to": [8.36, 9.45, 8.3],
			"rotation": {"angle": 0, "axis": "y", "origin": [7.41597, 9, 7.4]},
			"faces": {
				"north": {"uv": [0.25, 9.25, 0.5, 9], "rotation": 270, "texture": "#2"},
				"east": {"uv": [9.25, 0.75, 9, 0.5], "rotation": 270, "texture": "#2"},
				"south": {"uv": [0, 9.25, 0.25, 9], "rotation": 90, "texture": "#2"},
				"west": {"uv": [0.75, 9, 0.5, 9.25], "rotation": 270, "texture": "#2"},
				"up": {"uv": [9.25, 0, 9, 0.25], "rotation": 270, "texture": "#2"},
				"down": {"uv": [9.25, 0.25, 9, 0.5], "rotation": 270, "texture": "#2"}
			}
		},
		{
			"from": [7.73, 8.37, 8.12],
			"to": [7.82, 8.55, 8.3],
			"rotation": {"angle": 0, "axis": "y", "origin": [7.41597, 9, 7.4]},
			"faces": {
				"north": {"uv": [1, 9.25, 1.25, 9], "rotation": 270, "texture": "#2"},
				"east": {"uv": [9.25, 1.5, 9, 1.25], "rotation": 270, "texture": "#2"},
				"south": {"uv": [0.75, 9.25, 1, 9], "rotation": 90, "texture": "#2"},
				"west": {"uv": [1.5, 9, 1.25, 9.25], "rotation": 270, "texture": "#2"},
				"up": {"uv": [9.25, 0.75, 9, 1], "rotation": 270, "texture": "#2"},
				"down": {"uv": [9.25, 1, 9, 1.25], "rotation": 270, "texture": "#2"}
			}
		},
		{
			"from": [7.73, 9.09, 8.12],
			"to": [7.82, 9.27, 8.3],
			"rotation": {"angle": 0, "axis": "y", "origin": [7.41597, 9, 7.4]},
			"faces": {
				"north": {"uv": [1.75, 9.25, 2, 9], "rotation": 270, "texture": "#2"},
				"east": {"uv": [9.25, 2.25, 9, 2], "rotation": 270, "texture": "#2"},
				"south": {"uv": [1.5, 9.25, 1.75, 9], "rotation": 90, "texture": "#2"},
				"west": {"uv": [2.25, 9, 2, 9.25], "rotation": 270, "texture": "#2"},
				"up": {"uv": [9.25, 1.5, 9, 1.75], "rotation": 270, "texture": "#2"},
				"down": {"uv": [9.25, 1.75, 9, 2], "rotation": 270, "texture": "#2"}
			}
		},
		{
			"from": [7.73, 8.73, 8.12],
			"to": [7.82, 8.91, 8.3],
			"rotation": {"angle": 0, "axis": "y", "origin": [7.41597, 9, 7.4]},
			"faces": {
				"north": {"uv": [2.5, 9.25, 2.75, 9], "rotation": 270, "texture": "#2"},
				"east": {"uv": [9.25, 3, 9, 2.75], "rotation": 270, "texture": "#2"},
				"south": {"uv": [2.25, 9.25, 2.5, 9], "rotation": 90, "texture": "#2"},
				"west": {"uv": [3, 9, 2.75, 9.25], "rotation": 270, "texture": "#2"},
				"up": {"uv": [9.25, 2.25, 9, 2.5], "rotation": 270, "texture": "#2"},
				"down": {"uv": [9.25, 2.5, 9, 2.75], "rotation": 270, "texture": "#2"}
			}
		},
		{
			"from": [8, 8.91, 8.12],
			"to": [8.09, 9.09, 8.3],
			"rotation": {"angle": 0, "axis": "y", "origin": [7.41597, 9, 7.4]},
			"faces": {
				"north": {"uv": [3.25, 9.25, 3.5, 9], "rotation": 270, "texture": "#2"},
				"east": {"uv": [9.25, 3.75, 9, 3.5], "rotation": 270, "texture": "#2"},
				"south": {"uv": [3, 9.25, 3.25, 9], "rotation": 90, "texture": "#2"},
				"west": {"uv": [3.75, 9, 3.5, 9.25], "rotation": 270, "texture": "#2"},
				"up": {"uv": [9.25, 3, 9, 3.25], "rotation": 270, "texture": "#2"},
				"down": {"uv": [9.25, 3.25, 9, 3.5], "rotation": 270, "texture": "#2"}
			}
		},
		{
			"from": [8.09, 8.55, 8.12],
			"to": [8.18, 8.73, 8.3],
			"rotation": {"angle": 0, "axis": "y", "origin": [7.41597, 9, 7.4]},
			"faces": {
				"north": {"uv": [4, 9.25, 4.25, 9], "rotation": 270, "texture": "#2"},
				"east": {"uv": [9.25, 4.5, 9, 4.25], "rotation": 270, "texture": "#2"},
				"south": {"uv": [3.75, 9.25, 4, 9], "rotation": 90, "texture": "#2"},
				"west": {"uv": [4.5, 9, 4.25, 9.25], "rotation": 270, "texture": "#2"},
				"up": {"uv": [9.25, 3.75, 9, 4], "rotation": 270, "texture": "#2"},
				"down": {"uv": [9.25, 4, 9, 4.25], "rotation": 270, "texture": "#2"}
			}
		},
		{
			"from": [8.09, 9.27, 8.12],
			"to": [8.18, 9.45, 8.3],
			"rotation": {"angle": 0, "axis": "y", "origin": [7.41597, 9, 7.4]},
			"faces": {
				"north": {"uv": [4.75, 9.25, 5, 9], "rotation": 270, "texture": "#2"},
				"east": {"uv": [9.25, 5.25, 9, 5], "rotation": 270, "texture": "#2"},
				"south": {"uv": [4.5, 9.25, 4.75, 9], "rotation": 90, "texture": "#2"},
				"west": {"uv": [5.25, 9, 5, 9.25], "rotation": 270, "texture": "#2"},
				"up": {"uv": [9.25, 4.5, 9, 4.75], "rotation": 270, "texture": "#2"},
				"down": {"uv": [9.25, 4.75, 9, 5], "rotation": 270, "texture": "#2"}
			}
		},
		{
			"from": [8.36, 9.09, 8.12],
			"to": [8.45, 9.45, 8.3],
			"rotation": {"angle": 0, "axis": "y", "origin": [7.41597, 9, 7.4]},
			"faces": {
				"north": {"uv": [7.75, 3.75, 8.25, 3.5], "rotation": 270, "texture": "#2"},
				"east": {"uv": [8.25, 4.25, 7.75, 4], "rotation": 270, "texture": "#2"},
				"south": {"uv": [3.5, 8, 4, 7.75], "rotation": 90, "texture": "#2"},
				"west": {"uv": [8.25, 3.75, 7.75, 4], "rotation": 270, "texture": "#2"},
				"up": {"uv": [5.5, 9, 5.25, 9.25], "rotation": 270, "texture": "#2"},
				"down": {"uv": [9.25, 5.25, 9, 5.5], "rotation": 270, "texture": "#2"}
			}
		},
		{
			"from": [8.36, 8.55, 8.12],
			"to": [8.45, 8.91, 8.3],
			"rotation": {"angle": 0, "axis": "y", "origin": [7.41597, 9, 7.4]},
			"faces": {
				"north": {"uv": [5.25, 8, 5.75, 7.75], "rotation": 270, "texture": "#2"},
				"east": {"uv": [7, 8, 6.5, 7.75], "rotation": 270, "texture": "#2"},
				"south": {"uv": [7.75, 4.5, 8.25, 4.25], "rotation": 90, "texture": "#2"},
				"west": {"uv": [8.25, 6, 7.75, 6.25], "rotation": 270, "texture": "#2"},
				"up": {"uv": [5.75, 9, 5.5, 9.25], "rotation": 270, "texture": "#2"},
				"down": {"uv": [9.25, 5.5, 9, 5.75], "rotation": 270, "texture": "#2"}
			}
		},
		{
			"from": [7.73, 9.45, 8.12],
			"to": [7.82, 9.63, 8.3],
			"rotation": {"angle": 0, "axis": "y", "origin": [7.41597, 9, 7.4]},
			"faces": {
				"north": {"uv": [6, 9.25, 6.25, 9], "rotation": 270, "texture": "#2"},
				"east": {"uv": [9.25, 6.5, 9, 6.25], "rotation": 270, "texture": "#2"},
				"south": {"uv": [5.75, 9.25, 6, 9], "rotation": 90, "texture": "#2"},
				"west": {"uv": [6.5, 9, 6.25, 9.25], "rotation": 270, "texture": "#2"},
				"up": {"uv": [9.25, 5.75, 9, 6], "rotation": 270, "texture": "#2"},
				"down": {"uv": [9.25, 6, 9, 6.25], "rotation": 270, "texture": "#2"}
			}
		},
		{
			"from": [7.73, 9.45, 6.68],
			"to": [8.27, 9.63, 6.86],
			"rotation": {"angle": 0, "axis": "y", "origin": [7.41597, 9, 7.4]},
			"faces": {
				"north": {"uv": [7.25, 3.75, 7.5, 3], "rotation": 270, "texture": "#2"},
				"east": {"uv": [9.25, 6.75, 9, 6.5], "rotation": 270, "texture": "#2"},
				"south": {"uv": [7.25, 2.25, 7.5, 1.5], "rotation": 90, "texture": "#2"},
				"west": {"uv": [6.75, 9, 6.5, 9.25], "rotation": 270, "texture": "#2"},
				"up": {"uv": [7.5, 2.25, 7.25, 3], "rotation": 270, "texture": "#2"},
				"down": {"uv": [7.5, 3.75, 7.25, 4.5], "rotation": 270, "texture": "#2"}
			}
		},
		{
			"from": [7.91, 9.45, 8.12],
			"to": [8.27, 9.63, 8.3],
			"rotation": {"angle": 0, "axis": "y", "origin": [7.41597, 9, 7.4]},
			"faces": {
				"north": {"uv": [7, 8.25, 7.25, 7.75], "rotation": 270, "texture": "#2"},
				"east": {"uv": [9.25, 7, 9, 6.75], "rotation": 270, "texture": "#2"},
				"south": {"uv": [4, 8.25, 4.25, 7.75], "rotation": 90, "texture": "#2"},
				"west": {"uv": [7, 9, 6.75, 9.25], "rotation": 270, "texture": "#2"},
				"up": {"uv": [6, 7.75, 5.75, 8.25], "rotation": 270, "texture": "#2"},
				"down": {"uv": [7.5, 7.75, 7.25, 8.25], "rotation": 270, "texture": "#2"}
			}
		},
		{
			"from": [8.27, 9.63, 6.86],
			"to": [8.45, 9.81, 7.22],
			"rotation": {"angle": 0, "axis": "y", "origin": [7.41597, 9, 7.4]},
			"faces": {
				"north": {"uv": [9, 7.25, 9.25, 7], "rotation": 270, "texture": "#2"},
				"east": {"uv": [0.75, 8.5, 0.5, 8], "rotation": 270, "texture": "#2"},
				"south": {"uv": [7, 9.25, 7.25, 9], "rotation": 90, "texture": "#2"},
				"west": {"uv": [8.25, 0, 8, 0.5], "rotation": 270, "texture": "#2"},
				"up": {"uv": [8.25, 7.5, 7.75, 7.75], "rotation": 270, "texture": "#2"},
				"down": {"uv": [8.25, 7.75, 7.75, 8], "rotation": 270, "texture": "#2"}
			}
		},
		{
			"from": [8.27, 9.63, 7.76],
			"to": [8.45, 9.81, 8.12],
			"rotation": {"angle": 0, "axis": "y", "origin": [7.41597, 9, 7.4]},
			"faces": {
				"north": {"uv": [9, 7.5, 9.25, 7.25], "rotation": 270, "texture": "#2"},
				"east": {"uv": [1.75, 8.5, 1.5, 8], "rotation": 270, "texture": "#2"},
				"south": {"uv": [7.25, 9.25, 7.5, 9], "rotation": 90, "texture": "#2"},
				"west": {"uv": [1.5, 8, 1.25, 8.5], "rotation": 270, "texture": "#2"},
				"up": {"uv": [1.25, 8, 0.75, 8.25], "rotation": 270, "texture": "#2"},
				"down": {"uv": [8.5, 1, 8, 1.25], "rotation": 270, "texture": "#2"}
			}
		},
		{
			"from": [7.55, 9.27, 6.68],
			"to": [7.73, 9.63, 6.86],
			"rotation": {"angle": 0, "axis": "y", "origin": [7.41597, 9, 7.4]},
			"faces": {
				"north": {"uv": [8, 2, 8.5, 1.75], "rotation": 270, "texture": "#2"},
				"east": {"uv": [8.5, 2.25, 8, 2], "rotation": 270, "texture": "#2"},
				"south": {"uv": [8, 1.5, 8.5, 1.25], "rotation": 90, "texture": "#2"},
				"west": {"uv": [2.5, 8, 2, 8.25], "rotation": 270, "texture": "#2"},
				"up": {"uv": [7.75, 9, 7.5, 9.25], "rotation": 270, "texture": "#2"},
				"down": {"uv": [9.25, 7.5, 9, 7.75], "rotation": 270, "texture": "#2"}
			}
		},
		{
			"from": [7.55, 8.37, 6.68],
			"to": [7.73, 8.73, 6.86],
			"rotation": {"angle": 0, "axis": "y", "origin": [7.41597, 9, 7.4]},
			"faces": {
				"north": {"uv": [8, 3, 8.5, 2.75], "rotation": 270, "texture": "#2"},
				"east": {"uv": [8.5, 3.5, 8, 3.25], "rotation": 270, "texture": "#2"},
				"south": {"uv": [8, 2.75, 8.5, 2.5], "rotation": 90, "texture": "#2"},
				"west": {"uv": [8.5, 3, 8, 3.25], "rotation": 270, "texture": "#2"},
				"up": {"uv": [8, 9, 7.75, 9.25], "rotation": 270, "texture": "#2"},
				"down": {"uv": [9.25, 7.75, 9, 8], "rotation": 270, "texture": "#2"}
			}
		},
		{
			"from": [7.55, 9.63, 6.86],
			"to": [7.73, 9.81, 7.22],
			"rotation": {"angle": 0, "axis": "y", "origin": [7.41597, 9, 7.4]},
			"faces": {
				"north": {"uv": [9, 8.25, 9.25, 8], "rotation": 270, "texture": "#2"},
				"east": {"uv": [5, 8.5, 4.75, 8], "rotation": 270, "texture": "#2"},
				"south": {"uv": [8, 9.25, 8.25, 9], "rotation": 90, "texture": "#2"},
				"west": {"uv": [8.25, 4.5, 8, 5], "rotation": 270, "texture": "#2"},
				"up": {"uv": [4, 8, 3.5, 8.25], "rotation": 270, "texture": "#2"},
				"down": {"uv": [4.75, 8, 4.25, 8.25], "rotation": 270, "texture": "#2"}
			}
		},
		{
			"from": [7.55, 9.63, 7.76],
			"to": [7.73, 9.81, 8.12],
			"rotation": {"angle": 0, "axis": "y", "origin": [7.41597, 9, 7.4]},
			"faces": {
				"north": {"uv": [9, 8.5, 9.25, 8.25], "rotation": 270, "texture": "#2"},
				"east": {"uv": [5.75, 8.5, 5.5, 8], "rotation": 270, "texture": "#2"},
				"south": {"uv": [8.25, 9.25, 8.5, 9], "rotation": 90, "texture": "#2"},
				"west": {"uv": [8.25, 5.25, 8, 5.75], "rotation": 270, "texture": "#2"},
				"up": {"uv": [5.5, 8, 5, 8.25], "rotation": 270, "texture": "#2"},
				"down": {"uv": [8.5, 5, 8, 5.25], "rotation": 270, "texture": "#2"}
			}
		},
		{
			"from": [7.55, 8.37, 8.12],
			"to": [7.73, 9.63, 8.3],
			"rotation": {"angle": 0, "axis": "y", "origin": [7.41597, 9, 7.4]},
			"faces": {
				"north": {"uv": [4.5, 4.25, 6.25, 4], "rotation": 270, "texture": "#2"},
				"east": {"uv": [1.75, 5, 0, 4.75], "rotation": 270, "texture": "#2"},
				"south": {"uv": [4.5, 4, 6.25, 3.75], "rotation": 90, "texture": "#2"},
				"west": {"uv": [6.25, 4.25, 4.5, 4.5], "rotation": 270, "texture": "#2"},
				"up": {"uv": [8.75, 9, 8.5, 9.25], "rotation": 270, "texture": "#2"},
				"down": {"uv": [9.25, 8.5, 9, 8.75], "rotation": 270, "texture": "#2"}
			}
		},
		{
			"from": [7.73, 8.91, 8.12],
			"to": [7.91, 9.09, 8.3],
			"rotation": {"angle": 0, "axis": "y", "origin": [7.41597, 9, 7.4]},
			"faces": {
				"north": {"uv": [9, 9.25, 9.25, 9], "rotation": 270, "texture": "#2"},
				"east": {"uv": [0.5, 9.5, 0.25, 9.25], "rotation": 270, "texture": "#2"},
				"south": {"uv": [8.75, 9.25, 9, 9], "rotation": 90, "texture": "#2"},
				"west": {"uv": [9.5, 0, 9.25, 0.25], "rotation": 270, "texture": "#2"},
				"up": {"uv": [9.25, 8.75, 9, 9], "rotation": 270, "texture": "#2"},
				"down": {"uv": [0.25, 9.25, 0, 9.5], "rotation": 270, "texture": "#2"}
			}
		},
		{
			"from": [8.09, 8.73, 8.12],
			"to": [8.27, 9.27, 8.3],
			"rotation": {"angle": 0, "axis": "y", "origin": [7.41597, 9, 7.4]},
			"faces": {
				"north": {"uv": [7.25, 5, 8, 4.75], "rotation": 270, "texture": "#2"},
				"east": {"uv": [8, 5.25, 7.25, 5], "rotation": 270, "texture": "#2"},
				"south": {"uv": [7.25, 4.75, 8, 4.5], "rotation": 90, "texture": "#2"},
				"west": {"uv": [5.75, 7.25, 5, 7.5], "rotation": 270, "texture": "#2"},
				"up": {"uv": [9.5, 0.25, 9.25, 0.5], "rotation": 270, "texture": "#2"},
				"down": {"uv": [0.75, 9.25, 0.5, 9.5], "rotation": 270, "texture": "#2"}
			}
		},
		{
			"from": [8.45, 8.19, 7.04],
			"to": [8.63, 8.37, 7.94],
			"rotation": {"angle": 0, "axis": "y", "origin": [7.41597, 9, 7.4]},
			"faces": {
				"north": {"uv": [0.75, 9.5, 1, 9.25], "rotation": 270, "texture": "#2"},
				"east": {"uv": [1.75, 7, 1.5, 5.75], "rotation": 270, "texture": "#2"},
				"south": {"uv": [9.25, 0.75, 9.5, 0.5], "rotation": 90, "texture": "#2"},
				"west": {"uv": [1.5, 5.75, 1.25, 7], "rotation": 270, "texture": "#2"},
				"up": {"uv": [6.25, 5.5, 5, 5.75], "rotation": 270, "texture": "#2"},
				"down": {"uv": [1.25, 5.75, 0, 6], "rotation": 270, "texture": "#2"}
			}
		},
		{
			"from": [8.45, 9.63, 7.04],
			"to": [8.63, 9.81, 7.94],
			"rotation": {"angle": 0, "axis": "y", "origin": [7.41597, 9, 7.4]},
			"faces": {
				"north": {"uv": [1, 9.5, 1.25, 9.25], "rotation": 270, "texture": "#2"},
				"east": {"uv": [2.25, 7, 2, 5.75], "rotation": 270, "texture": "#2"},
				"south": {"uv": [9.25, 1, 9.5, 0.75], "rotation": 90, "texture": "#2"},
				"west": {"uv": [2, 5.75, 1.75, 7], "rotation": 270, "texture": "#2"},
				"up": {"uv": [4.5, 5.75, 3.25, 6], "rotation": 270, "texture": "#2"},
				"down": {"uv": [7, 4.75, 5.75, 5], "rotation": 270, "texture": "#2"}
			}
		},
		{
			"from": [7.37, 8.55, 8.12],
			"to": [7.55, 9.45, 8.3],
			"rotation": {"angle": 0, "axis": "y", "origin": [7.41597, 9, 7.4]},
			"faces": {
				"north": {"uv": [5.75, 5.25, 7, 5], "rotation": 270, "texture": "#2"},
				"east": {"uv": [1.25, 6.25, 0, 6], "rotation": 270, "texture": "#2"},
				"south": {"uv": [5, 6, 6.25, 5.75], "rotation": 90, "texture": "#2"},
				"west": {"uv": [7, 5.25, 5.75, 5.5], "rotation": 270, "texture": "#2"},
				"up": {"uv": [9.5, 1, 9.25, 1.25], "rotation": 270, "texture": "#2"},
				"down": {"uv": [1.5, 9.25, 1.25, 9.5], "rotation": 270, "texture": "#2"}
			}
		},
		{
			"from": [7.37, 8.19, 7.04],
			"to": [7.55, 8.37, 7.94],
			"rotation": {"angle": 0, "axis": "y", "origin": [7.41597, 9, 7.4]},
			"faces": {
				"north": {"uv": [1.5, 9.5, 1.75, 9.25], "rotation": 270, "texture": "#2"},
				"east": {"uv": [6.25, 1.75, 6, 0.5], "rotation": 270, "texture": "#2"},
				"south": {"uv": [9.25, 1.5, 9.5, 1.25], "rotation": 90, "texture": "#2"},
				"west": {"uv": [2.5, 5.75, 2.25, 7], "rotation": 270, "texture": "#2"},
				"up": {"uv": [7.25, 0, 6, 0.25], "rotation": 270, "texture": "#2"},
				"down": {"uv": [7.25, 0.25, 6, 0.5], "rotation": 270, "texture": "#2"}
			}
		},
		{
			"from": [7.37, 8.55, 6.68],
			"to": [7.55, 9.45, 6.86],
			"rotation": {"angle": 0, "axis": "y", "origin": [7.41597, 9, 7.4]},
			"faces": {
				"north": {"uv": [6, 2.25, 7.25, 2], "rotation": 270, "texture": "#2"},
				"east": {"uv": [7.25, 3.75, 6, 3.5], "rotation": 270, "texture": "#2"},
				"south": {"uv": [6, 2, 7.25, 1.75], "rotation": 90, "texture": "#2"},
				"west": {"uv": [4.25, 6, 3, 6.25], "rotation": 270, "texture": "#2"},
				"up": {"uv": [9.5, 1.5, 9.25, 1.75], "rotation": 270, "texture": "#2"},
				"down": {"uv": [2, 9.25, 1.75, 9.5], "rotation": 270, "texture": "#2"}
			}
		},
		{
			"from": [7.37, 9.63, 7.04],
			"to": [7.55, 9.81, 7.94],
			"rotation": {"angle": 0, "axis": "y", "origin": [7.41597, 9, 7.4]},
			"faces": {
				"north": {"uv": [2, 9.5, 2.25, 9.25], "rotation": 270, "texture": "#2"},
				"east": {"uv": [6.5, 1.75, 6.25, 0.5], "rotation": 270, "texture": "#2"},
				"south": {"uv": [9.25, 2, 9.5, 1.75], "rotation": 90, "texture": "#2"},
				"west": {"uv": [4.5, 6, 4.25, 7.25], "rotation": 270, "texture": "#2"},
				"up": {"uv": [6.25, 6, 5, 6.25], "rotation": 270, "texture": "#2"},
				"down": {"uv": [1.25, 6.25, 0, 6.5], "rotation": 270, "texture": "#2"}
			}
		},
		{
			"from": [8.45, 9.45, 6.86],
			"to": [8.63, 9.63, 7.04],
			"rotation": {"angle": 0, "axis": "y", "origin": [7.41597, 9, 7.4]},
			"faces": {
				"north": {"uv": [9.25, 2.5, 9.5, 2.25], "rotation": 270, "texture": "#2"},
				"east": {"uv": [3, 9.5, 2.75, 9.25], "rotation": 270, "texture": "#2"},
				"south": {"uv": [9.25, 2.25, 9.5, 2], "rotation": 90, "texture": "#2"},
				"west": {"uv": [9.5, 2.5, 9.25, 2.75], "rotation": 270, "texture": "#2"},
				"up": {"uv": [2.5, 9.25, 2.25, 9.5], "rotation": 270, "texture": "#2"},
				"down": {"uv": [2.75, 9.25, 2.5, 9.5], "rotation": 270, "texture": "#2"}
			}
		},
		{
			"from": [8.45, 9.45, 7.94],
			"to": [8.63, 9.63, 8.12],
			"rotation": {"angle": 0, "axis": "y", "origin": [7.41597, 9, 7.4]},
			"faces": {
				"north": {"uv": [9.25, 3.25, 9.5, 3], "rotation": 270, "texture": "#2"},
				"east": {"uv": [3.75, 9.5, 3.5, 9.25], "rotation": 270, "texture": "#2"},
				"south": {"uv": [9.25, 3, 9.5, 2.75], "rotation": 90, "texture": "#2"},
				"west": {"uv": [9.5, 3.25, 9.25, 3.5], "rotation": 270, "texture": "#2"},
				"up": {"uv": [3.25, 9.25, 3, 9.5], "rotation": 270, "texture": "#2"},
				"down": {"uv": [3.5, 9.25, 3.25, 9.5], "rotation": 270, "texture": "#2"}
			}
		},
		{
			"from": [8.45, 8.37, 7.94],
			"to": [8.63, 8.55, 8.12],
			"rotation": {"angle": 0, "axis": "y", "origin": [7.41597, 9, 7.4]},
			"faces": {
				"north": {"uv": [9.25, 4, 9.5, 3.75], "rotation": 270, "texture": "#2"},
				"east": {"uv": [4.5, 9.5, 4.25, 9.25], "rotation": 270, "texture": "#2"},
				"south": {"uv": [9.25, 3.75, 9.5, 3.5], "rotation": 90, "texture": "#2"},
				"west": {"uv": [9.5, 4, 9.25, 4.25], "rotation": 270, "texture": "#2"},
				"up": {"uv": [4, 9.25, 3.75, 9.5], "rotation": 270, "texture": "#2"},
				"down": {"uv": [4.25, 9.25, 4, 9.5], "rotation": 270, "texture": "#2"}
			}
		},
		{
			"from": [8.45, 8.37, 6.86],
			"to": [8.63, 8.55, 7.04],
			"rotation": {"angle": 0, "axis": "y", "origin": [7.41597, 9, 7.4]},
			"faces": {
				"north": {"uv": [9.25, 4.75, 9.5, 4.5], "rotation": 270, "texture": "#2"},
				"east": {"uv": [5.25, 9.5, 5, 9.25], "rotation": 270, "texture": "#2"},
				"south": {"uv": [9.25, 4.5, 9.5, 4.25], "rotation": 90, "texture": "#2"},
				"west": {"uv": [9.5, 4.75, 9.25, 5], "rotation": 270, "texture": "#2"},
				"up": {"uv": [4.75, 9.25, 4.5, 9.5], "rotation": 270, "texture": "#2"},
				"down": {"uv": [5, 9.25, 4.75, 9.5], "rotation": 270, "texture": "#2"}
			}
		},
		{
			"from": [7.37, 9.45, 7.94],
			"to": [7.55, 9.63, 8.12],
			"rotation": {"angle": 0, "axis": "y", "origin": [7.41597, 9, 7.4]},
			"faces": {
				"north": {"uv": [9.25, 5.5, 9.5, 5.25], "rotation": 270, "texture": "#2"},
				"east": {"uv": [6, 9.5, 5.75, 9.25], "rotation": 270, "texture": "#2"},
				"south": {"uv": [9.25, 5.25, 9.5, 5], "rotation": 90, "texture": "#2"},
				"west": {"uv": [9.5, 5.5, 9.25, 5.75], "rotation": 270, "texture": "#2"},
				"up": {"uv": [5.5, 9.25, 5.25, 9.5], "rotation": 270, "texture": "#2"},
				"down": {"uv": [5.75, 9.25, 5.5, 9.5], "rotation": 270, "texture": "#2"}
			}
		},
		{
			"from": [7.37, 8.37, 7.94],
			"to": [7.55, 8.55, 8.12],
			"rotation": {"angle": 0, "axis": "y", "origin": [7.41597, 9, 7.4]},
			"faces": {
				"north": {"uv": [9.25, 6.25, 9.5, 6], "rotation": 270, "texture": "#2"},
				"east": {"uv": [6.75, 9.5, 6.5, 9.25], "rotation": 270, "texture": "#2"},
				"south": {"uv": [9.25, 6, 9.5, 5.75], "rotation": 90, "texture": "#2"},
				"west": {"uv": [9.5, 6.25, 9.25, 6.5], "rotation": 270, "texture": "#2"},
				"up": {"uv": [6.25, 9.25, 6, 9.5], "rotation": 270, "texture": "#2"},
				"down": {"uv": [6.5, 9.25, 6.25, 9.5], "rotation": 270, "texture": "#2"}
			}
		},
		{
			"from": [7.37, 8.37, 6.86],
			"to": [7.55, 8.55, 7.04],
			"rotation": {"angle": 0, "axis": "y", "origin": [7.41597, 9, 7.4]},
			"faces": {
				"north": {"uv": [9.25, 7, 9.5, 6.75], "rotation": 270, "texture": "#2"},
				"east": {"uv": [7.5, 9.5, 7.25, 9.25], "rotation": 270, "texture": "#2"},
				"south": {"uv": [9.25, 6.75, 9.5, 6.5], "rotation": 90, "texture": "#2"},
				"west": {"uv": [9.5, 7, 9.25, 7.25], "rotation": 270, "texture": "#2"},
				"up": {"uv": [7, 9.25, 6.75, 9.5], "rotation": 270, "texture": "#2"},
				"down": {"uv": [7.25, 9.25, 7, 9.5], "rotation": 270, "texture": "#2"}
			}
		},
		{
			"from": [7.37, 9.45, 6.86],
			"to": [7.55, 9.63, 7.04],
			"rotation": {"angle": 0, "axis": "y", "origin": [7.41597, 9, 7.4]},
			"faces": {
				"north": {"uv": [9.25, 7.75, 9.5, 7.5], "rotation": 270, "texture": "#2"},
				"east": {"uv": [8.25, 9.5, 8, 9.25], "rotation": 270, "texture": "#2"},
				"south": {"uv": [9.25, 7.5, 9.5, 7.25], "rotation": 90, "texture": "#2"},
				"west": {"uv": [9.5, 7.75, 9.25, 8], "rotation": 270, "texture": "#2"},
				"up": {"uv": [7.75, 9.25, 7.5, 9.5], "rotation": 270, "texture": "#2"},
				"down": {"uv": [8, 9.25, 7.75, 9.5], "rotation": 270, "texture": "#2"}
			}
		}
	],
	"display": {
		"thirdperson_righthand": {
			"rotation": [-90, -90, -180],
			"translation": [-0.25, 0, -0.75],
			"scale": [0.5, 0.5, 0.5]
		},
		"thirdperson_lefthand": {
			"rotation": [-90, -90, 180],
			"translation": [0.25, 0, -0.75],
			"scale": [0.5, 0.5, 0.5]
		},
		"firstperson_righthand": {
			"rotation": [145, -90, 0],
			"translation": [2.75, 3, 0],
			"scale": [0.75, 0.75, 0.75]
		},
		"firstperson_lefthand": {
			"rotation": [145, 90, 0],
			"translation": [3, 3, 0],
			"scale": [0.75, 0.75, 0.75]
		},
		"ground": {
			"translation": [0, 2.25, 0],
			"scale": [0.75, 0.75, 0.75]
		},
		"gui": {
			"rotation": [0, -30, 45],
			"translation": [-1, 1.75, 0],
			"scale": [1.5, 1.5, 1.5]
		},
		"head": {
			"translation": [0, -23.79, 0.25]
		},
		"fixed": {
			"translation": [0, 2, -1.25]
		}
	},
	"groups": [
		{
			"name": "Halloween Key",
			"origin": [8, 8, 8],
			"color": 0,
			"nbt": "{}",
			"armAnimationEnabled": false,
			"children": [
				{
					"name": "Ring",
					"origin": [8, 8, 8],
					"color": 0,
					"nbt": "{}",
					"armAnimationEnabled": false,
					"children": [
						{
							"name": "hexadecagon",
							"origin": [8, 8, 8],
							"color": 0,
							"nbt": "{}",
							"armAnimationEnabled": false,
							"children": [0, 1, 2, 3, 4, 5, 6, 7, 8, 9, 10, 11, 12, 13, 14, 15, 16, 17, 18, 19, 20, 21, 22, 23, 24, 25, 26, 27, 28, 29, 30, 31, 32, 33, 34, 35, 36]
						}
					]
				},
				{
					"name": "Bottom",
					"origin": [8, 8, 8],
					"color": 0,
					"nbt": "{}",
					"armAnimationEnabled": false,
					"children": [37, 38, 39, 40, 41]
				}
			]
		},
		{
			"name": "Stem",
			"origin": [6, 8, 8],
			"color": 0,
			"nbt": "{}",
			"armAnimationEnabled": false,
			"children": [42, 43, 44, 45, 46, 47, 48, 49, 50, 51, 52, 53, 54, 55, 56, 57, 58, 59, 60, 61, 62, 63, 64, 65, 66, 67, 68, 69, 70, 71, 72, 73]
		},
		{
			"name": "Pumpkin",
			"origin": [7.46, -0.98, 8],
			"color": 0,
			"nbt": "{}",
			"armAnimationEnabled": false,
			"children": [
				74,
				75,
				76,
				77,
				78,
				79,
				80,
				81,
				82,
				83,
				84,
				85,
				86,
				87,
				88,
				89,
				90,
				91,
				92,
				93,
				94,
				95,
				96,
				97,
				98,
				99,
				100,
				101,
				102,
				103,
				104,
				105,
				106,
				107,
				108,
				109,
				110,
				111,
				112,
				113,
				114,
				115,
				116,
				117,
				118,
				119,
				120,
				121,
				122,
				123,
				124,
				125,
				126,
				127,
				128,
				129,
				130,
				131,
				132,
				133,
				134,
				135,
				136,
				137,
				138,
				139,
				140,
				141,
				142,
				143,
				144,
				145,
				146
			]
		}
	]
}