{
	"credit": "Made with Blockbench",
	"texture_size": [64, 64],
	"textures": {
		"0": "item/omnitool/hades"
	},
	"elements": [
		{
			"from": [7.25, -3.5, 7.25],
			"to": [8.75, 9.75, 8.75],
			"rotation": {"angle": 0, "axis": "y", "origin": [8, 5.75, 8]},
			"faces": {
				"north": {"uv": [0, 4.5, 0.5, 7.75], "texture": "#0"},
				"east": {"uv": [0.5, 4.5, 1, 7.75], "texture": "#0"},
				"south": {"uv": [1, 4.5, 1.5, 7.75], "texture": "#0"},
				"west": {"uv": [1.5, 4.5, 2, 7.75], "texture": "#0"},
				"up": {"uv": [5, 7.5, 4.5, 7], "texture": "#0"},
				"down": {"uv": [2.5, 7.25, 2, 7.75], "texture": "#0"}
			}
		},
		{
			"from": [7.25, 9.75, 7.25],
			"to": [8.75, 14.25, 8.75],
			"rotation": {"angle": 0, "axis": "y", "origin": [8, 18.75, 8]},
			"faces": {
				"north": {"uv": [4.75, 3.75, 5.25, 5], "texture": "#0"},
				"east": {"uv": [4.75, 5, 5.25, 6.25], "texture": "#0"},
				"south": {"uv": [2, 5.25, 2.5, 6.5], "texture": "#0"},
				"west": {"uv": [2.5, 5.25, 3, 6.5], "texture": "#0"},
				"up": {"uv": [7.75, 2.75, 7.25, 2.25], "texture": "#0"},
				"down": {"uv": [7.75, 2.75, 7.25, 3.25], "texture": "#0"}
			}
		},
		{
			"from": [6.75, 12.25, 7],
			"to": [8.5, 14, 9],
			"rotation": {"angle": -45, "axis": "z", "origin": [8, 12.75, 8]},
			"faces": {
				"north": {"uv": [3.25, 7.25, 3.75, 7.75], "texture": "#0"},
				"east": {"uv": [7.25, 3.25, 7.75, 3.75], "texture": "#0"},
				"south": {"uv": [3.75, 7.25, 4.25, 7.75], "texture": "#0"},
				"west": {"uv": [7.25, 3.75, 7.75, 4.25], "texture": "#0"},
				"up": {"uv": [7.75, 4.75, 7.25, 4.25], "texture": "#0"},
				"down": {"uv": [7.75, 4.75, 7.25, 5.25], "texture": "#0"}
			}
		},
		{
			"from": [6.75, 11.25, 7.1],
			"to": [8.5, 13, 8.9],
			"rotation": {"angle": -45, "axis": "z", "origin": [8, 11.75, 8]},
			"faces": {
				"north": {"uv": [5, 7.25, 5.5, 7.75], "texture": "#0"},
				"east": {"uv": [5.5, 7.25, 6, 7.75], "texture": "#0"},
				"south": {"uv": [6, 7.25, 6.5, 7.75], "texture": "#0"},
				"west": {"uv": [6.5, 7.25, 7, 7.75], "texture": "#0"},
				"up": {"uv": [7.5, 7.75, 7, 7.25], "texture": "#0"},
				"down": {"uv": [8, 0, 7.5, 0.5], "texture": "#0"}
			}
		},
		{
			"from": [6.75, -2.55, 6.75],
			"to": [9.25, -1.55, 9.25],
			"rotation": {"angle": 0, "axis": "y", "origin": [0, -3.8, 0]},
			"faces": {
				"north": {"uv": [7.75, 4.25, 8.5, 4.5], "texture": "#0"},
				"east": {"uv": [7.75, 4.5, 8.5, 4.75], "texture": "#0"},
				"south": {"uv": [4.75, 7.75, 5.5, 8], "texture": "#0"},
				"west": {"uv": [7.75, 4.75, 8.5, 5], "texture": "#0"},
				"up": {"uv": [3.75, 6, 3, 5.25], "texture": "#0"},
				"down": {"uv": [6, 5.75, 5.25, 6.5], "texture": "#0"}
			}
		},
		{
			"from": [6.5, -4.05, 6.5],
			"to": [9.5, -2.3, 9.5],
			"rotation": {"angle": 0, "axis": "y", "origin": [0, -3.8, 0]},
			"faces": {
				"north": {"uv": [6.5, 2.25, 7.25, 2.75], "texture": "#0"},
				"east": {"uv": [6.5, 2.75, 7.25, 3.25], "texture": "#0"},
				"south": {"uv": [6.5, 3.25, 7.25, 3.75], "texture": "#0"},
				"west": {"uv": [3.75, 6.5, 4.5, 7], "texture": "#0"},
				"up": {"uv": [3.75, 6.75, 3, 6], "texture": "#0"},
				"down": {"uv": [6.75, 5.75, 6, 6.5], "texture": "#0"}
			}
		},
		{
			"from": [6.75, -5.3, 7.5],
			"to": [9.25, -5.05, 8.5],
			"rotation": {"angle": 0, "axis": "y", "origin": [0, -3.8, 0]},
			"faces": {
				"north": {"uv": [7.75, 5, 8.5, 5.25], "texture": "#0"},
				"east": {"uv": [2.75, 6.5, 3, 6.75], "texture": "#0"},
				"south": {"uv": [7.75, 5.25, 8.5, 5.5], "texture": "#0"},
				"west": {"uv": [5, 7, 5.25, 7.25], "texture": "#0"},
				"up": {"uv": [6.25, 8, 5.5, 7.75], "texture": "#0"},
				"down": {"uv": [8.5, 5.5, 7.75, 5.75], "texture": "#0"}
			}
		},
		{
			"from": [8.75, -5.05, 7.5],
			"to": [9.25, -4.05, 8.5],
			"rotation": {"angle": 0, "axis": "y", "origin": [0, -3.8, 0]},
			"faces": {
				"north": {"uv": [2.5, 7.25, 2.75, 7.5], "texture": "#0"},
				"east": {"uv": [4.25, 7.25, 4.5, 7.5], "texture": "#0"},
				"south": {"uv": [3, 7.5, 3.25, 7.75], "texture": "#0"},
				"west": {"uv": [4.75, 7.5, 5, 7.75], "texture": "#0"},
				"up": {"uv": [8.75, 6.75, 8.5, 6.5], "texture": "#0"},
				"down": {"uv": [8.75, 6.75, 8.5, 7], "texture": "#0"}
			}
		},
		{
			"from": [6.75, -5.05, 7.5],
			"to": [7.25, -4.05, 8.5],
			"rotation": {"angle": 0, "axis": "y", "origin": [0, -3.8, 0]},
			"faces": {
				"north": {"uv": [8.5, 7, 8.75, 7.25], "texture": "#0"},
				"east": {"uv": [8.5, 7.25, 8.75, 7.5], "texture": "#0"},
				"south": {"uv": [8.5, 7.5, 8.75, 7.75], "texture": "#0"},
				"west": {"uv": [8.5, 7.75, 8.75, 8], "texture": "#0"},
				"up": {"uv": [8.75, 8.25, 8.5, 8], "texture": "#0"},
				"down": {"uv": [8.5, 8.5, 8.25, 8.75], "texture": "#0"}
			}
		},
		{
			"from": [7.5, -2.05, 6.85],
			"to": [8.5, -1.05, 9.15],
			"rotation": {"angle": 45, "axis": "z", "origin": [8, -1.55, 8]},
			"faces": {
				"north": {"uv": [8.5, 8.25, 8.75, 8.5], "texture": "#0"},
				"east": {"uv": [4.75, 6.25, 5.25, 6.5], "texture": "#0"},
				"south": {"uv": [8.5, 8.5, 8.75, 8.75], "texture": "#0"},
				"west": {"uv": [3.25, 6.75, 3.75, 7], "texture": "#0"},
				"up": {"uv": [4.75, 8.5, 4.5, 8], "texture": "#0"},
				"down": {"uv": [5, 8, 4.75, 8.5], "texture": "#0"}
			}
		},
		{
			"from": [6.75, 13.6, 6.75],
			"to": [9.25, 14.6, 9.25],
			"rotation": {"angle": 0, "axis": "y", "origin": [8, 13.85, 8]},
			"faces": {
				"north": {"uv": [6.25, 7.75, 7, 8], "texture": "#0"},
				"east": {"uv": [7, 7.75, 7.75, 8], "texture": "#0"},
				"south": {"uv": [7.75, 7.75, 8.5, 8], "texture": "#0"},
				"west": {"uv": [8, 0, 8.75, 0.25], "texture": "#0"},
				"up": {"uv": [7.25, 2.25, 6.5, 1.5], "texture": "#0"},
				"down": {"uv": [2.75, 6.5, 2, 7.25], "texture": "#0"}
			}
		},
		{
			"from": [7.25, 17.85, 7],
			"to": [8.75, 19.6, 9],
			"rotation": {"angle": 0, "axis": "y", "origin": [8, 13.85, 8]},
			"faces": {
				"north": {"uv": [7.5, 0.5, 8, 1], "texture": "#0"},
				"east": {"uv": [7.5, 1, 8, 1.5], "texture": "#0"},
				"south": {"uv": [2.5, 7.5, 3, 8], "texture": "#0"},
				"west": {"uv": [4.25, 7.5, 4.75, 8], "texture": "#0"},
				"up": {"uv": [8, 7.75, 7.5, 7.25], "texture": "#0"},
				"down": {"uv": [0.5, 7.75, 0, 8.25], "texture": "#0"}
			}
		},
		{
			"from": [7.6, 19.1, 6.9],
			"to": [10.1, 19.6, 9.1],
			"rotation": {"angle": 22.5, "axis": "z", "origin": [8, 20.1, 8]},
			"faces": {
				"north": {"uv": [8, 0.25, 8.75, 0.5], "texture": "#0"},
				"east": {"uv": [8, 6.5, 8.5, 6.75], "texture": "#0"},
				"south": {"uv": [8, 0.5, 8.75, 0.75], "texture": "#0"},
				"west": {"uv": [6.75, 8, 7.25, 8.25], "texture": "#0"},
				"up": {"uv": [7.25, 4.25, 6.5, 3.75], "texture": "#0"},
				"down": {"uv": [7.25, 4.25, 6.5, 4.75], "texture": "#0"}
			}
		},
		{
			"from": [5.925, 19.1, 6.9],
			"to": [8.425, 19.6, 9.1],
			"rotation": {"angle": -22.5, "axis": "z", "origin": [8, 20.1, 8]},
			"faces": {
				"north": {"uv": [8, 0.75, 8.75, 1], "texture": "#0"},
				"east": {"uv": [8, 6.75, 8.5, 7], "texture": "#0"},
				"south": {"uv": [8, 1, 8.75, 1.25], "texture": "#0"},
				"west": {"uv": [8, 7, 8.5, 7.25], "texture": "#0"},
				"up": {"uv": [5.25, 7, 4.5, 6.5], "texture": "#0"},
				"down": {"uv": [7.25, 4.75, 6.5, 5.25], "texture": "#0"}
			}
		},
		{
			"from": [7.125, 17.4, 6.85],
			"to": [8.875, 18.225, 9.15],
			"rotation": {"angle": 0, "axis": "y", "origin": [8, 19.35, 8]},
			"faces": {
				"north": {"uv": [7.25, 8, 7.75, 8.25], "texture": "#0"},
				"east": {"uv": [8, 7.25, 8.5, 7.5], "texture": "#0"},
				"south": {"uv": [8, 7.5, 8.5, 7.75], "texture": "#0"},
				"west": {"uv": [7.75, 8, 8.25, 8.25], "texture": "#0"},
				"up": {"uv": [8.25, 2.75, 7.75, 2.25], "texture": "#0"},
				"down": {"uv": [8.25, 2.75, 7.75, 3.25], "texture": "#0"}
			}
		},
		{
			"from": [1.2, 18.65, 7.1],
			"to": [5.95, 19.475, 8.9],
			"rotation": {"angle": 0, "axis": "y", "origin": [8.25, 20.1, 8]},
			"faces": {
				"north": {"uv": [6.5, 5.25, 7.75, 5.5], "texture": "#0"},
				"east": {"uv": [0, 8.25, 0.5, 8.5], "texture": "#0"},
				"south": {"uv": [6.5, 5.5, 7.75, 5.75], "texture": "#0"},
				"west": {"uv": [0.5, 8.25, 1, 8.5], "texture": "#0"},
				"up": {"uv": [6.5, 4.25, 5.25, 3.75], "texture": "#0"},
				"down": {"uv": [6.5, 4.25, 5.25, 4.75], "texture": "#0"}
			}
		},
		{
			"from": [5.8375, 17.6875, 7.35],
			"to": [6.6625, 19.4375, 8.65],
			"rotation": {"angle": 45, "axis": "z", "origin": [6.25, 18.5625, 8]},
			"faces": {
				"north": {"uv": [1, 8.25, 1.25, 8.75], "texture": "#0"},
				"east": {"uv": [1.25, 8.25, 1.5, 8.75], "texture": "#0"},
				"south": {"uv": [1.5, 8.25, 1.75, 8.75], "texture": "#0"},
				"west": {"uv": [1.75, 8.25, 2, 8.75], "texture": "#0"},
				"up": {"uv": [9, 0.25, 8.75, 0], "texture": "#0"},
				"down": {"uv": [9, 0.25, 8.75, 0.5], "texture": "#0"}
			}
		},
		{
			"from": [0.45, 18.15, 7.6],
			"to": [5.7, 18.975, 8.4],
			"rotation": {"angle": 0, "axis": "y", "origin": [8, 19.6, 8]},
			"faces": {
				"north": {"uv": [6.75, 5.75, 8, 6], "texture": "#0"},
				"east": {"uv": [8.75, 0.5, 9, 0.75], "texture": "#0"},
				"south": {"uv": [6.75, 6, 8, 6.25], "texture": "#0"},
				"west": {"uv": [8.75, 0.75, 9, 1], "texture": "#0"},
				"up": {"uv": [8, 6.5, 6.75, 6.25], "texture": "#0"},
				"down": {"uv": [8, 6.5, 6.75, 6.75], "texture": "#0"}
			}
		},
		{
			"from": [5.5875, 17.1875, 7.7],
			"to": [6.4125, 18.9375, 8.3],
			"rotation": {"angle": 45, "axis": "z", "origin": [6, 18.0625, 8]},
			"faces": {
				"north": {"uv": [2, 8.25, 2.25, 8.75], "texture": "#0"},
				"east": {"uv": [2.25, 8.25, 2.5, 8.75], "texture": "#0"},
				"south": {"uv": [8.25, 2.25, 8.5, 2.75], "texture": "#0"},
				"west": {"uv": [8.25, 2.75, 8.5, 3.25], "texture": "#0"},
				"up": {"uv": [1.25, 9, 1, 8.75], "texture": "#0"},
				"down": {"uv": [9, 1, 8.75, 1.25], "texture": "#0"}
			}
		},
		{
			"from": [10.05, 18.65, 7.1],
			"to": [14.8, 19.475, 8.9],
			"rotation": {"angle": 0, "axis": "y", "origin": [7.75, 20.1, 8]},
			"faces": {
				"north": {"uv": [6.75, 6.75, 8, 7], "texture": "#0"},
				"east": {"uv": [3, 8.25, 3.5, 8.5], "texture": "#0"},
				"south": {"uv": [3.25, 7, 4.5, 7.25], "texture": "#0"},
				"west": {"uv": [8.25, 3.25, 8.75, 3.5], "texture": "#0"},
				"up": {"uv": [6.5, 5.25, 5.25, 4.75], "texture": "#0"},
				"down": {"uv": [6.5, 5.25, 5.25, 5.75], "texture": "#0"}
			}
		},
		{
			"from": [9.3375, 17.6875, 7.35],
			"to": [10.1625, 19.4375, 8.65],
			"rotation": {"angle": -45, "axis": "z", "origin": [9.75, 18.5625, 8]},
			"faces": {
				"north": {"uv": [3.5, 8.25, 3.75, 8.75], "texture": "#0"},
				"east": {"uv": [8.25, 3.5, 8.5, 4], "texture": "#0"},
				"south": {"uv": [3.75, 8.25, 4, 8.75], "texture": "#0"},
				"west": {"uv": [5.5, 8.25, 5.75, 8.75], "texture": "#0"},
				"up": {"uv": [1.5, 9, 1.25, 8.75], "texture": "#0"},
				"down": {"uv": [9, 1.25, 8.75, 1.5], "texture": "#0"}
			}
		},
		{
			"from": [10.3, 18.15, 7.8],
			"to": [15.55, 18.975, 8.2],
			"rotation": {"angle": 0, "axis": "y", "origin": [8, 19.6, 8]},
			"faces": {
				"north": {"uv": [6.75, 7, 8, 7.25], "texture": "#0"},
				"east": {"uv": [1.5, 8.75, 1.75, 9], "texture": "#0"},
				"south": {"uv": [7.25, 1.5, 8.5, 1.75], "texture": "#0"},
				"west": {"uv": [8.75, 1.5, 9, 1.75], "texture": "#0"},
				"up": {"uv": [8.5, 2, 7.25, 1.75], "texture": "#0"},
				"down": {"uv": [8.5, 2, 7.25, 2.25], "texture": "#0"}
			}
		},
		{
			"from": [9.5875, 17.1875, 7.85],
			"to": [10.4125, 18.9375, 8.15],
			"rotation": {"angle": -45, "axis": "z", "origin": [10, 18.0625, 8]},
			"faces": {
				"north": {"uv": [5.75, 8.25, 6, 8.75], "texture": "#0"},
				"east": {"uv": [8.25, 5.75, 8.5, 6.25], "texture": "#0"},
				"south": {"uv": [6.25, 8.25, 6.5, 8.75], "texture": "#0"},
				"west": {"uv": [6.5, 8.25, 6.75, 8.75], "texture": "#0"},
				"up": {"uv": [2, 9, 1.75, 8.75], "texture": "#0"},
				"down": {"uv": [9, 1.75, 8.75, 2], "texture": "#0"}
			}
		},
		{
			"from": [9.25, 15.35, 6.85],
			"to": [9.75, 17.35, 9.15],
			"rotation": {"angle": 0, "axis": "y", "origin": [8.5, 15.6, 8]},
			"faces": {
				"north": {"uv": [6.75, 8.25, 7, 8.75], "texture": "#0"},
				"east": {"uv": [3, 7.75, 3.5, 8.25], "texture": "#0"},
				"south": {"uv": [7, 8.25, 7.25, 8.75], "texture": "#0"},
				"west": {"uv": [7.75, 3.25, 8.25, 3.75], "texture": "#0"},
				"up": {"uv": [7.5, 8.75, 7.25, 8.25], "texture": "#0"},
				"down": {"uv": [7.75, 8.25, 7.5, 8.75], "texture": "#0"}
			}
		},
		{
			"from": [8.425, 13.4, 6.875],
			"to": [8.925, 15.9, 9.125],
			"rotation": {"angle": -45, "axis": "z", "origin": [8.675, 14.65, 8]},
			"faces": {
				"north": {"uv": [4, 7.75, 4.25, 8.5], "texture": "#0"},
				"east": {"uv": [5.25, 6.5, 5.75, 7.25], "texture": "#0"},
				"south": {"uv": [2.5, 8, 2.75, 8.75], "texture": "#0"},
				"west": {"uv": [5.75, 6.5, 6.25, 7.25], "texture": "#0"},
				"up": {"uv": [8, 8.75, 7.75, 8.25], "texture": "#0"},
				"down": {"uv": [8.25, 8.25, 8, 8.75], "texture": "#0"}
			}
		},
		{
			"from": [8.125, 14.55, 7.35],
			"to": [8.625, 16.05, 8.65],
			"rotation": {"angle": -45, "axis": "z", "origin": [8.675, 14.65, 8]},
			"faces": {
				"north": {"uv": [8.25, 8, 8.5, 8.5], "texture": "#0"},
				"east": {"uv": [0, 8.5, 0.25, 9], "texture": "#0"},
				"south": {"uv": [0.25, 8.5, 0.5, 9], "texture": "#0"},
				"west": {"uv": [0.5, 8.5, 0.75, 9], "texture": "#0"},
				"up": {"uv": [2.25, 9, 2, 8.75], "texture": "#0"},
				"down": {"uv": [9, 2, 8.75, 2.25], "texture": "#0"}
			}
		},
		{
			"from": [8.22249, 14.22175, 7.375],
			"to": [8.72249, 14.97175, 8.625],
			"rotation": {"angle": 0, "axis": "y", "origin": [8.92249, 15.32175, 8]},
			"faces": {
				"north": {"uv": [2.25, 8.75, 2.5, 9], "texture": "#0"},
				"east": {"uv": [8.75, 2.25, 9, 2.5], "texture": "#0"},
				"south": {"uv": [2.5, 8.75, 2.75, 9], "texture": "#0"},
				"west": {"uv": [8.75, 2.5, 9, 2.75], "texture": "#0"},
				"up": {"uv": [3, 9, 2.75, 8.75], "texture": "#0"},
				"down": {"uv": [9, 2.75, 8.75, 3], "texture": "#0"}
			}
		},
		{
			"from": [7.27751, 14.22175, 7.375],
			"to": [7.77751, 14.97175, 8.625],
			"rotation": {"angle": 0, "axis": "y", "origin": [7.07751, 15.32175, 8]},
			"faces": {
				"north": {"uv": [8.75, 3, 9, 3.25], "texture": "#0"},
				"east": {"uv": [8.75, 3.25, 9, 3.5], "texture": "#0"},
				"south": {"uv": [3.5, 8.75, 3.75, 9], "texture": "#0"},
				"west": {"uv": [3.75, 8.75, 4, 9], "texture": "#0"},
				"up": {"uv": [9, 4.25, 8.75, 4], "texture": "#0"},
				"down": {"uv": [4.5, 8.75, 4.25, 9], "texture": "#0"}
			}
		},
		{
			"from": [6.25, 15.35, 6.85],
			"to": [6.75, 17.35, 9.15],
			"rotation": {"angle": 0, "axis": "y", "origin": [7.5, 15.6, 8]},
			"faces": {
				"north": {"uv": [0.75, 8.5, 1, 9], "texture": "#0"},
				"east": {"uv": [3.5, 7.75, 4, 8.25], "texture": "#0"},
				"south": {"uv": [8.5, 1.25, 8.75, 1.75], "texture": "#0"},
				"west": {"uv": [7.75, 3.75, 8.25, 4.25], "texture": "#0"},
				"up": {"uv": [8.75, 2.25, 8.5, 1.75], "texture": "#0"},
				"down": {"uv": [8.75, 2.25, 8.5, 2.75], "texture": "#0"}
			}
		},
		{
			"from": [7.075, 13.4, 6.875],
			"to": [7.575, 15.9, 9.125],
			"rotation": {"angle": 45, "axis": "z", "origin": [7.325, 14.65, 8]},
			"faces": {
				"north": {"uv": [2.75, 8, 3, 8.75], "texture": "#0"},
				"east": {"uv": [6.25, 6.5, 6.75, 7.25], "texture": "#0"},
				"south": {"uv": [4.25, 8, 4.5, 8.75], "texture": "#0"},
				"west": {"uv": [2.75, 6.75, 3.25, 7.5], "texture": "#0"},
				"up": {"uv": [8.75, 3.25, 8.5, 2.75], "texture": "#0"},
				"down": {"uv": [3.25, 8.5, 3, 9], "texture": "#0"}
			}
		},
		{
			"from": [8.775, 15.425, 6.875],
			"to": [9.525, 16.675, 9.125],
			"rotation": {"angle": 45, "axis": "z", "origin": [7.325, 16.65, 8]},
			"faces": {
				"north": {"uv": [8.75, 4.5, 9, 4.75], "texture": "#0"},
				"east": {"uv": [8.25, 4, 8.75, 4.25], "texture": "#0"},
				"south": {"uv": [8.75, 4.75, 9, 5], "texture": "#0"},
				"west": {"uv": [8.5, 3.5, 9, 3.75], "texture": "#0"},
				"up": {"uv": [3.5, 9, 3.25, 8.5], "texture": "#0"},
				"down": {"uv": [4.25, 8.5, 4, 9], "texture": "#0"}
			}
		},
		{
			"from": [6.475, 15.425, 6.875],
			"to": [7.225, 16.675, 9.125],
			"rotation": {"angle": -45, "axis": "z", "origin": [8.675, 16.65, 8]},
			"faces": {
				"north": {"uv": [8.75, 5, 9, 5.25], "texture": "#0"},
				"east": {"uv": [8.5, 3.75, 9, 4], "texture": "#0"},
				"south": {"uv": [8.75, 5.25, 9, 5.5], "texture": "#0"},
				"west": {"uv": [8.5, 4.25, 9, 4.5], "texture": "#0"},
				"up": {"uv": [4.75, 9, 4.5, 8.5], "texture": "#0"},
				"down": {"uv": [8.75, 4.5, 8.5, 5], "texture": "#0"}
			}
		},
		{
			"from": [7.375, 14.55, 7.35],
			"to": [7.875, 16.05, 8.65],
			"rotation": {"angle": 45, "axis": "z", "origin": [7.325, 14.65, 8]},
			"faces": {
				"north": {"uv": [4.75, 8.5, 5, 9], "texture": "#0"},
				"east": {"uv": [5, 8.5, 5.25, 9], "texture": "#0"},
				"south": {"uv": [8.5, 5, 8.75, 5.5], "texture": "#0"},
				"west": {"uv": [5.25, 8.5, 5.5, 9], "texture": "#0"},
				"up": {"uv": [5.75, 9, 5.5, 8.75], "texture": "#0"},
				"down": {"uv": [6, 8.75, 5.75, 9], "texture": "#0"}
			}
		},
		{
			"from": [7.32322, 13.17322, 6.85],
			"to": [8.32322, 14.17322, 9.15],
			"rotation": {"angle": 45, "axis": "z", "origin": [8, 13.85, 8]},
			"faces": {
				"north": {"uv": [8.75, 6, 9, 6.25], "texture": "#0"},
				"east": {"uv": [8.5, 5.5, 9, 5.75], "texture": "#0"},
				"south": {"uv": [6.25, 8.75, 6.5, 9], "texture": "#0"},
				"west": {"uv": [8.5, 5.75, 9, 6], "texture": "#0"},
				"up": {"uv": [6.25, 9, 6, 8.5], "texture": "#0"},
				"down": {"uv": [8.75, 6, 8.5, 6.5], "texture": "#0"}
			}
		},
		{
			"from": [1.65, 14.95, 7.75],
			"to": [5.65, 15.95, 8.25],
			"rotation": {"angle": 0, "axis": "y", "origin": [-1.05, 17.45, 8]},
			"faces": {
				"north": {"uv": [0.25, 1.25, 1.25, 1.5], "texture": "#0"},
				"east": {"uv": [0.25, 1.25, 0.375, 1.5], "texture": "#0"},
				"south": {"uv": [2.5, 2.75, 3.5, 3], "texture": "#0"},
				"west": {"uv": [1, 1.25, 1.125, 1.5], "texture": "#0"},
				"up": {"uv": [2.5, 2.75, 3.5, 2.875], "texture": "#0"},
				"down": {"uv": [0.25, 1.25, 1.25, 1.375], "texture": "#0"}
			}
		},
		{
			"from": [-5.35, 14.95, 7.75],
			"to": [-3.35, 15.95, 8.25],
			"rotation": {"angle": 0, "axis": "y", "origin": [-1.05, 17.45, 8]},
			"faces": {
				"north": {"uv": [2.5, 1.25, 3, 1.5], "texture": "#0"},
				"east": {"uv": [2.75, 1.25, 2.875, 1.5], "texture": "#0"},
				"south": {"uv": [0.75, 2.75, 1.25, 3], "texture": "#0"},
				"west": {"uv": [2.5, 1.25, 2.625, 1.5], "texture": "#0"},
				"up": {"uv": [2.5, 1.25, 3, 1.375], "texture": "#0"},
				"down": {"uv": [2.5, 1.25, 3, 1.375], "texture": "#0"}
			}
		},
		{
			"from": [-0.35, 18.95, 7.75],
			"to": [5.65, 19.95, 8.25],
			"rotation": {"angle": 0, "axis": "y", "origin": [-1.05, 17.45, 8]},
			"faces": {
				"north": {"uv": [0.25, 0.25, 1.75, 0.5], "texture": "#0"},
				"east": {"uv": [0.25, 0.25, 0.375, 0.5], "texture": "#0"},
				"south": {"uv": [2, 1.75, 3.5, 2], "texture": "#0"},
				"west": {"uv": [1.5, 0.25, 1.625, 0.5], "texture": "#0"},
				"up": {"uv": [2, 1.75, 3.5, 1.875], "texture": "#0"},
				"down": {"uv": [0.25, 0.25, 1.75, 0.375], "texture": "#0"}
			}
		},
		{
			"from": [5.65, 15.95, 7.75],
			"to": [6.65, 17.95, 8.25],
			"rotation": {"angle": 0, "axis": "y", "origin": [-1.05, 17.45, 8]},
			"faces": {
				"north": {"uv": [0, 0.75, 0.25, 1.25], "texture": "#0"},
				"east": {"uv": [0, 0.75, 0.125, 1.25], "texture": "#0"},
				"south": {"uv": [0, 0.75, 0.25, 1.25], "texture": "#0"},
				"west": {"uv": [0, 0.75, 0.125, 1.25], "texture": "#0"},
				"up": {"uv": [0, 0.75, 0.25, 0.875], "texture": "#0"},
				"down": {"uv": [0, 1, 0.25, 1.125], "texture": "#0"}
			}
		},
		{
			"from": [-6.35, 18.95, 7.75],
			"to": [-5.35, 19.95, 8.25],
			"rotation": {"angle": 0, "axis": "y", "origin": [-1.05, 17.45, 8]},
			"faces": {
				"north": {"uv": [3, 0.25, 3.25, 0.5], "texture": "#0"},
				"east": {"uv": [3, 0.25, 3.125, 0.5], "texture": "#0"},
				"south": {"uv": [3, 0.25, 3.25, 0.5], "texture": "#0"},
				"west": {"uv": [3, 0.25, 3.125, 0.5], "texture": "#0"},
				"up": {"uv": [3, 0.25, 3.25, 0.375], "texture": "#0"},
				"down": {"uv": [3, 0.25, 3.25, 0.375], "texture": "#0"}
			}
		},
		{
			"from": [-7.35, 16.95, 7.75],
			"to": [-6.35, 19.95, 8.25],
			"rotation": {"angle": 0, "axis": "y", "origin": [-1.05, 17.45, 8]},
			"faces": {
				"north": {"uv": [0.25, 1.75, 0.5, 2.5], "texture": "#0"},
				"east": {"uv": [3.25, 0.25, 3.375, 1], "texture": "#0"},
				"south": {"uv": [3.25, 0.25, 3.5, 1], "texture": "#0"},
				"west": {"uv": [3.25, 0.25, 3.375, 1], "texture": "#0"},
				"up": {"uv": [3.25, 0.25, 3.5, 0.375], "texture": "#0"},
				"down": {"uv": [0.25, 2.25, 0.5, 2.375], "texture": "#0"}
			}
		},
		{
			"from": [-8.35, 17.95, 7.75],
			"to": [-7.35, 20.95, 8.25],
			"rotation": {"angle": 0, "axis": "y", "origin": [-1.05, 17.45, 8]},
			"faces": {
				"north": {"uv": [3.5, 0, 3.75, 0.75], "texture": "#0"},
				"east": {"uv": [3.5, 0, 3.625, 0.75], "texture": "#0"},
				"south": {"uv": [0, 1.5, 0.25, 2.25], "texture": "#0"},
				"west": {"uv": [0, 1.5, 0.125, 2.25], "texture": "#0"},
				"up": {"uv": [3.5, 0, 3.75, 0.125], "texture": "#0"},
				"down": {"uv": [0, 2, 0.25, 2.125], "texture": "#0"}
			}
		},
		{
			"from": [-6.35, 15.95, 7.75],
			"to": [5.65, 18.95, 8.25],
			"rotation": {"angle": 0, "axis": "y", "origin": [-1.05, 17.45, 8]},
			"faces": {
				"north": {"uv": [0.25, 0.5, 3.25, 1.25], "texture": "#0"},
				"east": {"uv": [0.5, 0.5, 0.625, 1.25], "texture": "#0"},
				"south": {"uv": [0.5, 2, 3.5, 2.75], "texture": "#0"},
				"west": {"uv": [3, 0.5, 3.125, 1.25], "texture": "#0"},
				"up": {"uv": [0.5, 2, 3.5, 2.125], "texture": "#0"},
				"down": {"uv": [0.5, 2.5, 3.5, 2.625], "texture": "#0"}
			}
		},
		{
			"from": [10.35, 14.95, 7.75],
			"to": [14.35, 15.95, 8.25],
			"rotation": {"angle": 0, "axis": "y", "origin": [-1.05, 17.45, 8]},
			"faces": {
				"north": {"uv": [2.5, 2.75, 3.5, 3], "texture": "#0"},
				"east": {"uv": [1, 1.25, 1.125, 1.5], "texture": "#0"},
				"south": {"uv": [0.25, 1.25, 1.25, 1.5], "texture": "#0"},
				"west": {"uv": [0.25, 1.25, 0.375, 1.5], "texture": "#0"},
				"up": {"uv": [2.5, 2.75, 3.5, 2.875], "rotation": 180, "texture": "#0"},
				"down": {"uv": [0.25, 1.25, 1.25, 1.375], "rotation": 180, "texture": "#0"}
			}
		},
		{
			"from": [19.35, 14.95, 7.75],
			"to": [21.35, 15.95, 8.25],
			"rotation": {"angle": 0, "axis": "y", "origin": [-1.05, 17.45, 8]},
			"faces": {
				"north": {"uv": [0.75, 2.75, 1.25, 3], "texture": "#0"},
				"east": {"uv": [2.5, 1.25, 2.625, 1.5], "texture": "#0"},
				"south": {"uv": [2.5, 1.25, 3, 1.5], "texture": "#0"},
				"west": {"uv": [2.75, 1.25, 2.875, 1.5], "texture": "#0"},
				"up": {"uv": [2.5, 1.25, 3, 1.375], "rotation": 180, "texture": "#0"},
				"down": {"uv": [2.5, 1.25, 3, 1.375], "rotation": 180, "texture": "#0"}
			}
		},
		{
			"from": [10.35, 18.95, 7.75],
			"to": [16.35, 19.95, 8.25],
			"rotation": {"angle": 0, "axis": "y", "origin": [-1.05, 17.45, 8]},
			"faces": {
				"north": {"uv": [2, 1.75, 3.5, 2], "texture": "#0"},
				"east": {"uv": [1.5, 0.25, 1.625, 0.5], "texture": "#0"},
				"south": {"uv": [0.25, 0.25, 1.75, 0.5], "texture": "#0"},
				"west": {"uv": [0.25, 0.25, 0.375, 0.5], "texture": "#0"},
				"up": {"uv": [2, 1.75, 3.5, 1.875], "rotation": 180, "texture": "#0"},
				"down": {"uv": [0.25, 0.25, 1.75, 0.375], "rotation": 180, "texture": "#0"}
			}
		},
		{
			"from": [9.35, 15.95, 7.75],
			"to": [10.35, 17.95, 8.25],
			"rotation": {"angle": 0, "axis": "y", "origin": [-1.05, 17.45, 8]},
			"faces": {
				"north": {"uv": [0, 0.75, 0.25, 1.25], "texture": "#0"},
				"east": {"uv": [0, 0.75, 0.125, 1.25], "texture": "#0"},
				"south": {"uv": [0, 0.75, 0.25, 1.25], "texture": "#0"},
				"west": {"uv": [0, 0.75, 0.125, 1.25], "texture": "#0"},
				"up": {"uv": [0, 0.75, 0.25, 0.875], "rotation": 180, "texture": "#0"},
				"down": {"uv": [0, 1, 0.25, 1.125], "rotation": 180, "texture": "#0"}
			}
		},
		{
			"from": [21.35, 18.95, 7.75],
			"to": [22.35, 19.95, 8.25],
			"rotation": {"angle": 0, "axis": "y", "origin": [-1.05, 17.45, 8]},
			"faces": {
				"north": {"uv": [3, 0.25, 3.25, 0.5], "texture": "#0"},
				"east": {"uv": [3, 0.25, 3.125, 0.5], "texture": "#0"},
				"south": {"uv": [3, 0.25, 3.25, 0.5], "texture": "#0"},
				"west": {"uv": [3, 0.25, 3.125, 0.5], "texture": "#0"},
				"up": {"uv": [3, 0.25, 3.25, 0.375], "rotation": 180, "texture": "#0"},
				"down": {"uv": [3, 0.25, 3.25, 0.375], "rotation": 180, "texture": "#0"}
			}
		},
		{
			"from": [22.35, 16.95, 7.75],
			"to": [23.35, 19.95, 8.25],
			"rotation": {"angle": 0, "axis": "y", "origin": [-1.05, 17.45, 8]},
			"faces": {
				"north": {"uv": [3.25, 0.25, 3.5, 1], "texture": "#0"},
				"east": {"uv": [3.25, 0.25, 3.375, 1], "texture": "#0"},
				"south": {"uv": [0.25, 1.75, 0.5, 2.5], "texture": "#0"},
				"west": {"uv": [3.25, 0.25, 3.375, 1], "texture": "#0"},
				"up": {"uv": [3.25, 0.25, 3.5, 0.375], "rotation": 180, "texture": "#0"},
				"down": {"uv": [0.25, 2.25, 0.5, 2.375], "rotation": 180, "texture": "#0"}
			}
		},
		{
			"from": [23.35, 17.95, 7.75],
			"to": [24.35, 20.95, 8.25],
			"rotation": {"angle": 0, "axis": "y", "origin": [-1.05, 17.45, 8]},
			"faces": {
				"north": {"uv": [0, 1.5, 0.25, 2.25], "texture": "#0"},
				"east": {"uv": [0, 1.5, 0.125, 2.25], "texture": "#0"},
				"south": {"uv": [3.5, 0, 3.75, 0.75], "texture": "#0"},
				"west": {"uv": [3.5, 0, 3.625, 0.75], "texture": "#0"},
				"up": {"uv": [3.5, 0, 3.75, 0.125], "rotation": 180, "texture": "#0"},
				"down": {"uv": [0, 2, 0.25, 2.125], "rotation": 180, "texture": "#0"}
			}
		},
		{
			"from": [10.35, 15.95, 7.75],
			"to": [22.35, 18.95, 8.25],
			"rotation": {"angle": 0, "axis": "y", "origin": [-1.05, 17.45, 8]},
			"faces": {
				"north": {"uv": [0.5, 2, 3.5, 2.75], "texture": "#0"},
				"east": {"uv": [3, 0.5, 3.125, 1.25], "texture": "#0"},
				"south": {"uv": [0.25, 0.5, 3.25, 1.25], "texture": "#0"},
				"west": {"uv": [0.5, 0.5, 0.625, 1.25], "texture": "#0"},
				"up": {"uv": [0.5, 2, 3.5, 2.125], "rotation": 180, "texture": "#0"},
				"down": {"uv": [0.5, 2.5, 3.5, 2.625], "rotation": 180, "texture": "#0"}
			}
		},
		{
			"from": [3.25, 9.6, 7.8],
			"to": [8.25, 11.6, 8.2],
			"rotation": {"angle": 22.5, "axis": "z", "origin": [3.25, 9.85, 8]},
			"faces": {
				"north": {"uv": [2, 4.5, 3.25, 5], "texture": "#0"},
				"east": {"uv": [2, 4.5, 2.1, 5], "texture": "#0"},
				"south": {"uv": [5.25, 2.25, 6.5, 2.75], "texture": "#0"},
				"west": {"uv": [3, 4.5, 3.1, 5], "texture": "#0"},
				"up": {"uv": [5.25, 2.25, 6.5, 2.35], "texture": "#0"},
				"down": {"uv": [5.25, 2.5, 6.5, 2.6], "texture": "#0"}
			}
		},
		{
			"from": [1.25, 9.6, 7.8],
			"to": [3.25, 10.6, 8.2],
			"rotation": {"angle": 22.5, "axis": "z", "origin": [3.25, 9.85, 8]},
			"faces": {
				"north": {"uv": [3.25, 4.75, 3.75, 5], "texture": "#0"},
				"east": {"uv": [5, 2.5, 5.1, 2.75], "texture": "#0"},
				"south": {"uv": [4.75, 2.5, 5.25, 2.75], "texture": "#0"},
				"west": {"uv": [4.75, 2.5, 4.85, 2.75], "texture": "#0"},
				"up": {"uv": [4.75, 2.5, 5.25, 2.6], "texture": "#0"},
				"down": {"uv": [3.25, 4.75, 3.75, 4.85], "texture": "#0"}
			}
		},
		{
			"from": [4.25, 8.6, 7.8],
			"to": [6.25, 9.6, 8.2],
			"rotation": {"angle": 22.5, "axis": "z", "origin": [3.25, 9.85, 8]},
			"faces": {
				"north": {"uv": [2.5, 5, 3, 5.25], "texture": "#0"},
				"east": {"uv": [2.5, 5, 2.6, 5.25], "texture": "#0"},
				"south": {"uv": [5.5, 2.75, 6, 3], "texture": "#0"},
				"west": {"uv": [2.75, 5, 2.85, 5.25], "texture": "#0"},
				"up": {"uv": [2.5, 5, 3, 5.1], "texture": "#0"},
				"down": {"uv": [5.5, 2.75, 6, 2.85], "texture": "#0"}
			}
		},
		{
			"from": [7.6, 10.1, 7.8],
			"to": [12.6, 12.1, 8.2],
			"rotation": {"angle": -22.5, "axis": "z", "origin": [11.25, 9.85, 8]},
			"faces": {
				"north": {"uv": [5.25, 2.25, 6.5, 2.75], "texture": "#0"},
				"east": {"uv": [3, 4.5, 3.1, 5], "texture": "#0"},
				"south": {"uv": [2, 4.5, 3.25, 5], "texture": "#0"},
				"west": {"uv": [2, 4.5, 2.1, 5], "texture": "#0"},
				"up": {"uv": [5.25, 2.25, 6.5, 2.35], "rotation": 180, "texture": "#0"},
				"down": {"uv": [5.25, 2.5, 6.5, 2.6], "rotation": 180, "texture": "#0"}
			}
		},
		{
			"from": [12.6, 10.1, 7.8],
			"to": [14.6, 11.1, 8.2],
			"rotation": {"angle": -22.5, "axis": "z", "origin": [11.25, 9.85, 8]},
			"faces": {
				"north": {"uv": [4.75, 2.5, 5.25, 2.75], "texture": "#0"},
				"east": {"uv": [4.75, 2.5, 4.85, 2.75], "texture": "#0"},
				"south": {"uv": [3.25, 4.75, 3.75, 5], "texture": "#0"},
				"west": {"uv": [5, 2.5, 5.1, 2.75], "texture": "#0"},
				"up": {"uv": [4.75, 2.5, 5.25, 2.6], "rotation": 180, "texture": "#0"},
				"down": {"uv": [3.25, 4.75, 3.75, 4.85], "rotation": 180, "texture": "#0"}
			}
		},
		{
			"from": [9.6, 9.1, 7.8],
			"to": [11.6, 10.1, 8.2],
			"rotation": {"angle": -22.5, "axis": "z", "origin": [11.25, 9.85, 8]},
			"faces": {
				"north": {"uv": [5.5, 2.75, 6, 3], "texture": "#0"},
				"east": {"uv": [2.75, 5, 2.85, 5.25], "texture": "#0"},
				"south": {"uv": [2.5, 5, 3, 5.25], "texture": "#0"},
				"west": {"uv": [2.5, 5, 2.6, 5.25], "texture": "#0"},
				"up": {"uv": [2.5, 5, 3, 5.1], "rotation": 180, "texture": "#0"},
				"down": {"uv": [5.5, 2.75, 6, 2.85], "rotation": 180, "texture": "#0"}
			}
		}
	],
	"display": {
		"thirdperson_righthand": {
			"rotation": [0, 92, 0],
			"translation": [0, 0, 0.5],
			"scale": [0.59805, 0.59805, 0.59805]
		},
		"thirdperson_lefthand": {
			"rotation": [0, 92, 0],
			"translation": [0, 0, 0.5],
			"scale": [0.59805, 0.59805, 0.59805]
		},
		"firstperson_righthand": {
			"rotation": [-180, -87.75, 176.25],
			"translation": [1.13, 1.2, 0.13],
			"scale": [0.68, 0.68, 0.68]
		},
		"firstperson_lefthand": {
			"rotation": [-180, -87.75, 176.25],
			"translation": [1.13, 1.2, 0.13],
			"scale": [0.68, 0.68, 0.68]
		},
		"ground": {
			"rotation": [90, 0, 90],
			"translation": [0, -4, 0],
			"scale": [0.3, 0.3, 0.3]
		},
		"gui": {
			"rotation": [0, 0, -42.75],
			"translation": [-1.75, -1.5, -0.25],
			"scale": [0.4, 0.4, 0.4]
		},
		"fixed": {
			"rotation": [0, 0, 44.25],
			"translation": [1.5, -1.5, -0.25],
			"scale": [0.5, 0.5, 0.5]
		}
	},
	"groups": [
		{
			"name": "hades pick",
			"origin": [8.75, 8.1, 8],
			"color": 0,
			"children": [0, 1, 2, 3, 4, 5, 6, 7, 8, 9, 10, 11, 12, 13, 14, 15, 16, 17, 18, 19, 20, 21, 22, 23, 24, 25, 26, 27, 28, 29, 30, 31, 32, 33]
		},
		{
			"name": "Wing1",
			"origin": [0, 0, 0],
			"color": 0,
			"children": [34, 35, 36, 37, 38, 39, 40, 41]
		},
		{
			"name": "Wing2",
			"origin": [0, 0, 0],
			"color": 0,
			"children": [42, 43, 44, 45, 46, 47, 48, 49]
		},
		{
			"name": "MiniWing1",
			"origin": [0, 0, 0],
			"color": 0,
			"children": [50, 51, 52]
		},
		{
			"name": "MiniWing2",
			"origin": [0, 0, 0],
			"color": 0,
			"children": [53, 54, 55]
		}
	]
}