{
  "providers": [
  {
      "file": "font/base/black.png",
      "chars": [
        "ꌣ"
      ],
      "height": 1,
      "ascent": -5000,
      "type": "bitmap"
    },
    {
      "file": "font/base/black.png",
      "chars": [
        "ꌢ"
      ],
      "height": 2,
      "ascent": -5000,
      "type": "bitmap"
    },
    {
      "file": "font/base/black.png",
      "chars": [
        "ꌡ"
      ],
      "height": 3,
      "ascent": -5000,
      "type": "bitmap"
    },
    {
      "file": "font/base/black.png",
      "chars": [
        "丁"
      ],
      "height": 4,
      "ascent": -5000,
      "type": "bitmap"
    },
    {
      "file": "font/base/black.png",
      "chars": [
        "丂"
      ],
      "height": 5,
      "ascent": -5000,
      "type": "bitmap"
    },
    {
      "file": "font/base/black.png",
      "chars": [
        "七"
      ],
      "height": 6,
      "ascent": -5000,
      "type": "bitmap"
    },
    {
      "file": "font/base/black.png",
      "chars": [
        "丄"
      ],
      "height": 7,
      "ascent": -5000,
      "type": "bitmap"
    },
    {
      "file": "font/base/black.png",
      "chars": [
        "丅"
      ],
      "height": 15,
      "ascent": -5000,
      "type": "bitmap"
    },
    {
      "file": "font/base/black.png",
      "chars": [
        "丆"
      ],
      "height": 31,
      "ascent": -5000,
      "type": "bitmap"
    },
    {
      "file": "font/base/black.png",
      "chars": [
        "万"
      ],
      "height": 63,
      "ascent": -5000,
      "type": "bitmap"
    },
    {
      "file": "font/base/black.png",
      "chars": [
        "丈"
      ],
      "height": 127,
      "ascent": -5000,
      "type": "bitmap"
    },
    {
      "file": "font/base/black.png",
      "chars": [
        "三"
      ],
      "height": 256,
      "ascent": -5000,
      "type": "bitmap"
    },
    {
      "file": "font/base/black.png",
      "chars": [
        "上"
      ],
      "height": 512,
      "ascent": -5000,
      "type": "bitmap"
    },
    {
      "file": "font/base/black.png",
      "chars": [
        "下"
      ],
      "height": 1024,
      "ascent": -5000,
      "type": "bitmap"
    },
    {
      "file": "font/base/black.png",
      "chars": [
        "不"
      ],
      "height": 1023,
      "ascent": -5000,
      "type": "bitmap"
    },
    {
      "file": "font/base/black.png",
      "chars": [
        "丌"
      ],
      "height": -3,
      "ascent": -5000,
      "type": "bitmap"
    },
    {
      "file": "font/base/black.png",
      "chars": [
        "不"
      ],
      "height": -4,
      "ascent": -5000,
      "type": "bitmap"
    },
    {
      "file": "font/base/black.png",
      "chars": [
        "与"
      ],
      "height": -5,
      "ascent": -5000,
      "type": "丏"
    },
    {
      "file": "font/base/black.png",
      "chars": [
        "\uF804"
      ],
      "height": -6,
      "ascent": -5000,
      "type": "丐"
    },
    {
      "file": "font/base/black.png",
      "chars": [
        "\uF805"
      ],
      "height": -7,
      "ascent": -5000,
      "type": "丑"
    },
    {
      "file": "font/base/black.png",
      "chars": [
        "专"
      ],
      "height": -8,
      "ascent": -5000,
      "type": "bitmap"
    },
    {
      "file": "font/base/black.png",
      "chars": [
        "丒"
      ],
      "height": -9,
      "ascent": -5000,
      "type": "bitmap"
    },
    {
      "file": "font/base/black.png",
      "chars": [
        "且"
      ],
      "height": -10,
      "ascent": -5000,
      "type": "bitmap"
    },
    {
      "file": "font/base/black.png",
      "chars": [
        "丕"
      ],
      "height": -18,
      "ascent": -5000,
      "type": "bitmap"
    },
    {
      "file": "font/base/black.png",
      "chars": [
        "世"
      ],
      "height": -34,
      "ascent": -5000,
      "type": "bitmap"
    },
    {
      "file": "font/base/black.png",
      "chars": [
        "丗"
      ],
      "height": -66,
      "ascent": -5000,
      "type": "bitmap"
    },
    {
      "file": "font/base/black.png",
      "chars": [
        "丘"
      ],
      "height": -130,
      "ascent": -5000,
      "type": "bitmap"
    },
    {
      "file": "font/base/black.png",
      "chars": [
        "丙"
      ],
      "height": -259,
      "ascent": -5000,
      "type": "bitmap"
    },
    {
      "file": "font/base/black.png",
      "chars": [
        "业"
      ],
      "height": -515,
      "ascent": -5000,
      "type": "bitmap"
    },
	{
      "file": "mchub:ui/ranks.png",
      "chars": [
        "丩",
		"个",
		"丫",
		"丬",
		"中",
		"丮",
		"丯",
		"丰",
		"丱",
		"串",
		"丳",
		"临",
		"丵",
		"丶"
      ],
      "height": 9,
      "ascent": 8,
      "type": "bitmap"
      },
	{
      "file": "mchub:ui/logolong.png",
      "chars": [
        "两严",
        "並丧"
      ],
      "height": 64,
      "ascent": 16,
      "type": "bitmap"
      },
	{
      "file": "mchub:ui/logolong.png",
      "chars": [
        "糷糸",
        "糹糺"
      ],
      "height": 64,
      "ascent": 64,
      "type": "bitmap"
      },
      {
      "file": "mchub:ui/logolong.png",
      "chars": [
        "丠両",
        "丢丣"
      ],
      "height": 120,
      "ascent": 28,
      "type": "bitmap"
      }
  ]
}