{
	"credit": "Made with Blockbench",
	"elements": [
		{
			"from": [7.8, 0, 8.5],
			"to": [8.2, 9.1, 8.6],
			"rotation": {"angle": 0, "axis": "y", "origin": [8.05, 0.05, 8.55]},
			"color": 6,
			"faces": {
				"north": {"uv": [0, 0, 4, 1], "texture": "#missing"},
				"east": {"uv": [0, 0, 1, 1], "texture": "#missing"},
				"south": {"uv": [0, 0, 4, 1], "texture": "#missing"},
				"west": {"uv": [0, 0, 1, 1], "texture": "#missing"},
				"up": {"uv": [0, 0, 4, 1], "rotation": 180, "texture": "#missing"},
				"down": {"uv": [0, 0, 4, 1], "rotation": 180, "texture": "#missing"}
			}
		},
		{
			"from": [7.8, 0, 7.4],
			"to": [8.2, 9.1, 7.5],
			"rotation": {"angle": 0, "axis": "y", "origin": [8.05, 0.05, 7.45]},
			"color": 6,
			"faces": {
				"north": {"uv": [0, 0, 4, 1], "texture": "#missing"},
				"east": {"uv": [0, 0, 1, 1], "texture": "#missing"},
				"south": {"uv": [0, 0, 4, 1], "texture": "#missing"},
				"west": {"uv": [0, 0, 1, 1], "texture": "#missing"},
				"up": {"uv": [0, 0, 4, 1], "rotation": 180, "texture": "#missing"},
				"down": {"uv": [0, 0, 4, 1], "rotation": 180, "texture": "#missing"}
			}
		},
		{
			"from": [7.4, 0, 7.8],
			"to": [7.5, 9.1, 8.2],
			"rotation": {"angle": 0, "axis": "y", "origin": [7.45, 0.05, 8]},
			"color": 6,
			"faces": {
				"north": {"uv": [0, 0, 1, 1], "texture": "#missing"},
				"east": {"uv": [0, 0, 4, 1], "texture": "#missing"},
				"south": {"uv": [0, 0, 1, 1], "texture": "#missing"},
				"west": {"uv": [0, 0, 4, 1], "texture": "#missing"},
				"up": {"uv": [0, 0, 4, 1], "rotation": 90, "texture": "#missing"},
				"down": {"uv": [0, 0, 4, 1], "rotation": 270, "texture": "#missing"}
			}
		},
		{
			"from": [8.5, 0, 7.8],
			"to": [8.6, 9.1, 8.2],
			"rotation": {"angle": 0, "axis": "y", "origin": [8.55, 0.05, 8]},
			"color": 6,
			"faces": {
				"north": {"uv": [0, 0, 1, 1], "texture": "#missing"},
				"east": {"uv": [0, 0, 4, 1], "texture": "#missing"},
				"south": {"uv": [0, 0, 1, 1], "texture": "#missing"},
				"west": {"uv": [0, 0, 4, 1], "texture": "#missing"},
				"up": {"uv": [0, 0, 4, 1], "rotation": 90, "texture": "#missing"},
				"down": {"uv": [0, 0, 4, 1], "rotation": 270, "texture": "#missing"}
			}
		},
		{
			"from": [7.5, 0, 7.6],
			"to": [7.6, 9.1, 7.8],
			"rotation": {"angle": 0, "axis": "y", "origin": [7.55, 0.05, 7.45]},
			"color": 6,
			"faces": {
				"north": {"uv": [0, 0, 1, 1], "texture": "#missing"},
				"east": {"uv": [0, 0, 2, 1], "texture": "#missing"},
				"south": {"uv": [0, 0, 1, 1], "texture": "#missing"},
				"west": {"uv": [0, 0, 2, 1], "texture": "#missing"},
				"up": {"uv": [0, 0, 2, 1], "rotation": 90, "texture": "#missing"},
				"down": {"uv": [0, 0, 2, 1], "rotation": 270, "texture": "#missing"}
			}
		},
		{
			"from": [8.4, 0, 8.2],
			"to": [8.5, 9.1, 8.4],
			"rotation": {"angle": 0, "axis": "y", "origin": [8.45, 0.05, 8.05]},
			"color": 6,
			"faces": {
				"north": {"uv": [0, 0, 1, 1], "texture": "#missing"},
				"east": {"uv": [0, 0, 2, 1], "texture": "#missing"},
				"south": {"uv": [0, 0, 1, 1], "texture": "#missing"},
				"west": {"uv": [0, 0, 2, 1], "texture": "#missing"},
				"up": {"uv": [0, 0, 2, 1], "rotation": 90, "texture": "#missing"},
				"down": {"uv": [0, 0, 2, 1], "rotation": 270, "texture": "#missing"}
			}
		},
		{
			"from": [7.5, 0, 8.2],
			"to": [7.6, 9.1, 8.4],
			"rotation": {"angle": 0, "axis": "y", "origin": [7.55, 0.05, 8.05]},
			"color": 6,
			"faces": {
				"north": {"uv": [0, 0, 1, 1], "texture": "#missing"},
				"east": {"uv": [0, 0, 2, 1], "texture": "#missing"},
				"south": {"uv": [0, 0, 1, 1], "texture": "#missing"},
				"west": {"uv": [0, 0, 2, 1], "texture": "#missing"},
				"up": {"uv": [0, 0, 2, 1], "rotation": 90, "texture": "#missing"},
				"down": {"uv": [0, 0, 2, 1], "rotation": 270, "texture": "#missing"}
			}
		},
		{
			"from": [8.4, 0, 7.6],
			"to": [8.5, 9.1, 7.8],
			"rotation": {"angle": 0, "axis": "y", "origin": [8.45, 0.05, 7.45]},
			"color": 6,
			"faces": {
				"north": {"uv": [0, 0, 1, 1], "texture": "#missing"},
				"east": {"uv": [0, 0, 2, 1], "texture": "#missing"},
				"south": {"uv": [0, 0, 1, 1], "texture": "#missing"},
				"west": {"uv": [0, 0, 2, 1], "texture": "#missing"},
				"up": {"uv": [0, 0, 2, 1], "rotation": 90, "texture": "#missing"},
				"down": {"uv": [0, 0, 2, 1], "rotation": 270, "texture": "#missing"}
			}
		},
		{
			"from": [8.2, 0, 7.5],
			"to": [8.4, 9.1, 7.6],
			"rotation": {"angle": 0, "axis": "y", "origin": [8.25, 0.05, 7.35]},
			"color": 6,
			"faces": {
				"north": {"uv": [0, 0, 2, 1], "texture": "#missing"},
				"east": {"uv": [0, 0, 1, 1], "texture": "#missing"},
				"south": {"uv": [0, 0, 2, 1], "texture": "#missing"},
				"west": {"uv": [0, 0, 1, 1], "texture": "#missing"},
				"up": {"uv": [0, 0, 1, 2], "rotation": 90, "texture": "#missing"},
				"down": {"uv": [0, 0, 1, 2], "rotation": 270, "texture": "#missing"}
			}
		},
		{
			"from": [7.6, 0, 7.5],
			"to": [7.8, 9.1, 7.6],
			"rotation": {"angle": 0, "axis": "y", "origin": [7.65, 0.05, 7.35]},
			"color": 6,
			"faces": {
				"north": {"uv": [0, 0, 2, 1], "texture": "#missing"},
				"east": {"uv": [0, 0, 1, 1], "texture": "#missing"},
				"south": {"uv": [0, 0, 2, 1], "texture": "#missing"},
				"west": {"uv": [0, 0, 1, 1], "texture": "#missing"},
				"up": {"uv": [0, 0, 1, 2], "rotation": 90, "texture": "#missing"},
				"down": {"uv": [0, 0, 1, 2], "rotation": 270, "texture": "#missing"}
			}
		},
		{
			"from": [7.6, 0, 8.4],
			"to": [7.8, 9.1, 8.5],
			"rotation": {"angle": 0, "axis": "y", "origin": [7.65, 0.05, 8.25]},
			"color": 6,
			"faces": {
				"north": {"uv": [0, 0, 2, 1], "texture": "#missing"},
				"east": {"uv": [0, 0, 1, 1], "texture": "#missing"},
				"south": {"uv": [0, 0, 2, 1], "texture": "#missing"},
				"west": {"uv": [0, 0, 1, 1], "texture": "#missing"},
				"up": {"uv": [0, 0, 1, 2], "rotation": 90, "texture": "#missing"},
				"down": {"uv": [0, 0, 1, 2], "rotation": 270, "texture": "#missing"}
			}
		},
		{
			"from": [8.2, 0, 8.4],
			"to": [8.4, 9.1, 8.5],
			"rotation": {"angle": 0, "axis": "y", "origin": [8.25, 0.05, 8.25]},
			"color": 6,
			"faces": {
				"north": {"uv": [0, 0, 2, 1], "texture": "#missing"},
				"east": {"uv": [0, 0, 1, 1], "texture": "#missing"},
				"south": {"uv": [0, 0, 2, 1], "texture": "#missing"},
				"west": {"uv": [0, 0, 1, 1], "texture": "#missing"},
				"up": {"uv": [0, 0, 1, 2], "rotation": 90, "texture": "#missing"},
				"down": {"uv": [0, 0, 1, 2], "rotation": 270, "texture": "#missing"}
			}
		},
		{
			"from": [10.8, 8.6, 8.5],
			"to": [11.2, 9.1, 8.6],
			"rotation": {"angle": 0, "axis": "y", "origin": [11.05, 0.05, 8.55]},
			"color": 6,
			"faces": {
				"north": {"uv": [0, 0, 4, 1], "texture": "#missing"},
				"east": {"uv": [0, 0, 1, 1], "texture": "#missing"},
				"south": {"uv": [0, 0, 4, 1], "texture": "#missing"},
				"west": {"uv": [0, 0, 1, 1], "texture": "#missing"},
				"up": {"uv": [0, 0, 4, 1], "rotation": 180, "texture": "#missing"},
				"down": {"uv": [0, 0, 4, 1], "rotation": 180, "texture": "#missing"}
			}
		},
		{
			"from": [10.8, 8.6, 7.4],
			"to": [11.2, 9.1, 7.5],
			"rotation": {"angle": 0, "axis": "y", "origin": [11.05, 0.05, 7.45]},
			"color": 6,
			"faces": {
				"north": {"uv": [0, 0, 4, 1], "texture": "#missing"},
				"east": {"uv": [0, 0, 1, 1], "texture": "#missing"},
				"south": {"uv": [0, 0, 4, 1], "texture": "#missing"},
				"west": {"uv": [0, 0, 1, 1], "texture": "#missing"},
				"up": {"uv": [0, 0, 4, 1], "rotation": 180, "texture": "#missing"},
				"down": {"uv": [0, 0, 4, 1], "rotation": 180, "texture": "#missing"}
			}
		},
		{
			"from": [10.9, 8.5, 7.4],
			"to": [11.1, 8.6, 7.5],
			"rotation": {"angle": 0, "axis": "y", "origin": [11.05, -0.05, 7.45]},
			"color": 6,
			"faces": {
				"north": {"uv": [0, 0, 4, 1], "texture": "#missing"},
				"east": {"uv": [0, 0, 1, 1], "texture": "#missing"},
				"south": {"uv": [0, 0, 4, 1], "texture": "#missing"},
				"west": {"uv": [0, 0, 1, 1], "texture": "#missing"},
				"up": {"uv": [0, 0, 4, 1], "rotation": 180, "texture": "#missing"},
				"down": {"uv": [0, 0, 4, 1], "rotation": 180, "texture": "#missing"}
			}
		},
		{
			"from": [7.9, -0.5, 7.8],
			"to": [8.1, -0.4, 7.9],
			"rotation": {"angle": 0, "axis": "y", "origin": [7.6, -0.45, 8.1]},
			"color": 6,
			"faces": {
				"north": {"uv": [0, 0, 1, 1], "texture": "#missing"},
				"east": {"uv": [0, 0, 4, 1], "texture": "#missing"},
				"south": {"uv": [0, 0, 1, 1], "texture": "#missing"},
				"west": {"uv": [0, 0, 4, 1], "texture": "#missing"},
				"up": {"uv": [0, 0, 4, 1], "rotation": 270, "texture": "#missing"},
				"down": {"uv": [0, 0, 4, 1], "rotation": 90, "texture": "#missing"}
			}
		},
		{
			"from": [7.9, -0.5, 8.1],
			"to": [8.1, -0.4, 8.2],
			"rotation": {"angle": 0, "axis": "y", "origin": [7.6, -0.45, 8.4]},
			"color": 6,
			"faces": {
				"north": {"uv": [0, 0, 1, 1], "texture": "#missing"},
				"east": {"uv": [0, 0, 4, 1], "texture": "#missing"},
				"south": {"uv": [0, 0, 1, 1], "texture": "#missing"},
				"west": {"uv": [0, 0, 4, 1], "texture": "#missing"},
				"up": {"uv": [0, 0, 4, 1], "rotation": 270, "texture": "#missing"},
				"down": {"uv": [0, 0, 4, 1], "rotation": 90, "texture": "#missing"}
			}
		},
		{
			"from": [7.8, -0.5, 7.9],
			"to": [8.2, -0.4, 8.1],
			"rotation": {"angle": 0, "axis": "y", "origin": [7.6, -0.45, 8.2]},
			"color": 6,
			"faces": {
				"north": {"uv": [0, 0, 1, 1], "texture": "#missing"},
				"east": {"uv": [0, 0, 4, 1], "texture": "#missing"},
				"south": {"uv": [0, 0, 1, 1], "texture": "#missing"},
				"west": {"uv": [0, 0, 4, 1], "texture": "#missing"},
				"up": {"uv": [0, 0, 4, 1], "rotation": 270, "texture": "#missing"},
				"down": {"uv": [0, 0, 4, 1], "rotation": 90, "texture": "#missing"}
			}
		},
		{
			"from": [7.8, -0.4, 8.1],
			"to": [7.9, -0.3, 8.2],
			"rotation": {"angle": 0, "axis": "y", "origin": [7.6, -0.35, 8.3]},
			"color": 6,
			"faces": {
				"north": {"uv": [0, 0, 1, 1], "texture": "#missing"},
				"east": {"uv": [0, 0, 4, 1], "texture": "#missing"},
				"south": {"uv": [0, 0, 1, 1], "texture": "#missing"},
				"west": {"uv": [0, 0, 4, 1], "texture": "#missing"},
				"up": {"uv": [0, 0, 4, 1], "rotation": 270, "texture": "#missing"},
				"down": {"uv": [0, 0, 4, 1], "rotation": 90, "texture": "#missing"}
			}
		},
		{
			"from": [7.8, -0.4, 7.8],
			"to": [7.9, -0.3, 7.9],
			"rotation": {"angle": 0, "axis": "y", "origin": [7.6, -0.35, 8]},
			"color": 6,
			"faces": {
				"north": {"uv": [0, 0, 1, 1], "texture": "#missing"},
				"east": {"uv": [0, 0, 4, 1], "texture": "#missing"},
				"south": {"uv": [0, 0, 1, 1], "texture": "#missing"},
				"west": {"uv": [0, 0, 4, 1], "texture": "#missing"},
				"up": {"uv": [0, 0, 4, 1], "rotation": 270, "texture": "#missing"},
				"down": {"uv": [0, 0, 4, 1], "rotation": 90, "texture": "#missing"}
			}
		},
		{
			"from": [8.1, -0.4, 8.1],
			"to": [8.2, -0.3, 8.2],
			"rotation": {"angle": 0, "axis": "y", "origin": [7.9, -0.35, 8.3]},
			"color": 6,
			"faces": {
				"north": {"uv": [0, 0, 1, 1], "texture": "#missing"},
				"east": {"uv": [0, 0, 4, 1], "texture": "#missing"},
				"south": {"uv": [0, 0, 1, 1], "texture": "#missing"},
				"west": {"uv": [0, 0, 4, 1], "texture": "#missing"},
				"up": {"uv": [0, 0, 4, 1], "rotation": 270, "texture": "#missing"},
				"down": {"uv": [0, 0, 4, 1], "rotation": 90, "texture": "#missing"}
			}
		},
		{
			"from": [8.1, -0.4, 7.8],
			"to": [8.2, -0.3, 7.9],
			"rotation": {"angle": 0, "axis": "y", "origin": [7.9, -0.35, 8]},
			"color": 6,
			"faces": {
				"north": {"uv": [0, 0, 1, 1], "texture": "#missing"},
				"east": {"uv": [0, 0, 4, 1], "texture": "#missing"},
				"south": {"uv": [0, 0, 1, 1], "texture": "#missing"},
				"west": {"uv": [0, 0, 4, 1], "texture": "#missing"},
				"up": {"uv": [0, 0, 4, 1], "rotation": 270, "texture": "#missing"},
				"down": {"uv": [0, 0, 4, 1], "rotation": 90, "texture": "#missing"}
			}
		},
		{
			"from": [8.3, -0.4, 7.8],
			"to": [8.4, -0.3, 8.2],
			"rotation": {"angle": 0, "axis": "y", "origin": [8, -0.35, 8]},
			"color": 6,
			"faces": {
				"north": {"uv": [0, 0, 1, 1], "texture": "#missing"},
				"east": {"uv": [0, 0, 4, 1], "texture": "#missing"},
				"south": {"uv": [0, 0, 1, 1], "texture": "#missing"},
				"west": {"uv": [0, 0, 4, 1], "texture": "#missing"},
				"up": {"uv": [0, 0, 4, 1], "rotation": 270, "texture": "#missing"},
				"down": {"uv": [0, 0, 4, 1], "rotation": 90, "texture": "#missing"}
			}
		},
		{
			"from": [8.2, -0.4, 7.8],
			"to": [8.3, -0.3, 8.2],
			"rotation": {"angle": 0, "axis": "y", "origin": [8, -0.35, 8]},
			"color": 6,
			"faces": {
				"north": {"uv": [0, 0, 1, 1], "texture": "#missing"},
				"east": {"uv": [0, 0, 4, 1], "texture": "#missing"},
				"south": {"uv": [0, 0, 1, 1], "texture": "#missing"},
				"west": {"uv": [0, 0, 4, 1], "texture": "#missing"},
				"up": {"uv": [0, 0, 4, 1], "rotation": 270, "texture": "#missing"},
				"down": {"uv": [0, 0, 4, 1], "rotation": 90, "texture": "#missing"}
			}
		},
		{
			"from": [7.7, -0.4, 7.8],
			"to": [7.8, -0.3, 8.2],
			"rotation": {"angle": 0, "axis": "y", "origin": [8, -0.35, 8]},
			"color": 6,
			"faces": {
				"north": {"uv": [0, 0, 1, 1], "texture": "#missing"},
				"east": {"uv": [0, 0, 4, 1], "texture": "#missing"},
				"south": {"uv": [0, 0, 1, 1], "texture": "#missing"},
				"west": {"uv": [0, 0, 4, 1], "texture": "#missing"},
				"up": {"uv": [0, 0, 4, 1], "rotation": 270, "texture": "#missing"},
				"down": {"uv": [0, 0, 4, 1], "rotation": 90, "texture": "#missing"}
			}
		},
		{
			"from": [7.6, -0.4, 7.8],
			"to": [7.7, -0.3, 8.2],
			"rotation": {"angle": 0, "axis": "y", "origin": [8, -0.35, 8]},
			"color": 6,
			"faces": {
				"north": {"uv": [0, 0, 1, 1], "texture": "#missing"},
				"east": {"uv": [0, 0, 4, 1], "texture": "#missing"},
				"south": {"uv": [0, 0, 1, 1], "texture": "#missing"},
				"west": {"uv": [0, 0, 4, 1], "texture": "#missing"},
				"up": {"uv": [0, 0, 4, 1], "rotation": 270, "texture": "#missing"},
				"down": {"uv": [0, 0, 4, 1], "rotation": 90, "texture": "#missing"}
			}
		},
		{
			"from": [7.7, -0.4, 7.7],
			"to": [8.3, -0.3, 7.8],
			"rotation": {"angle": 0, "axis": "y", "origin": [8, -0.35, 8.2]},
			"color": 6,
			"faces": {
				"north": {"uv": [0, 0, 4, 1], "texture": "#missing"},
				"east": {"uv": [0, 0, 1, 1], "texture": "#missing"},
				"south": {"uv": [0, 0, 4, 1], "texture": "#missing"},
				"west": {"uv": [0, 0, 1, 1], "texture": "#missing"},
				"up": {"uv": [0, 0, 4, 1], "texture": "#missing"},
				"down": {"uv": [0, 0, 4, 1], "texture": "#missing"}
			}
		},
		{
			"from": [7.8, -0.4, 7.6],
			"to": [8.2, -0.3, 7.7],
			"rotation": {"angle": 0, "axis": "y", "origin": [8, -0.35, 8.1]},
			"color": 6,
			"faces": {
				"north": {"uv": [0, 0, 4, 1], "texture": "#missing"},
				"east": {"uv": [0, 0, 1, 1], "texture": "#missing"},
				"south": {"uv": [0, 0, 4, 1], "texture": "#missing"},
				"west": {"uv": [0, 0, 1, 1], "texture": "#missing"},
				"up": {"uv": [0, 0, 4, 1], "texture": "#missing"},
				"down": {"uv": [0, 0, 4, 1], "texture": "#missing"}
			}
		},
		{
			"from": [7.7, -0.4, 8.2],
			"to": [8.3, -0.3, 8.3],
			"rotation": {"angle": 0, "axis": "y", "origin": [8, -0.35, 8.7]},
			"color": 6,
			"faces": {
				"north": {"uv": [0, 0, 4, 1], "texture": "#missing"},
				"east": {"uv": [0, 0, 1, 1], "texture": "#missing"},
				"south": {"uv": [0, 0, 4, 1], "texture": "#missing"},
				"west": {"uv": [0, 0, 1, 1], "texture": "#missing"},
				"up": {"uv": [0, 0, 4, 1], "texture": "#missing"},
				"down": {"uv": [0, 0, 4, 1], "texture": "#missing"}
			}
		},
		{
			"from": [7.8, -0.4, 8.3],
			"to": [8.2, -0.3, 8.4],
			"rotation": {"angle": 0, "axis": "y", "origin": [8, -0.35, 8.8]},
			"color": 6,
			"faces": {
				"north": {"uv": [0, 0, 4, 1], "texture": "#missing"},
				"east": {"uv": [0, 0, 1, 1], "texture": "#missing"},
				"south": {"uv": [0, 0, 4, 1], "texture": "#missing"},
				"west": {"uv": [0, 0, 1, 1], "texture": "#missing"},
				"up": {"uv": [0, 0, 4, 1], "texture": "#missing"},
				"down": {"uv": [0, 0, 4, 1], "texture": "#missing"}
			}
		},
		{
			"from": [7.7, -0.3, 8.3],
			"to": [7.8, -0.2, 8.4],
			"rotation": {"angle": 0, "axis": "y", "origin": [7.75, -0.25, 8.35]},
			"color": 6,
			"faces": {
				"north": {"uv": [0, 0, 4, 1], "texture": "#missing"},
				"east": {"uv": [0, 0, 1, 1], "texture": "#missing"},
				"south": {"uv": [0, 0, 4, 1], "texture": "#missing"},
				"west": {"uv": [0, 0, 1, 1], "texture": "#missing"},
				"up": {"uv": [0, 0, 4, 1], "texture": "#missing"},
				"down": {"uv": [0, 0, 4, 1], "texture": "#missing"}
			}
		},
		{
			"from": [8.2, -0.3, 8.3],
			"to": [8.3, -0.2, 8.4],
			"rotation": {"angle": 0, "axis": "y", "origin": [8.25, -0.25, 8.35]},
			"color": 6,
			"faces": {
				"north": {"uv": [0, 0, 4, 1], "texture": "#missing"},
				"east": {"uv": [0, 0, 1, 1], "texture": "#missing"},
				"south": {"uv": [0, 0, 4, 1], "texture": "#missing"},
				"west": {"uv": [0, 0, 1, 1], "texture": "#missing"},
				"up": {"uv": [0, 0, 4, 1], "texture": "#missing"},
				"down": {"uv": [0, 0, 4, 1], "texture": "#missing"}
			}
		},
		{
			"from": [7.6, -0.3, 8.2],
			"to": [7.7, -0.2, 8.3],
			"rotation": {"angle": 0, "axis": "y", "origin": [7.65, -0.25, 8.25]},
			"color": 6,
			"faces": {
				"north": {"uv": [0, 0, 4, 1], "texture": "#missing"},
				"east": {"uv": [0, 0, 1, 1], "texture": "#missing"},
				"south": {"uv": [0, 0, 4, 1], "texture": "#missing"},
				"west": {"uv": [0, 0, 1, 1], "texture": "#missing"},
				"up": {"uv": [0, 0, 4, 1], "texture": "#missing"},
				"down": {"uv": [0, 0, 4, 1], "texture": "#missing"}
			}
		},
		{
			"from": [8.3, -0.3, 8.2],
			"to": [8.4, -0.2, 8.3],
			"rotation": {"angle": 0, "axis": "y", "origin": [8.35, -0.25, 8.25]},
			"color": 6,
			"faces": {
				"north": {"uv": [0, 0, 4, 1], "texture": "#missing"},
				"east": {"uv": [0, 0, 1, 1], "texture": "#missing"},
				"south": {"uv": [0, 0, 4, 1], "texture": "#missing"},
				"west": {"uv": [0, 0, 1, 1], "texture": "#missing"},
				"up": {"uv": [0, 0, 4, 1], "texture": "#missing"},
				"down": {"uv": [0, 0, 4, 1], "texture": "#missing"}
			}
		},
		{
			"from": [8.3, -0.3, 7.7],
			"to": [8.4, -0.2, 7.8],
			"rotation": {"angle": 0, "axis": "y", "origin": [8.35, -0.25, 7.75]},
			"color": 6,
			"faces": {
				"north": {"uv": [0, 0, 4, 1], "texture": "#missing"},
				"east": {"uv": [0, 0, 1, 1], "texture": "#missing"},
				"south": {"uv": [0, 0, 4, 1], "texture": "#missing"},
				"west": {"uv": [0, 0, 1, 1], "texture": "#missing"},
				"up": {"uv": [0, 0, 4, 1], "texture": "#missing"},
				"down": {"uv": [0, 0, 4, 1], "texture": "#missing"}
			}
		},
		{
			"from": [8.2, -0.3, 7.6],
			"to": [8.3, -0.2, 7.7],
			"rotation": {"angle": 0, "axis": "y", "origin": [8.25, -0.25, 7.65]},
			"color": 6,
			"faces": {
				"north": {"uv": [0, 0, 4, 1], "texture": "#missing"},
				"east": {"uv": [0, 0, 1, 1], "texture": "#missing"},
				"south": {"uv": [0, 0, 4, 1], "texture": "#missing"},
				"west": {"uv": [0, 0, 1, 1], "texture": "#missing"},
				"up": {"uv": [0, 0, 4, 1], "texture": "#missing"},
				"down": {"uv": [0, 0, 4, 1], "texture": "#missing"}
			}
		},
		{
			"from": [7.7, -0.3, 7.6],
			"to": [7.8, -0.2, 7.7],
			"rotation": {"angle": 0, "axis": "y", "origin": [7.75, -0.25, 7.65]},
			"color": 6,
			"faces": {
				"north": {"uv": [0, 0, 4, 1], "texture": "#missing"},
				"east": {"uv": [0, 0, 1, 1], "texture": "#missing"},
				"south": {"uv": [0, 0, 4, 1], "texture": "#missing"},
				"west": {"uv": [0, 0, 1, 1], "texture": "#missing"},
				"up": {"uv": [0, 0, 4, 1], "texture": "#missing"},
				"down": {"uv": [0, 0, 4, 1], "texture": "#missing"}
			}
		},
		{
			"from": [7.6, -0.3, 7.7],
			"to": [7.7, -0.2, 7.8],
			"rotation": {"angle": 0, "axis": "y", "origin": [7.65, -0.25, 7.75]},
			"color": 6,
			"faces": {
				"north": {"uv": [0, 0, 4, 1], "texture": "#missing"},
				"east": {"uv": [0, 0, 1, 1], "texture": "#missing"},
				"south": {"uv": [0, 0, 4, 1], "texture": "#missing"},
				"west": {"uv": [0, 0, 1, 1], "texture": "#missing"},
				"up": {"uv": [0, 0, 4, 1], "texture": "#missing"},
				"down": {"uv": [0, 0, 4, 1], "texture": "#missing"}
			}
		},
		{
			"from": [8.4, -0.3, 7.8],
			"to": [8.5, -0.2, 8.2],
			"rotation": {"angle": 0, "axis": "y", "origin": [8, -0.25, 8]},
			"color": 6,
			"faces": {
				"north": {"uv": [0, 0, 1, 1], "texture": "#missing"},
				"east": {"uv": [0, 0, 4, 1], "texture": "#missing"},
				"south": {"uv": [0, 0, 1, 1], "texture": "#missing"},
				"west": {"uv": [0, 0, 4, 1], "texture": "#missing"},
				"up": {"uv": [0, 0, 4, 1], "rotation": 270, "texture": "#missing"},
				"down": {"uv": [0, 0, 4, 1], "rotation": 90, "texture": "#missing"}
			}
		},
		{
			"from": [7.5, -0.3, 7.8],
			"to": [7.6, -0.2, 8.2],
			"rotation": {"angle": 0, "axis": "y", "origin": [8, -0.25, 8]},
			"color": 6,
			"faces": {
				"north": {"uv": [0, 0, 1, 1], "texture": "#missing"},
				"east": {"uv": [0, 0, 4, 1], "texture": "#missing"},
				"south": {"uv": [0, 0, 1, 1], "texture": "#missing"},
				"west": {"uv": [0, 0, 4, 1], "texture": "#missing"},
				"up": {"uv": [0, 0, 4, 1], "rotation": 270, "texture": "#missing"},
				"down": {"uv": [0, 0, 4, 1], "rotation": 90, "texture": "#missing"}
			}
		},
		{
			"from": [7.8, -0.3, 8.4],
			"to": [8.2, -0.2, 8.5],
			"rotation": {"angle": 0, "axis": "y", "origin": [8, -0.25, 8.9]},
			"color": 6,
			"faces": {
				"north": {"uv": [0, 0, 4, 1], "texture": "#missing"},
				"east": {"uv": [0, 0, 1, 1], "texture": "#missing"},
				"south": {"uv": [0, 0, 4, 1], "texture": "#missing"},
				"west": {"uv": [0, 0, 1, 1], "texture": "#missing"},
				"up": {"uv": [0, 0, 4, 1], "texture": "#missing"},
				"down": {"uv": [0, 0, 4, 1], "texture": "#missing"}
			}
		},
		{
			"from": [7.8, -0.3, 7.5],
			"to": [8.2, -0.2, 7.6],
			"rotation": {"angle": 0, "axis": "y", "origin": [8, -0.25, 8]},
			"color": 6,
			"faces": {
				"north": {"uv": [0, 0, 4, 1], "texture": "#missing"},
				"east": {"uv": [0, 0, 1, 1], "texture": "#missing"},
				"south": {"uv": [0, 0, 4, 1], "texture": "#missing"},
				"west": {"uv": [0, 0, 1, 1], "texture": "#missing"},
				"up": {"uv": [0, 0, 4, 1], "texture": "#missing"},
				"down": {"uv": [0, 0, 4, 1], "texture": "#missing"}
			}
		},
		{
			"from": [8.3, -0.2, 8.3],
			"to": [8.4, -0.1, 8.4],
			"rotation": {"angle": 0, "axis": "y", "origin": [8.1, -0.15, 8.8]},
			"color": 6,
			"faces": {
				"north": {"uv": [0, 0, 4, 1], "texture": "#missing"},
				"east": {"uv": [0, 0, 1, 1], "texture": "#missing"},
				"south": {"uv": [0, 0, 4, 1], "texture": "#missing"},
				"west": {"uv": [0, 0, 1, 1], "texture": "#missing"},
				"up": {"uv": [0, 0, 4, 1], "texture": "#missing"},
				"down": {"uv": [0, 0, 4, 1], "texture": "#missing"}
			}
		},
		{
			"from": [8.3, -0.2, 7.6],
			"to": [8.4, -0.1, 7.7],
			"rotation": {"angle": 0, "axis": "y", "origin": [8.1, -0.15, 8.1]},
			"color": 6,
			"faces": {
				"north": {"uv": [0, 0, 4, 1], "texture": "#missing"},
				"east": {"uv": [0, 0, 1, 1], "texture": "#missing"},
				"south": {"uv": [0, 0, 4, 1], "texture": "#missing"},
				"west": {"uv": [0, 0, 1, 1], "texture": "#missing"},
				"up": {"uv": [0, 0, 4, 1], "texture": "#missing"},
				"down": {"uv": [0, 0, 4, 1], "texture": "#missing"}
			}
		},
		{
			"from": [7.6, -0.2, 8.3],
			"to": [7.7, -0.1, 8.4],
			"rotation": {"angle": 0, "axis": "y", "origin": [7.4, -0.15, 8.8]},
			"color": 6,
			"faces": {
				"north": {"uv": [0, 0, 4, 1], "texture": "#missing"},
				"east": {"uv": [0, 0, 1, 1], "texture": "#missing"},
				"south": {"uv": [0, 0, 4, 1], "texture": "#missing"},
				"west": {"uv": [0, 0, 1, 1], "texture": "#missing"},
				"up": {"uv": [0, 0, 4, 1], "texture": "#missing"},
				"down": {"uv": [0, 0, 4, 1], "texture": "#missing"}
			}
		},
		{
			"from": [7.6, -0.2, 7.6],
			"to": [7.7, -0.1, 7.7],
			"rotation": {"angle": 0, "axis": "y", "origin": [7.65, -0.15, 7.65]},
			"color": 6,
			"faces": {
				"north": {"uv": [0, 0, 4, 1], "texture": "#missing"},
				"east": {"uv": [0, 0, 1, 1], "texture": "#missing"},
				"south": {"uv": [0, 0, 4, 1], "texture": "#missing"},
				"west": {"uv": [0, 0, 1, 1], "texture": "#missing"},
				"up": {"uv": [0, 0, 4, 1], "texture": "#missing"},
				"down": {"uv": [0, 0, 4, 1], "texture": "#missing"}
			}
		},
		{
			"from": [7.7, -0.2, 7.5],
			"to": [8.3, -0.1, 7.6],
			"rotation": {"angle": 0, "axis": "y", "origin": [8, -0.15, 8]},
			"color": 6,
			"faces": {
				"north": {"uv": [0, 0, 4, 1], "texture": "#missing"},
				"east": {"uv": [0, 0, 1, 1], "texture": "#missing"},
				"south": {"uv": [0, 0, 4, 1], "texture": "#missing"},
				"west": {"uv": [0, 0, 1, 1], "texture": "#missing"},
				"up": {"uv": [0, 0, 4, 1], "texture": "#missing"},
				"down": {"uv": [0, 0, 4, 1], "texture": "#missing"}
			}
		},
		{
			"from": [7.7, -0.2, 8.4],
			"to": [8.3, -0.1, 8.5],
			"rotation": {"angle": 0, "axis": "y", "origin": [8, -0.15, 8]},
			"color": 6,
			"faces": {
				"north": {"uv": [0, 0, 4, 1], "texture": "#missing"},
				"east": {"uv": [0, 0, 1, 1], "texture": "#missing"},
				"south": {"uv": [0, 0, 4, 1], "texture": "#missing"},
				"west": {"uv": [0, 0, 1, 1], "texture": "#missing"},
				"up": {"uv": [0, 0, 4, 1], "texture": "#missing"},
				"down": {"uv": [0, 0, 4, 1], "texture": "#missing"}
			}
		},
		{
			"from": [8.4, -0.2, 7.7],
			"to": [8.5, -0.1, 8.3],
			"rotation": {"angle": 0, "axis": "y", "origin": [8.9, -0.15, 8.1]},
			"color": 6,
			"faces": {
				"north": {"uv": [0, 0, 1, 1], "texture": "#missing"},
				"east": {"uv": [0, 0, 4, 1], "texture": "#missing"},
				"south": {"uv": [0, 0, 1, 1], "texture": "#missing"},
				"west": {"uv": [0, 0, 4, 1], "texture": "#missing"},
				"up": {"uv": [0, 0, 4, 1], "rotation": 90, "texture": "#missing"},
				"down": {"uv": [0, 0, 4, 1], "rotation": 270, "texture": "#missing"}
			}
		},
		{
			"from": [7.5, -0.2, 7.7],
			"to": [7.6, -0.1, 8.3],
			"rotation": {"angle": 0, "axis": "y", "origin": [8, -0.15, 8.1]},
			"color": 6,
			"faces": {
				"north": {"uv": [0, 0, 1, 1], "texture": "#missing"},
				"east": {"uv": [0, 0, 4, 1], "texture": "#missing"},
				"south": {"uv": [0, 0, 1, 1], "texture": "#missing"},
				"west": {"uv": [0, 0, 4, 1], "texture": "#missing"},
				"up": {"uv": [0, 0, 4, 1], "rotation": 90, "texture": "#missing"},
				"down": {"uv": [0, 0, 4, 1], "rotation": 270, "texture": "#missing"}
			}
		},
		{
			"from": [8.4, -0.1, 8.1],
			"to": [8.5, 0, 8.4],
			"rotation": {"angle": 0, "axis": "y", "origin": [8, -0.05, 8]},
			"color": 6,
			"faces": {
				"north": {"uv": [0, 0, 1, 1], "texture": "#missing"},
				"east": {"uv": [0, 0, 4, 1], "texture": "#missing"},
				"south": {"uv": [0, 0, 1, 1], "texture": "#missing"},
				"west": {"uv": [0, 0, 4, 1], "texture": "#missing"},
				"up": {"uv": [0, 0, 4, 1], "rotation": 90, "texture": "#missing"},
				"down": {"uv": [0, 0, 4, 1], "rotation": 270, "texture": "#missing"}
			}
		},
		{
			"from": [8.4, -0.1, 7.6],
			"to": [8.5, 0, 7.9],
			"rotation": {"angle": 0, "axis": "y", "origin": [8, -0.05, 8]},
			"color": 6,
			"faces": {
				"north": {"uv": [0, 0, 1, 1], "texture": "#missing"},
				"east": {"uv": [0, 0, 4, 1], "texture": "#missing"},
				"south": {"uv": [0, 0, 1, 1], "texture": "#missing"},
				"west": {"uv": [0, 0, 4, 1], "texture": "#missing"},
				"up": {"uv": [0, 0, 4, 1], "rotation": 90, "texture": "#missing"},
				"down": {"uv": [0, 0, 4, 1], "rotation": 270, "texture": "#missing"}
			}
		},
		{
			"from": [7.5, -0.1, 7.6],
			"to": [7.6, 0, 7.9],
			"rotation": {"angle": 0, "axis": "y", "origin": [8, -0.05, 8]},
			"color": 6,
			"faces": {
				"north": {"uv": [0, 0, 1, 1], "texture": "#missing"},
				"east": {"uv": [0, 0, 4, 1], "texture": "#missing"},
				"south": {"uv": [0, 0, 1, 1], "texture": "#missing"},
				"west": {"uv": [0, 0, 4, 1], "texture": "#missing"},
				"up": {"uv": [0, 0, 4, 1], "rotation": 90, "texture": "#missing"},
				"down": {"uv": [0, 0, 4, 1], "rotation": 270, "texture": "#missing"}
			}
		},
		{
			"from": [7.5, -0.1, 8.1],
			"to": [7.6, 0, 8.4],
			"rotation": {"angle": 0, "axis": "y", "origin": [8, -0.05, 8]},
			"color": 6,
			"faces": {
				"north": {"uv": [0, 0, 1, 1], "texture": "#missing"},
				"east": {"uv": [0, 0, 4, 1], "texture": "#missing"},
				"south": {"uv": [0, 0, 1, 1], "texture": "#missing"},
				"west": {"uv": [0, 0, 4, 1], "texture": "#missing"},
				"up": {"uv": [0, 0, 4, 1], "rotation": 90, "texture": "#missing"},
				"down": {"uv": [0, 0, 4, 1], "rotation": 270, "texture": "#missing"}
			}
		},
		{
			"from": [7.6, -0.1, 8.4],
			"to": [7.9, 0, 8.5],
			"rotation": {"angle": 0, "axis": "y", "origin": [7.75, -8.65, 8.45]},
			"color": 6,
			"faces": {
				"north": {"uv": [0, 0, 4, 1], "texture": "#missing"},
				"east": {"uv": [0, 0, 1, 1], "texture": "#missing"},
				"south": {"uv": [0, 0, 4, 1], "texture": "#missing"},
				"west": {"uv": [0, 0, 1, 1], "texture": "#missing"},
				"up": {"uv": [0, 0, 4, 1], "rotation": 180, "texture": "#missing"},
				"down": {"uv": [0, 0, 4, 1], "rotation": 180, "texture": "#missing"}
			}
		},
		{
			"from": [8.1, -0.1, 8.4],
			"to": [8.4, 0, 8.5],
			"rotation": {"angle": 0, "axis": "y", "origin": [8.25, -8.65, 8.45]},
			"color": 6,
			"faces": {
				"north": {"uv": [0, 0, 4, 1], "texture": "#missing"},
				"east": {"uv": [0, 0, 1, 1], "texture": "#missing"},
				"south": {"uv": [0, 0, 4, 1], "texture": "#missing"},
				"west": {"uv": [0, 0, 1, 1], "texture": "#missing"},
				"up": {"uv": [0, 0, 4, 1], "rotation": 180, "texture": "#missing"},
				"down": {"uv": [0, 0, 4, 1], "rotation": 180, "texture": "#missing"}
			}
		},
		{
			"from": [7.6, -0.1, 7.5],
			"to": [7.9, 0, 7.6],
			"rotation": {"angle": 0, "axis": "y", "origin": [7.75, -8.65, 7.55]},
			"color": 6,
			"faces": {
				"north": {"uv": [0, 0, 4, 1], "texture": "#missing"},
				"east": {"uv": [0, 0, 1, 1], "texture": "#missing"},
				"south": {"uv": [0, 0, 4, 1], "texture": "#missing"},
				"west": {"uv": [0, 0, 1, 1], "texture": "#missing"},
				"up": {"uv": [0, 0, 4, 1], "rotation": 180, "texture": "#missing"},
				"down": {"uv": [0, 0, 4, 1], "rotation": 180, "texture": "#missing"}
			}
		},
		{
			"from": [8.1, -0.1, 7.5],
			"to": [8.4, 0, 7.6],
			"rotation": {"angle": 0, "axis": "y", "origin": [8.25, -8.65, 7.55]},
			"color": 6,
			"faces": {
				"north": {"uv": [0, 0, 4, 1], "texture": "#missing"},
				"east": {"uv": [0, 0, 1, 1], "texture": "#missing"},
				"south": {"uv": [0, 0, 4, 1], "texture": "#missing"},
				"west": {"uv": [0, 0, 1, 1], "texture": "#missing"},
				"up": {"uv": [0, 0, 4, 1], "rotation": 180, "texture": "#missing"},
				"down": {"uv": [0, 0, 4, 1], "rotation": 180, "texture": "#missing"}
			}
		},
		{
			"from": [8.5, -0.1, 7.9],
			"to": [8.6, 0, 8.1],
			"rotation": {"angle": 0, "axis": "y", "origin": [8, -0.05, 8]},
			"color": 6,
			"faces": {
				"north": {"uv": [0, 0, 1, 1], "texture": "#missing"},
				"east": {"uv": [0, 0, 4, 1], "texture": "#missing"},
				"south": {"uv": [0, 0, 1, 1], "texture": "#missing"},
				"west": {"uv": [0, 0, 4, 1], "texture": "#missing"},
				"up": {"uv": [0, 0, 4, 1], "rotation": 90, "texture": "#missing"},
				"down": {"uv": [0, 0, 4, 1], "rotation": 270, "texture": "#missing"}
			}
		},
		{
			"from": [7.4, -0.1, 7.9],
			"to": [7.5, 0, 8.1],
			"rotation": {"angle": 0, "axis": "y", "origin": [8, -0.05, 8]},
			"color": 6,
			"faces": {
				"north": {"uv": [0, 0, 1, 1], "texture": "#missing"},
				"east": {"uv": [0, 0, 4, 1], "texture": "#missing"},
				"south": {"uv": [0, 0, 1, 1], "texture": "#missing"},
				"west": {"uv": [0, 0, 4, 1], "texture": "#missing"},
				"up": {"uv": [0, 0, 4, 1], "rotation": 90, "texture": "#missing"},
				"down": {"uv": [0, 0, 4, 1], "rotation": 270, "texture": "#missing"}
			}
		},
		{
			"from": [7.9, -0.1, 8.5],
			"to": [8.1, 0, 8.6],
			"rotation": {"angle": 0, "axis": "y", "origin": [8.05, -8.65, 8.55]},
			"color": 6,
			"faces": {
				"north": {"uv": [0, 0, 4, 1], "texture": "#missing"},
				"east": {"uv": [0, 0, 1, 1], "texture": "#missing"},
				"south": {"uv": [0, 0, 4, 1], "texture": "#missing"},
				"west": {"uv": [0, 0, 1, 1], "texture": "#missing"},
				"up": {"uv": [0, 0, 4, 1], "rotation": 180, "texture": "#missing"},
				"down": {"uv": [0, 0, 4, 1], "rotation": 180, "texture": "#missing"}
			}
		},
		{
			"from": [7.9, -0.1, 7.4],
			"to": [8.1, 0, 7.5],
			"rotation": {"angle": 0, "axis": "y", "origin": [8.05, -8.65, 7.45]},
			"color": 6,
			"faces": {
				"north": {"uv": [0, 0, 4, 1], "texture": "#missing"},
				"east": {"uv": [0, 0, 1, 1], "texture": "#missing"},
				"south": {"uv": [0, 0, 4, 1], "texture": "#missing"},
				"west": {"uv": [0, 0, 1, 1], "texture": "#missing"},
				"up": {"uv": [0, 0, 4, 1], "rotation": 180, "texture": "#missing"},
				"down": {"uv": [0, 0, 4, 1], "rotation": 180, "texture": "#missing"}
			}
		},
		{
			"from": [11.1, 8.5, 7.5],
			"to": [11.4, 8.6, 7.6],
			"rotation": {"angle": 0, "axis": "y", "origin": [11.25, -0.05, 7.55]},
			"color": 6,
			"faces": {
				"north": {"uv": [0, 0, 4, 1], "texture": "#missing"},
				"east": {"uv": [0, 0, 1, 1], "texture": "#missing"},
				"south": {"uv": [0, 0, 4, 1], "texture": "#missing"},
				"west": {"uv": [0, 0, 1, 1], "texture": "#missing"},
				"up": {"uv": [0, 0, 4, 1], "rotation": 180, "texture": "#missing"},
				"down": {"uv": [0, 0, 4, 1], "rotation": 180, "texture": "#missing"}
			}
		},
		{
			"from": [10.6, 8.5, 7.5],
			"to": [10.9, 8.6, 7.6],
			"rotation": {"angle": 0, "axis": "y", "origin": [10.75, -0.05, 7.55]},
			"color": 6,
			"faces": {
				"north": {"uv": [0, 0, 4, 1], "texture": "#missing"},
				"east": {"uv": [0, 0, 1, 1], "texture": "#missing"},
				"south": {"uv": [0, 0, 4, 1], "texture": "#missing"},
				"west": {"uv": [0, 0, 1, 1], "texture": "#missing"},
				"up": {"uv": [0, 0, 4, 1], "rotation": 180, "texture": "#missing"},
				"down": {"uv": [0, 0, 4, 1], "rotation": 180, "texture": "#missing"}
			}
		},
		{
			"from": [10.6, 8.5, 8.4],
			"to": [10.9, 8.6, 8.5],
			"rotation": {"angle": 0, "axis": "y", "origin": [10.75, -0.05, 8.45]},
			"color": 6,
			"faces": {
				"north": {"uv": [0, 0, 4, 1], "texture": "#missing"},
				"east": {"uv": [0, 0, 1, 1], "texture": "#missing"},
				"south": {"uv": [0, 0, 4, 1], "texture": "#missing"},
				"west": {"uv": [0, 0, 1, 1], "texture": "#missing"},
				"up": {"uv": [0, 0, 4, 1], "rotation": 180, "texture": "#missing"},
				"down": {"uv": [0, 0, 4, 1], "rotation": 180, "texture": "#missing"}
			}
		},
		{
			"from": [11.1, 8.5, 8.4],
			"to": [11.4, 8.6, 8.5],
			"rotation": {"angle": 0, "axis": "y", "origin": [11.25, -0.05, 8.45]},
			"color": 6,
			"faces": {
				"north": {"uv": [0, 0, 4, 1], "texture": "#missing"},
				"east": {"uv": [0, 0, 1, 1], "texture": "#missing"},
				"south": {"uv": [0, 0, 4, 1], "texture": "#missing"},
				"west": {"uv": [0, 0, 1, 1], "texture": "#missing"},
				"up": {"uv": [0, 0, 4, 1], "rotation": 180, "texture": "#missing"},
				"down": {"uv": [0, 0, 4, 1], "rotation": 180, "texture": "#missing"}
			}
		},
		{
			"from": [11.4, 8.5, 8.1],
			"to": [11.5, 8.6, 8.4],
			"rotation": {"angle": 0, "axis": "y", "origin": [11, 8.55, 8]},
			"color": 6,
			"faces": {
				"north": {"uv": [0, 0, 1, 1], "texture": "#missing"},
				"east": {"uv": [0, 0, 4, 1], "texture": "#missing"},
				"south": {"uv": [0, 0, 1, 1], "texture": "#missing"},
				"west": {"uv": [0, 0, 4, 1], "texture": "#missing"},
				"up": {"uv": [0, 0, 4, 1], "rotation": 90, "texture": "#missing"},
				"down": {"uv": [0, 0, 4, 1], "rotation": 270, "texture": "#missing"}
			}
		},
		{
			"from": [11.4, 8.5, 7.6],
			"to": [11.5, 8.6, 7.9],
			"rotation": {"angle": 0, "axis": "y", "origin": [11, 8.55, 8]},
			"color": 6,
			"faces": {
				"north": {"uv": [0, 0, 1, 1], "texture": "#missing"},
				"east": {"uv": [0, 0, 4, 1], "texture": "#missing"},
				"south": {"uv": [0, 0, 1, 1], "texture": "#missing"},
				"west": {"uv": [0, 0, 4, 1], "texture": "#missing"},
				"up": {"uv": [0, 0, 4, 1], "rotation": 90, "texture": "#missing"},
				"down": {"uv": [0, 0, 4, 1], "rotation": 270, "texture": "#missing"}
			}
		},
		{
			"from": [10.5, 8.5, 7.6],
			"to": [10.6, 8.6, 7.9],
			"rotation": {"angle": 0, "axis": "y", "origin": [11, 8.55, 8]},
			"color": 6,
			"faces": {
				"north": {"uv": [0, 0, 1, 1], "texture": "#missing"},
				"east": {"uv": [0, 0, 4, 1], "texture": "#missing"},
				"south": {"uv": [0, 0, 1, 1], "texture": "#missing"},
				"west": {"uv": [0, 0, 4, 1], "texture": "#missing"},
				"up": {"uv": [0, 0, 4, 1], "rotation": 90, "texture": "#missing"},
				"down": {"uv": [0, 0, 4, 1], "rotation": 270, "texture": "#missing"}
			}
		},
		{
			"from": [10.5, 8.4, 7.7],
			"to": [10.6, 8.5, 8.3],
			"rotation": {"angle": 0, "axis": "y", "origin": [11, 8.45, 8.1]},
			"color": 6,
			"faces": {
				"north": {"uv": [0, 0, 1, 1], "texture": "#missing"},
				"east": {"uv": [0, 0, 4, 1], "texture": "#missing"},
				"south": {"uv": [0, 0, 1, 1], "texture": "#missing"},
				"west": {"uv": [0, 0, 4, 1], "texture": "#missing"},
				"up": {"uv": [0, 0, 4, 1], "rotation": 90, "texture": "#missing"},
				"down": {"uv": [0, 0, 4, 1], "rotation": 270, "texture": "#missing"}
			}
		},
		{
			"from": [11.4, 8.4, 7.7],
			"to": [11.5, 8.5, 8.3],
			"rotation": {"angle": 0, "axis": "y", "origin": [11.9, 8.45, 8.1]},
			"color": 6,
			"faces": {
				"north": {"uv": [0, 0, 1, 1], "texture": "#missing"},
				"east": {"uv": [0, 0, 4, 1], "texture": "#missing"},
				"south": {"uv": [0, 0, 1, 1], "texture": "#missing"},
				"west": {"uv": [0, 0, 4, 1], "texture": "#missing"},
				"up": {"uv": [0, 0, 4, 1], "rotation": 90, "texture": "#missing"},
				"down": {"uv": [0, 0, 4, 1], "rotation": 270, "texture": "#missing"}
			}
		},
		{
			"from": [10.7, 8.4, 7.5],
			"to": [11.3, 8.5, 7.6],
			"rotation": {"angle": 0, "axis": "y", "origin": [11, 8.45, 8]},
			"color": 6,
			"faces": {
				"north": {"uv": [0, 0, 4, 1], "texture": "#missing"},
				"east": {"uv": [0, 0, 1, 1], "texture": "#missing"},
				"south": {"uv": [0, 0, 4, 1], "texture": "#missing"},
				"west": {"uv": [0, 0, 1, 1], "texture": "#missing"},
				"up": {"uv": [0, 0, 4, 1], "texture": "#missing"},
				"down": {"uv": [0, 0, 4, 1], "texture": "#missing"}
			}
		},
		{
			"from": [10.8, 8.3, 7.5],
			"to": [11.2, 8.4, 7.6],
			"rotation": {"angle": 0, "axis": "y", "origin": [11, 8.35, 8]},
			"color": 6,
			"faces": {
				"north": {"uv": [0, 0, 4, 1], "texture": "#missing"},
				"east": {"uv": [0, 0, 1, 1], "texture": "#missing"},
				"south": {"uv": [0, 0, 4, 1], "texture": "#missing"},
				"west": {"uv": [0, 0, 1, 1], "texture": "#missing"},
				"up": {"uv": [0, 0, 4, 1], "texture": "#missing"},
				"down": {"uv": [0, 0, 4, 1], "texture": "#missing"}
			}
		},
		{
			"from": [10.8, 8.3, 8.4],
			"to": [11.2, 8.4, 8.5],
			"rotation": {"angle": 0, "axis": "y", "origin": [11, 8.35, 8.9]},
			"color": 6,
			"faces": {
				"north": {"uv": [0, 0, 4, 1], "texture": "#missing"},
				"east": {"uv": [0, 0, 1, 1], "texture": "#missing"},
				"south": {"uv": [0, 0, 4, 1], "texture": "#missing"},
				"west": {"uv": [0, 0, 1, 1], "texture": "#missing"},
				"up": {"uv": [0, 0, 4, 1], "texture": "#missing"},
				"down": {"uv": [0, 0, 4, 1], "texture": "#missing"}
			}
		},
		{
			"from": [10.8, 8.2, 8.3],
			"to": [11.2, 8.3, 8.4],
			"rotation": {"angle": 0, "axis": "y", "origin": [11, 8.25, 8.8]},
			"color": 6,
			"faces": {
				"north": {"uv": [0, 0, 4, 1], "texture": "#missing"},
				"east": {"uv": [0, 0, 1, 1], "texture": "#missing"},
				"south": {"uv": [0, 0, 4, 1], "texture": "#missing"},
				"west": {"uv": [0, 0, 1, 1], "texture": "#missing"},
				"up": {"uv": [0, 0, 4, 1], "texture": "#missing"},
				"down": {"uv": [0, 0, 4, 1], "texture": "#missing"}
			}
		},
		{
			"from": [10.8, 8.2, 7.6],
			"to": [11.2, 8.3, 7.7],
			"rotation": {"angle": 0, "axis": "y", "origin": [11, 8.25, 8.1]},
			"color": 6,
			"faces": {
				"north": {"uv": [0, 0, 4, 1], "texture": "#missing"},
				"east": {"uv": [0, 0, 1, 1], "texture": "#missing"},
				"south": {"uv": [0, 0, 4, 1], "texture": "#missing"},
				"west": {"uv": [0, 0, 1, 1], "texture": "#missing"},
				"up": {"uv": [0, 0, 4, 1], "texture": "#missing"},
				"down": {"uv": [0, 0, 4, 1], "texture": "#missing"}
			}
		},
		{
			"from": [10.7, 8.2, 8.2],
			"to": [11.3, 8.3, 8.3],
			"rotation": {"angle": 0, "axis": "y", "origin": [11, 8.25, 8.7]},
			"color": 6,
			"faces": {
				"north": {"uv": [0, 0, 4, 1], "texture": "#missing"},
				"east": {"uv": [0, 0, 1, 1], "texture": "#missing"},
				"south": {"uv": [0, 0, 4, 1], "texture": "#missing"},
				"west": {"uv": [0, 0, 1, 1], "texture": "#missing"},
				"up": {"uv": [0, 0, 4, 1], "texture": "#missing"},
				"down": {"uv": [0, 0, 4, 1], "texture": "#missing"}
			}
		},
		{
			"from": [10.7, 8.2, 7.7],
			"to": [11.3, 8.3, 7.8],
			"rotation": {"angle": 0, "axis": "y", "origin": [11, 8.25, 8.2]},
			"color": 6,
			"faces": {
				"north": {"uv": [0, 0, 4, 1], "texture": "#missing"},
				"east": {"uv": [0, 0, 1, 1], "texture": "#missing"},
				"south": {"uv": [0, 0, 4, 1], "texture": "#missing"},
				"west": {"uv": [0, 0, 1, 1], "texture": "#missing"},
				"up": {"uv": [0, 0, 4, 1], "texture": "#missing"},
				"down": {"uv": [0, 0, 4, 1], "texture": "#missing"}
			}
		},
		{
			"from": [11.3, 8.2, 7.8],
			"to": [11.4, 8.3, 8.2],
			"rotation": {"angle": 0, "axis": "y", "origin": [11, 8.25, 8]},
			"color": 6,
			"faces": {
				"north": {"uv": [0, 0, 1, 1], "texture": "#missing"},
				"east": {"uv": [0, 0, 4, 1], "texture": "#missing"},
				"south": {"uv": [0, 0, 1, 1], "texture": "#missing"},
				"west": {"uv": [0, 0, 4, 1], "texture": "#missing"},
				"up": {"uv": [0, 0, 4, 1], "rotation": 270, "texture": "#missing"},
				"down": {"uv": [0, 0, 4, 1], "rotation": 90, "texture": "#missing"}
			}
		},
		{
			"from": [11.2, 8.2, 7.8],
			"to": [11.3, 8.3, 8.2],
			"rotation": {"angle": 0, "axis": "y", "origin": [11, 8.25, 8]},
			"color": 6,
			"faces": {
				"north": {"uv": [0, 0, 1, 1], "texture": "#missing"},
				"east": {"uv": [0, 0, 4, 1], "texture": "#missing"},
				"south": {"uv": [0, 0, 1, 1], "texture": "#missing"},
				"west": {"uv": [0, 0, 4, 1], "texture": "#missing"},
				"up": {"uv": [0, 0, 4, 1], "rotation": 270, "texture": "#missing"},
				"down": {"uv": [0, 0, 4, 1], "rotation": 90, "texture": "#missing"}
			}
		},
		{
			"from": [11.1, 8.2, 7.8],
			"to": [11.2, 8.3, 7.9],
			"rotation": {"angle": 0, "axis": "y", "origin": [10.9, 8.25, 8]},
			"color": 6,
			"faces": {
				"north": {"uv": [0, 0, 1, 1], "texture": "#missing"},
				"east": {"uv": [0, 0, 4, 1], "texture": "#missing"},
				"south": {"uv": [0, 0, 1, 1], "texture": "#missing"},
				"west": {"uv": [0, 0, 4, 1], "texture": "#missing"},
				"up": {"uv": [0, 0, 4, 1], "rotation": 270, "texture": "#missing"},
				"down": {"uv": [0, 0, 4, 1], "rotation": 90, "texture": "#missing"}
			}
		},
		{
			"from": [11.1, 8.2, 8.1],
			"to": [11.2, 8.3, 8.2],
			"rotation": {"angle": 0, "axis": "y", "origin": [10.9, 8.25, 8.3]},
			"color": 6,
			"faces": {
				"north": {"uv": [0, 0, 1, 1], "texture": "#missing"},
				"east": {"uv": [0, 0, 4, 1], "texture": "#missing"},
				"south": {"uv": [0, 0, 1, 1], "texture": "#missing"},
				"west": {"uv": [0, 0, 4, 1], "texture": "#missing"},
				"up": {"uv": [0, 0, 4, 1], "rotation": 270, "texture": "#missing"},
				"down": {"uv": [0, 0, 4, 1], "rotation": 90, "texture": "#missing"}
			}
		},
		{
			"from": [10.8, 8.2, 8.1],
			"to": [10.9, 8.3, 8.2],
			"rotation": {"angle": 0, "axis": "y", "origin": [10.6, 8.25, 8.3]},
			"color": 6,
			"faces": {
				"north": {"uv": [0, 0, 1, 1], "texture": "#missing"},
				"east": {"uv": [0, 0, 4, 1], "texture": "#missing"},
				"south": {"uv": [0, 0, 1, 1], "texture": "#missing"},
				"west": {"uv": [0, 0, 4, 1], "texture": "#missing"},
				"up": {"uv": [0, 0, 4, 1], "rotation": 270, "texture": "#missing"},
				"down": {"uv": [0, 0, 4, 1], "rotation": 90, "texture": "#missing"}
			}
		},
		{
			"from": [10.8, 8.1, 7.9],
			"to": [11.2, 8.2, 8.1],
			"rotation": {"angle": 0, "axis": "y", "origin": [10.6, 8.15, 8.2]},
			"color": 6,
			"faces": {
				"north": {"uv": [0, 0, 1, 1], "texture": "#missing"},
				"east": {"uv": [0, 0, 4, 1], "texture": "#missing"},
				"south": {"uv": [0, 0, 1, 1], "texture": "#missing"},
				"west": {"uv": [0, 0, 4, 1], "texture": "#missing"},
				"up": {"uv": [0, 0, 4, 1], "rotation": 270, "texture": "#missing"},
				"down": {"uv": [0, 0, 4, 1], "rotation": 90, "texture": "#missing"}
			}
		},
		{
			"from": [10.9, 8.1, 8.1],
			"to": [11.1, 8.2, 8.2],
			"rotation": {"angle": 0, "axis": "y", "origin": [10.6, 8.15, 8.4]},
			"color": 6,
			"faces": {
				"north": {"uv": [0, 0, 1, 1], "texture": "#missing"},
				"east": {"uv": [0, 0, 4, 1], "texture": "#missing"},
				"south": {"uv": [0, 0, 1, 1], "texture": "#missing"},
				"west": {"uv": [0, 0, 4, 1], "texture": "#missing"},
				"up": {"uv": [0, 0, 4, 1], "rotation": 270, "texture": "#missing"},
				"down": {"uv": [0, 0, 4, 1], "rotation": 90, "texture": "#missing"}
			}
		},
		{
			"from": [10.9, 8.1, 7.8],
			"to": [11.1, 8.2, 7.9],
			"rotation": {"angle": 0, "axis": "y", "origin": [10.6, 8.15, 8.1]},
			"color": 6,
			"faces": {
				"north": {"uv": [0, 0, 1, 1], "texture": "#missing"},
				"east": {"uv": [0, 0, 4, 1], "texture": "#missing"},
				"south": {"uv": [0, 0, 1, 1], "texture": "#missing"},
				"west": {"uv": [0, 0, 4, 1], "texture": "#missing"},
				"up": {"uv": [0, 0, 4, 1], "rotation": 270, "texture": "#missing"},
				"down": {"uv": [0, 0, 4, 1], "rotation": 90, "texture": "#missing"}
			}
		},
		{
			"from": [10.8, 8.2, 7.8],
			"to": [10.9, 8.3, 7.9],
			"rotation": {"angle": 0, "axis": "y", "origin": [10.6, 8.25, 8]},
			"color": 6,
			"faces": {
				"north": {"uv": [0, 0, 1, 1], "texture": "#missing"},
				"east": {"uv": [0, 0, 4, 1], "texture": "#missing"},
				"south": {"uv": [0, 0, 1, 1], "texture": "#missing"},
				"west": {"uv": [0, 0, 4, 1], "texture": "#missing"},
				"up": {"uv": [0, 0, 4, 1], "rotation": 270, "texture": "#missing"},
				"down": {"uv": [0, 0, 4, 1], "rotation": 90, "texture": "#missing"}
			}
		},
		{
			"from": [10.7, 8.2, 7.8],
			"to": [10.8, 8.3, 8.2],
			"rotation": {"angle": 0, "axis": "y", "origin": [11, 8.25, 8]},
			"color": 6,
			"faces": {
				"north": {"uv": [0, 0, 1, 1], "texture": "#missing"},
				"east": {"uv": [0, 0, 4, 1], "texture": "#missing"},
				"south": {"uv": [0, 0, 1, 1], "texture": "#missing"},
				"west": {"uv": [0, 0, 4, 1], "texture": "#missing"},
				"up": {"uv": [0, 0, 4, 1], "rotation": 270, "texture": "#missing"},
				"down": {"uv": [0, 0, 4, 1], "rotation": 90, "texture": "#missing"}
			}
		},
		{
			"from": [10.6, 8.2, 7.8],
			"to": [10.7, 8.3, 8.2],
			"rotation": {"angle": 0, "axis": "y", "origin": [11, 8.25, 8]},
			"color": 6,
			"faces": {
				"north": {"uv": [0, 0, 1, 1], "texture": "#missing"},
				"east": {"uv": [0, 0, 4, 1], "texture": "#missing"},
				"south": {"uv": [0, 0, 1, 1], "texture": "#missing"},
				"west": {"uv": [0, 0, 4, 1], "texture": "#missing"},
				"up": {"uv": [0, 0, 4, 1], "rotation": 270, "texture": "#missing"},
				"down": {"uv": [0, 0, 4, 1], "rotation": 90, "texture": "#missing"}
			}
		},
		{
			"from": [11.4, 8.3, 7.8],
			"to": [11.5, 8.4, 8.2],
			"rotation": {"angle": 0, "axis": "y", "origin": [11, 8.35, 8]},
			"color": 6,
			"faces": {
				"north": {"uv": [0, 0, 1, 1], "texture": "#missing"},
				"east": {"uv": [0, 0, 4, 1], "texture": "#missing"},
				"south": {"uv": [0, 0, 1, 1], "texture": "#missing"},
				"west": {"uv": [0, 0, 4, 1], "texture": "#missing"},
				"up": {"uv": [0, 0, 4, 1], "rotation": 270, "texture": "#missing"},
				"down": {"uv": [0, 0, 4, 1], "rotation": 90, "texture": "#missing"}
			}
		},
		{
			"from": [10.5, 8.3, 7.8],
			"to": [10.6, 8.4, 8.2],
			"rotation": {"angle": 0, "axis": "y", "origin": [11, 8.35, 8]},
			"color": 6,
			"faces": {
				"north": {"uv": [0, 0, 1, 1], "texture": "#missing"},
				"east": {"uv": [0, 0, 4, 1], "texture": "#missing"},
				"south": {"uv": [0, 0, 1, 1], "texture": "#missing"},
				"west": {"uv": [0, 0, 4, 1], "texture": "#missing"},
				"up": {"uv": [0, 0, 4, 1], "rotation": 270, "texture": "#missing"},
				"down": {"uv": [0, 0, 4, 1], "rotation": 90, "texture": "#missing"}
			}
		},
		{
			"from": [10.6, 8.4, 7.6],
			"to": [10.7, 8.5, 7.7],
			"rotation": {"angle": 0, "axis": "y", "origin": [10.65, 8.45, 7.65]},
			"color": 6,
			"faces": {
				"north": {"uv": [0, 0, 4, 1], "texture": "#missing"},
				"east": {"uv": [0, 0, 1, 1], "texture": "#missing"},
				"south": {"uv": [0, 0, 4, 1], "texture": "#missing"},
				"west": {"uv": [0, 0, 1, 1], "texture": "#missing"},
				"up": {"uv": [0, 0, 4, 1], "texture": "#missing"},
				"down": {"uv": [0, 0, 4, 1], "texture": "#missing"}
			}
		},
		{
			"from": [10.6, 8.3, 7.7],
			"to": [10.7, 8.4, 7.8],
			"rotation": {"angle": 0, "axis": "y", "origin": [10.65, 8.35, 7.75]},
			"color": 6,
			"faces": {
				"north": {"uv": [0, 0, 4, 1], "texture": "#missing"},
				"east": {"uv": [0, 0, 1, 1], "texture": "#missing"},
				"south": {"uv": [0, 0, 4, 1], "texture": "#missing"},
				"west": {"uv": [0, 0, 1, 1], "texture": "#missing"},
				"up": {"uv": [0, 0, 4, 1], "texture": "#missing"},
				"down": {"uv": [0, 0, 4, 1], "texture": "#missing"}
			}
		},
		{
			"from": [11.3, 8.3, 7.7],
			"to": [11.4, 8.4, 7.8],
			"rotation": {"angle": 0, "axis": "y", "origin": [11.35, 8.35, 7.75]},
			"color": 6,
			"faces": {
				"north": {"uv": [0, 0, 4, 1], "texture": "#missing"},
				"east": {"uv": [0, 0, 1, 1], "texture": "#missing"},
				"south": {"uv": [0, 0, 4, 1], "texture": "#missing"},
				"west": {"uv": [0, 0, 1, 1], "texture": "#missing"},
				"up": {"uv": [0, 0, 4, 1], "texture": "#missing"},
				"down": {"uv": [0, 0, 4, 1], "texture": "#missing"}
			}
		},
		{
			"from": [10.6, 8.3, 8.2],
			"to": [10.7, 8.4, 8.3],
			"rotation": {"angle": 0, "axis": "y", "origin": [10.65, 8.35, 8.25]},
			"color": 6,
			"faces": {
				"north": {"uv": [0, 0, 4, 1], "texture": "#missing"},
				"east": {"uv": [0, 0, 1, 1], "texture": "#missing"},
				"south": {"uv": [0, 0, 4, 1], "texture": "#missing"},
				"west": {"uv": [0, 0, 1, 1], "texture": "#missing"},
				"up": {"uv": [0, 0, 4, 1], "texture": "#missing"},
				"down": {"uv": [0, 0, 4, 1], "texture": "#missing"}
			}
		},
		{
			"from": [11.3, 8.3, 8.2],
			"to": [11.4, 8.4, 8.3],
			"rotation": {"angle": 0, "axis": "y", "origin": [11.35, 8.35, 8.25]},
			"color": 6,
			"faces": {
				"north": {"uv": [0, 0, 4, 1], "texture": "#missing"},
				"east": {"uv": [0, 0, 1, 1], "texture": "#missing"},
				"south": {"uv": [0, 0, 4, 1], "texture": "#missing"},
				"west": {"uv": [0, 0, 1, 1], "texture": "#missing"},
				"up": {"uv": [0, 0, 4, 1], "texture": "#missing"},
				"down": {"uv": [0, 0, 4, 1], "texture": "#missing"}
			}
		},
		{
			"from": [10.7, 8.3, 7.6],
			"to": [10.8, 8.4, 7.7],
			"rotation": {"angle": 0, "axis": "y", "origin": [10.75, 8.35, 7.65]},
			"color": 6,
			"faces": {
				"north": {"uv": [0, 0, 4, 1], "texture": "#missing"},
				"east": {"uv": [0, 0, 1, 1], "texture": "#missing"},
				"south": {"uv": [0, 0, 4, 1], "texture": "#missing"},
				"west": {"uv": [0, 0, 1, 1], "texture": "#missing"},
				"up": {"uv": [0, 0, 4, 1], "texture": "#missing"},
				"down": {"uv": [0, 0, 4, 1], "texture": "#missing"}
			}
		},
		{
			"from": [11.2, 8.3, 7.6],
			"to": [11.3, 8.4, 7.7],
			"rotation": {"angle": 0, "axis": "y", "origin": [11.25, 8.35, 7.65]},
			"color": 6,
			"faces": {
				"north": {"uv": [0, 0, 4, 1], "texture": "#missing"},
				"east": {"uv": [0, 0, 1, 1], "texture": "#missing"},
				"south": {"uv": [0, 0, 4, 1], "texture": "#missing"},
				"west": {"uv": [0, 0, 1, 1], "texture": "#missing"},
				"up": {"uv": [0, 0, 4, 1], "texture": "#missing"},
				"down": {"uv": [0, 0, 4, 1], "texture": "#missing"}
			}
		},
		{
			"from": [10.7, 8.3, 8.3],
			"to": [10.8, 8.4, 8.4],
			"rotation": {"angle": 0, "axis": "y", "origin": [10.75, 8.35, 8.35]},
			"color": 6,
			"faces": {
				"north": {"uv": [0, 0, 4, 1], "texture": "#missing"},
				"east": {"uv": [0, 0, 1, 1], "texture": "#missing"},
				"south": {"uv": [0, 0, 4, 1], "texture": "#missing"},
				"west": {"uv": [0, 0, 1, 1], "texture": "#missing"},
				"up": {"uv": [0, 0, 4, 1], "texture": "#missing"},
				"down": {"uv": [0, 0, 4, 1], "texture": "#missing"}
			}
		},
		{
			"from": [11.2, 8.3, 8.3],
			"to": [11.3, 8.4, 8.4],
			"rotation": {"angle": 0, "axis": "y", "origin": [11.25, 8.35, 8.35]},
			"color": 6,
			"faces": {
				"north": {"uv": [0, 0, 4, 1], "texture": "#missing"},
				"east": {"uv": [0, 0, 1, 1], "texture": "#missing"},
				"south": {"uv": [0, 0, 4, 1], "texture": "#missing"},
				"west": {"uv": [0, 0, 1, 1], "texture": "#missing"},
				"up": {"uv": [0, 0, 4, 1], "texture": "#missing"},
				"down": {"uv": [0, 0, 4, 1], "texture": "#missing"}
			}
		},
		{
			"from": [10.6, 8.4, 8.3],
			"to": [10.7, 8.5, 8.4],
			"rotation": {"angle": 0, "axis": "y", "origin": [10.4, 8.45, 8.8]},
			"color": 6,
			"faces": {
				"north": {"uv": [0, 0, 4, 1], "texture": "#missing"},
				"east": {"uv": [0, 0, 1, 1], "texture": "#missing"},
				"south": {"uv": [0, 0, 4, 1], "texture": "#missing"},
				"west": {"uv": [0, 0, 1, 1], "texture": "#missing"},
				"up": {"uv": [0, 0, 4, 1], "texture": "#missing"},
				"down": {"uv": [0, 0, 4, 1], "texture": "#missing"}
			}
		},
		{
			"from": [11.3, 8.4, 8.3],
			"to": [11.4, 8.5, 8.4],
			"rotation": {"angle": 0, "axis": "y", "origin": [11.1, 8.45, 8.8]},
			"color": 6,
			"faces": {
				"north": {"uv": [0, 0, 4, 1], "texture": "#missing"},
				"east": {"uv": [0, 0, 1, 1], "texture": "#missing"},
				"south": {"uv": [0, 0, 4, 1], "texture": "#missing"},
				"west": {"uv": [0, 0, 1, 1], "texture": "#missing"},
				"up": {"uv": [0, 0, 4, 1], "texture": "#missing"},
				"down": {"uv": [0, 0, 4, 1], "texture": "#missing"}
			}
		},
		{
			"from": [11.3, 8.4, 7.6],
			"to": [11.4, 8.5, 7.7],
			"rotation": {"angle": 0, "axis": "y", "origin": [11.1, 8.45, 8.1]},
			"color": 6,
			"faces": {
				"north": {"uv": [0, 0, 4, 1], "texture": "#missing"},
				"east": {"uv": [0, 0, 1, 1], "texture": "#missing"},
				"south": {"uv": [0, 0, 4, 1], "texture": "#missing"},
				"west": {"uv": [0, 0, 1, 1], "texture": "#missing"},
				"up": {"uv": [0, 0, 4, 1], "texture": "#missing"},
				"down": {"uv": [0, 0, 4, 1], "texture": "#missing"}
			}
		},
		{
			"from": [10.7, 8.4, 8.4],
			"to": [11.3, 8.5, 8.5],
			"rotation": {"angle": 0, "axis": "y", "origin": [11, 8.45, 8]},
			"color": 6,
			"faces": {
				"north": {"uv": [0, 0, 4, 1], "texture": "#missing"},
				"east": {"uv": [0, 0, 1, 1], "texture": "#missing"},
				"south": {"uv": [0, 0, 4, 1], "texture": "#missing"},
				"west": {"uv": [0, 0, 1, 1], "texture": "#missing"},
				"up": {"uv": [0, 0, 4, 1], "texture": "#missing"},
				"down": {"uv": [0, 0, 4, 1], "texture": "#missing"}
			}
		},
		{
			"from": [10.5, 8.5, 8.1],
			"to": [10.6, 8.6, 8.4],
			"rotation": {"angle": 0, "axis": "y", "origin": [11, 8.55, 8]},
			"color": 6,
			"faces": {
				"north": {"uv": [0, 0, 1, 1], "texture": "#missing"},
				"east": {"uv": [0, 0, 4, 1], "texture": "#missing"},
				"south": {"uv": [0, 0, 1, 1], "texture": "#missing"},
				"west": {"uv": [0, 0, 4, 1], "texture": "#missing"},
				"up": {"uv": [0, 0, 4, 1], "rotation": 90, "texture": "#missing"},
				"down": {"uv": [0, 0, 4, 1], "rotation": 270, "texture": "#missing"}
			}
		},
		{
			"from": [10.9, 8.5, 8.5],
			"to": [11.1, 8.6, 8.6],
			"rotation": {"angle": 0, "axis": "y", "origin": [11.05, -0.05, 8.55]},
			"color": 6,
			"faces": {
				"north": {"uv": [0, 0, 4, 1], "texture": "#missing"},
				"east": {"uv": [0, 0, 1, 1], "texture": "#missing"},
				"south": {"uv": [0, 0, 4, 1], "texture": "#missing"},
				"west": {"uv": [0, 0, 1, 1], "texture": "#missing"},
				"up": {"uv": [0, 0, 4, 1], "rotation": 180, "texture": "#missing"},
				"down": {"uv": [0, 0, 4, 1], "rotation": 180, "texture": "#missing"}
			}
		},
		{
			"from": [11.5, 8.5, 7.9],
			"to": [11.6, 8.6, 8.1],
			"rotation": {"angle": 0, "axis": "y", "origin": [11, 8.55, 8]},
			"color": 6,
			"faces": {
				"north": {"uv": [0, 0, 1, 1], "texture": "#missing"},
				"east": {"uv": [0, 0, 4, 1], "texture": "#missing"},
				"south": {"uv": [0, 0, 1, 1], "texture": "#missing"},
				"west": {"uv": [0, 0, 4, 1], "texture": "#missing"},
				"up": {"uv": [0, 0, 4, 1], "rotation": 90, "texture": "#missing"},
				"down": {"uv": [0, 0, 4, 1], "rotation": 270, "texture": "#missing"}
			}
		},
		{
			"from": [10.4, 8.5, 7.9],
			"to": [10.5, 8.6, 8.1],
			"rotation": {"angle": 0, "axis": "y", "origin": [11, 8.55, 8]},
			"color": 6,
			"faces": {
				"north": {"uv": [0, 0, 1, 1], "texture": "#missing"},
				"east": {"uv": [0, 0, 4, 1], "texture": "#missing"},
				"south": {"uv": [0, 0, 1, 1], "texture": "#missing"},
				"west": {"uv": [0, 0, 4, 1], "texture": "#missing"},
				"up": {"uv": [0, 0, 4, 1], "rotation": 90, "texture": "#missing"},
				"down": {"uv": [0, 0, 4, 1], "rotation": 270, "texture": "#missing"}
			}
		},
		{
			"from": [10.4, 8.6, 7.8],
			"to": [10.5, 9.1, 8.2],
			"rotation": {"angle": 0, "axis": "y", "origin": [10.45, 0.05, 8]},
			"color": 6,
			"faces": {
				"north": {"uv": [0, 0, 1, 1], "texture": "#missing"},
				"east": {"uv": [0, 0, 4, 1], "texture": "#missing"},
				"south": {"uv": [0, 0, 1, 1], "texture": "#missing"},
				"west": {"uv": [0, 0, 4, 1], "texture": "#missing"},
				"up": {"uv": [0, 0, 4, 1], "rotation": 90, "texture": "#missing"},
				"down": {"uv": [0, 0, 4, 1], "rotation": 270, "texture": "#missing"}
			}
		},
		{
			"from": [11.5, 8.6, 7.8],
			"to": [11.6, 9.1, 8.2],
			"rotation": {"angle": 0, "axis": "y", "origin": [11.55, 0.05, 8]},
			"color": 6,
			"faces": {
				"north": {"uv": [0, 0, 1, 1], "texture": "#missing"},
				"east": {"uv": [0, 0, 4, 1], "texture": "#missing"},
				"south": {"uv": [0, 0, 1, 1], "texture": "#missing"},
				"west": {"uv": [0, 0, 4, 1], "texture": "#missing"},
				"up": {"uv": [0, 0, 4, 1], "rotation": 90, "texture": "#missing"},
				"down": {"uv": [0, 0, 4, 1], "rotation": 270, "texture": "#missing"}
			}
		},
		{
			"from": [10.5, 8.6, 7.6],
			"to": [10.6, 9.1, 7.8],
			"rotation": {"angle": 0, "axis": "y", "origin": [10.55, 0.05, 7.45]},
			"color": 6,
			"faces": {
				"north": {"uv": [0, 0, 1, 1], "texture": "#missing"},
				"east": {"uv": [0, 0, 2, 1], "texture": "#missing"},
				"south": {"uv": [0, 0, 1, 1], "texture": "#missing"},
				"west": {"uv": [0, 0, 2, 1], "texture": "#missing"},
				"up": {"uv": [0, 0, 2, 1], "rotation": 90, "texture": "#missing"},
				"down": {"uv": [0, 0, 2, 1], "rotation": 270, "texture": "#missing"}
			}
		},
		{
			"from": [11.4, 8.6, 8.2],
			"to": [11.5, 9.1, 8.4],
			"rotation": {"angle": 0, "axis": "y", "origin": [11.45, 0.05, 8.05]},
			"color": 6,
			"faces": {
				"north": {"uv": [0, 0, 1, 1], "texture": "#missing"},
				"east": {"uv": [0, 0, 2, 1], "texture": "#missing"},
				"south": {"uv": [0, 0, 1, 1], "texture": "#missing"},
				"west": {"uv": [0, 0, 2, 1], "texture": "#missing"},
				"up": {"uv": [0, 0, 2, 1], "rotation": 90, "texture": "#missing"},
				"down": {"uv": [0, 0, 2, 1], "rotation": 270, "texture": "#missing"}
			}
		},
		{
			"from": [10.5, 8.6, 8.2],
			"to": [10.6, 9.1, 8.4],
			"rotation": {"angle": 0, "axis": "y", "origin": [10.55, 0.05, 8.05]},
			"color": 6,
			"faces": {
				"north": {"uv": [0, 0, 1, 1], "texture": "#missing"},
				"east": {"uv": [0, 0, 2, 1], "texture": "#missing"},
				"south": {"uv": [0, 0, 1, 1], "texture": "#missing"},
				"west": {"uv": [0, 0, 2, 1], "texture": "#missing"},
				"up": {"uv": [0, 0, 2, 1], "rotation": 90, "texture": "#missing"},
				"down": {"uv": [0, 0, 2, 1], "rotation": 270, "texture": "#missing"}
			}
		},
		{
			"from": [11.4, 8.6, 7.6],
			"to": [11.5, 9.1, 7.8],
			"rotation": {"angle": 0, "axis": "y", "origin": [11.45, 0.05, 7.45]},
			"color": 6,
			"faces": {
				"north": {"uv": [0, 0, 1, 1], "texture": "#missing"},
				"east": {"uv": [0, 0, 2, 1], "texture": "#missing"},
				"south": {"uv": [0, 0, 1, 1], "texture": "#missing"},
				"west": {"uv": [0, 0, 2, 1], "texture": "#missing"},
				"up": {"uv": [0, 0, 2, 1], "rotation": 90, "texture": "#missing"},
				"down": {"uv": [0, 0, 2, 1], "rotation": 270, "texture": "#missing"}
			}
		},
		{
			"from": [11.2, 8.6, 7.5],
			"to": [11.4, 9.1, 7.6],
			"rotation": {"angle": 0, "axis": "y", "origin": [11.25, 0.05, 7.35]},
			"color": 6,
			"faces": {
				"north": {"uv": [0, 0, 2, 1], "texture": "#missing"},
				"east": {"uv": [0, 0, 1, 1], "texture": "#missing"},
				"south": {"uv": [0, 0, 2, 1], "texture": "#missing"},
				"west": {"uv": [0, 0, 1, 1], "texture": "#missing"},
				"up": {"uv": [0, 0, 1, 2], "rotation": 90, "texture": "#missing"},
				"down": {"uv": [0, 0, 1, 2], "rotation": 270, "texture": "#missing"}
			}
		},
		{
			"from": [10.6, 8.6, 7.5],
			"to": [10.8, 9.1, 7.6],
			"rotation": {"angle": 0, "axis": "y", "origin": [10.65, 0.05, 7.35]},
			"color": 6,
			"faces": {
				"north": {"uv": [0, 0, 2, 1], "texture": "#missing"},
				"east": {"uv": [0, 0, 1, 1], "texture": "#missing"},
				"south": {"uv": [0, 0, 2, 1], "texture": "#missing"},
				"west": {"uv": [0, 0, 1, 1], "texture": "#missing"},
				"up": {"uv": [0, 0, 1, 2], "rotation": 90, "texture": "#missing"},
				"down": {"uv": [0, 0, 1, 2], "rotation": 270, "texture": "#missing"}
			}
		},
		{
			"from": [10.6, 8.6, 8.4],
			"to": [10.8, 9.1, 8.5],
			"rotation": {"angle": 0, "axis": "y", "origin": [10.65, 0.05, 8.25]},
			"color": 6,
			"faces": {
				"north": {"uv": [0, 0, 2, 1], "texture": "#missing"},
				"east": {"uv": [0, 0, 1, 1], "texture": "#missing"},
				"south": {"uv": [0, 0, 2, 1], "texture": "#missing"},
				"west": {"uv": [0, 0, 1, 1], "texture": "#missing"},
				"up": {"uv": [0, 0, 1, 2], "rotation": 90, "texture": "#missing"},
				"down": {"uv": [0, 0, 1, 2], "rotation": 270, "texture": "#missing"}
			}
		},
		{
			"from": [11.2, 8.6, 8.4],
			"to": [11.4, 9.1, 8.5],
			"rotation": {"angle": 0, "axis": "y", "origin": [11.25, 0.05, 8.25]},
			"color": 6,
			"faces": {
				"north": {"uv": [0, 0, 2, 1], "texture": "#missing"},
				"east": {"uv": [0, 0, 1, 1], "texture": "#missing"},
				"south": {"uv": [0, 0, 2, 1], "texture": "#missing"},
				"west": {"uv": [0, 0, 1, 1], "texture": "#missing"},
				"up": {"uv": [0, 0, 1, 2], "rotation": 90, "texture": "#missing"},
				"down": {"uv": [0, 0, 1, 2], "rotation": 270, "texture": "#missing"}
			}
		}
	]
}