{
	"credit": "Made with Blockbench",
	"texture_size": [64, 64],
	"textures": {
		"1": "item/thanksgiving/turkey_club"
	},
	"elements": [
		{
			"from": [7.25, 2.7, 6.75],
			"to": [8.75, 7.7, 7.25],
			"rotation": {"angle": 0, "axis": "y", "origin": [8, 9.875, 8]},
			"faces": {
				"north": {"uv": [0.75, 4, 1.125, 5], "texture": "#1"},
				"east": {"uv": [4, 7.75, 4.125, 8.75], "texture": "#1"},
				"south": {"uv": [1.25, 4, 1.625, 5], "texture": "#1"},
				"west": {"uv": [7.75, 4, 7.875, 5], "texture": "#1"},
				"up": {"uv": [2.875, 11.125, 2.5, 11], "texture": "#1"},
				"down": {"uv": [11.375, 3, 11, 3.125], "texture": "#1"}
			}
		},
		{
			"from": [7.25, 2.7, 6.75],
			"to": [8.75, 7.7, 7.25],
			"rotation": {"angle": 0, "axis": "y", "origin": [8, 9.875, 8]},
			"faces": {
				"north": {"uv": [0.75, 4, 1.125, 5], "texture": "#1"},
				"east": {"uv": [4, 7.75, 4.125, 8.75], "texture": "#1"},
				"south": {"uv": [1.25, 4, 1.625, 5], "texture": "#1"},
				"west": {"uv": [7.75, 4, 7.875, 5], "texture": "#1"},
				"up": {"uv": [2.875, 11.125, 2.5, 11], "texture": "#1"},
				"down": {"uv": [11.375, 3, 11, 3.125], "texture": "#1"}
			}
		},
		{
			"from": [7.25, 2.7, 8.75],
			"to": [8.75, 6.7, 9.25],
			"rotation": {"angle": 0, "axis": "y", "origin": [8, 9.875, 8]},
			"faces": {
				"north": {"uv": [1.75, 4, 2.125, 5], "texture": "#1"},
				"east": {"uv": [4.25, 7.75, 4.375, 8.75], "texture": "#1"},
				"south": {"uv": [2.25, 4, 2.625, 5], "texture": "#1"},
				"west": {"uv": [7.75, 5, 7.875, 6], "texture": "#1"},
				"up": {"uv": [3.625, 11.125, 3.25, 11], "texture": "#1"},
				"down": {"uv": [11.375, 3.25, 11, 3.375], "texture": "#1"}
			}
		},
		{
			"from": [6.75, 2.7, 7.25],
			"to": [7.25, 6.7, 8.75],
			"rotation": {"angle": 0, "axis": "y", "origin": [8, 9.875, 8]},
			"faces": {
				"north": {"uv": [6, 7.75, 6.125, 8.75], "texture": "#1"},
				"east": {"uv": [2.75, 4, 3.125, 5], "texture": "#1"},
				"south": {"uv": [7.75, 6, 7.875, 7], "texture": "#1"},
				"west": {"uv": [3.25, 4, 3.625, 5], "texture": "#1"},
				"up": {"uv": [11.125, 3.875, 11, 3.5], "texture": "#1"},
				"down": {"uv": [3.875, 11, 3.75, 11.375], "texture": "#1"}
			}
		},
		{
			"from": [8.75, 2.7, 7.25],
			"to": [9.25, 6.7, 8.75],
			"rotation": {"angle": 0, "axis": "y", "origin": [8, 9.875, 8]},
			"faces": {
				"north": {"uv": [7.75, 7, 7.875, 8], "texture": "#1"},
				"east": {"uv": [4.5, 0, 4.875, 1], "texture": "#1"},
				"south": {"uv": [8, 0, 8.125, 1], "texture": "#1"},
				"west": {"uv": [4.5, 1, 4.875, 2], "texture": "#1"},
				"up": {"uv": [4.125, 11.375, 4, 11], "texture": "#1"},
				"down": {"uv": [11.125, 4, 11, 4.375], "texture": "#1"}
			}
		},
		{
			"from": [6.75, -1.05, 7.25],
			"to": [9.25, -0.55, 8.75],
			"rotation": {"angle": 0, "axis": "z", "origin": [8, 9.875, 8]},
			"faces": {
				"north": {"uv": [8.75, 9.25, 9.375, 9.375], "texture": "#1"},
				"east": {"uv": [4.25, 11, 4.625, 11.125], "texture": "#1"},
				"south": {"uv": [9.25, 8.75, 9.875, 8.875], "texture": "#1"},
				"west": {"uv": [11, 4.5, 11.375, 4.625], "texture": "#1"},
				"up": {"uv": [6.375, 1.875, 5.75, 1.5], "texture": "#1"},
				"down": {"uv": [6.375, 2, 5.75, 2.375], "texture": "#1"}
			}
		},
		{
			"from": [7.25, -1.05, 8.75],
			"to": [8.75, -0.55, 9.25],
			"rotation": {"angle": 0, "axis": "z", "origin": [8, 9.875, 8]},
			"faces": {
				"north": {"uv": [4.75, 11, 5.125, 11.125], "texture": "#1"},
				"east": {"uv": [5.5, 12.5, 5.625, 12.625], "texture": "#1"},
				"south": {"uv": [11, 4.75, 11.375, 4.875], "texture": "#1"},
				"west": {"uv": [12.5, 5.5, 12.625, 5.625], "texture": "#1"},
				"up": {"uv": [5.625, 11.125, 5.25, 11], "texture": "#1"},
				"down": {"uv": [11.375, 5.5, 11, 5.625], "texture": "#1"}
			}
		},
		{
			"from": [7.25, -1.05, 6.75],
			"to": [8.75, -0.55, 7.25],
			"rotation": {"angle": 0, "axis": "z", "origin": [8, 9.875, 8]},
			"faces": {
				"north": {"uv": [5.75, 11, 6.125, 11.125], "texture": "#1"},
				"east": {"uv": [5.75, 12.5, 5.875, 12.625], "texture": "#1"},
				"south": {"uv": [11, 5.75, 11.375, 5.875], "texture": "#1"},
				"west": {"uv": [12.5, 5.75, 12.625, 5.875], "texture": "#1"},
				"up": {"uv": [11.375, 6.125, 11, 6], "texture": "#1"},
				"down": {"uv": [6.625, 11, 6.25, 11.125], "texture": "#1"}
			}
		},
		{
			"from": [6.25, -0.55, 7.25],
			"to": [9.75, -0.05, 8.75],
			"rotation": {"angle": 0, "axis": "z", "origin": [8, 9.875, 8]},
			"faces": {
				"north": {"uv": [8.25, 6.5, 9.125, 6.625], "texture": "#1"},
				"east": {"uv": [11, 6.25, 11.375, 6.375], "texture": "#1"},
				"south": {"uv": [8.25, 6.75, 9.125, 6.875], "texture": "#1"},
				"west": {"uv": [11, 6.5, 11.375, 6.625], "texture": "#1"},
				"up": {"uv": [4.875, 2.625, 4, 2.25], "texture": "#1"},
				"down": {"uv": [5.375, 2.75, 4.5, 3.125], "texture": "#1"}
			}
		},
		{
			"from": [7.25, -0.55, 9.25],
			"to": [8.75, -0.05, 9.75],
			"rotation": {"angle": 0, "axis": "z", "origin": [8, 9.875, 8]},
			"faces": {
				"north": {"uv": [11, 6.75, 11.375, 6.875], "texture": "#1"},
				"east": {"uv": [6, 12.5, 6.125, 12.625], "texture": "#1"},
				"south": {"uv": [7, 11, 7.375, 11.125], "texture": "#1"},
				"west": {"uv": [12.5, 6, 12.625, 6.125], "texture": "#1"},
				"up": {"uv": [11.375, 7.125, 11, 7], "texture": "#1"},
				"down": {"uv": [11.375, 7.25, 11, 7.375], "texture": "#1"}
			}
		},
		{
			"from": [7.25, -0.55, 6.25],
			"to": [8.75, -0.05, 6.75],
			"rotation": {"angle": 0, "axis": "z", "origin": [8, 9.875, 8]},
			"faces": {
				"north": {"uv": [7.5, 11, 7.875, 11.125], "texture": "#1"},
				"east": {"uv": [6.25, 12.5, 6.375, 12.625], "texture": "#1"},
				"south": {"uv": [11, 7.5, 11.375, 7.625], "texture": "#1"},
				"west": {"uv": [12.5, 6.25, 12.625, 6.375], "texture": "#1"},
				"up": {"uv": [11.375, 7.875, 11, 7.75], "texture": "#1"},
				"down": {"uv": [8.375, 11, 8, 11.125], "texture": "#1"}
			}
		},
		{
			"from": [6.75, -0.55, 6.75],
			"to": [9.25, -0.05, 7.25],
			"rotation": {"angle": 0, "axis": "z", "origin": [8, 9.875, 8]},
			"faces": {
				"north": {"uv": [9.25, 9, 9.875, 9.125], "texture": "#1"},
				"east": {"uv": [6.5, 12.5, 6.625, 12.625], "texture": "#1"},
				"south": {"uv": [9.5, 0, 10.125, 0.125], "texture": "#1"},
				"west": {"uv": [12.5, 6.5, 12.625, 6.625], "texture": "#1"},
				"up": {"uv": [10.125, 0.375, 9.5, 0.25], "texture": "#1"},
				"down": {"uv": [10.125, 0.5, 9.5, 0.625], "texture": "#1"}
			}
		},
		{
			"from": [6.75, -0.55, 8.75],
			"to": [9.25, -0.05, 9.25],
			"rotation": {"angle": 0, "axis": "z", "origin": [8, 9.875, 8]},
			"faces": {
				"north": {"uv": [9.5, 0.75, 10.125, 0.875], "texture": "#1"},
				"east": {"uv": [6.75, 12.5, 6.875, 12.625], "texture": "#1"},
				"south": {"uv": [9.5, 1, 10.125, 1.125], "texture": "#1"},
				"west": {"uv": [12.5, 6.75, 12.625, 6.875], "texture": "#1"},
				"up": {"uv": [10.125, 1.375, 9.5, 1.25], "texture": "#1"},
				"down": {"uv": [10.125, 2.75, 9.5, 2.875], "texture": "#1"}
			}
		},
		{
			"from": [7.25, -0.05, 5.75],
			"to": [8.75, 0.45, 6.25],
			"rotation": {"angle": 0, "axis": "z", "origin": [8, 9.875, 8]},
			"faces": {
				"north": {"uv": [11, 8, 11.375, 8.125], "texture": "#1"},
				"east": {"uv": [7, 12.5, 7.125, 12.625], "texture": "#1"},
				"south": {"uv": [11, 8.25, 11.375, 8.375], "texture": "#1"},
				"west": {"uv": [12.5, 7, 12.625, 7.125], "texture": "#1"},
				"up": {"uv": [11.375, 8.625, 11, 8.5], "texture": "#1"},
				"down": {"uv": [11.375, 8.75, 11, 8.875], "texture": "#1"}
			}
		},
		{
			"from": [7.25, -0.05, 9.75],
			"to": [8.75, 0.45, 10.25],
			"rotation": {"angle": 0, "axis": "z", "origin": [8, 9.875, 8]},
			"faces": {
				"north": {"uv": [11, 9, 11.375, 9.125], "texture": "#1"},
				"east": {"uv": [7.25, 12.5, 7.375, 12.625], "texture": "#1"},
				"south": {"uv": [11, 9.25, 11.375, 9.375], "texture": "#1"},
				"west": {"uv": [12.5, 7.25, 12.625, 7.375], "texture": "#1"},
				"up": {"uv": [11.375, 9.625, 11, 9.5], "texture": "#1"},
				"down": {"uv": [11.375, 9.75, 11, 9.875], "texture": "#1"}
			}
		},
		{
			"from": [5.75, -0.05, 7.25],
			"to": [6.25, 0.45, 8.75],
			"rotation": {"angle": 0, "axis": "y", "origin": [8, 9.875, 8]},
			"faces": {
				"north": {"uv": [7.5, 12.5, 7.625, 12.625], "texture": "#1"},
				"east": {"uv": [11, 10, 11.375, 10.125], "texture": "#1"},
				"south": {"uv": [12.5, 7.5, 12.625, 7.625], "texture": "#1"},
				"west": {"uv": [11, 10.25, 11.375, 10.375], "texture": "#1"},
				"up": {"uv": [9.125, 11.375, 9, 11], "texture": "#1"},
				"down": {"uv": [11.125, 10.5, 11, 10.875], "texture": "#1"}
			}
		},
		{
			"from": [9.75, -0.05, 7.25],
			"to": [10.25, 0.45, 8.75],
			"rotation": {"angle": 0, "axis": "y", "origin": [8, 9.875, 8]},
			"faces": {
				"north": {"uv": [7.75, 12.5, 7.875, 12.625], "texture": "#1"},
				"east": {"uv": [10.75, 11, 11.125, 11.125], "texture": "#1"},
				"south": {"uv": [12.5, 7.75, 12.625, 7.875], "texture": "#1"},
				"west": {"uv": [11.25, 0, 11.625, 0.125], "texture": "#1"},
				"up": {"uv": [11.375, 0.625, 11.25, 0.25], "texture": "#1"},
				"down": {"uv": [11.375, 0.75, 11.25, 1.125], "texture": "#1"}
			}
		},
		{
			"from": [6.75, -0.05, 9.25],
			"to": [9.25, 0.45, 9.75],
			"rotation": {"angle": 0, "axis": "z", "origin": [8, 9.875, 8]},
			"faces": {
				"north": {"uv": [9.5, 3, 10.125, 3.125], "texture": "#1"},
				"east": {"uv": [8, 12.5, 8.125, 12.625], "texture": "#1"},
				"south": {"uv": [9.5, 3.25, 10.125, 3.375], "texture": "#1"},
				"west": {"uv": [12.5, 8, 12.625, 8.125], "texture": "#1"},
				"up": {"uv": [10.125, 3.625, 9.5, 3.5], "texture": "#1"},
				"down": {"uv": [10.125, 3.75, 9.5, 3.875], "texture": "#1"}
			}
		},
		{
			"from": [6.75, -0.05, 6.25],
			"to": [9.25, 0.45, 6.75],
			"rotation": {"angle": 0, "axis": "z", "origin": [8, 9.875, 8]},
			"faces": {
				"north": {"uv": [9.5, 4, 10.125, 4.125], "texture": "#1"},
				"east": {"uv": [8.25, 12.5, 8.375, 12.625], "texture": "#1"},
				"south": {"uv": [9.5, 4.25, 10.125, 4.375], "texture": "#1"},
				"west": {"uv": [12.5, 8.25, 12.625, 8.375], "texture": "#1"},
				"up": {"uv": [10.125, 4.625, 9.5, 4.5], "texture": "#1"},
				"down": {"uv": [5.375, 9.5, 4.75, 9.625], "texture": "#1"}
			}
		},
		{
			"from": [9.25, -0.05, 6.75],
			"to": [9.75, 0.45, 9.25],
			"rotation": {"angle": 0, "axis": "y", "origin": [8, 9.875, 8]},
			"faces": {
				"north": {"uv": [8.5, 12.5, 8.625, 12.625], "texture": "#1"},
				"east": {"uv": [9.5, 4.75, 10.125, 4.875], "texture": "#1"},
				"south": {"uv": [12.5, 8.5, 12.625, 8.625], "texture": "#1"},
				"west": {"uv": [9.5, 5.25, 10.125, 5.375], "texture": "#1"},
				"up": {"uv": [8.375, 9.875, 8.25, 9.25], "texture": "#1"},
				"down": {"uv": [3.125, 9.5, 3, 10.125], "texture": "#1"}
			}
		},
		{
			"from": [6.25, -0.05, 6.75],
			"to": [6.75, 0.45, 9.25],
			"rotation": {"angle": 0, "axis": "y", "origin": [8, 9.875, 8]},
			"faces": {
				"north": {"uv": [8.75, 12.5, 8.875, 12.625], "texture": "#1"},
				"east": {"uv": [5.5, 9.5, 6.125, 9.625], "texture": "#1"},
				"south": {"uv": [12.5, 8.75, 12.625, 8.875], "texture": "#1"},
				"west": {"uv": [9.5, 5.5, 10.125, 5.625], "texture": "#1"},
				"up": {"uv": [9.625, 7.125, 9.5, 6.5], "texture": "#1"},
				"down": {"uv": [9.625, 7.25, 9.5, 7.875], "texture": "#1"}
			}
		},
		{
			"from": [6.75, 0.45, 9.75],
			"to": [9.25, 1.95, 10.25],
			"rotation": {"angle": 0, "axis": "z", "origin": [8, 9.875, 8]},
			"faces": {
				"north": {"uv": [5.75, 4, 6.375, 4.375], "texture": "#1"},
				"east": {"uv": [11.25, 1.25, 11.375, 1.625], "texture": "#1"},
				"south": {"uv": [4.5, 5.75, 5.125, 6.125], "texture": "#1"},
				"west": {"uv": [11.25, 1.75, 11.375, 2.125], "texture": "#1"},
				"up": {"uv": [10.125, 5.875, 9.5, 5.75], "texture": "#1"},
				"down": {"uv": [8.125, 9.5, 7.5, 9.625], "texture": "#1"}
			}
		},
		{
			"from": [6.75, 0.45, 5.75],
			"to": [9.25, 1.95, 6.25],
			"rotation": {"angle": 0, "axis": "z", "origin": [8, 9.875, 8]},
			"faces": {
				"north": {"uv": [5.25, 5.75, 5.875, 6.125], "texture": "#1"},
				"east": {"uv": [11.25, 2.25, 11.375, 2.625], "texture": "#1"},
				"south": {"uv": [0.75, 6, 1.375, 6.375], "texture": "#1"},
				"west": {"uv": [2.5, 11.25, 2.625, 11.625], "texture": "#1"},
				"up": {"uv": [9.375, 9.625, 8.75, 9.5], "texture": "#1"},
				"down": {"uv": [10.125, 9.25, 9.5, 9.375], "texture": "#1"}
			}
		},
		{
			"from": [9.75, 0.45, 6.75],
			"to": [10.25, 1.95, 9.25],
			"rotation": {"angle": 0, "axis": "y", "origin": [8, 9.875, 8]},
			"faces": {
				"north": {"uv": [2.75, 11.25, 2.875, 11.625], "texture": "#1"},
				"east": {"uv": [1.5, 6, 2.125, 6.375], "texture": "#1"},
				"south": {"uv": [3, 11.25, 3.125, 11.625], "texture": "#1"},
				"west": {"uv": [2.25, 6, 2.875, 6.375], "texture": "#1"},
				"up": {"uv": [9.625, 10.125, 9.5, 9.5], "texture": "#1"},
				"down": {"uv": [1.625, 9.75, 1.5, 10.375], "texture": "#1"}
			}
		},
		{
			"from": [5.75, 0.45, 6.75],
			"to": [6.25, 1.95, 9.25],
			"rotation": {"angle": 0, "axis": "y", "origin": [8, 9.875, 8]},
			"faces": {
				"north": {"uv": [3.25, 11.25, 3.375, 11.625], "texture": "#1"},
				"east": {"uv": [3, 6, 3.625, 6.375], "texture": "#1"},
				"south": {"uv": [3.5, 11.25, 3.625, 11.625], "texture": "#1"},
				"west": {"uv": [3.75, 6, 4.375, 6.375], "texture": "#1"},
				"up": {"uv": [1.875, 10.375, 1.75, 9.75], "texture": "#1"},
				"down": {"uv": [2.125, 9.75, 2, 10.375], "texture": "#1"}
			}
		},
		{
			"from": [6.25, 0.45, 9.25],
			"to": [9.75, 1.95, 9.75],
			"rotation": {"angle": 0, "axis": "z", "origin": [8, 9.875, 8]},
			"faces": {
				"north": {"uv": [4.5, 3.25, 5.375, 3.625], "texture": "#1"},
				"east": {"uv": [11.25, 3.5, 11.375, 3.875], "texture": "#1"},
				"south": {"uv": [3.75, 4.5, 4.625, 4.875], "texture": "#1"},
				"west": {"uv": [11.25, 4, 11.375, 4.375], "texture": "#1"},
				"up": {"uv": [9.125, 7.125, 8.25, 7], "texture": "#1"},
				"down": {"uv": [9.125, 7.25, 8.25, 7.375], "texture": "#1"}
			}
		},
		{
			"from": [6.25, 0.45, 6.25],
			"to": [9.75, 1.95, 6.75],
			"rotation": {"angle": 0, "axis": "z", "origin": [8, 9.875, 8]},
			"faces": {
				"north": {"uv": [4.5, 3.75, 5.375, 4.125], "texture": "#1"},
				"east": {"uv": [4.25, 11.25, 4.375, 11.625], "texture": "#1"},
				"south": {"uv": [4.75, 4.25, 5.625, 4.625], "texture": "#1"},
				"west": {"uv": [4.5, 11.25, 4.625, 11.625], "texture": "#1"},
				"up": {"uv": [9.125, 7.625, 8.25, 7.5], "texture": "#1"},
				"down": {"uv": [9.125, 7.75, 8.25, 7.875], "texture": "#1"}
			}
		},
		{
			"from": [7.25, 1.95, 9.75],
			"to": [8.75, 2.45, 10.25],
			"rotation": {"angle": 0, "axis": "z", "origin": [8, 9.875, 8]},
			"faces": {
				"north": {"uv": [11.25, 2.75, 11.625, 2.875], "texture": "#1"},
				"east": {"uv": [9, 12.5, 9.125, 12.625], "texture": "#1"},
				"south": {"uv": [4.75, 11.25, 5.125, 11.375], "texture": "#1"},
				"west": {"uv": [12.5, 9, 12.625, 9.125], "texture": "#1"},
				"up": {"uv": [11.625, 5.125, 11.25, 5], "texture": "#1"},
				"down": {"uv": [5.625, 11.25, 5.25, 11.375], "texture": "#1"}
			}
		},
		{
			"from": [9.75, 1.95, 7.25],
			"to": [10.25, 2.45, 8.75],
			"rotation": {"angle": 0, "axis": "y", "origin": [8, 9.875, 8]},
			"faces": {
				"north": {"uv": [9.25, 12.5, 9.375, 12.625], "texture": "#1"},
				"east": {"uv": [11.25, 5.25, 11.625, 5.375], "texture": "#1"},
				"south": {"uv": [12.5, 9.25, 12.625, 9.375], "texture": "#1"},
				"west": {"uv": [5.75, 11.25, 6.125, 11.375], "texture": "#1"},
				"up": {"uv": [6.375, 11.625, 6.25, 11.25], "texture": "#1"},
				"down": {"uv": [6.625, 11.25, 6.5, 11.625], "texture": "#1"}
			}
		},
		{
			"from": [6.75, 1.95, 9.25],
			"to": [9.25, 2.45, 9.75],
			"rotation": {"angle": 0, "axis": "z", "origin": [8, 9.875, 8]},
			"faces": {
				"north": {"uv": [2.25, 9.75, 2.875, 9.875], "texture": "#1"},
				"east": {"uv": [9.5, 12.5, 9.625, 12.625], "texture": "#1"},
				"south": {"uv": [4.5, 9.75, 5.125, 9.875], "texture": "#1"},
				"west": {"uv": [12.5, 9.5, 12.625, 9.625], "texture": "#1"},
				"up": {"uv": [10.375, 5.125, 9.75, 5], "texture": "#1"},
				"down": {"uv": [5.875, 9.75, 5.25, 9.875], "texture": "#1"}
			}
		},
		{
			"from": [9.25, 1.95, 6.75],
			"to": [9.75, 2.45, 9.25],
			"rotation": {"angle": 0, "axis": "y", "origin": [8, 9.875, 8]},
			"faces": {
				"north": {"uv": [9.75, 12.5, 9.875, 12.625], "texture": "#1"},
				"east": {"uv": [9.75, 6, 10.375, 6.125], "texture": "#1"},
				"south": {"uv": [12.5, 9.75, 12.625, 9.875], "texture": "#1"},
				"west": {"uv": [9.75, 6.25, 10.375, 6.375], "texture": "#1"},
				"up": {"uv": [3.375, 10.375, 3.25, 9.75], "texture": "#1"},
				"down": {"uv": [3.625, 9.75, 3.5, 10.375], "texture": "#1"}
			}
		},
		{
			"from": [5.75, 1.95, 7.25],
			"to": [6.25, 2.45, 8.75],
			"rotation": {"angle": 0, "axis": "y", "origin": [8, 9.875, 8]},
			"faces": {
				"north": {"uv": [10, 12.5, 10.125, 12.625], "texture": "#1"},
				"east": {"uv": [6.75, 11.25, 7.125, 11.375], "texture": "#1"},
				"south": {"uv": [12.5, 10, 12.625, 10.125], "texture": "#1"},
				"west": {"uv": [7.25, 11.25, 7.625, 11.375], "texture": "#1"},
				"up": {"uv": [7.875, 11.625, 7.75, 11.25], "texture": "#1"},
				"down": {"uv": [8.125, 11.25, 8, 11.625], "texture": "#1"}
			}
		},
		{
			"from": [7.25, 1.95, 5.75],
			"to": [8.75, 2.45, 6.25],
			"rotation": {"angle": 0, "axis": "z", "origin": [8, 9.875, 8]},
			"faces": {
				"north": {"uv": [8.25, 11.25, 8.625, 11.375], "texture": "#1"},
				"east": {"uv": [10.25, 12.5, 10.375, 12.625], "texture": "#1"},
				"south": {"uv": [9.25, 11.25, 9.625, 11.375], "texture": "#1"},
				"west": {"uv": [12.5, 10.25, 12.625, 10.375], "texture": "#1"},
				"up": {"uv": [10.125, 11.375, 9.75, 11.25], "texture": "#1"},
				"down": {"uv": [10.625, 11.25, 10.25, 11.375], "texture": "#1"}
			}
		},
		{
			"from": [6.75, 1.95, 6.25],
			"to": [9.25, 2.45, 6.75],
			"rotation": {"angle": 0, "axis": "z", "origin": [8, 9.875, 8]},
			"faces": {
				"north": {"uv": [9.75, 6.5, 10.375, 6.625], "texture": "#1"},
				"east": {"uv": [10.5, 12.5, 10.625, 12.625], "texture": "#1"},
				"south": {"uv": [9.75, 6.75, 10.375, 6.875], "texture": "#1"},
				"west": {"uv": [12.5, 10.5, 12.625, 10.625], "texture": "#1"},
				"up": {"uv": [10.375, 7.125, 9.75, 7], "texture": "#1"},
				"down": {"uv": [10.375, 7.25, 9.75, 7.375], "texture": "#1"}
			}
		},
		{
			"from": [6.25, 1.95, 6.75],
			"to": [6.75, 2.45, 9.25],
			"rotation": {"angle": 0, "axis": "y", "origin": [8, 9.875, 8]},
			"faces": {
				"north": {"uv": [10.75, 12.5, 10.875, 12.625], "texture": "#1"},
				"east": {"uv": [7.5, 9.75, 8.125, 9.875], "texture": "#1"},
				"south": {"uv": [12.5, 10.75, 12.625, 10.875], "texture": "#1"},
				"west": {"uv": [9.75, 7.5, 10.375, 7.625], "texture": "#1"},
				"up": {"uv": [6.125, 10.375, 6, 9.75], "texture": "#1"},
				"down": {"uv": [6.625, 9.75, 6.5, 10.375], "texture": "#1"}
			}
		},
		{
			"from": [6.25, 2.45, 7.25],
			"to": [6.75, 2.95, 8.75],
			"rotation": {"angle": 0, "axis": "y", "origin": [8, 9.875, 8]},
			"faces": {
				"north": {"uv": [11, 12.5, 11.125, 12.625], "texture": "#1"},
				"east": {"uv": [11.25, 10.5, 11.625, 10.625], "texture": "#1"},
				"south": {"uv": [12.5, 11, 12.625, 11.125], "texture": "#1"},
				"west": {"uv": [10.75, 11.25, 11.125, 11.375], "texture": "#1"},
				"up": {"uv": [8.875, 11.625, 8.75, 11.25], "texture": "#1"},
				"down": {"uv": [11.375, 10.75, 11.25, 11.125], "texture": "#1"}
			}
		},
		{
			"from": [7.25, 2.45, 9.25],
			"to": [8.75, 2.95, 9.75],
			"rotation": {"angle": 0, "axis": "z", "origin": [8, 9.875, 8]},
			"faces": {
				"north": {"uv": [11.25, 11.25, 11.625, 11.375], "texture": "#1"},
				"east": {"uv": [11.25, 12.5, 11.375, 12.625], "texture": "#1"},
				"south": {"uv": [0, 11.5, 0.375, 11.625], "texture": "#1"},
				"west": {"uv": [12.5, 11.25, 12.625, 11.375], "texture": "#1"},
				"up": {"uv": [11.875, 0.375, 11.5, 0.25], "texture": "#1"},
				"down": {"uv": [0.875, 11.5, 0.5, 11.625], "texture": "#1"}
			}
		},
		{
			"from": [9.25, 2.45, 7.25],
			"to": [9.75, 2.95, 8.75],
			"rotation": {"angle": 0, "axis": "y", "origin": [8, 9.875, 8]},
			"faces": {
				"north": {"uv": [11.5, 12.5, 11.625, 12.625], "texture": "#1"},
				"east": {"uv": [11.5, 0.5, 11.875, 0.625], "texture": "#1"},
				"south": {"uv": [12.5, 11.5, 12.625, 11.625], "texture": "#1"},
				"west": {"uv": [11.5, 0.75, 11.875, 0.875], "texture": "#1"},
				"up": {"uv": [1.125, 11.875, 1, 11.5], "texture": "#1"},
				"down": {"uv": [11.625, 1, 11.5, 1.375], "texture": "#1"}
			}
		},
		{
			"from": [7.25, 2.45, 6.25],
			"to": [8.75, 2.95, 6.75],
			"rotation": {"angle": 0, "axis": "z", "origin": [8, 9.875, 8]},
			"faces": {
				"north": {"uv": [1.25, 11.5, 1.625, 11.625], "texture": "#1"},
				"east": {"uv": [11.75, 12.5, 11.875, 12.625], "texture": "#1"},
				"south": {"uv": [11.5, 1.5, 11.875, 1.625], "texture": "#1"},
				"west": {"uv": [12.5, 11.75, 12.625, 11.875], "texture": "#1"},
				"up": {"uv": [2.125, 11.625, 1.75, 11.5], "texture": "#1"},
				"down": {"uv": [11.875, 1.75, 11.5, 1.875], "texture": "#1"}
			}
		},
		{
			"from": [6.75, 2.45, 6.75],
			"to": [9.25, 2.95, 7.25],
			"rotation": {"angle": 0, "axis": "z", "origin": [8, 9.875, 8]},
			"faces": {
				"north": {"uv": [9.75, 7.75, 10.375, 7.875], "texture": "#1"},
				"east": {"uv": [12, 12.5, 12.125, 12.625], "texture": "#1"},
				"south": {"uv": [9.75, 8, 10.375, 8.125], "texture": "#1"},
				"west": {"uv": [12.5, 12, 12.625, 12.125], "texture": "#1"},
				"up": {"uv": [10.375, 8.375, 9.75, 8.25], "texture": "#1"},
				"down": {"uv": [9.125, 9.75, 8.5, 9.875], "texture": "#1"}
			}
		},
		{
			"from": [6.75, 2.45, 8.75],
			"to": [9.25, 2.95, 9.25],
			"rotation": {"angle": 0, "axis": "z", "origin": [8, 9.875, 8]},
			"faces": {
				"north": {"uv": [9.75, 9.5, 10.375, 9.625], "texture": "#1"},
				"east": {"uv": [12.25, 12.5, 12.375, 12.625], "texture": "#1"},
				"south": {"uv": [9.75, 9.75, 10.375, 9.875], "texture": "#1"},
				"west": {"uv": [12.5, 12.25, 12.625, 12.375], "texture": "#1"},
				"up": {"uv": [0.625, 10.125, 0, 10], "texture": "#1"},
				"down": {"uv": [1.375, 10, 0.75, 10.125], "texture": "#1"}
			}
		},
		{
			"from": [6.75, 19.7, 7.25],
			"to": [9.25, 20.2, 8.75],
			"rotation": {"angle": 0, "axis": "y", "origin": [8, 9.875, 8]},
			"faces": {
				"north": {"uv": [8.75, 3.75, 9.375, 3.875], "texture": "#1"},
				"east": {"uv": [10.5, 10.25, 10.875, 10.375], "texture": "#1"},
				"south": {"uv": [4, 8.75, 4.625, 8.875], "texture": "#1"},
				"west": {"uv": [0, 10.75, 0.375, 10.875], "texture": "#1"},
				"up": {"uv": [5.625, 0.375, 5, 0], "texture": "#1"},
				"down": {"uv": [5.625, 0.5, 5, 0.875], "texture": "#1"}
			}
		},
		{
			"from": [5.75, 19.2, 6.75],
			"to": [10.25, 19.7, 9.25],
			"rotation": {"angle": 0, "axis": "y", "origin": [8, 9.875, 8]},
			"faces": {
				"north": {"uv": [6.25, 3.75, 7.375, 3.875], "texture": "#1"},
				"east": {"uv": [0, 8.5, 0.625, 8.625], "texture": "#1"},
				"south": {"uv": [6.25, 5.75, 7.375, 5.875], "texture": "#1"},
				"west": {"uv": [8.5, 0, 9.125, 0.125], "texture": "#1"},
				"up": {"uv": [1.125, 3.125, 0, 2.5], "texture": "#1"},
				"down": {"uv": [2.375, 2.5, 1.25, 3.125], "texture": "#1"}
			}
		},
		{
			"from": [10.25, 18.7, 6.75],
			"to": [10.75, 19.2, 9.25],
			"rotation": {"angle": 0, "axis": "y", "origin": [8, 9.875, 8]},
			"faces": {
				"north": {"uv": [11.5, 4.75, 11.625, 4.875], "texture": "#1"},
				"east": {"uv": [8.5, 2.25, 9.125, 2.375], "texture": "#1"},
				"south": {"uv": [5, 11.5, 5.125, 11.625], "texture": "#1"},
				"west": {"uv": [8.5, 2.5, 9.125, 2.625], "texture": "#1"},
				"up": {"uv": [6.625, 8.875, 6.5, 8.25], "texture": "#1"},
				"down": {"uv": [6.875, 8.25, 6.75, 8.875], "texture": "#1"}
			}
		},
		{
			"from": [5.25, 18.7, 6.75],
			"to": [5.75, 19.2, 9.25],
			"rotation": {"angle": 0, "axis": "y", "origin": [8, 9.875, 8]},
			"faces": {
				"north": {"uv": [5.25, 11.5, 5.375, 11.625], "texture": "#1"},
				"east": {"uv": [8.5, 4.25, 9.125, 4.375], "texture": "#1"},
				"south": {"uv": [5.5, 11.5, 5.625, 11.625], "texture": "#1"},
				"west": {"uv": [4.5, 8.5, 5.125, 8.625], "texture": "#1"},
				"up": {"uv": [5.375, 9.125, 5.25, 8.5], "texture": "#1"},
				"down": {"uv": [5.625, 8.5, 5.5, 9.125], "texture": "#1"}
			}
		},
		{
			"from": [6.75, 18.7, 10.25],
			"to": [9.25, 19.2, 10.75],
			"rotation": {"angle": 0, "axis": "y", "origin": [8, 9.875, 8]},
			"faces": {
				"north": {"uv": [8.5, 4.5, 9.125, 4.625], "texture": "#1"},
				"east": {"uv": [11.5, 5.5, 11.625, 5.625], "texture": "#1"},
				"south": {"uv": [8.5, 4.75, 9.125, 4.875], "texture": "#1"},
				"west": {"uv": [5.75, 11.5, 5.875, 11.625], "texture": "#1"},
				"up": {"uv": [8.625, 8.625, 8, 8.5], "texture": "#1"},
				"down": {"uv": [0.625, 8.75, 0, 8.875], "texture": "#1"}
			}
		},
		{
			"from": [6.75, 18.7, 5.25],
			"to": [9.25, 19.2, 5.75],
			"rotation": {"angle": 0, "axis": "y", "origin": [8, 9.875, 8]},
			"faces": {
				"north": {"uv": [0.75, 8.75, 1.375, 8.875], "texture": "#1"},
				"east": {"uv": [11.5, 5.75, 11.625, 5.875], "texture": "#1"},
				"south": {"uv": [1.5, 8.75, 2.125, 8.875], "texture": "#1"},
				"west": {"uv": [6, 11.5, 6.125, 11.625], "texture": "#1"},
				"up": {"uv": [2.875, 8.875, 2.25, 8.75], "texture": "#1"},
				"down": {"uv": [9.375, 2.75, 8.75, 2.875], "texture": "#1"}
			}
		},
		{
			"from": [10.75, 13.7, 6.75],
			"to": [11.25, 18.7, 9.25],
			"rotation": {"angle": 0, "axis": "y", "origin": [8, 9.875, 8]},
			"faces": {
				"north": {"uv": [6, 5.25, 6.125, 6.5], "texture": "#1"},
				"east": {"uv": [0, 0, 0.625, 1.25], "texture": "#1"},
				"south": {"uv": [0, 6.25, 0.125, 7.5], "texture": "#1"},
				"west": {"uv": [0.75, 0, 1.375, 1.25], "texture": "#1"},
				"up": {"uv": [8.625, 3.375, 8.5, 2.75], "texture": "#1"},
				"down": {"uv": [8.625, 3.5, 8.5, 4.125], "texture": "#1"}
			}
		},
		{
			"from": [4.75, 13.7, 6.75],
			"to": [5.25, 18.7, 9.25],
			"rotation": {"angle": 0, "axis": "y", "origin": [8, 9.875, 8]},
			"faces": {
				"north": {"uv": [0.25, 6.25, 0.375, 7.5], "texture": "#1"},
				"east": {"uv": [0, 1.25, 0.625, 2.5], "texture": "#1"},
				"south": {"uv": [0.5, 6.25, 0.625, 7.5], "texture": "#1"},
				"west": {"uv": [0.75, 1.25, 1.375, 2.5], "texture": "#1"},
				"up": {"uv": [5.875, 9.125, 5.75, 8.5], "texture": "#1"},
				"down": {"uv": [3.125, 8.75, 3, 9.375], "texture": "#1"}
			}
		},
		{
			"from": [4.75, 13.7, 9.25],
			"to": [5.25, 18.2, 9.75],
			"rotation": {"angle": 0, "axis": "y", "origin": [8, 9.875, 8]},
			"faces": {
				"north": {"uv": [5, 6.25, 5.125, 7.375], "texture": "#1"},
				"east": {"uv": [5.25, 6.25, 5.375, 7.375], "texture": "#1"},
				"south": {"uv": [5.5, 6.25, 5.625, 7.375], "texture": "#1"},
				"west": {"uv": [5.75, 6.25, 5.875, 7.375], "texture": "#1"},
				"up": {"uv": [11.625, 6.125, 11.5, 6], "texture": "#1"},
				"down": {"uv": [11.625, 6.25, 11.5, 6.375], "texture": "#1"}
			}
		},
		{
			"from": [4.75, 13.7, 6.25],
			"to": [5.25, 18.2, 6.75],
			"rotation": {"angle": 0, "axis": "y", "origin": [8, 9.875, 8]},
			"faces": {
				"north": {"uv": [6.25, 6, 6.375, 7.125], "texture": "#1"},
				"east": {"uv": [6.5, 0, 6.625, 1.125], "texture": "#1"},
				"south": {"uv": [0.75, 6.5, 0.875, 7.625], "texture": "#1"},
				"west": {"uv": [1, 6.5, 1.125, 7.625], "texture": "#1"},
				"up": {"uv": [11.625, 6.625, 11.5, 6.5], "texture": "#1"},
				"down": {"uv": [6.875, 11.5, 6.75, 11.625], "texture": "#1"}
			}
		},
		{
			"from": [10.75, 13.7, 6.25],
			"to": [11.25, 18.2, 6.75],
			"rotation": {"angle": 0, "axis": "y", "origin": [8, 9.875, 8]},
			"faces": {
				"north": {"uv": [2, 6.5, 2.125, 7.625], "texture": "#1"},
				"east": {"uv": [2.25, 6.5, 2.375, 7.625], "texture": "#1"},
				"south": {"uv": [2.5, 6.5, 2.625, 7.625], "texture": "#1"},
				"west": {"uv": [6.5, 2.5, 6.625, 3.625], "texture": "#1"},
				"up": {"uv": [11.625, 7.125, 11.5, 7], "texture": "#1"},
				"down": {"uv": [7.375, 11.5, 7.25, 11.625], "texture": "#1"}
			}
		},
		{
			"from": [10.75, 13.7, 5.75],
			"to": [11.25, 17.7, 6.25],
			"rotation": {"angle": 0, "axis": "y", "origin": [8, 9.875, 8]},
			"faces": {
				"north": {"uv": [7, 1.25, 7.125, 2.25], "texture": "#1"},
				"east": {"uv": [7, 2.25, 7.125, 3.25], "texture": "#1"},
				"south": {"uv": [7, 4, 7.125, 5], "texture": "#1"},
				"west": {"uv": [7, 6, 7.125, 7], "texture": "#1"},
				"up": {"uv": [11.625, 8.625, 11.5, 8.5], "texture": "#1"},
				"down": {"uv": [11.625, 8.75, 11.5, 8.875], "texture": "#1"}
			}
		},
		{
			"from": [10.25, 13.7, 5.25],
			"to": [10.75, 17.7, 5.75],
			"rotation": {"angle": 0, "axis": "y", "origin": [8, 9.875, 8]},
			"faces": {
				"north": {"uv": [0.75, 7.75, 0.875, 8.75], "texture": "#1"},
				"east": {"uv": [1, 7.75, 1.125, 8.75], "texture": "#1"},
				"south": {"uv": [7.75, 1, 7.875, 2], "texture": "#1"},
				"west": {"uv": [1.25, 7.75, 1.375, 8.75], "texture": "#1"},
				"up": {"uv": [11.625, 10.875, 11.5, 10.75], "texture": "#1"},
				"down": {"uv": [11.125, 11.5, 11, 11.625], "texture": "#1"}
			}
		},
		{
			"from": [5.25, 13.7, 5.25],
			"to": [5.75, 17.7, 5.75],
			"rotation": {"angle": 0, "axis": "y", "origin": [8, 9.875, 8]},
			"faces": {
				"north": {"uv": [1.5, 7.75, 1.625, 8.75], "texture": "#1"},
				"east": {"uv": [1.75, 7.75, 1.875, 8.75], "texture": "#1"},
				"south": {"uv": [2, 7.75, 2.125, 8.75], "texture": "#1"},
				"west": {"uv": [7.75, 2, 7.875, 3], "texture": "#1"},
				"up": {"uv": [11.625, 11.125, 11.5, 11], "texture": "#1"},
				"down": {"uv": [11.375, 11.5, 11.25, 11.625], "texture": "#1"}
			}
		},
		{
			"from": [10.25, 13.7, 10.25],
			"to": [10.75, 17.7, 10.75],
			"rotation": {"angle": 0, "axis": "y", "origin": [8, 9.875, 8]},
			"faces": {
				"north": {"uv": [7.75, 3, 7.875, 4], "texture": "#1"},
				"east": {"uv": [3.25, 7.75, 3.375, 8.75], "texture": "#1"},
				"south": {"uv": [3.5, 7.75, 3.625, 8.75], "texture": "#1"},
				"west": {"uv": [3.75, 7.75, 3.875, 8.75], "texture": "#1"},
				"up": {"uv": [11.875, 0.125, 11.75, 0], "texture": "#1"},
				"down": {"uv": [0.375, 11.75, 0.25, 11.875], "texture": "#1"}
			}
		},
		{
			"from": [5.25, 13.7, 10.25],
			"to": [5.75, 17.7, 10.75],
			"rotation": {"angle": 0, "axis": "y", "origin": [8, 9.875, 8]},
			"faces": {
				"north": {"uv": [2.25, 7.75, 2.375, 8.75], "texture": "#1"},
				"east": {"uv": [2.5, 7.75, 2.625, 8.75], "texture": "#1"},
				"south": {"uv": [2.75, 7.75, 2.875, 8.75], "texture": "#1"},
				"west": {"uv": [3, 7.75, 3.125, 8.75], "texture": "#1"},
				"up": {"uv": [11.625, 11.625, 11.5, 11.5], "texture": "#1"},
				"down": {"uv": [0.125, 11.75, 0, 11.875], "texture": "#1"}
			}
		},
		{
			"from": [10.75, 13.7, 9.75],
			"to": [11.25, 17.7, 10.25],
			"rotation": {"angle": 0, "axis": "y", "origin": [8, 9.875, 8]},
			"faces": {
				"north": {"uv": [7, 7, 7.125, 8], "texture": "#1"},
				"east": {"uv": [7.25, 0, 7.375, 1], "texture": "#1"},
				"south": {"uv": [7.25, 1, 7.375, 2], "texture": "#1"},
				"west": {"uv": [7.25, 2, 7.375, 3], "texture": "#1"},
				"up": {"uv": [9.125, 11.625, 9, 11.5], "texture": "#1"},
				"down": {"uv": [11.625, 9, 11.5, 9.125], "texture": "#1"}
			}
		},
		{
			"from": [4.75, 13.7, 5.75],
			"to": [5.25, 17.7, 6.25],
			"rotation": {"angle": 0, "axis": "y", "origin": [8, 9.875, 8]},
			"faces": {
				"north": {"uv": [6.75, 7.25, 6.875, 8.25], "texture": "#1"},
				"east": {"uv": [7.25, 7, 7.375, 8], "texture": "#1"},
				"south": {"uv": [0, 7.5, 0.125, 8.5], "texture": "#1"},
				"west": {"uv": [7.5, 0, 7.625, 1], "texture": "#1"},
				"up": {"uv": [9.625, 11.625, 9.5, 11.5], "texture": "#1"},
				"down": {"uv": [11.625, 9.5, 11.5, 9.625], "texture": "#1"}
			}
		},
		{
			"from": [4.75, 13.7, 9.75],
			"to": [5.25, 17.7, 10.25],
			"rotation": {"angle": 0, "axis": "y", "origin": [8, 9.875, 8]},
			"faces": {
				"north": {"uv": [7.25, 4, 7.375, 5], "texture": "#1"},
				"east": {"uv": [7.25, 6, 7.375, 7], "texture": "#1"},
				"south": {"uv": [6.25, 7.25, 6.375, 8.25], "texture": "#1"},
				"west": {"uv": [6.5, 7.25, 6.625, 8.25], "texture": "#1"},
				"up": {"uv": [9.375, 11.625, 9.25, 11.5], "texture": "#1"},
				"down": {"uv": [11.625, 9.25, 11.5, 9.375], "texture": "#1"}
			}
		},
		{
			"from": [5.75, 13.7, 10.75],
			"to": [6.25, 17.7, 11.25],
			"rotation": {"angle": 0, "axis": "y", "origin": [8, 9.875, 8]},
			"faces": {
				"north": {"uv": [5.75, 7.5, 5.875, 8.5], "texture": "#1"},
				"east": {"uv": [7.5, 6, 7.625, 7], "texture": "#1"},
				"south": {"uv": [7.5, 7, 7.625, 8], "texture": "#1"},
				"west": {"uv": [7.75, 0, 7.875, 1], "texture": "#1"},
				"up": {"uv": [10.625, 11.625, 10.5, 11.5], "texture": "#1"},
				"down": {"uv": [10.875, 11.5, 10.75, 11.625], "texture": "#1"}
			}
		},
		{
			"from": [9.75, 13.7, 10.75],
			"to": [10.25, 17.7, 11.25],
			"rotation": {"angle": 0, "axis": "y", "origin": [8, 9.875, 8]},
			"faces": {
				"north": {"uv": [5, 7.5, 5.125, 8.5], "texture": "#1"},
				"east": {"uv": [7.5, 5, 7.625, 6], "texture": "#1"},
				"south": {"uv": [5.25, 7.5, 5.375, 8.5], "texture": "#1"},
				"west": {"uv": [5.5, 7.5, 5.625, 8.5], "texture": "#1"},
				"up": {"uv": [10.375, 11.625, 10.25, 11.5], "texture": "#1"},
				"down": {"uv": [11.625, 10.25, 11.5, 10.375], "texture": "#1"}
			}
		},
		{
			"from": [5.75, 13.7, 4.75],
			"to": [6.25, 17.7, 5.25],
			"rotation": {"angle": 0, "axis": "y", "origin": [8, 9.875, 8]},
			"faces": {
				"north": {"uv": [7.5, 3, 7.625, 4], "texture": "#1"},
				"east": {"uv": [7.5, 4, 7.625, 5], "texture": "#1"},
				"south": {"uv": [4.5, 7.5, 4.625, 8.5], "texture": "#1"},
				"west": {"uv": [4.75, 7.5, 4.875, 8.5], "texture": "#1"},
				"up": {"uv": [10.125, 11.625, 10, 11.5], "texture": "#1"},
				"down": {"uv": [11.625, 10, 11.5, 10.125], "texture": "#1"}
			}
		},
		{
			"from": [9.75, 13.7, 4.75],
			"to": [10.25, 17.7, 5.25],
			"rotation": {"angle": 0, "axis": "y", "origin": [8, 9.875, 8]},
			"faces": {
				"north": {"uv": [0.25, 7.5, 0.375, 8.5], "texture": "#1"},
				"east": {"uv": [0.5, 7.5, 0.625, 8.5], "texture": "#1"},
				"south": {"uv": [7.5, 1, 7.625, 2], "texture": "#1"},
				"west": {"uv": [7.5, 2, 7.625, 3], "texture": "#1"},
				"up": {"uv": [9.875, 11.625, 9.75, 11.5], "texture": "#1"},
				"down": {"uv": [11.625, 9.75, 11.5, 9.875], "texture": "#1"}
			}
		},
		{
			"from": [10.75, 13.7, 9.25],
			"to": [11.25, 18.2, 9.75],
			"rotation": {"angle": 0, "axis": "y", "origin": [8, 9.875, 8]},
			"faces": {
				"north": {"uv": [1.25, 6.5, 1.375, 7.625], "texture": "#1"},
				"east": {"uv": [6.5, 1.25, 6.625, 2.375], "texture": "#1"},
				"south": {"uv": [1.5, 6.5, 1.625, 7.625], "texture": "#1"},
				"west": {"uv": [1.75, 6.5, 1.875, 7.625], "texture": "#1"},
				"up": {"uv": [11.625, 6.875, 11.5, 6.75], "texture": "#1"},
				"down": {"uv": [7.125, 11.5, 7, 11.625], "texture": "#1"}
			}
		},
		{
			"from": [9.25, 13.7, 10.75],
			"to": [9.75, 18.2, 11.25],
			"rotation": {"angle": 0, "axis": "y", "origin": [8, 9.875, 8]},
			"faces": {
				"north": {"uv": [6.75, 2.5, 6.875, 3.625], "texture": "#1"},
				"east": {"uv": [6.75, 4, 6.875, 5.125], "texture": "#1"},
				"south": {"uv": [6.75, 6, 6.875, 7.125], "texture": "#1"},
				"west": {"uv": [7, 0, 7.125, 1.125], "texture": "#1"},
				"up": {"uv": [11.625, 8.375, 11.5, 8.25], "texture": "#1"},
				"down": {"uv": [8.625, 11.5, 8.5, 11.625], "texture": "#1"}
			}
		},
		{
			"from": [6.25, 13.7, 10.75],
			"to": [6.75, 18.2, 11.25],
			"rotation": {"angle": 0, "axis": "y", "origin": [8, 9.875, 8]},
			"faces": {
				"north": {"uv": [6, 6.5, 6.125, 7.625], "texture": "#1"},
				"east": {"uv": [6.5, 6, 6.625, 7.125], "texture": "#1"},
				"south": {"uv": [6.75, 0, 6.875, 1.125], "texture": "#1"},
				"west": {"uv": [6.75, 1.25, 6.875, 2.375], "texture": "#1"},
				"up": {"uv": [11.625, 8.125, 11.5, 8], "texture": "#1"},
				"down": {"uv": [8.375, 11.5, 8.25, 11.625], "texture": "#1"}
			}
		},
		{
			"from": [9.25, 13.7, 4.75],
			"to": [9.75, 18.2, 5.25],
			"rotation": {"angle": 0, "axis": "y", "origin": [8, 9.875, 8]},
			"faces": {
				"north": {"uv": [3.75, 6.5, 3.875, 7.625], "texture": "#1"},
				"east": {"uv": [4, 6.5, 4.125, 7.625], "texture": "#1"},
				"south": {"uv": [6.5, 4, 6.625, 5.125], "texture": "#1"},
				"west": {"uv": [4.25, 6.5, 4.375, 7.625], "texture": "#1"},
				"up": {"uv": [11.625, 7.625, 11.5, 7.5], "texture": "#1"},
				"down": {"uv": [11.625, 7.75, 11.5, 7.875], "texture": "#1"}
			}
		},
		{
			"from": [6.25, 13.7, 4.75],
			"to": [6.75, 18.2, 5.25],
			"rotation": {"angle": 0, "axis": "y", "origin": [8, 9.875, 8]},
			"faces": {
				"north": {"uv": [2.75, 6.5, 2.875, 7.625], "texture": "#1"},
				"east": {"uv": [3, 6.5, 3.125, 7.625], "texture": "#1"},
				"south": {"uv": [3.25, 6.5, 3.375, 7.625], "texture": "#1"},
				"west": {"uv": [3.5, 6.5, 3.625, 7.625], "texture": "#1"},
				"up": {"uv": [11.625, 7.375, 11.5, 7.25], "texture": "#1"},
				"down": {"uv": [7.625, 11.5, 7.5, 11.625], "texture": "#1"}
			}
		},
		{
			"from": [6.75, 13.7, 10.75],
			"to": [9.25, 18.7, 11.25],
			"rotation": {"angle": 0, "axis": "y", "origin": [8, 9.875, 8]},
			"faces": {
				"north": {"uv": [2.25, 0, 2.875, 1.25], "texture": "#1"},
				"east": {"uv": [6.25, 4.5, 6.375, 5.75], "texture": "#1"},
				"south": {"uv": [2.25, 1.25, 2.875, 2.5], "texture": "#1"},
				"west": {"uv": [4.75, 6.25, 4.875, 7.5], "texture": "#1"},
				"up": {"uv": [9.375, 3.375, 8.75, 3.25], "texture": "#1"},
				"down": {"uv": [9.375, 3.5, 8.75, 3.625], "texture": "#1"}
			}
		},
		{
			"from": [6.75, 13.7, 4.75],
			"to": [9.25, 18.7, 5.25],
			"rotation": {"angle": 0, "axis": "y", "origin": [8, 9.875, 8]},
			"faces": {
				"north": {"uv": [1.5, 0, 2.125, 1.25], "texture": "#1"},
				"east": {"uv": [6.25, 2.5, 6.375, 3.75], "texture": "#1"},
				"south": {"uv": [1.5, 1.25, 2.125, 2.5], "texture": "#1"},
				"west": {"uv": [4.5, 6.25, 4.625, 7.5], "texture": "#1"},
				"up": {"uv": [9.375, 3.125, 8.75, 3], "texture": "#1"},
				"down": {"uv": [3.875, 8.75, 3.25, 8.875], "texture": "#1"}
			}
		},
		{
			"from": [9.75, 11.7, 5.75],
			"to": [10.25, 13.7, 6.25],
			"rotation": {"angle": 0, "axis": "y", "origin": [8, 9.875, 8]},
			"faces": {
				"north": {"uv": [0.5, 10.25, 0.625, 10.75], "texture": "#1"},
				"east": {"uv": [10.25, 0.5, 10.375, 1], "texture": "#1"},
				"south": {"uv": [0.75, 10.25, 0.875, 10.75], "texture": "#1"},
				"west": {"uv": [1, 10.25, 1.125, 10.75], "texture": "#1"},
				"up": {"uv": [12.375, 1.125, 12.25, 1], "texture": "#1"},
				"down": {"uv": [1.375, 12.25, 1.25, 12.375], "texture": "#1"}
			}
		},
		{
			"from": [10.25, 11.7, 6.25],
			"to": [10.75, 13.7, 6.75],
			"rotation": {"angle": 0, "axis": "y", "origin": [8, 9.875, 8]},
			"faces": {
				"north": {"uv": [10, 10, 10.125, 10.5], "texture": "#1"},
				"east": {"uv": [0, 10.25, 0.125, 10.75], "texture": "#1"},
				"south": {"uv": [10.25, 0, 10.375, 0.5], "texture": "#1"},
				"west": {"uv": [0.25, 10.25, 0.375, 10.75], "texture": "#1"},
				"up": {"uv": [12.375, 0.875, 12.25, 0.75], "texture": "#1"},
				"down": {"uv": [1.125, 12.25, 1, 12.375], "texture": "#1"}
			}
		},
		{
			"from": [10.75, 12.2, 6.75],
			"to": [11.25, 13.7, 9.25],
			"rotation": {"angle": 0, "axis": "y", "origin": [8, 9.875, 8]},
			"faces": {
				"north": {"uv": [8.75, 10.75, 8.875, 11.125], "texture": "#1"},
				"east": {"uv": [3, 5, 3.625, 5.375], "texture": "#1"},
				"south": {"uv": [9.25, 10.75, 9.375, 11.125], "texture": "#1"},
				"west": {"uv": [3.75, 5, 4.375, 5.375], "texture": "#1"},
				"up": {"uv": [6.625, 9.625, 6.5, 9], "texture": "#1"},
				"down": {"uv": [6.875, 9, 6.75, 9.625], "texture": "#1"}
			}
		},
		{
			"from": [10.25, 11.7, 9.25],
			"to": [10.75, 13.7, 9.75],
			"rotation": {"angle": 0, "axis": "y", "origin": [8, 9.875, 8]},
			"faces": {
				"north": {"uv": [10, 8.5, 10.125, 9], "texture": "#1"},
				"east": {"uv": [8.75, 10, 8.875, 10.5], "texture": "#1"},
				"south": {"uv": [9, 10, 9.125, 10.5], "texture": "#1"},
				"west": {"uv": [9.75, 10, 9.875, 10.5], "texture": "#1"},
				"up": {"uv": [12.375, 0.625, 12.25, 0.5], "texture": "#1"},
				"down": {"uv": [0.875, 12.25, 0.75, 12.375], "texture": "#1"}
			}
		},
		{
			"from": [9.75, 11.7, 9.75],
			"to": [10.25, 13.7, 10.25],
			"rotation": {"angle": 0, "axis": "y", "origin": [8, 9.875, 8]},
			"faces": {
				"north": {"uv": [7.75, 10, 7.875, 10.5], "texture": "#1"},
				"east": {"uv": [8, 10, 8.125, 10.5], "texture": "#1"},
				"south": {"uv": [8.25, 10, 8.375, 10.5], "texture": "#1"},
				"west": {"uv": [8.5, 10, 8.625, 10.5], "texture": "#1"},
				"up": {"uv": [12.375, 0.375, 12.25, 0.25], "texture": "#1"},
				"down": {"uv": [0.625, 12.25, 0.5, 12.375], "texture": "#1"}
			}
		},
		{
			"from": [9.25, 11.7, 10.25],
			"to": [9.75, 13.7, 10.75],
			"rotation": {"angle": 0, "axis": "y", "origin": [8, 9.875, 8]},
			"faces": {
				"north": {"uv": [10.25, 4, 10.375, 4.5], "texture": "#1"},
				"east": {"uv": [10.25, 4.5, 10.375, 5], "texture": "#1"},
				"south": {"uv": [10.25, 5.25, 10.375, 5.75], "texture": "#1"},
				"west": {"uv": [6.75, 10.25, 6.875, 10.75], "texture": "#1"},
				"up": {"uv": [12.375, 1.875, 12.25, 1.75], "texture": "#1"},
				"down": {"uv": [2.125, 12.25, 2, 12.375], "texture": "#1"}
			}
		},
		{
			"from": [6.75, 12.2, 10.75],
			"to": [9.25, 13.7, 11.25],
			"rotation": {"angle": 0, "axis": "y", "origin": [8, 9.875, 8]},
			"faces": {
				"north": {"uv": [5, 2, 5.625, 2.375], "texture": "#1"},
				"east": {"uv": [10.75, 8, 10.875, 8.375], "texture": "#1"},
				"south": {"uv": [2.25, 5, 2.875, 5.375], "texture": "#1"},
				"west": {"uv": [8.5, 10.75, 8.625, 11.125], "texture": "#1"},
				"up": {"uv": [9.625, 6.125, 9, 6], "texture": "#1"},
				"down": {"uv": [9.625, 6.25, 9, 6.375], "texture": "#1"}
			}
		},
		{
			"from": [6.75, 10.7, 10.25],
			"to": [9.25, 12.2, 10.75],
			"rotation": {"angle": 0, "axis": "y", "origin": [8, 9.875, 8]},
			"faces": {
				"north": {"uv": [0, 5.25, 0.625, 5.625], "texture": "#1"},
				"east": {"uv": [9.5, 10.75, 9.625, 11.125], "texture": "#1"},
				"south": {"uv": [4.5, 5.25, 5.125, 5.625], "texture": "#1"},
				"west": {"uv": [9.75, 10.75, 9.875, 11.125], "texture": "#1"},
				"up": {"uv": [7.625, 9.125, 7, 9], "texture": "#1"},
				"down": {"uv": [8.375, 9, 7.75, 9.125], "texture": "#1"}
			}
		},
		{
			"from": [6.75, 10.7, 5.25],
			"to": [9.25, 12.2, 5.75],
			"rotation": {"angle": 0, "axis": "y", "origin": [8, 9.875, 8]},
			"faces": {
				"north": {"uv": [5.25, 5.25, 5.875, 5.625], "texture": "#1"},
				"east": {"uv": [10, 10.75, 10.125, 11.125], "texture": "#1"},
				"south": {"uv": [0.75, 5.5, 1.375, 5.875], "texture": "#1"},
				"west": {"uv": [10.25, 10.75, 10.375, 11.125], "texture": "#1"},
				"up": {"uv": [9.625, 8.125, 9, 8], "texture": "#1"},
				"down": {"uv": [9.625, 8.25, 9, 8.375], "texture": "#1"}
			}
		},
		{
			"from": [5.25, 10.7, 6.75],
			"to": [5.75, 12.2, 9.25],
			"rotation": {"angle": 0, "axis": "y", "origin": [8, 9.875, 8]},
			"faces": {
				"north": {"uv": [0, 11, 0.125, 11.375], "texture": "#1"},
				"east": {"uv": [5.5, 2.5, 6.125, 2.875], "texture": "#1"},
				"south": {"uv": [0.25, 11, 0.375, 11.375], "texture": "#1"},
				"west": {"uv": [3, 5.5, 3.625, 5.875], "texture": "#1"},
				"up": {"uv": [0.125, 9.875, 0, 9.25], "texture": "#1"},
				"down": {"uv": [9.375, 0, 9.25, 0.625], "texture": "#1"}
			}
		},
		{
			"from": [10.25, 10.7, 6.75],
			"to": [10.75, 12.2, 9.25],
			"rotation": {"angle": 0, "axis": "y", "origin": [8, 9.875, 8]},
			"faces": {
				"north": {"uv": [10.5, 10.75, 10.625, 11.125], "texture": "#1"},
				"east": {"uv": [1.5, 5.5, 2.125, 5.875], "texture": "#1"},
				"south": {"uv": [10.75, 10.5, 10.875, 10.875], "texture": "#1"},
				"west": {"uv": [2.25, 5.5, 2.875, 5.875], "texture": "#1"},
				"up": {"uv": [8.625, 9.625, 8.5, 9], "texture": "#1"},
				"down": {"uv": [9.125, 8.5, 9, 9.125], "texture": "#1"}
			}
		},
		{
			"from": [6.75, 9.2, 5.75],
			"to": [9.25, 10.7, 6.25],
			"rotation": {"angle": 0, "axis": "y", "origin": [8, 9.875, 8]},
			"faces": {
				"north": {"uv": [5.75, 0.5, 6.375, 0.875], "texture": "#1"},
				"east": {"uv": [2, 11, 2.125, 11.375], "texture": "#1"},
				"south": {"uv": [5.75, 1, 6.375, 1.375], "texture": "#1"},
				"west": {"uv": [2.25, 11, 2.375, 11.375], "texture": "#1"},
				"up": {"uv": [9.875, 2.125, 9.25, 2], "texture": "#1"},
				"down": {"uv": [9.875, 2.25, 9.25, 2.375], "texture": "#1"}
			}
		},
		{
			"from": [6.75, 7.7, 6.25],
			"to": [9.25, 9.2, 6.75],
			"rotation": {"angle": 0, "axis": "y", "origin": [8, 9.875, 8]},
			"faces": {
				"north": {"uv": [3.75, 3.75, 4.375, 4.375], "texture": "#1"},
				"east": {"uv": [7.25, 9.25, 7.375, 9.875], "texture": "#1"},
				"south": {"uv": [0, 4, 0.625, 4.625], "texture": "#1"},
				"west": {"uv": [9.25, 7.25, 9.375, 7.875], "texture": "#1"},
				"up": {"uv": [8.125, 9.375, 7.5, 9.25], "texture": "#1"},
				"down": {"uv": [9.875, 8.5, 9.25, 8.625], "texture": "#1"}
			}
		},
		{
			"from": [6.75, 9.2, 9.75],
			"to": [9.25, 10.7, 10.25],
			"rotation": {"angle": 0, "axis": "y", "origin": [8, 9.875, 8]},
			"faces": {
				"north": {"uv": [0, 5.75, 0.625, 6.125], "texture": "#1"},
				"east": {"uv": [1.5, 11, 1.625, 11.375], "texture": "#1"},
				"south": {"uv": [5.75, 0, 6.375, 0.375], "texture": "#1"},
				"west": {"uv": [1.75, 11, 1.875, 11.375], "texture": "#1"},
				"up": {"uv": [9.875, 1.625, 9.25, 1.5], "texture": "#1"},
				"down": {"uv": [9.875, 1.75, 9.25, 1.875], "texture": "#1"}
			}
		},
		{
			"from": [6.75, 6.7, 9.25],
			"to": [9.25, 9.2, 9.75],
			"rotation": {"angle": 0, "axis": "y", "origin": [8, 9.875, 8]},
			"faces": {
				"north": {"uv": [3.75, 0, 4.375, 0.625], "texture": "#1"},
				"east": {"uv": [4.25, 9.25, 4.375, 9.875], "texture": "#1"},
				"south": {"uv": [3.75, 0.75, 4.375, 1.375], "texture": "#1"},
				"west": {"uv": [9.25, 4.25, 9.375, 4.875], "texture": "#1"},
				"up": {"uv": [9.875, 2.625, 9.25, 2.5], "texture": "#1"},
				"down": {"uv": [5.875, 9.25, 5.25, 9.375], "texture": "#1"}
			}
		},
		{
			"from": [9.75, 9.2, 6.75],
			"to": [10.25, 10.7, 9.25],
			"rotation": {"angle": 0, "axis": "y", "origin": [8, 9.875, 8]},
			"faces": {
				"north": {"uv": [1, 11, 1.125, 11.375], "texture": "#1"},
				"east": {"uv": [3.75, 5.5, 4.375, 5.875], "texture": "#1"},
				"south": {"uv": [1.25, 11, 1.375, 11.375], "texture": "#1"},
				"west": {"uv": [5.5, 4.75, 6.125, 5.125], "texture": "#1"},
				"up": {"uv": [0.875, 9.875, 0.75, 9.25], "texture": "#1"},
				"down": {"uv": [9.375, 0.75, 9.25, 1.375], "texture": "#1"}
			}
		},
		{
			"from": [9.25, 6.7, 6.75],
			"to": [9.75, 9.2, 9.25],
			"rotation": {"angle": 0, "axis": "y", "origin": [8, 9.875, 8]},
			"faces": {
				"north": {"uv": [9.25, 5.25, 9.375, 5.875], "texture": "#1"},
				"east": {"uv": [3.75, 1.5, 4.375, 2.125], "texture": "#1"},
				"south": {"uv": [6.25, 9.25, 6.375, 9.875], "texture": "#1"},
				"west": {"uv": [3.75, 3, 4.375, 3.625], "texture": "#1"},
				"up": {"uv": [9.375, 7.125, 9.25, 6.5], "texture": "#1"},
				"down": {"uv": [7.125, 9.25, 7, 9.875], "texture": "#1"}
			}
		},
		{
			"from": [5.75, 9.2, 6.75],
			"to": [6.25, 10.7, 9.25],
			"rotation": {"angle": 0, "axis": "y", "origin": [8, 9.875, 8]},
			"faces": {
				"north": {"uv": [0.5, 11, 0.625, 11.375], "texture": "#1"},
				"east": {"uv": [5.5, 3, 6.125, 3.375], "texture": "#1"},
				"south": {"uv": [0.75, 11, 0.875, 11.375], "texture": "#1"},
				"west": {"uv": [5.5, 3.5, 6.125, 3.875], "texture": "#1"},
				"up": {"uv": [0.375, 9.875, 0.25, 9.25], "texture": "#1"},
				"down": {"uv": [0.625, 9.25, 0.5, 9.875], "texture": "#1"}
			}
		},
		{
			"from": [6.25, 6.7, 6.75],
			"to": [6.75, 9.2, 9.25],
			"rotation": {"angle": 0, "axis": "y", "origin": [8, 9.875, 8]},
			"faces": {
				"north": {"uv": [1, 9.25, 1.125, 9.875], "texture": "#1"},
				"east": {"uv": [3.25, 2.25, 3.875, 2.875], "texture": "#1"},
				"south": {"uv": [1.25, 9.25, 1.375, 9.875], "texture": "#1"},
				"west": {"uv": [3, 3.25, 3.625, 3.875], "texture": "#1"},
				"up": {"uv": [3.875, 9.875, 3.75, 9.25], "texture": "#1"},
				"down": {"uv": [4.125, 9.25, 4, 9.875], "texture": "#1"}
			}
		},
		{
			"from": [6.25, 11.7, 10.25],
			"to": [6.75, 13.7, 10.75],
			"rotation": {"angle": 0, "axis": "y", "origin": [8, 9.875, 8]},
			"faces": {
				"north": {"uv": [6.25, 10, 6.375, 10.5], "texture": "#1"},
				"east": {"uv": [7, 10, 7.125, 10.5], "texture": "#1"},
				"south": {"uv": [7.25, 10, 7.375, 10.5], "texture": "#1"},
				"west": {"uv": [7.5, 10, 7.625, 10.5], "texture": "#1"},
				"up": {"uv": [12.375, 0.125, 12.25, 0], "texture": "#1"},
				"down": {"uv": [0.375, 12.25, 0.25, 12.375], "texture": "#1"}
			}
		},
		{
			"from": [5.75, 11.7, 9.75],
			"to": [6.25, 13.7, 10.25],
			"rotation": {"angle": 0, "axis": "y", "origin": [8, 9.875, 8]},
			"faces": {
				"north": {"uv": [5, 10, 5.125, 10.5], "texture": "#1"},
				"east": {"uv": [5.25, 10, 5.375, 10.5], "texture": "#1"},
				"south": {"uv": [5.5, 10, 5.625, 10.5], "texture": "#1"},
				"west": {"uv": [5.75, 10, 5.875, 10.5], "texture": "#1"},
				"up": {"uv": [12.125, 12.125, 12, 12], "texture": "#1"},
				"down": {"uv": [0.125, 12.25, 0, 12.375], "texture": "#1"}
			}
		},
		{
			"from": [5.25, 11.7, 9.25],
			"to": [5.75, 13.7, 9.75],
			"rotation": {"angle": 0, "axis": "y", "origin": [8, 9.875, 8]},
			"faces": {
				"north": {"uv": [4, 10, 4.125, 10.5], "texture": "#1"},
				"east": {"uv": [4.25, 10, 4.375, 10.5], "texture": "#1"},
				"south": {"uv": [4.5, 10, 4.625, 10.5], "texture": "#1"},
				"west": {"uv": [4.75, 10, 4.875, 10.5], "texture": "#1"},
				"up": {"uv": [11.875, 12.125, 11.75, 12], "texture": "#1"},
				"down": {"uv": [12.125, 11.75, 12, 11.875], "texture": "#1"}
			}
		},
		{
			"from": [4.75, 12.2, 6.75],
			"to": [5.25, 13.7, 9.25],
			"rotation": {"angle": 0, "axis": "y", "origin": [8, 9.875, 8]},
			"faces": {
				"north": {"uv": [10.75, 7, 10.875, 7.375], "texture": "#1"},
				"east": {"uv": [1.5, 5, 2.125, 5.375], "texture": "#1"},
				"south": {"uv": [10.75, 7.5, 10.875, 7.875], "texture": "#1"},
				"west": {"uv": [5, 1.5, 5.625, 1.875], "texture": "#1"},
				"up": {"uv": [4.625, 9.625, 4.5, 9], "texture": "#1"},
				"down": {"uv": [9.125, 5.25, 9, 5.875], "texture": "#1"}
			}
		},
		{
			"from": [5.25, 11.7, 6.25],
			"to": [5.75, 13.7, 6.75],
			"rotation": {"angle": 0, "axis": "y", "origin": [8, 9.875, 8]},
			"faces": {
				"north": {"uv": [10.25, 1, 10.375, 1.5], "texture": "#1"},
				"east": {"uv": [1.25, 10.25, 1.375, 10.75], "texture": "#1"},
				"south": {"uv": [10.25, 1.5, 10.375, 2], "texture": "#1"},
				"west": {"uv": [10.25, 2, 10.375, 2.5], "texture": "#1"},
				"up": {"uv": [12.375, 1.375, 12.25, 1.25], "texture": "#1"},
				"down": {"uv": [1.625, 12.25, 1.5, 12.375], "texture": "#1"}
			}
		},
		{
			"from": [5.75, 11.7, 5.75],
			"to": [6.25, 13.7, 6.25],
			"rotation": {"angle": 0, "axis": "y", "origin": [8, 9.875, 8]},
			"faces": {
				"north": {"uv": [2.25, 10, 2.375, 10.5], "texture": "#1"},
				"east": {"uv": [2.5, 10, 2.625, 10.5], "texture": "#1"},
				"south": {"uv": [2.75, 10, 2.875, 10.5], "texture": "#1"},
				"west": {"uv": [3.75, 10, 3.875, 10.5], "texture": "#1"},
				"up": {"uv": [11.625, 12.125, 11.5, 12], "texture": "#1"},
				"down": {"uv": [12.125, 11.5, 12, 11.625], "texture": "#1"}
			}
		},
		{
			"from": [6.25, 11.7, 5.25],
			"to": [6.75, 13.7, 5.75],
			"rotation": {"angle": 0, "axis": "y", "origin": [8, 9.875, 8]},
			"faces": {
				"north": {"uv": [6.75, 9.75, 6.875, 10.25], "texture": "#1"},
				"east": {"uv": [9.25, 9.75, 9.375, 10.25], "texture": "#1"},
				"south": {"uv": [10, 1.5, 10.125, 2], "texture": "#1"},
				"west": {"uv": [10, 2, 10.125, 2.5], "texture": "#1"},
				"up": {"uv": [11.375, 12.125, 11.25, 12], "texture": "#1"},
				"down": {"uv": [12.125, 11.25, 12, 11.375], "texture": "#1"}
			}
		},
		{
			"from": [6.75, 12.2, 4.75],
			"to": [9.25, 13.7, 5.25],
			"rotation": {"angle": 0, "axis": "y", "origin": [8, 9.875, 8]},
			"faces": {
				"north": {"uv": [0.75, 5, 1.375, 5.375], "texture": "#1"},
				"east": {"uv": [10.75, 6.5, 10.875, 6.875], "texture": "#1"},
				"south": {"uv": [5, 1, 5.625, 1.375], "texture": "#1"},
				"west": {"uv": [6.75, 10.75, 6.875, 11.125], "texture": "#1"},
				"up": {"uv": [4.375, 9.125, 3.75, 9], "texture": "#1"},
				"down": {"uv": [9.625, 5, 9, 5.125], "texture": "#1"}
			}
		},
		{
			"from": [9.25, 11.7, 5.25],
			"to": [9.75, 13.7, 5.75],
			"rotation": {"angle": 0, "axis": "y", "origin": [8, 9.875, 8]},
			"faces": {
				"north": {"uv": [10.25, 2.5, 10.375, 3], "texture": "#1"},
				"east": {"uv": [3, 10.25, 3.125, 10.75], "texture": "#1"},
				"south": {"uv": [10.25, 3, 10.375, 3.5], "texture": "#1"},
				"west": {"uv": [10.25, 3.5, 10.375, 4], "texture": "#1"},
				"up": {"uv": [12.375, 1.625, 12.25, 1.5], "texture": "#1"},
				"down": {"uv": [1.875, 12.25, 1.75, 12.375], "texture": "#1"}
			}
		},
		{
			"from": [6.25, 19.2, 6.25],
			"to": [9.75, 19.7, 6.75],
			"rotation": {"angle": 0, "axis": "y", "origin": [8, 9.875, 8]},
			"faces": {
				"north": {"uv": [6.5, 5.25, 7.375, 5.375], "texture": "#1"},
				"east": {"uv": [11.5, 3.5, 11.625, 3.625], "texture": "#1"},
				"south": {"uv": [6.5, 5.5, 7.375, 5.625], "texture": "#1"},
				"west": {"uv": [3.75, 11.5, 3.875, 11.625], "texture": "#1"},
				"up": {"uv": [8.875, 5.125, 8, 5], "texture": "#1"},
				"down": {"uv": [8.875, 5.25, 8, 5.375], "texture": "#1"}
			}
		},
		{
			"from": [6.75, 19.2, 5.75],
			"to": [9.25, 19.7, 6.25],
			"rotation": {"angle": 0, "axis": "y", "origin": [8, 9.875, 8]},
			"faces": {
				"north": {"uv": [8.5, 0.25, 9.125, 0.375], "texture": "#1"},
				"east": {"uv": [11.5, 4, 11.625, 4.125], "texture": "#1"},
				"south": {"uv": [8.5, 0.5, 9.125, 0.625], "texture": "#1"},
				"west": {"uv": [11.5, 4.25, 11.625, 4.375], "texture": "#1"},
				"up": {"uv": [9.125, 0.875, 8.5, 0.75], "texture": "#1"},
				"down": {"uv": [9.125, 1, 8.5, 1.125], "texture": "#1"}
			}
		},
		{
			"from": [6.75, 19.2, 9.75],
			"to": [9.25, 19.7, 10.25],
			"rotation": {"angle": 0, "axis": "y", "origin": [8, 9.875, 8]},
			"faces": {
				"north": {"uv": [8.5, 1.25, 9.125, 1.375], "texture": "#1"},
				"east": {"uv": [11.5, 4.5, 11.625, 4.625], "texture": "#1"},
				"south": {"uv": [8.5, 1.5, 9.125, 1.625], "texture": "#1"},
				"west": {"uv": [4.75, 11.5, 4.875, 11.625], "texture": "#1"},
				"up": {"uv": [9.125, 1.875, 8.5, 1.75], "texture": "#1"},
				"down": {"uv": [9.125, 2, 8.5, 2.125], "texture": "#1"}
			}
		},
		{
			"from": [6.25, 18.7, 9.75],
			"to": [6.75, 19.2, 10.25],
			"rotation": {"angle": 0, "axis": "y", "origin": [8, 9.875, 8]},
			"faces": {
				"north": {"uv": [0.5, 11.75, 0.625, 11.875], "texture": "#1"},
				"east": {"uv": [0.75, 11.75, 0.875, 11.875], "texture": "#1"},
				"south": {"uv": [11.75, 1, 11.875, 1.125], "texture": "#1"},
				"west": {"uv": [1.25, 11.75, 1.375, 11.875], "texture": "#1"},
				"up": {"uv": [11.875, 1.375, 11.75, 1.25], "texture": "#1"},
				"down": {"uv": [1.625, 11.75, 1.5, 11.875], "texture": "#1"}
			}
		},
		{
			"from": [9.25, 18.7, 9.75],
			"to": [9.75, 19.2, 10.25],
			"rotation": {"angle": 0, "axis": "y", "origin": [8, 9.875, 8]},
			"faces": {
				"north": {"uv": [11.75, 2.5, 11.875, 2.625], "texture": "#1"},
				"east": {"uv": [2.75, 11.75, 2.875, 11.875], "texture": "#1"},
				"south": {"uv": [11.75, 2.75, 11.875, 2.875], "texture": "#1"},
				"west": {"uv": [3, 11.75, 3.125, 11.875], "texture": "#1"},
				"up": {"uv": [11.875, 3.125, 11.75, 3], "texture": "#1"},
				"down": {"uv": [3.375, 11.75, 3.25, 11.875], "texture": "#1"}
			}
		},
		{
			"from": [9.25, 18.2, 10.25],
			"to": [9.75, 18.7, 10.75],
			"rotation": {"angle": 0, "axis": "y", "origin": [8, 9.875, 8]},
			"faces": {
				"north": {"uv": [11.75, 7, 11.875, 7.125], "texture": "#1"},
				"east": {"uv": [7.25, 11.75, 7.375, 11.875], "texture": "#1"},
				"south": {"uv": [11.75, 7.25, 11.875, 7.375], "texture": "#1"},
				"west": {"uv": [7.5, 11.75, 7.625, 11.875], "texture": "#1"},
				"up": {"uv": [11.875, 7.625, 11.75, 7.5], "texture": "#1"},
				"down": {"uv": [7.875, 11.75, 7.75, 11.875], "texture": "#1"}
			}
		},
		{
			"from": [9.25, 18.2, 5.25],
			"to": [9.75, 18.7, 5.75],
			"rotation": {"angle": 0, "axis": "y", "origin": [8, 9.875, 8]},
			"faces": {
				"north": {"uv": [11.75, 10.75, 11.875, 10.875], "texture": "#1"},
				"east": {"uv": [11, 11.75, 11.125, 11.875], "texture": "#1"},
				"south": {"uv": [11.75, 11, 11.875, 11.125], "texture": "#1"},
				"west": {"uv": [11.25, 11.75, 11.375, 11.875], "texture": "#1"},
				"up": {"uv": [11.875, 11.375, 11.75, 11.25], "texture": "#1"},
				"down": {"uv": [11.625, 11.75, 11.5, 11.875], "texture": "#1"}
			}
		},
		{
			"from": [6.25, 18.2, 5.25],
			"to": [6.75, 18.7, 5.75],
			"rotation": {"angle": 0, "axis": "y", "origin": [8, 9.875, 8]},
			"faces": {
				"north": {"uv": [11.75, 11.5, 11.875, 11.625], "texture": "#1"},
				"east": {"uv": [11.75, 11.75, 11.875, 11.875], "texture": "#1"},
				"south": {"uv": [0, 12, 0.125, 12.125], "texture": "#1"},
				"west": {"uv": [12, 0, 12.125, 0.125], "texture": "#1"},
				"up": {"uv": [0.375, 12.125, 0.25, 12], "texture": "#1"},
				"down": {"uv": [12.125, 0.25, 12, 0.375], "texture": "#1"}
			}
		},
		{
			"from": [6.25, 18.2, 10.25],
			"to": [6.75, 18.7, 10.75],
			"rotation": {"angle": 0, "axis": "y", "origin": [8, 9.875, 8]},
			"faces": {
				"north": {"uv": [3.5, 12, 3.625, 12.125], "texture": "#1"},
				"east": {"uv": [12, 3.5, 12.125, 3.625], "texture": "#1"},
				"south": {"uv": [3.75, 12, 3.875, 12.125], "texture": "#1"},
				"west": {"uv": [12, 3.75, 12.125, 3.875], "texture": "#1"},
				"up": {"uv": [4.125, 12.125, 4, 12], "texture": "#1"},
				"down": {"uv": [12.125, 4, 12, 4.125], "texture": "#1"}
			}
		},
		{
			"from": [9.75, 18.2, 9.75],
			"to": [10.25, 18.7, 10.25],
			"rotation": {"angle": 0, "axis": "y", "origin": [8, 9.875, 8]},
			"faces": {
				"north": {"uv": [11.75, 7.75, 11.875, 7.875], "texture": "#1"},
				"east": {"uv": [8, 11.75, 8.125, 11.875], "texture": "#1"},
				"south": {"uv": [11.75, 8, 11.875, 8.125], "texture": "#1"},
				"west": {"uv": [8.25, 11.75, 8.375, 11.875], "texture": "#1"},
				"up": {"uv": [11.875, 8.375, 11.75, 8.25], "texture": "#1"},
				"down": {"uv": [8.625, 11.75, 8.5, 11.875], "texture": "#1"}
			}
		},
		{
			"from": [9.75, 18.2, 5.75],
			"to": [10.25, 18.7, 6.25],
			"rotation": {"angle": 0, "axis": "y", "origin": [8, 9.875, 8]},
			"faces": {
				"north": {"uv": [11.75, 10, 11.875, 10.125], "texture": "#1"},
				"east": {"uv": [10.25, 11.75, 10.375, 11.875], "texture": "#1"},
				"south": {"uv": [11.75, 10.25, 11.875, 10.375], "texture": "#1"},
				"west": {"uv": [10.5, 11.75, 10.625, 11.875], "texture": "#1"},
				"up": {"uv": [11.875, 10.625, 11.75, 10.5], "texture": "#1"},
				"down": {"uv": [10.875, 11.75, 10.75, 11.875], "texture": "#1"}
			}
		},
		{
			"from": [5.75, 18.2, 5.75],
			"to": [6.25, 18.7, 6.25],
			"rotation": {"angle": 0, "axis": "y", "origin": [8, 9.875, 8]},
			"faces": {
				"north": {"uv": [0.5, 12, 0.625, 12.125], "texture": "#1"},
				"east": {"uv": [12, 0.5, 12.125, 0.625], "texture": "#1"},
				"south": {"uv": [0.75, 12, 0.875, 12.125], "texture": "#1"},
				"west": {"uv": [12, 0.75, 12.125, 0.875], "texture": "#1"},
				"up": {"uv": [1.125, 12.125, 1, 12], "texture": "#1"},
				"down": {"uv": [12.125, 1, 12, 1.125], "texture": "#1"}
			}
		},
		{
			"from": [5.75, 17.7, 5.25],
			"to": [6.25, 18.2, 5.75],
			"rotation": {"angle": 0, "axis": "y", "origin": [8, 9.875, 8]},
			"faces": {
				"north": {"uv": [4.25, 12, 4.375, 12.125], "texture": "#1"},
				"east": {"uv": [12, 4.25, 12.125, 4.375], "texture": "#1"},
				"south": {"uv": [4.5, 12, 4.625, 12.125], "texture": "#1"},
				"west": {"uv": [12, 4.5, 12.125, 4.625], "texture": "#1"},
				"up": {"uv": [4.875, 12.125, 4.75, 12], "texture": "#1"},
				"down": {"uv": [12.125, 4.75, 12, 4.875], "texture": "#1"}
			}
		},
		{
			"from": [5.75, 17.7, 10.25],
			"to": [6.25, 18.2, 10.75],
			"rotation": {"angle": 0, "axis": "y", "origin": [8, 9.875, 8]},
			"faces": {
				"north": {"uv": [6.5, 12, 6.625, 12.125], "texture": "#1"},
				"east": {"uv": [12, 6.5, 12.125, 6.625], "texture": "#1"},
				"south": {"uv": [6.75, 12, 6.875, 12.125], "texture": "#1"},
				"west": {"uv": [12, 6.75, 12.125, 6.875], "texture": "#1"},
				"up": {"uv": [7.125, 12.125, 7, 12], "texture": "#1"},
				"down": {"uv": [12.125, 7, 12, 7.125], "texture": "#1"}
			}
		},
		{
			"from": [9.75, 17.7, 10.25],
			"to": [10.25, 18.2, 10.75],
			"rotation": {"angle": 0, "axis": "y", "origin": [8, 9.875, 8]},
			"faces": {
				"north": {"uv": [7.25, 12, 7.375, 12.125], "texture": "#1"},
				"east": {"uv": [12, 7.25, 12.125, 7.375], "texture": "#1"},
				"south": {"uv": [7.5, 12, 7.625, 12.125], "texture": "#1"},
				"west": {"uv": [12, 7.5, 12.125, 7.625], "texture": "#1"},
				"up": {"uv": [7.875, 12.125, 7.75, 12], "texture": "#1"},
				"down": {"uv": [12.125, 7.75, 12, 7.875], "texture": "#1"}
			}
		},
		{
			"from": [9.75, 17.7, 5.25],
			"to": [10.25, 18.2, 5.75],
			"rotation": {"angle": 0, "axis": "y", "origin": [8, 9.875, 8]},
			"faces": {
				"north": {"uv": [9.5, 12, 9.625, 12.125], "texture": "#1"},
				"east": {"uv": [12, 9.5, 12.125, 9.625], "texture": "#1"},
				"south": {"uv": [9.75, 12, 9.875, 12.125], "texture": "#1"},
				"west": {"uv": [12, 9.75, 12.125, 9.875], "texture": "#1"},
				"up": {"uv": [10.125, 12.125, 10, 12], "texture": "#1"},
				"down": {"uv": [12.125, 10, 12, 10.125], "texture": "#1"}
			}
		},
		{
			"from": [5.25, 17.7, 5.75],
			"to": [5.75, 18.2, 6.25],
			"rotation": {"angle": 0, "axis": "y", "origin": [8, 9.875, 8]},
			"faces": {
				"north": {"uv": [5, 12, 5.125, 12.125], "texture": "#1"},
				"east": {"uv": [12, 5, 12.125, 5.125], "texture": "#1"},
				"south": {"uv": [5.25, 12, 5.375, 12.125], "texture": "#1"},
				"west": {"uv": [12, 5.25, 12.125, 5.375], "texture": "#1"},
				"up": {"uv": [5.625, 12.125, 5.5, 12], "texture": "#1"},
				"down": {"uv": [12.125, 5.5, 12, 5.625], "texture": "#1"}
			}
		},
		{
			"from": [5.25, 17.7, 9.75],
			"to": [5.75, 18.2, 10.25],
			"rotation": {"angle": 0, "axis": "y", "origin": [8, 9.875, 8]},
			"faces": {
				"north": {"uv": [5.75, 12, 5.875, 12.125], "texture": "#1"},
				"east": {"uv": [12, 5.75, 12.125, 5.875], "texture": "#1"},
				"south": {"uv": [6, 12, 6.125, 12.125], "texture": "#1"},
				"west": {"uv": [12, 6, 12.125, 6.125], "texture": "#1"},
				"up": {"uv": [6.375, 12.125, 6.25, 12], "texture": "#1"},
				"down": {"uv": [12.125, 6.25, 12, 6.375], "texture": "#1"}
			}
		},
		{
			"from": [10.25, 17.7, 9.75],
			"to": [10.75, 18.2, 10.25],
			"rotation": {"angle": 0, "axis": "y", "origin": [8, 9.875, 8]},
			"faces": {
				"north": {"uv": [8, 12, 8.125, 12.125], "texture": "#1"},
				"east": {"uv": [12, 8, 12.125, 8.125], "texture": "#1"},
				"south": {"uv": [8.25, 12, 8.375, 12.125], "texture": "#1"},
				"west": {"uv": [12, 8.25, 12.125, 8.375], "texture": "#1"},
				"up": {"uv": [8.625, 12.125, 8.5, 12], "texture": "#1"},
				"down": {"uv": [12.125, 8.5, 12, 8.625], "texture": "#1"}
			}
		},
		{
			"from": [10.25, 17.7, 5.75],
			"to": [10.75, 18.2, 6.25],
			"rotation": {"angle": 0, "axis": "y", "origin": [8, 9.875, 8]},
			"faces": {
				"north": {"uv": [8.75, 12, 8.875, 12.125], "texture": "#1"},
				"east": {"uv": [12, 8.75, 12.125, 8.875], "texture": "#1"},
				"south": {"uv": [9, 12, 9.125, 12.125], "texture": "#1"},
				"west": {"uv": [12, 9, 12.125, 9.125], "texture": "#1"},
				"up": {"uv": [9.375, 12.125, 9.25, 12], "texture": "#1"},
				"down": {"uv": [12.125, 9.25, 12, 9.375], "texture": "#1"}
			}
		},
		{
			"from": [5.75, 13.2, 10.25],
			"to": [6.25, 13.7, 10.75],
			"rotation": {"angle": 0, "axis": "y", "origin": [8, 9.875, 8]},
			"faces": {
				"north": {"uv": [12.25, 7.25, 12.375, 7.375], "texture": "#1"},
				"east": {"uv": [7.5, 12.25, 7.625, 12.375], "texture": "#1"},
				"south": {"uv": [12.25, 7.5, 12.375, 7.625], "texture": "#1"},
				"west": {"uv": [7.75, 12.25, 7.875, 12.375], "texture": "#1"},
				"up": {"uv": [12.375, 7.875, 12.25, 7.75], "texture": "#1"},
				"down": {"uv": [8.125, 12.25, 8, 12.375], "texture": "#1"}
			}
		},
		{
			"from": [5.25, 13.2, 9.75],
			"to": [5.75, 13.7, 10.25],
			"rotation": {"angle": 0, "axis": "y", "origin": [8, 9.875, 8]},
			"faces": {
				"north": {"uv": [12.25, 6.5, 12.375, 6.625], "texture": "#1"},
				"east": {"uv": [6.75, 12.25, 6.875, 12.375], "texture": "#1"},
				"south": {"uv": [12.25, 6.75, 12.375, 6.875], "texture": "#1"},
				"west": {"uv": [7, 12.25, 7.125, 12.375], "texture": "#1"},
				"up": {"uv": [12.375, 7.125, 12.25, 7], "texture": "#1"},
				"down": {"uv": [7.375, 12.25, 7.25, 12.375], "texture": "#1"}
			}
		},
		{
			"from": [9.75, 13.2, 10.25],
			"to": [10.25, 13.7, 10.75],
			"rotation": {"angle": 0, "axis": "y", "origin": [8, 9.875, 8]},
			"faces": {
				"north": {"uv": [12.25, 5.75, 12.375, 5.875], "texture": "#1"},
				"east": {"uv": [6, 12.25, 6.125, 12.375], "texture": "#1"},
				"south": {"uv": [12.25, 6, 12.375, 6.125], "texture": "#1"},
				"west": {"uv": [6.25, 12.25, 6.375, 12.375], "texture": "#1"},
				"up": {"uv": [12.375, 6.375, 12.25, 6.25], "texture": "#1"},
				"down": {"uv": [6.625, 12.25, 6.5, 12.375], "texture": "#1"}
			}
		},
		{
			"from": [9.25, 13.2, 10.75],
			"to": [9.75, 13.7, 11.25],
			"rotation": {"angle": 0, "axis": "y", "origin": [8, 9.875, 8]},
			"faces": {
				"north": {"uv": [12.25, 11, 12.375, 11.125], "texture": "#1"},
				"east": {"uv": [11.25, 12.25, 11.375, 12.375], "texture": "#1"},
				"south": {"uv": [12.25, 11.25, 12.375, 11.375], "texture": "#1"},
				"west": {"uv": [11.5, 12.25, 11.625, 12.375], "texture": "#1"},
				"up": {"uv": [12.375, 11.625, 12.25, 11.5], "texture": "#1"},
				"down": {"uv": [11.875, 12.25, 11.75, 12.375], "texture": "#1"}
			}
		},
		{
			"from": [6.25, 13.2, 10.75],
			"to": [6.75, 13.7, 11.25],
			"rotation": {"angle": 0, "axis": "y", "origin": [8, 9.875, 8]},
			"faces": {
				"north": {"uv": [12.25, 11.75, 12.375, 11.875], "texture": "#1"},
				"east": {"uv": [12, 12.25, 12.125, 12.375], "texture": "#1"},
				"south": {"uv": [12.25, 12, 12.375, 12.125], "texture": "#1"},
				"west": {"uv": [12.25, 12.25, 12.375, 12.375], "texture": "#1"},
				"up": {"uv": [0.125, 12.625, 0, 12.5], "texture": "#1"},
				"down": {"uv": [12.625, 0, 12.5, 0.125], "texture": "#1"}
			}
		},
		{
			"from": [4.75, 13.2, 9.25],
			"to": [5.25, 13.7, 9.75],
			"rotation": {"angle": 0, "axis": "y", "origin": [8, 9.875, 8]},
			"faces": {
				"north": {"uv": [0.25, 12.5, 0.375, 12.625], "texture": "#1"},
				"east": {"uv": [12.5, 0.25, 12.625, 0.375], "texture": "#1"},
				"south": {"uv": [0.5, 12.5, 0.625, 12.625], "texture": "#1"},
				"west": {"uv": [12.5, 0.5, 12.625, 0.625], "texture": "#1"},
				"up": {"uv": [0.875, 12.625, 0.75, 12.5], "texture": "#1"},
				"down": {"uv": [12.625, 0.75, 12.5, 0.875], "texture": "#1"}
			}
		},
		{
			"from": [4.75, 13.2, 6.25],
			"to": [5.25, 13.7, 6.75],
			"rotation": {"angle": 0, "axis": "y", "origin": [8, 9.875, 8]},
			"faces": {
				"north": {"uv": [1, 12.5, 1.125, 12.625], "texture": "#1"},
				"east": {"uv": [12.5, 1, 12.625, 1.125], "texture": "#1"},
				"south": {"uv": [1.25, 12.5, 1.375, 12.625], "texture": "#1"},
				"west": {"uv": [12.5, 1.25, 12.625, 1.375], "texture": "#1"},
				"up": {"uv": [1.625, 12.625, 1.5, 12.5], "texture": "#1"},
				"down": {"uv": [12.625, 1.5, 12.5, 1.625], "texture": "#1"}
			}
		},
		{
			"from": [10.25, 13.2, 9.75],
			"to": [10.75, 13.7, 10.25],
			"rotation": {"angle": 0, "axis": "y", "origin": [8, 9.875, 8]},
			"faces": {
				"north": {"uv": [12.25, 5, 12.375, 5.125], "texture": "#1"},
				"east": {"uv": [5.25, 12.25, 5.375, 12.375], "texture": "#1"},
				"south": {"uv": [12.25, 5.25, 12.375, 5.375], "texture": "#1"},
				"west": {"uv": [5.5, 12.25, 5.625, 12.375], "texture": "#1"},
				"up": {"uv": [12.375, 5.625, 12.25, 5.5], "texture": "#1"},
				"down": {"uv": [5.875, 12.25, 5.75, 12.375], "texture": "#1"}
			}
		},
		{
			"from": [10.25, 13.2, 5.75],
			"to": [10.75, 13.7, 6.25],
			"rotation": {"angle": 0, "axis": "y", "origin": [8, 9.875, 8]},
			"faces": {
				"north": {"uv": [12.25, 4.25, 12.375, 4.375], "texture": "#1"},
				"east": {"uv": [4.5, 12.25, 4.625, 12.375], "texture": "#1"},
				"south": {"uv": [12.25, 4.5, 12.375, 4.625], "texture": "#1"},
				"west": {"uv": [4.75, 12.25, 4.875, 12.375], "texture": "#1"},
				"up": {"uv": [12.375, 4.875, 12.25, 4.75], "texture": "#1"},
				"down": {"uv": [5.125, 12.25, 5, 12.375], "texture": "#1"}
			}
		},
		{
			"from": [10.75, 13.2, 6.25],
			"to": [11.25, 13.7, 6.75],
			"rotation": {"angle": 0, "axis": "y", "origin": [8, 9.875, 8]},
			"faces": {
				"north": {"uv": [12.25, 9.5, 12.375, 9.625], "texture": "#1"},
				"east": {"uv": [9.75, 12.25, 9.875, 12.375], "texture": "#1"},
				"south": {"uv": [12.25, 9.75, 12.375, 9.875], "texture": "#1"},
				"west": {"uv": [10, 12.25, 10.125, 12.375], "texture": "#1"},
				"up": {"uv": [12.375, 10.125, 12.25, 10], "texture": "#1"},
				"down": {"uv": [10.375, 12.25, 10.25, 12.375], "texture": "#1"}
			}
		},
		{
			"from": [10.75, 13.2, 9.25],
			"to": [11.25, 13.7, 9.75],
			"rotation": {"angle": 0, "axis": "y", "origin": [8, 9.875, 8]},
			"faces": {
				"north": {"uv": [12.25, 10.25, 12.375, 10.375], "texture": "#1"},
				"east": {"uv": [10.5, 12.25, 10.625, 12.375], "texture": "#1"},
				"south": {"uv": [12.25, 10.5, 12.375, 10.625], "texture": "#1"},
				"west": {"uv": [10.75, 12.25, 10.875, 12.375], "texture": "#1"},
				"up": {"uv": [12.375, 10.875, 12.25, 10.75], "texture": "#1"},
				"down": {"uv": [11.125, 12.25, 11, 12.375], "texture": "#1"}
			}
		},
		{
			"from": [9.75, 13.2, 5.25],
			"to": [10.25, 13.7, 5.75],
			"rotation": {"angle": 0, "axis": "y", "origin": [8, 9.875, 8]},
			"faces": {
				"north": {"uv": [12.25, 3.5, 12.375, 3.625], "texture": "#1"},
				"east": {"uv": [3.75, 12.25, 3.875, 12.375], "texture": "#1"},
				"south": {"uv": [12.25, 3.75, 12.375, 3.875], "texture": "#1"},
				"west": {"uv": [4, 12.25, 4.125, 12.375], "texture": "#1"},
				"up": {"uv": [12.375, 4.125, 12.25, 4], "texture": "#1"},
				"down": {"uv": [4.375, 12.25, 4.25, 12.375], "texture": "#1"}
			}
		},
		{
			"from": [5.75, 13.2, 5.25],
			"to": [6.25, 13.7, 5.75],
			"rotation": {"angle": 0, "axis": "y", "origin": [8, 9.875, 8]},
			"faces": {
				"north": {"uv": [12.25, 2.75, 12.375, 2.875], "texture": "#1"},
				"east": {"uv": [3, 12.25, 3.125, 12.375], "texture": "#1"},
				"south": {"uv": [12.25, 3, 12.375, 3.125], "texture": "#1"},
				"west": {"uv": [3.25, 12.25, 3.375, 12.375], "texture": "#1"},
				"up": {"uv": [12.375, 3.375, 12.25, 3.25], "texture": "#1"},
				"down": {"uv": [3.625, 12.25, 3.5, 12.375], "texture": "#1"}
			}
		},
		{
			"from": [6.25, 13.2, 4.75],
			"to": [6.75, 13.7, 5.25],
			"rotation": {"angle": 0, "axis": "y", "origin": [8, 9.875, 8]},
			"faces": {
				"north": {"uv": [12.25, 8, 12.375, 8.125], "texture": "#1"},
				"east": {"uv": [8.25, 12.25, 8.375, 12.375], "texture": "#1"},
				"south": {"uv": [12.25, 8.25, 12.375, 8.375], "texture": "#1"},
				"west": {"uv": [8.5, 12.25, 8.625, 12.375], "texture": "#1"},
				"up": {"uv": [12.375, 8.625, 12.25, 8.5], "texture": "#1"},
				"down": {"uv": [8.875, 12.25, 8.75, 12.375], "texture": "#1"}
			}
		},
		{
			"from": [9.25, 13.2, 4.75],
			"to": [9.75, 13.7, 5.25],
			"rotation": {"angle": 0, "axis": "y", "origin": [8, 9.875, 8]},
			"faces": {
				"north": {"uv": [12.25, 8.75, 12.375, 8.875], "texture": "#1"},
				"east": {"uv": [9, 12.25, 9.125, 12.375], "texture": "#1"},
				"south": {"uv": [12.25, 9, 12.375, 9.125], "texture": "#1"},
				"west": {"uv": [9.25, 12.25, 9.375, 12.375], "texture": "#1"},
				"up": {"uv": [12.375, 9.375, 12.25, 9.25], "texture": "#1"},
				"down": {"uv": [9.625, 12.25, 9.5, 12.375], "texture": "#1"}
			}
		},
		{
			"from": [5.25, 13.2, 5.75],
			"to": [5.75, 13.7, 6.25],
			"rotation": {"angle": 0, "axis": "y", "origin": [8, 9.875, 8]},
			"faces": {
				"north": {"uv": [12.25, 2, 12.375, 2.125], "texture": "#1"},
				"east": {"uv": [2.25, 12.25, 2.375, 12.375], "texture": "#1"},
				"south": {"uv": [12.25, 2.25, 12.375, 2.375], "texture": "#1"},
				"west": {"uv": [2.5, 12.25, 2.625, 12.375], "texture": "#1"},
				"up": {"uv": [12.375, 2.625, 12.25, 2.5], "texture": "#1"},
				"down": {"uv": [2.875, 12.25, 2.75, 12.375], "texture": "#1"}
			}
		},
		{
			"from": [5.75, 18.2, 9.75],
			"to": [6.25, 18.7, 10.25],
			"rotation": {"angle": 0, "axis": "y", "origin": [8, 9.875, 8]},
			"faces": {
				"north": {"uv": [2.75, 12, 2.875, 12.125], "texture": "#1"},
				"east": {"uv": [12, 2.75, 12.125, 2.875], "texture": "#1"},
				"south": {"uv": [3, 12, 3.125, 12.125], "texture": "#1"},
				"west": {"uv": [12, 3, 12.125, 3.125], "texture": "#1"},
				"up": {"uv": [3.375, 12.125, 3.25, 12], "texture": "#1"},
				"down": {"uv": [12.125, 3.25, 12, 3.375], "texture": "#1"}
			}
		},
		{
			"from": [10.25, 18.2, 9.25],
			"to": [10.75, 18.7, 9.75],
			"rotation": {"angle": 0, "axis": "y", "origin": [8, 9.875, 8]},
			"faces": {
				"north": {"uv": [11.75, 8.5, 11.875, 8.625], "texture": "#1"},
				"east": {"uv": [8.75, 11.75, 8.875, 11.875], "texture": "#1"},
				"south": {"uv": [11.75, 8.75, 11.875, 8.875], "texture": "#1"},
				"west": {"uv": [9, 11.75, 9.125, 11.875], "texture": "#1"},
				"up": {"uv": [11.875, 9.125, 11.75, 9], "texture": "#1"},
				"down": {"uv": [9.375, 11.75, 9.25, 11.875], "texture": "#1"}
			}
		},
		{
			"from": [10.25, 18.2, 6.25],
			"to": [10.75, 18.7, 6.75],
			"rotation": {"angle": 0, "axis": "y", "origin": [8, 9.875, 8]},
			"faces": {
				"north": {"uv": [11.75, 9.25, 11.875, 9.375], "texture": "#1"},
				"east": {"uv": [9.5, 11.75, 9.625, 11.875], "texture": "#1"},
				"south": {"uv": [11.75, 9.5, 11.875, 9.625], "texture": "#1"},
				"west": {"uv": [9.75, 11.75, 9.875, 11.875], "texture": "#1"},
				"up": {"uv": [11.875, 9.875, 11.75, 9.75], "texture": "#1"},
				"down": {"uv": [10.125, 11.75, 10, 11.875], "texture": "#1"}
			}
		},
		{
			"from": [5.25, 18.2, 6.25],
			"to": [5.75, 18.7, 6.75],
			"rotation": {"angle": 0, "axis": "y", "origin": [8, 9.875, 8]},
			"faces": {
				"north": {"uv": [1.25, 12, 1.375, 12.125], "texture": "#1"},
				"east": {"uv": [12, 1.25, 12.125, 1.375], "texture": "#1"},
				"south": {"uv": [1.5, 12, 1.625, 12.125], "texture": "#1"},
				"west": {"uv": [12, 1.5, 12.125, 1.625], "texture": "#1"},
				"up": {"uv": [1.875, 12.125, 1.75, 12], "texture": "#1"},
				"down": {"uv": [12.125, 1.75, 12, 1.875], "texture": "#1"}
			}
		},
		{
			"from": [5.25, 18.2, 9.25],
			"to": [5.75, 18.7, 9.75],
			"rotation": {"angle": 0, "axis": "y", "origin": [8, 9.875, 8]},
			"faces": {
				"north": {"uv": [2, 12, 2.125, 12.125], "texture": "#1"},
				"east": {"uv": [12, 2, 12.125, 2.125], "texture": "#1"},
				"south": {"uv": [2.25, 12, 2.375, 12.125], "texture": "#1"},
				"west": {"uv": [12, 2.25, 12.125, 2.375], "texture": "#1"},
				"up": {"uv": [2.625, 12.125, 2.5, 12], "texture": "#1"},
				"down": {"uv": [12.125, 2.5, 12, 2.625], "texture": "#1"}
			}
		},
		{
			"from": [9.25, 18.7, 5.75],
			"to": [9.75, 19.2, 6.25],
			"rotation": {"angle": 0, "axis": "y", "origin": [8, 9.875, 8]},
			"faces": {
				"north": {"uv": [11.75, 6.25, 11.875, 6.375], "texture": "#1"},
				"east": {"uv": [6.5, 11.75, 6.625, 11.875], "texture": "#1"},
				"south": {"uv": [11.75, 6.5, 11.875, 6.625], "texture": "#1"},
				"west": {"uv": [6.75, 11.75, 6.875, 11.875], "texture": "#1"},
				"up": {"uv": [11.875, 6.875, 11.75, 6.75], "texture": "#1"},
				"down": {"uv": [7.125, 11.75, 7, 11.875], "texture": "#1"}
			}
		},
		{
			"from": [6.25, 18.7, 5.75],
			"to": [6.75, 19.2, 6.25],
			"rotation": {"angle": 0, "axis": "y", "origin": [8, 9.875, 8]},
			"faces": {
				"north": {"uv": [11.75, 5.5, 11.875, 5.625], "texture": "#1"},
				"east": {"uv": [5.75, 11.75, 5.875, 11.875], "texture": "#1"},
				"south": {"uv": [11.75, 5.75, 11.875, 5.875], "texture": "#1"},
				"west": {"uv": [6, 11.75, 6.125, 11.875], "texture": "#1"},
				"up": {"uv": [11.875, 6.125, 11.75, 6], "texture": "#1"},
				"down": {"uv": [6.375, 11.75, 6.25, 11.875], "texture": "#1"}
			}
		},
		{
			"from": [5.75, 18.7, 9.25],
			"to": [6.25, 19.2, 9.75],
			"rotation": {"angle": 0, "axis": "y", "origin": [8, 9.875, 8]},
			"faces": {
				"north": {"uv": [1.75, 11.75, 1.875, 11.875], "texture": "#1"},
				"east": {"uv": [2, 11.75, 2.125, 11.875], "texture": "#1"},
				"south": {"uv": [11.75, 2, 11.875, 2.125], "texture": "#1"},
				"west": {"uv": [2.25, 11.75, 2.375, 11.875], "texture": "#1"},
				"up": {"uv": [11.875, 2.375, 11.75, 2.25], "texture": "#1"},
				"down": {"uv": [2.625, 11.75, 2.5, 11.875], "texture": "#1"}
			}
		},
		{
			"from": [9.75, 18.7, 9.25],
			"to": [10.25, 19.2, 9.75],
			"rotation": {"angle": 0, "axis": "y", "origin": [8, 9.875, 8]},
			"faces": {
				"north": {"uv": [11.75, 3.25, 11.875, 3.375], "texture": "#1"},
				"east": {"uv": [3.5, 11.75, 3.625, 11.875], "texture": "#1"},
				"south": {"uv": [11.75, 3.5, 11.875, 3.625], "texture": "#1"},
				"west": {"uv": [3.75, 11.75, 3.875, 11.875], "texture": "#1"},
				"up": {"uv": [11.875, 3.875, 11.75, 3.75], "texture": "#1"},
				"down": {"uv": [4.125, 11.75, 4, 11.875], "texture": "#1"}
			}
		},
		{
			"from": [9.75, 18.7, 6.25],
			"to": [10.25, 19.2, 6.75],
			"rotation": {"angle": 0, "axis": "y", "origin": [8, 9.875, 8]},
			"faces": {
				"north": {"uv": [11.75, 4.75, 11.875, 4.875], "texture": "#1"},
				"east": {"uv": [5, 11.75, 5.125, 11.875], "texture": "#1"},
				"south": {"uv": [11.75, 5, 11.875, 5.125], "texture": "#1"},
				"west": {"uv": [5.25, 11.75, 5.375, 11.875], "texture": "#1"},
				"up": {"uv": [11.875, 5.375, 11.75, 5.25], "texture": "#1"},
				"down": {"uv": [5.625, 11.75, 5.5, 11.875], "texture": "#1"}
			}
		},
		{
			"from": [5.75, 18.7, 6.25],
			"to": [6.25, 19.2, 6.75],
			"rotation": {"angle": 0, "axis": "y", "origin": [8, 9.875, 8]},
			"faces": {
				"north": {"uv": [11.75, 4, 11.875, 4.125], "texture": "#1"},
				"east": {"uv": [4.25, 11.75, 4.375, 11.875], "texture": "#1"},
				"south": {"uv": [11.75, 4.25, 11.875, 4.375], "texture": "#1"},
				"west": {"uv": [4.5, 11.75, 4.625, 11.875], "texture": "#1"},
				"up": {"uv": [11.875, 4.625, 11.75, 4.5], "texture": "#1"},
				"down": {"uv": [4.875, 11.75, 4.75, 11.875], "texture": "#1"}
			}
		},
		{
			"from": [6.25, 10.2, 9.75],
			"to": [6.75, 12.2, 10.25],
			"rotation": {"angle": 0, "axis": "y", "origin": [8, 9.875, 8]},
			"faces": {
				"north": {"uv": [5, 10.5, 5.125, 11], "texture": "#1"},
				"east": {"uv": [10.5, 5, 10.625, 5.5], "texture": "#1"},
				"south": {"uv": [5.25, 10.5, 5.375, 11], "texture": "#1"},
				"west": {"uv": [5.5, 10.5, 5.625, 11], "texture": "#1"},
				"up": {"uv": [3.625, 12.625, 3.5, 12.5], "texture": "#1"},
				"down": {"uv": [12.625, 3.5, 12.5, 3.625], "texture": "#1"}
			}
		},
		{
			"from": [5.75, 10.2, 9.25],
			"to": [6.25, 12.2, 9.75],
			"rotation": {"angle": 0, "axis": "y", "origin": [8, 9.875, 8]},
			"faces": {
				"north": {"uv": [4.25, 10.5, 4.375, 11], "texture": "#1"},
				"east": {"uv": [4.5, 10.5, 4.625, 11], "texture": "#1"},
				"south": {"uv": [10.5, 4.5, 10.625, 5], "texture": "#1"},
				"west": {"uv": [4.75, 10.5, 4.875, 11], "texture": "#1"},
				"up": {"uv": [3.375, 12.625, 3.25, 12.5], "texture": "#1"},
				"down": {"uv": [12.625, 3.25, 12.5, 3.375], "texture": "#1"}
			}
		},
		{
			"from": [5.75, 10.2, 6.25],
			"to": [6.25, 12.2, 6.75],
			"rotation": {"angle": 0, "axis": "y", "origin": [8, 9.875, 8]},
			"faces": {
				"north": {"uv": [10.5, 3.5, 10.625, 4], "texture": "#1"},
				"east": {"uv": [3.75, 10.5, 3.875, 11], "texture": "#1"},
				"south": {"uv": [4, 10.5, 4.125, 11], "texture": "#1"},
				"west": {"uv": [10.5, 4, 10.625, 4.5], "texture": "#1"},
				"up": {"uv": [3.125, 12.625, 3, 12.5], "texture": "#1"},
				"down": {"uv": [12.625, 3, 12.5, 3.125], "texture": "#1"}
			}
		},
		{
			"from": [6.25, 10.2, 5.75],
			"to": [6.75, 12.2, 6.25],
			"rotation": {"angle": 0, "axis": "y", "origin": [8, 9.875, 8]},
			"faces": {
				"north": {"uv": [2.75, 10.5, 2.875, 11], "texture": "#1"},
				"east": {"uv": [10.5, 3, 10.625, 3.5], "texture": "#1"},
				"south": {"uv": [3.25, 10.5, 3.375, 11], "texture": "#1"},
				"west": {"uv": [3.5, 10.5, 3.625, 11], "texture": "#1"},
				"up": {"uv": [2.875, 12.625, 2.75, 12.5], "texture": "#1"},
				"down": {"uv": [12.625, 2.75, 12.5, 2.875], "texture": "#1"}
			}
		},
		{
			"from": [9.25, 10.2, 9.75],
			"to": [9.75, 12.2, 10.25],
			"rotation": {"angle": 0, "axis": "y", "origin": [8, 9.875, 8]},
			"faces": {
				"north": {"uv": [10.5, 2, 10.625, 2.5], "texture": "#1"},
				"east": {"uv": [2.25, 10.5, 2.375, 11], "texture": "#1"},
				"south": {"uv": [2.5, 10.5, 2.625, 11], "texture": "#1"},
				"west": {"uv": [10.5, 2.5, 10.625, 3], "texture": "#1"},
				"up": {"uv": [2.625, 12.625, 2.5, 12.5], "texture": "#1"},
				"down": {"uv": [12.625, 2.5, 12.5, 2.625], "texture": "#1"}
			}
		},
		{
			"from": [9.75, 10.2, 9.25],
			"to": [10.25, 12.2, 9.75],
			"rotation": {"angle": 0, "axis": "y", "origin": [8, 9.875, 8]},
			"faces": {
				"north": {"uv": [1.5, 10.5, 1.625, 11], "texture": "#1"},
				"east": {"uv": [10.5, 1.5, 10.625, 2], "texture": "#1"},
				"south": {"uv": [1.75, 10.5, 1.875, 11], "texture": "#1"},
				"west": {"uv": [2, 10.5, 2.125, 11], "texture": "#1"},
				"up": {"uv": [2.375, 12.625, 2.25, 12.5], "texture": "#1"},
				"down": {"uv": [12.625, 2.25, 12.5, 2.375], "texture": "#1"}
			}
		},
		{
			"from": [9.25, 8.7, 9.25],
			"to": [9.75, 10.7, 9.75],
			"rotation": {"angle": 0, "axis": "y", "origin": [8, 9.875, 8]},
			"faces": {
				"north": {"uv": [10.5, 5.5, 10.625, 6], "texture": "#1"},
				"east": {"uv": [5.75, 10.5, 5.875, 11], "texture": "#1"},
				"south": {"uv": [6, 10.5, 6.125, 11], "texture": "#1"},
				"west": {"uv": [10.5, 6, 10.625, 6.5], "texture": "#1"},
				"up": {"uv": [3.875, 12.625, 3.75, 12.5], "texture": "#1"},
				"down": {"uv": [12.625, 3.75, 12.5, 3.875], "texture": "#1"}
			}
		},
		{
			"from": [6.25, 8.7, 9.25],
			"to": [6.75, 10.7, 9.75],
			"rotation": {"angle": 0, "axis": "y", "origin": [8, 9.875, 8]},
			"faces": {
				"north": {"uv": [6.25, 10.5, 6.375, 11], "texture": "#1"},
				"east": {"uv": [6.5, 10.5, 6.625, 11], "texture": "#1"},
				"south": {"uv": [10.5, 6.5, 10.625, 7], "texture": "#1"},
				"west": {"uv": [7, 10.5, 7.125, 11], "texture": "#1"},
				"up": {"uv": [4.125, 12.625, 4, 12.5], "texture": "#1"},
				"down": {"uv": [12.625, 4, 12.5, 4.125], "texture": "#1"}
			}
		},
		{
			"from": [6.75, 5.2, 8.75],
			"to": [7.25, 8.7, 9.25],
			"rotation": {"angle": 0, "axis": "y", "origin": [8, 9.875, 8]},
			"faces": {
				"north": {"uv": [8, 6.5, 8.125, 7.375], "texture": "#1"},
				"east": {"uv": [7, 8, 7.125, 8.875], "texture": "#1"},
				"south": {"uv": [7.25, 8, 7.375, 8.875], "texture": "#1"},
				"west": {"uv": [7.5, 8, 7.625, 8.875], "texture": "#1"},
				"up": {"uv": [4.875, 12.625, 4.75, 12.5], "texture": "#1"},
				"down": {"uv": [12.625, 4.75, 12.5, 4.875], "texture": "#1"}
			}
		},
		{
			"from": [8.75, 4.2, 8.75],
			"to": [9.25, 8.7, 9.25],
			"rotation": {"angle": 0, "axis": "y", "origin": [8, 9.875, 8]},
			"faces": {
				"north": {"uv": [8, 7.5, 8.125, 8.375], "texture": "#1"},
				"east": {"uv": [7.75, 8, 7.875, 8.875], "texture": "#1"},
				"south": {"uv": [8.25, 0, 8.375, 0.875], "texture": "#1"},
				"west": {"uv": [8.25, 1, 8.375, 1.875], "texture": "#1"},
				"up": {"uv": [5.125, 12.625, 5, 12.5], "texture": "#1"},
				"down": {"uv": [12.625, 5, 12.5, 5.125], "texture": "#1"}
			}
		},
		{
			"from": [8.75, 6.2, 6.75],
			"to": [9.25, 8.7, 7.25],
			"rotation": {"angle": 0, "axis": "y", "origin": [8, 9.875, 8]},
			"faces": {
				"north": {"uv": [8, 1, 8.125, 1.875], "texture": "#1"},
				"east": {"uv": [8, 2, 8.125, 2.875], "texture": "#1"},
				"south": {"uv": [8, 3, 8.125, 3.875], "texture": "#1"},
				"west": {"uv": [8, 4, 8.125, 4.875], "texture": "#1"},
				"up": {"uv": [11.625, 2.125, 11.5, 2], "texture": "#1"},
				"down": {"uv": [2.375, 11.5, 2.25, 11.625], "texture": "#1"}
			}
		},
		{
			"from": [6.75, 5.2, 6.75],
			"to": [7.25, 8.7, 7.25],
			"rotation": {"angle": 0, "axis": "y", "origin": [8, 9.875, 8]},
			"faces": {
				"north": {"uv": [8.25, 2, 8.375, 2.875], "texture": "#1"},
				"east": {"uv": [8.25, 3, 8.375, 3.875], "texture": "#1"},
				"south": {"uv": [8.25, 4, 8.375, 4.875], "texture": "#1"},
				"west": {"uv": [6.25, 8.25, 6.375, 9.125], "texture": "#1"},
				"up": {"uv": [5.375, 12.625, 5.25, 12.5], "texture": "#1"},
				"down": {"uv": [12.625, 5.25, 12.5, 5.375], "texture": "#1"}
			}
		},
		{
			"from": [6.25, 8.7, 6.25],
			"to": [6.75, 10.7, 6.75],
			"rotation": {"angle": 0, "axis": "y", "origin": [8, 9.875, 8]},
			"faces": {
				"north": {"uv": [10.5, 7, 10.625, 7.5], "texture": "#1"},
				"east": {"uv": [7.25, 10.5, 7.375, 11], "texture": "#1"},
				"south": {"uv": [7.5, 10.5, 7.625, 11], "texture": "#1"},
				"west": {"uv": [10.5, 7.5, 10.625, 8], "texture": "#1"},
				"up": {"uv": [4.375, 12.625, 4.25, 12.5], "texture": "#1"},
				"down": {"uv": [12.625, 4.25, 12.5, 4.375], "texture": "#1"}
			}
		},
		{
			"from": [9.25, 8.7, 6.25],
			"to": [9.75, 10.7, 6.75],
			"rotation": {"angle": 0, "axis": "y", "origin": [8, 9.875, 8]},
			"faces": {
				"north": {"uv": [7.75, 10.5, 7.875, 11], "texture": "#1"},
				"east": {"uv": [8, 10.5, 8.125, 11], "texture": "#1"},
				"south": {"uv": [10.5, 8, 10.625, 8.5], "texture": "#1"},
				"west": {"uv": [8.25, 10.5, 8.375, 11], "texture": "#1"},
				"up": {"uv": [4.625, 12.625, 4.5, 12.5], "texture": "#1"},
				"down": {"uv": [12.625, 4.5, 12.5, 4.625], "texture": "#1"}
			}
		},
		{
			"from": [9.25, 10.2, 5.75],
			"to": [9.75, 12.2, 6.25],
			"rotation": {"angle": 0, "axis": "y", "origin": [8, 9.875, 8]},
			"faces": {
				"north": {"uv": [10.25, 10, 10.375, 10.5], "texture": "#1"},
				"east": {"uv": [10.5, 0, 10.625, 0.5], "texture": "#1"},
				"south": {"uv": [10.5, 0.5, 10.625, 1], "texture": "#1"},
				"west": {"uv": [10.5, 1, 10.625, 1.5], "texture": "#1"},
				"up": {"uv": [2.125, 12.625, 2, 12.5], "texture": "#1"},
				"down": {"uv": [12.625, 2, 12.5, 2.125], "texture": "#1"}
			}
		},
		{
			"from": [9.75, 10.2, 6.25],
			"to": [10.25, 12.2, 6.75],
			"rotation": {"angle": 0, "axis": "y", "origin": [8, 9.875, 8]},
			"faces": {
				"north": {"uv": [10.25, 8.5, 10.375, 9], "texture": "#1"},
				"east": {"uv": [10.25, 9, 10.375, 9.5], "texture": "#1"},
				"south": {"uv": [9.25, 10.25, 9.375, 10.75], "texture": "#1"},
				"west": {"uv": [9.5, 10.25, 9.625, 10.75], "texture": "#1"},
				"up": {"uv": [1.875, 12.625, 1.75, 12.5], "texture": "#1"},
				"down": {"uv": [12.625, 1.75, 12.5, 1.875], "texture": "#1"}
			}
		},
		{
			"from": [6.25, 19.2, 9.25],
			"to": [9.75, 19.7, 9.75],
			"rotation": {"angle": 0, "axis": "y", "origin": [8, 9.875, 8]},
			"faces": {
				"north": {"uv": [8, 5.5, 8.875, 5.625], "texture": "#1"},
				"east": {"uv": [11.5, 3.75, 11.625, 3.875], "texture": "#1"},
				"south": {"uv": [8, 5.75, 8.875, 5.875], "texture": "#1"},
				"west": {"uv": [4, 11.5, 4.125, 11.625], "texture": "#1"},
				"up": {"uv": [8.875, 6.125, 8, 6], "texture": "#1"},
				"down": {"uv": [8.875, 6.25, 8, 6.375], "texture": "#1"}
			}
		},
		{
			"from": [7.25, 19.7, 6.75],
			"to": [8.75, 20.2, 7.25],
			"rotation": {"angle": 0, "axis": "y", "origin": [8, 9.875, 8]},
			"faces": {
				"north": {"uv": [10.5, 8.75, 10.875, 8.875], "texture": "#1"},
				"east": {"uv": [11.5, 2.25, 11.625, 2.375], "texture": "#1"},
				"south": {"uv": [10.5, 9, 10.875, 9.125], "texture": "#1"},
				"west": {"uv": [11.5, 2.5, 11.625, 2.625], "texture": "#1"},
				"up": {"uv": [10.875, 9.375, 10.5, 9.25], "texture": "#1"},
				"down": {"uv": [10.875, 9.5, 10.5, 9.625], "texture": "#1"}
			}
		},
		{
			"from": [7.25, 19.7, 8.75],
			"to": [8.75, 20.2, 9.25],
			"rotation": {"angle": 0, "axis": "y", "origin": [8, 9.875, 8]},
			"faces": {
				"north": {"uv": [9.75, 10.5, 10.125, 10.625], "texture": "#1"},
				"east": {"uv": [11.5, 3, 11.625, 3.125], "texture": "#1"},
				"south": {"uv": [10.5, 9.75, 10.875, 9.875], "texture": "#1"},
				"west": {"uv": [11.5, 3.25, 11.625, 3.375], "texture": "#1"},
				"up": {"uv": [10.875, 10.125, 10.5, 10], "texture": "#1"},
				"down": {"uv": [10.625, 10.5, 10.25, 10.625], "texture": "#1"}
			}
		},
		{
			"from": [6.75, 14.7, 4.25],
			"to": [9.25, 17.2, 4.75],
			"rotation": {"angle": 0, "axis": "x", "origin": [8, 9.875, 8]},
			"faces": {
				"north": {"uv": [2.5, 2.5, 3.125, 3.125], "texture": "#1"},
				"east": {"uv": [4.75, 8.75, 4.875, 9.375], "texture": "#1"},
				"south": {"uv": [3, 0, 3.625, 0.625], "texture": "#1"},
				"west": {"uv": [5, 8.75, 5.125, 9.375], "texture": "#1"},
				"up": {"uv": [9.375, 4.125, 8.75, 4], "texture": "#1"},
				"down": {"uv": [8.625, 8.75, 8, 8.875], "texture": "#1"}
			}
		},
		{
			"from": [7.25, 17.2, 4.25],
			"to": [8.75, 17.7, 4.75],
			"rotation": {"angle": 0, "axis": "x", "origin": [8, 9.875, 8]},
			"faces": {
				"north": {"uv": [0.5, 10.75, 0.875, 10.875], "texture": "#1"},
				"east": {"uv": [10.25, 12, 10.375, 12.125], "texture": "#1"},
				"south": {"uv": [10.75, 0.5, 11.125, 0.625], "texture": "#1"},
				"west": {"uv": [12, 10.25, 12.125, 10.375], "texture": "#1"},
				"up": {"uv": [11.125, 0.875, 10.75, 0.75], "texture": "#1"},
				"down": {"uv": [1.375, 10.75, 1, 10.875], "texture": "#1"}
			}
		},
		{
			"from": [7.25, 13.7, 4.25],
			"to": [8.75, 14.7, 4.75],
			"rotation": {"angle": 0, "axis": "x", "origin": [8, 9.875, 8]},
			"faces": {
				"north": {"uv": [3.25, 3, 3.625, 3.25], "texture": "#1"},
				"east": {"uv": [3, 2.25, 3.125, 2.5], "texture": "#1"},
				"south": {"uv": [4, 2.75, 4.375, 3], "texture": "#1"},
				"west": {"uv": [4.5, 4.25, 4.625, 4.5], "texture": "#1"},
				"up": {"uv": [11.125, 0.125, 10.75, 0], "texture": "#1"},
				"down": {"uv": [11.125, 0.25, 10.75, 0.375], "texture": "#1"}
			}
		},
		{
			"from": [6.75, 14.7, 11.25],
			"to": [9.25, 17.2, 11.75],
			"rotation": {"angle": 0, "axis": "x", "origin": [8, 9.875, 8]},
			"faces": {
				"north": {"uv": [3, 0.75, 3.625, 1.375], "texture": "#1"},
				"east": {"uv": [6, 8.75, 6.125, 9.375], "texture": "#1"},
				"south": {"uv": [3, 1.5, 3.625, 2.125], "texture": "#1"},
				"west": {"uv": [8.75, 8.5, 8.875, 9.125], "texture": "#1"},
				"up": {"uv": [0.625, 9.125, 0, 9], "texture": "#1"},
				"down": {"uv": [1.375, 9, 0.75, 9.125], "texture": "#1"}
			}
		},
		{
			"from": [7.25, 17.2, 11.25],
			"to": [8.75, 17.7, 11.75],
			"rotation": {"angle": 0, "axis": "x", "origin": [8, 9.875, 8]},
			"faces": {
				"north": {"uv": [10.75, 1.5, 11.125, 1.625], "texture": "#1"},
				"east": {"uv": [10.5, 12, 10.625, 12.125], "texture": "#1"},
				"south": {"uv": [10.75, 1.75, 11.125, 1.875], "texture": "#1"},
				"west": {"uv": [12, 10.5, 12.125, 10.625], "texture": "#1"},
				"up": {"uv": [11.125, 2.125, 10.75, 2], "texture": "#1"},
				"down": {"uv": [11.125, 2.25, 10.75, 2.375], "texture": "#1"}
			}
		},
		{
			"from": [7.25, 13.7, 11.25],
			"to": [8.75, 14.7, 11.75],
			"rotation": {"angle": 0, "axis": "x", "origin": [8, 9.875, 8]},
			"faces": {
				"north": {"uv": [4.5, 2, 4.875, 2.25], "texture": "#1"},
				"east": {"uv": [4.5, 5, 4.625, 5.25], "texture": "#1"},
				"south": {"uv": [5, 2.5, 5.375, 2.75], "texture": "#1"},
				"west": {"uv": [5.5, 4, 5.625, 4.25], "texture": "#1"},
				"up": {"uv": [11.125, 1.125, 10.75, 1], "texture": "#1"},
				"down": {"uv": [11.125, 1.25, 10.75, 1.375], "texture": "#1"}
			}
		},
		{
			"from": [11.25, 14.7, 6.75],
			"to": [11.75, 17.2, 9.25],
			"rotation": {"angle": 0, "axis": "y", "origin": [8, 9.875, 8]},
			"faces": {
				"north": {"uv": [2.5, 9, 2.625, 9.625], "texture": "#1"},
				"east": {"uv": [1.5, 3.25, 2.125, 3.875], "texture": "#1"},
				"south": {"uv": [2.75, 9, 2.875, 9.625], "texture": "#1"},
				"west": {"uv": [2.25, 3.25, 2.875, 3.875], "texture": "#1"},
				"up": {"uv": [3.375, 9.625, 3.25, 9], "texture": "#1"},
				"down": {"uv": [3.625, 9, 3.5, 9.625], "texture": "#1"}
			}
		},
		{
			"from": [11.25, 17.2, 7.25],
			"to": [11.75, 17.7, 8.75],
			"rotation": {"angle": 0, "axis": "y", "origin": [8, 9.875, 8]},
			"faces": {
				"north": {"uv": [11, 12, 11.125, 12.125], "texture": "#1"},
				"east": {"uv": [10.75, 5, 11.125, 5.125], "texture": "#1"},
				"south": {"uv": [12, 11, 12.125, 11.125], "texture": "#1"},
				"west": {"uv": [10.75, 5.25, 11.125, 5.375], "texture": "#1"},
				"up": {"uv": [10.875, 5.875, 10.75, 5.5], "texture": "#1"},
				"down": {"uv": [10.875, 6, 10.75, 6.375], "texture": "#1"}
			}
		},
		{
			"from": [11.25, 13.7, 7.25],
			"to": [11.75, 14.7, 8.75],
			"rotation": {"angle": 0, "axis": "y", "origin": [8, 9.875, 8]},
			"faces": {
				"north": {"uv": [10, 9, 10.125, 9.25], "texture": "#1"},
				"east": {"uv": [7, 3.5, 7.375, 3.75], "texture": "#1"},
				"south": {"uv": [10.25, 5.75, 10.375, 6], "texture": "#1"},
				"west": {"uv": [7, 5, 7.375, 5.25], "texture": "#1"},
				"up": {"uv": [10.875, 4.375, 10.75, 4], "texture": "#1"},
				"down": {"uv": [10.875, 4.5, 10.75, 4.875], "texture": "#1"}
			}
		},
		{
			"from": [4.25, 13.7, 7.25],
			"to": [4.75, 14.7, 8.75],
			"rotation": {"angle": 0, "axis": "y", "origin": [8, 9.875, 8]},
			"faces": {
				"north": {"uv": [7.25, 3, 7.375, 3.25], "texture": "#1"},
				"east": {"uv": [5.75, 4.5, 6.125, 4.75], "texture": "#1"},
				"south": {"uv": [10, 2.5, 10.125, 2.75], "texture": "#1"},
				"west": {"uv": [7, 3.25, 7.375, 3.5], "texture": "#1"},
				"up": {"uv": [10.875, 3.375, 10.75, 3], "texture": "#1"},
				"down": {"uv": [10.875, 3.5, 10.75, 3.875], "texture": "#1"}
			}
		},
		{
			"from": [4.25, 14.7, 6.75],
			"to": [4.75, 17.2, 9.25],
			"rotation": {"angle": 0, "axis": "y", "origin": [8, 9.875, 8]},
			"faces": {
				"north": {"uv": [1.5, 9, 1.625, 9.625], "texture": "#1"},
				"east": {"uv": [0, 3.25, 0.625, 3.875], "texture": "#1"},
				"south": {"uv": [1.75, 9, 1.875, 9.625], "texture": "#1"},
				"west": {"uv": [0.75, 3.25, 1.375, 3.875], "texture": "#1"},
				"up": {"uv": [2.125, 9.625, 2, 9], "texture": "#1"},
				"down": {"uv": [2.375, 9, 2.25, 9.625], "texture": "#1"}
			}
		},
		{
			"from": [4.25, 17.2, 7.25],
			"to": [4.75, 17.7, 8.75],
			"rotation": {"angle": 0, "axis": "y", "origin": [8, 9.875, 8]},
			"faces": {
				"north": {"uv": [10.75, 12, 10.875, 12.125], "texture": "#1"},
				"east": {"uv": [10.75, 2.5, 11.125, 2.625], "texture": "#1"},
				"south": {"uv": [12, 10.75, 12.125, 10.875], "texture": "#1"},
				"west": {"uv": [10.75, 2.75, 11.125, 2.875], "texture": "#1"},
				"up": {"uv": [9.125, 10.875, 9, 10.5], "texture": "#1"},
				"down": {"uv": [3.125, 10.75, 3, 11.125], "texture": "#1"}
			}
		}
	],
	"display": {
		"thirdperson_righthand": {
			"translation": [0, 1.75, 0.75]
		},
		"thirdperson_lefthand": {
			"translation": [0, 1.25, 0]
		},
		"firstperson_righthand": {
			"rotation": [-10, 20, 0],
			"translation": [0, 4.25, 1.75],
			"scale": [0.75, 0.75, 0.75]
		},
		"firstperson_lefthand": {
			"rotation": [-10, 20, 0],
			"translation": [0, 4.25, 1.75],
			"scale": [0.75, 0.75, 0.75]
		},
		"ground": {
			"rotation": [51, 0, 0],
			"translation": [0, 8, 0]
		},
		"gui": {
			"rotation": [40, 0, 40],
			"translation": [1, -1, 0],
			"scale": [0.9, 0.9, 0.9]
		},
		"head": {
			"rotation": [-50, 0, 0],
			"translation": [0, 16.75, -11],
			"scale": [2, 2, 2]
		},
		"fixed": {
			"rotation": [0, 0, 45],
			"translation": [0, -0.75, 0],
			"scale": [0.9, 0.9, 0.9]
		}
	},
	"groups": [
		{
			"name": "Bone",
			"origin": [8, 9.875, 8],
			"color": 0,
			"nbt": "{}",
			"armAnimationEnabled": false,
			"children": [0, 1, 2, 3, 4, 5, 6, 7, 8, 9, 10, 11, 12, 13, 14, 15, 16, 17, 18, 19, 20, 21, 22, 23, 24, 25, 26, 27, 28, 29, 30, 31, 32, 33, 34, 35, 36, 37, 38, 39, 40]
		},
		{
			"name": "Meat",
			"origin": [8, 9.875, 8],
			"color": 0,
			"nbt": "{}",
			"armAnimationEnabled": false,
			"children": [
				41,
				42,
				43,
				44,
				45,
				46,
				47,
				48,
				49,
				50,
				51,
				52,
				53,
				54,
				55,
				56,
				57,
				58,
				59,
				60,
				61,
				62,
				63,
				64,
				65,
				66,
				67,
				68,
				69,
				70,
				71,
				72,
				73,
				74,
				75,
				76,
				77,
				78,
				79,
				80,
				81,
				82,
				83,
				84,
				85,
				86,
				87,
				88,
				89,
				90,
				91,
				92,
				93,
				94,
				95,
				96,
				97,
				98,
				99,
				100,
				101,
				102,
				103,
				104,
				105,
				106,
				107,
				108,
				109,
				110,
				111,
				112,
				113,
				114,
				115,
				116,
				117,
				118,
				119,
				120,
				121,
				122,
				123,
				124,
				125,
				126,
				127,
				128,
				129,
				130,
				131,
				132,
				133,
				134,
				135,
				136,
				137,
				138,
				139,
				140,
				141,
				142,
				143,
				144,
				145,
				146,
				147,
				148,
				149,
				150,
				151,
				152,
				153,
				154,
				155,
				156,
				157,
				158,
				159,
				160,
				161,
				162,
				163,
				164,
				165,
				166,
				167,
				168,
				169,
				170,
				171,
				172,
				173,
				174,
				175,
				176
			]
		}
	]
}