{
	"credit": "Made with Blockbench",
	"texture_size": [64, 64],
	"textures": {
		"0": "mchub:hats/cowboy",
		"particle": "mchub:hats/cowboy"
	},
	"elements": [
		{
			"name": "head",
			"from": [3.75, 2.5, 4.75],
			"to": [12.25, 5.5, 11.25],
			"faces": {
				"north": {"uv": [6.25, 0, 8.5, 0.75], "texture": "#0"},
				"east": {"uv": [6.25, 1.5, 8, 2.25], "texture": "#0"},
				"south": {"uv": [6.25, 0.75, 8.5, 1.5], "texture": "#0"},
				"west": {"uv": [6.25, 4.5, 8, 5.25], "texture": "#0"},
				"up": {"uv": [4.5, 5.75, 2.25, 4], "texture": "#0"},
				"down": {"uv": [6.75, 2.75, 4.5, 4.5], "texture": "#0"}
			}
		},
		{
			"name": "head",
			"from": [3.75, 1.5, 2.75],
			"to": [12.25, 2.5, 13.25],
			"faces": {
				"north": {"uv": [6.25, 7.5, 8.5, 7.75], "texture": "#0"},
				"east": {"uv": [6.25, 7, 9, 7.25], "texture": "#0"},
				"south": {"uv": [6.25, 7.75, 8.5, 8], "texture": "#0"},
				"west": {"uv": [6.25, 7.25, 9, 7.5], "texture": "#0"},
				"up": {"uv": [2.25, 6.75, 0, 4], "texture": "#0"},
				"down": {"uv": [6.25, 0, 4, 2.75], "texture": "#0"}
			}
		},
		{
			"name": "head",
			"from": [2.75, 1.5, 3.75],
			"to": [3.75, 2.5, 12.25],
			"faces": {
				"north": {"uv": [2, 7.5, 2.25, 7.75], "texture": "#0"},
				"east": {"uv": [8, 1.5, 10.25, 1.75], "texture": "#0"},
				"south": {"uv": [2, 7.75, 2.25, 8], "texture": "#0"},
				"west": {"uv": [8, 1.75, 10.25, 2], "texture": "#0"},
				"up": {"uv": [1.25, 9, 1, 6.75], "texture": "#0"},
				"down": {"uv": [1.5, 6.75, 1.25, 9], "texture": "#0"}
			}
		},
		{
			"name": "head",
			"from": [12.25, 1.5, 3.75],
			"to": [13.25, 2.5, 12.25],
			"faces": {
				"north": {"uv": [2, 8, 2.25, 8.25], "texture": "#0"},
				"east": {"uv": [8, 2, 10.25, 2.25], "texture": "#0"},
				"south": {"uv": [2, 8.25, 2.25, 8.5], "texture": "#0"},
				"west": {"uv": [8, 4.5, 10.25, 4.75], "texture": "#0"},
				"up": {"uv": [1.75, 9, 1.5, 6.75], "texture": "#0"},
				"down": {"uv": [2, 6.75, 1.75, 9], "texture": "#0"}
			}
		},
		{
			"name": "head",
			"from": [4.75, 1.5, 11.25],
			"to": [11.25, 5.5, 12.25],
			"faces": {
				"north": {"uv": [4.5, 4.5, 6.25, 5.5], "texture": "#0"},
				"east": {"uv": [4, 2.75, 4.25, 3.75], "texture": "#0"},
				"south": {"uv": [4.5, 5.5, 6.25, 6.5], "texture": "#0"},
				"west": {"uv": [4.25, 2.75, 4.5, 3.75], "texture": "#0"},
				"up": {"uv": [8, 8.25, 6.25, 8], "texture": "#0"},
				"down": {"uv": [9.75, 6.25, 8, 6.5], "texture": "#0"}
			}
		},
		{
			"name": "head",
			"from": [4.75, 2.5, 3.75],
			"to": [11.25, 5.5, 4.75],
			"faces": {
				"north": {"uv": [6.25, 5.25, 8, 6], "texture": "#0"},
				"east": {"uv": [4.25, 5.75, 4.5, 6.5], "texture": "#0"},
				"south": {"uv": [6.25, 6, 8, 6.75], "texture": "#0"},
				"west": {"uv": [2, 6.75, 2.25, 7.5], "texture": "#0"},
				"up": {"uv": [9.75, 6.75, 8, 6.5], "texture": "#0"},
				"down": {"uv": [9.75, 8, 8, 8.25], "texture": "#0"}
			}
		},
		{
			"name": "head",
			"from": [4, 0.5, 0],
			"to": [12, 1.5, 16],
			"faces": {
				"north": {"uv": [8, 4.75, 10, 5], "texture": "#0"},
				"east": {"uv": [6.25, 2.25, 10.25, 2.5], "texture": "#0"},
				"south": {"uv": [8, 5, 10, 5.25], "texture": "#0"},
				"west": {"uv": [6.25, 2.5, 10.25, 2.75], "texture": "#0"},
				"up": {"uv": [2, 4, 0, 0], "texture": "#0"},
				"down": {"uv": [4, 0, 2, 4], "texture": "#0"}
			}
		},
		{
			"name": "head",
			"from": [2, 0.5, 1],
			"to": [4, 1.5, 15],
			"faces": {
				"north": {"uv": [4, 3.75, 4.5, 4], "texture": "#0"},
				"east": {"uv": [6.75, 2.75, 10.25, 3], "texture": "#0"},
				"south": {"uv": [6.25, 8.25, 6.75, 8.5], "texture": "#0"},
				"west": {"uv": [6.75, 3, 10.25, 3.25], "texture": "#0"},
				"up": {"uv": [2.75, 9.25, 2.25, 5.75], "texture": "#0"},
				"down": {"uv": [3.25, 5.75, 2.75, 9.25], "texture": "#0"}
			}
		},
		{
			"name": "head",
			"from": [12, 0.5, 1],
			"to": [14, 1.5, 15],
			"rotation": {"angle": 0, "axis": "y", "origin": [16, 0, 0]},
			"faces": {
				"north": {"uv": [6.75, 8.25, 7.25, 8.5], "texture": "#0"},
				"east": {"uv": [6.75, 3.25, 10.25, 3.5], "texture": "#0"},
				"south": {"uv": [7.25, 8.25, 7.75, 8.5], "texture": "#0"},
				"west": {"uv": [6.75, 3.5, 10.25, 3.75], "texture": "#0"},
				"up": {"uv": [3.75, 9.25, 3.25, 5.75], "texture": "#0"},
				"down": {"uv": [4.25, 5.75, 3.75, 9.25], "texture": "#0"}
			}
		},
		{
			"name": "head",
			"from": [14.0391, 1.30343, 2],
			"to": [15.0391, 2.30343, 14],
			"rotation": {"angle": 22.5, "axis": "z", "origin": [16.0391, 0.80343, -1]},
			"faces": {
				"north": {"uv": [8.5, 0.5, 8.75, 0.75], "texture": "#0"},
				"east": {"uv": [6.75, 3.75, 9.75, 4], "texture": "#0"},
				"south": {"uv": [8.5, 0.75, 8.75, 1], "texture": "#0"},
				"west": {"uv": [6.75, 4, 9.75, 4.25], "texture": "#0"},
				"up": {"uv": [0.25, 9.75, 0, 6.75], "texture": "#0"},
				"down": {"uv": [0.5, 6.75, 0.25, 9.75], "texture": "#0"}
			}
		},
		{
			"name": "head",
			"from": [14.98454, 1.73624, 4],
			"to": [16.98454, 2.73624, 12],
			"rotation": {"angle": 45, "axis": "z", "origin": [15.98454, 1.23624, -5]},
			"faces": {
				"north": {"uv": [7.75, 8.25, 8.25, 8.5], "texture": "#0"},
				"east": {"uv": [8, 5.25, 10, 5.5], "texture": "#0"},
				"south": {"uv": [8.25, 8.25, 8.75, 8.5], "texture": "#0"},
				"west": {"uv": [8, 5.5, 10, 5.75], "texture": "#0"},
				"up": {"uv": [4.75, 8.5, 4.25, 6.5], "texture": "#0"},
				"down": {"uv": [5.25, 6.5, 4.75, 8.5], "texture": "#0"}
			}
		},
		{
			"name": "head",
			"from": [0.9609, 1.30343, 2],
			"to": [1.9609, 2.30343, 14],
			"rotation": {"angle": -22.5, "axis": "z", "origin": [-0.0391, 0.80343, -1]},
			"faces": {
				"north": {"uv": [8.5, 1, 8.75, 1.25], "texture": "#0"},
				"east": {"uv": [6.75, 4.25, 9.75, 4.5], "texture": "#0"},
				"south": {"uv": [8.5, 1.25, 8.75, 1.5], "texture": "#0"},
				"west": {"uv": [6.25, 6.75, 9.25, 7], "texture": "#0"},
				"up": {"uv": [0.75, 9.75, 0.5, 6.75], "texture": "#0"},
				"down": {"uv": [1, 6.75, 0.75, 9.75], "texture": "#0"}
			}
		},
		{
			"name": "head",
			"from": [-0.98454, 1.73624, 4],
			"to": [1.01546, 2.73624, 12],
			"rotation": {"angle": -45, "axis": "z", "origin": [0.01546, 1.23624, -5]},
			"faces": {
				"north": {"uv": [8.5, 0, 9, 0.25], "texture": "#0"},
				"east": {"uv": [8, 5.75, 10, 6], "texture": "#0"},
				"south": {"uv": [8.5, 0.25, 9, 0.5], "texture": "#0"},
				"west": {"uv": [8, 6, 10, 6.25], "texture": "#0"},
				"up": {"uv": [5.75, 8.5, 5.25, 6.5], "texture": "#0"},
				"down": {"uv": [6.25, 6.5, 5.75, 8.5], "texture": "#0"}
			}
		}
	],
	"display": {
		"head": {
			"translation": [0, 15.75, 0],
			"scale": [1.67, 1.67, 1.67]
		}
	},
	"groups": [
		{
			"name": "steve",
			"origin": [8, 8, 8],
			"color": 0,
			"children": [0, 1, 2, 3, 4, 5, 6, 7, 8, 9, 10, 11, 12]
		}
	]
}