{
	"credit": "Made with Blockbench",
	"texture_size": [64, 64],
	"textures": {
		"0": "mchub:hats/tophat",
		"particle": "mchub:hats/tophat"
	},
	"elements": [
		{
			"name": "head",
			"from": [1, 7.5, 1],
			"to": [15, 8.5, 15],
			"faces": {
				"north": {"uv": [5.75, 4.5, 9.25, 4.75], "texture": "#0"},
				"east": {"uv": [5.75, 4.75, 9.25, 5], "texture": "#0"},
				"south": {"uv": [5.75, 5, 9.25, 5.25], "texture": "#0"},
				"west": {"uv": [5.75, 5.25, 9.25, 5.5], "texture": "#0"},
				"up": {"uv": [3.5, 3.5, 0, 0], "texture": "#0"},
				"down": {"uv": [3.5, 3.5, 0, 7], "texture": "#0"}
			}
		},
		{
			"name": "head",
			"from": [3.75, 8.5, 3.75],
			"to": [12.25, 14.5, 12.25],
			"faces": {
				"north": {"uv": [3.5, 4.5, 5.75, 6], "texture": "#0"},
				"east": {"uv": [5.75, 0, 8, 1.5], "texture": "#0"},
				"south": {"uv": [5.75, 1.5, 8, 3], "texture": "#0"},
				"west": {"uv": [5.75, 3, 8, 4.5], "texture": "#0"},
				"up": {"uv": [5.75, 2.25, 3.5, 0], "texture": "#0"},
				"down": {"uv": [5.75, 2.25, 3.5, 4.5], "texture": "#0"}
			}
		}
	],
	"display": {
		"head": {
			"translation": [0, 4, 0],
			"scale": [1.6, 1.6, 1.6]
		}
	},
	"groups": [
		{
			"name": "steve",
			"origin": [8, 8, 8],
			"color": 0,
			"children": [0, 1]
		}
	]
}