{
    "parent": "minecraft:block/purple_shulker_box",
    "overrides": [
      {
        "predicate": {
          "custom_model_data": 1
        },
        "model": "item/newyears/newyearsboxanim/newyearsbox1"
      },
      {
        "predicate": {
          "custom_model_data": 2
        },
        "model": "item/newyears/newyearsboxanim/newyearsbox2"
      },
      {
        "predicate": {
          "custom_model_data": 3
        },
        "model": "item/newyears/newyearsboxanim/newyearsbox3"
      },
      {
        "predicate": {
          "custom_model_data": 4
        },
        "model": "item/newyears/newyearsboxanim/newyearsbox4"
      },
      {
        "predicate": {
          "custom_model_data": 5
        },
        "model": "item/newyears/newyearsboxanim/newyearsbox5"
      },
      {
        "predicate": {
          "custom_model_data": 6
        },
        "model": "item/newyears/newyearsboxanim/newyearsbox6"
      },
      {
        "predicate": {
          "custom_model_data": 7
        },
        "model": "item/newyears/newyearsboxanim/newyearsbox7"
      },
      {
        "predicate": {
          "custom_model_data": 8
        },
        "model": "item/newyears/newyearsboxanim/newyearsbox8"
      },
      {
        "predicate": {
          "custom_model_data": 9
        },
        "model": "item/newyears/newyearsboxanim/newyearsbox9"
      },
      {
        "predicate": {
          "custom_model_data": 10
        },
        "model": "item/newyears/newyearsboxanim/newyearsbox10"
      },
      {
        "predicate": {
          "custom_model_data": 11
        },
        "model": "item/newyears/newyearsboxanim/newyearsbox11"
      },
      {
        "predicate": {
          "custom_model_data": 12
        },
        "model": "item/newyears/newyearsboxanim/newyearsbox12"
      },
      {
        "predicate": {
          "custom_model_data": 13
        },
        "model": "item/newyears/newyearsboxanim/newyearsbox13"
      },
      {
        "predicate": {
          "custom_model_data": 14
        },
        "model": "item/newyears/newyearsboxanim/newyearsbox14"
      },
      {
        "predicate": {
          "custom_model_data": 15
        },
        "model": "item/newyears/newyearsboxanim/newyearsbox15"
      },
      {
        "predicate": {
          "custom_model_data": 16
        },
        "model": "item/newyears/newyearsboxanim/newyearsbox16"
      },
      {
        "predicate": {
          "custom_model_data": 17
        },
        "model": "item/newyears/newyearsboxanim/newyearsbox17"
      },
      {
        "predicate": {
          "custom_model_data": 18
        },
        "model": "item/newyears/newyearsboxanim/newyearsbox18"
      },
      {
        "predicate": {
          "custom_model_data": 19
        },
        "model": "item/newyears/newyearsboxanim/newyearsbox19"
      },
      {
        "predicate": {
          "custom_model_data": 20
        },
        "model": "item/newyears/newyearsboxanim/newyearsbox20"
      },
      {
        "predicate": {
          "custom_model_data": 21
        },
        "model": "item/newyears/newyearsboxanim/newyearsbox21"
      },
      {
        "predicate": {
          "custom_model_data": 22
        },
        "model": "item/newyears/newyearsboxanim/newyearsbox22"
      },
      {
        "predicate": {
          "custom_model_data": 23
        },
        "model": "item/newyears/newyearsboxanim/newyearsbox23"
      },
      {
        "predicate": {
          "custom_model_data": 24
        },
        "model": "item/newyears/newyearsboxanim/newyearsbox24"
      },
      {
        "predicate": {
          "custom_model_data": 25
        },
        "model": "item/newyears/newyearsboxanim/newyearsbox25"
      },
      {
        "predicate": {
          "custom_model_data": 26
        },
        "model": "item/newyears/newyearsboxanim/newyearsbox26"
      },
      {
        "predicate": {
          "custom_model_data": 30
        },
        "model": "item/newyears/newyearsboxanim/2023" 
    },
      {
        "predicate": {
          "custom_model_data": 40
        },
        "model": "item/newyears/newyearsbox"
    }
    ]
}