{
	"format_version": "1.12.0",
	"minecraft:geometry": [
		{
			"description": {
				"identifier": "geometry.unknown",
				"texture_width": 256,
				"texture_height": 256,
				"visible_bounds_width": 5,
				"visible_bounds_height": 3.5,
				"visible_bounds_offset": [0, 1.25, 0]
			},
			"bones": [
				{
					"name": "bb_main",
					"pivot": [0, 0, 0],
					"cubes": [
						{
							"origin": [-2, 2, -11],
							"size": [6, 11, 20],
							"pivot": [4, 0, -2],
							"rotation": [0, 0, 22.5],
							"uv": {
								"north": {"uv": [109, 60], "uv_size": [6, 11]},
								"east": {"uv": [89, 60], "uv_size": [20, 11]},
								"south": {"uv": [135, 60], "uv_size": [6, 11]},
								"west": {"uv": [115, 60], "uv_size": [20, 11]},
								"up": {"uv": [109, 40], "uv_size": [6, 20]},
								"down": {"uv": [115, 60], "uv_size": [6, -20]}
							}
						},
						{
							"origin": [-4, 8, -11],
							"size": [8, 9, 19],
							"uv": {
								"north": {"uv": [19, 109], "uv_size": [8, 9]},
								"east": {"uv": [0, 109], "uv_size": [19, 9]},
								"south": {"uv": [46, 109], "uv_size": [8, 9]},
								"west": {"uv": [27, 109], "uv_size": [19, 9]},
								"up": {"uv": [19, 90], "uv_size": [8, 19]},
								"down": {"uv": [27, 109], "uv_size": [8, -19]}
							}
						},
						{
							"origin": [1.97344, 6.81181, -11],
							"size": [4, 9, 19],
							"pivot": [5.97344, 11.31181, -1.5],
							"rotation": [0, 0, 22.5],
							"uv": {
								"north": {"uv": [104, 119], "uv_size": [4, 9]},
								"east": {"uv": [85, 119], "uv_size": [19, 9]},
								"south": {"uv": [127, 119], "uv_size": [4, 9]},
								"west": {"uv": [108, 119], "uv_size": [19, 9]},
								"up": {"uv": [104, 100], "uv_size": [4, 19]},
								"down": {"uv": [108, 119], "uv_size": [4, -19]}
							}
						},
						{
							"origin": [-4, 2, -11],
							"size": [6, 11, 20],
							"pivot": [-4, 0, -2],
							"rotation": [0, 0, -22.5],
							"uv": {
								"north": {"uv": [115, 60], "uv_size": [-6, 11]},
								"east": {"uv": [135, 60], "uv_size": [-20, 11]},
								"south": {"uv": [141, 60], "uv_size": [-6, 11]},
								"west": {"uv": [109, 60], "uv_size": [-20, 11]},
								"up": {"uv": [115, 40], "uv_size": [-6, 20]},
								"down": {"uv": [121, 60], "uv_size": [-6, -20]}
							}
						},
						{
							"origin": [-5.97344, 6.81181, -11],
							"size": [4, 9, 19],
							"pivot": [-5.97344, 11.31181, -1.5],
							"rotation": [0, 0, -22.5],
							"uv": {
								"north": {"uv": [108, 119], "uv_size": [-4, 9]},
								"east": {"uv": [127, 119], "uv_size": [-19, 9]},
								"south": {"uv": [131, 119], "uv_size": [-4, 9]},
								"west": {"uv": [104, 119], "uv_size": [-19, 9]},
								"up": {"uv": [108, 100], "uv_size": [-4, 19]},
								"down": {"uv": [112, 119], "uv_size": [-4, -19]}
							}
						},
						{
							"origin": [-5, 11, -7.5],
							"size": [10, 10, 6],
							"pivot": [0, 17.5, -7.5],
							"rotation": [-22.5, 0, 0],
							"uv": {
								"north": {"uv": [128, 145], "uv_size": [10, 10]},
								"east": {"uv": [122, 145], "uv_size": [6, 10]},
								"south": {"uv": [144, 145], "uv_size": [10, 10]},
								"west": {"uv": [138, 145], "uv_size": [6, 10]},
								"up": {"uv": [128, 139], "uv_size": [10, 6]},
								"down": {"uv": [138, 145], "uv_size": [10, -6]}
							}
						},
						{
							"origin": [-6, 11, -6],
							"size": [12, 10, 8],
							"uv": {
								"north": {"uv": [131, 79], "uv_size": [12, 10]},
								"east": {"uv": [151, 79], "uv_size": [-8, 10]},
								"south": {"uv": [151, 79], "uv_size": [12, 10]},
								"west": {"uv": [143, 79], "uv_size": [8, 10]},
								"up": {"uv": [131, 71], "uv_size": [12, 8]},
								"down": {"uv": [143, 79], "uv_size": [12, -8]}
							}
						},
						{
							"origin": [-5, 11, 2],
							"size": [10, 10, 6],
							"uv": {
								"north": {"uv": [139, 28], "uv_size": [10, 10]},
								"east": {"uv": [155, 28], "uv_size": [-6, 10]},
								"south": {"uv": [155, 28], "uv_size": [10, 10]},
								"west": {"uv": [149, 28], "uv_size": [6, 10]},
								"up": {"uv": [139, 22], "uv_size": [10, 6]},
								"down": {"uv": [149, 28], "uv_size": [10, -6]}
							}
						},
						{
							"origin": [-8, 2, 2],
							"size": [16, 16, 13],
							"pivot": [0, 10, 8.5],
							"rotation": [22.5, 0, 0],
							"uv": {
								"north": {"uv": [56, 13], "uv_size": [16, 16]},
								"east": {"uv": [85, 13], "uv_size": [-13, 16]},
								"south": {"uv": [85, 13], "uv_size": [16, 16]},
								"west": {"uv": [72, 13], "uv_size": [13, 16]},
								"up": {"uv": [56, 0], "uv_size": [16, 13]},
								"down": {"uv": [72, 13], "uv_size": [16, -13]}
							}
						},
						{
							"origin": [-7, 6, 10],
							"size": [14, 13, 11],
							"uv": {
								"north": {"uv": [65, 102], "uv_size": [14, 13]},
								"east": {"uv": [90, 102], "uv_size": [-11, 13]},
								"south": {"uv": [90, 102], "uv_size": [14, 13]},
								"west": {"uv": [79, 102], "uv_size": [11, 13]},
								"up": {"uv": [65, 91], "uv_size": [14, 11]},
								"down": {"uv": [79, 102], "uv_size": [14, -11]}
							}
						},
						{
							"origin": [-4, 9, 9],
							"size": [8, 12, 7],
							"uv": {
								"north": {"uv": [99, 135], "uv_size": [8, 12]},
								"east": {"uv": [92, 135], "uv_size": [7, 12]},
								"south": {"uv": [114, 135], "uv_size": [8, 12]},
								"west": {"uv": [107, 135], "uv_size": [7, 12]},
								"up": {"uv": [99, 128], "uv_size": [8, 7]},
								"down": {"uv": [107, 135], "uv_size": [8, -7]}
							}
						},
						{
							"origin": [-8, 5, 15],
							"size": [16, 15, 7],
							"uv": {
								"north": {"uv": [7, 125], "uv_size": [16, 15]},
								"east": {"uv": [0, 125], "uv_size": [7, 15]},
								"south": {"uv": [30, 125], "uv_size": [16, 15]},
								"west": {"uv": [23, 125], "uv_size": [7, 15]},
								"up": {"uv": [7, 118], "uv_size": [16, 7]},
								"down": {"uv": [23, 125], "uv_size": [16, -7]}
							}
						},
						{
							"origin": [-7.4, 19.35658, 24.87469],
							"size": [15, 4, 10],
							"pivot": [0.6, -3.14342, 28.37469],
							"rotation": [22.5, 0, 0],
							"uv": {
								"north": {"uv": [131, 50], "uv_size": [14, 4]},
								"east": {"uv": [155, 50], "uv_size": [-10, 4]},
								"south": {"uv": [155, 50], "uv_size": [14, 4]},
								"west": {"uv": [145, 50], "uv_size": [10, 4]},
								"up": {"uv": [131, 40], "uv_size": [14, 10]},
								"down": {"uv": [131, 40], "uv_size": [14, 10]}
							}
						},
						{
							"origin": [-7.4, 4.47031, 15.69029],
							"size": [15, 4, 10],
							"pivot": [0.6, 6.97031, 19.19029],
							"rotation": [-22.5, 0, 0],
							"uv": {
								"north": {"uv": [131, 54], "uv_size": [14, -4]},
								"east": {"uv": [155, 54], "uv_size": [-10, -4]},
								"south": {"uv": [155, 54], "uv_size": [14, -4]},
								"west": {"uv": [145, 54], "uv_size": [10, -4]},
								"up": {"uv": [131, 50], "uv_size": [14, -10]},
								"down": {"uv": [131, 50], "uv_size": [14, -10]}
							}
						},
						{
							"origin": [5.94836, 6, 17.79505],
							"size": [4, 13, 10],
							"pivot": [1.94836, 12.5, 21.29505],
							"rotation": [0, 22.5, 0],
							"uv": {
								"north": {"uv": [10, 63], "uv_size": [4, 13]},
								"east": {"uv": [14, 63], "uv_size": [10, 13]},
								"south": {"uv": [24, 63], "uv_size": [4, 13]},
								"west": {"uv": [14, 63], "uv_size": [10, 13]},
								"up": {"uv": [10, 53], "uv_size": [4, 10]},
								"down": {"uv": [10, 63], "uv_size": [4, -10]}
							}
						},
						{
							"origin": [-9.94836, 6, 17.79505],
							"size": [4, 13, 10],
							"pivot": [-1.94836, 12.5, 21.29505],
							"rotation": [0, -22.5, 0],
							"uv": {
								"north": {"uv": [10, 10], "uv_size": [4, 13]},
								"east": {"uv": [24, 63], "uv_size": [-10, 13]},
								"south": {"uv": [28, 63], "uv_size": [-4, 13]},
								"west": {"uv": [24, 63], "uv_size": [-10, 13]},
								"up": {"uv": [14, 53], "uv_size": [-4, 10]},
								"down": {"uv": [14, 63], "uv_size": [-4, -10]}
							}
						},
						{
							"origin": [-9, 4, 19],
							"size": [18, 17, 5],
							"uv": {
								"north": {"uv": [118, 5], "uv_size": [18, 17]},
								"east": {"uv": [113, 5], "uv_size": [5, 17]},
								"south": {"uv": [141, 5], "uv_size": [18, 17]},
								"west": {"uv": [136, 5], "uv_size": [5, 17]},
								"up": {"uv": [118, 0], "uv_size": [18, 5]},
								"down": {"uv": [136, 5], "uv_size": [18, -5]}
							}
						},
						{
							"origin": [-12, 3.03553, 10.32843],
							"size": [7, 1, 4],
							"pivot": [-8.5, 3.53553, 14.82843],
							"rotation": [-45, 0, 0],
							"uv": {
								"north": {"uv": [127, 118], "uv_size": [7, 1]},
								"east": {"uv": [123, 118], "uv_size": [4, 1]},
								"south": {"uv": [116, 118], "uv_size": [7, 1]},
								"west": {"uv": [112, 118], "uv_size": [4, 1]},
								"up": {"uv": [123, 118], "uv_size": [-7, -4]},
								"down": {"uv": [123, 114], "uv_size": [-7, 4]}
							}
						},
						{
							"origin": [-12, 2.32843, 10.62132],
							"size": [7, 1, 5],
							"pivot": [-8.5, 2.82843, 14.12132],
							"rotation": [45, 0, 0],
							"uv": {
								"north": {"uv": [97, 58], "uv_size": [7, 1]},
								"east": {"uv": [92, 58], "uv_size": [5, 1]},
								"south": {"uv": [85, 58], "uv_size": [7, 1]},
								"west": {"uv": [80, 58], "uv_size": [5, 1]},
								"up": {"uv": [99, 58], "uv_size": [-7, -5]},
								"down": {"uv": [99, 53], "uv_size": [-7, 5]}
							}
						},
						{
							"origin": [-12, 0, -17],
							"size": [7, 1, 29],
							"uv": {
								"north": {"uv": [79, 90], "uv_size": [-7, 1]},
								"east": {"uv": [108, 90], "uv_size": [-29, 1]},
								"south": {"uv": [115, 90], "uv_size": [-7, 1]},
								"west": {"uv": [72, 90], "uv_size": [-29, 1]},
								"up": {"uv": [36, 89], "uv_size": [-7, -29]},
								"down": {"uv": [29, 60], "uv_size": [7, 29]}
							}
						},
						{
							"origin": [-6, 0, -19],
							"size": [0, 6, 33],
							"uv": {
								"north": {"uv": [33, 39], "uv_size": [0, 6]},
								"east": {"uv": [66, 39], "uv_size": [-33, 6]},
								"south": {"uv": [66, 39], "uv_size": [0, 6]},
								"west": {"uv": [33, 39], "uv_size": [33, 6]},
								"up": {"uv": [33, 6], "uv_size": [0, 33]},
								"down": {"uv": [33, 39], "uv_size": [0, -33]}
							}
						},
						{
							"origin": [-10, 0, -19],
							"size": [0, 6, 33],
							"uv": {
								"north": {"uv": [33, 39], "uv_size": [0, 6]},
								"east": {"uv": [66, 39], "uv_size": [-33, 6]},
								"south": {"uv": [66, 39], "uv_size": [0, 6]},
								"west": {"uv": [33, 39], "uv_size": [33, 6]},
								"up": {"uv": [33, 6], "uv_size": [0, 33]},
								"down": {"uv": [33, 39], "uv_size": [0, -33]}
							}
						},
						{
							"origin": [-12, 2.32843, -20.62132],
							"size": [7, 1, 5],
							"pivot": [-8.5, 2.82843, -19.12132],
							"rotation": [-45, 0, 0],
							"uv": {
								"north": {"uv": [92, 58], "uv_size": [-7, 1]},
								"east": {"uv": [97, 58], "uv_size": [-5, 1]},
								"south": {"uv": [104, 58], "uv_size": [-7, 1]},
								"west": {"uv": [85, 58], "uv_size": [-5, 1]},
								"up": {"uv": [99, 53], "uv_size": [-7, 5]},
								"down": {"uv": [99, 58], "uv_size": [-7, -5]}
							}
						},
						{
							"origin": [-12, 3.03553, -19.32843],
							"size": [7, 1, 4],
							"pivot": [-8.5, 3.53553, -19.82843],
							"rotation": [45, 0, 0],
							"uv": {
								"north": {"uv": [123, 118], "uv_size": [-7, 1]},
								"east": {"uv": [127, 118], "uv_size": [-4, 1]},
								"south": {"uv": [134, 118], "uv_size": [-7, 1]},
								"west": {"uv": [116, 118], "uv_size": [-4, 1]},
								"up": {"uv": [123, 114], "uv_size": [-7, 4]},
								"down": {"uv": [123, 118], "uv_size": [-7, -4]}
							}
						},
						{
							"origin": [-12, 6, -17],
							"size": [7, 1, 29],
							"uv": {
								"north": {"uv": [36, 89], "uv_size": [-7, 1]},
								"east": {"uv": [65, 89], "uv_size": [-29, 1]},
								"south": {"uv": [72, 89], "uv_size": [-7, 1]},
								"west": {"uv": [29, 89], "uv_size": [-29, 1]},
								"up": {"uv": [36, 60], "uv_size": [-7, 29]},
								"down": {"uv": [43, 89], "uv_size": [-7, -29]}
							}
						},
						{
							"origin": [5, 2.32843, 10.62132],
							"size": [7, 1, 5],
							"pivot": [8.5, 2.82843, 14.12132],
							"rotation": [45, 0, 0],
							"uv": {
								"north": {"uv": [104, 58], "uv_size": [-7, 1]},
								"east": {"uv": [85, 58], "uv_size": [-5, 1]},
								"south": {"uv": [92, 58], "uv_size": [-7, 1]},
								"west": {"uv": [97, 58], "uv_size": [-5, 1]},
								"up": {"uv": [92, 58], "uv_size": [7, -5]},
								"down": {"uv": [92, 53], "uv_size": [7, 5]}
							}
						},
						{
							"origin": [5, 3.03553, 10.32843],
							"size": [7, 1, 4],
							"pivot": [8.5, 3.53553, 14.82843],
							"rotation": [-45, 0, 0],
							"uv": {
								"north": {"uv": [134, 118], "uv_size": [-7, 1]},
								"east": {"uv": [116, 118], "uv_size": [-4, 1]},
								"south": {"uv": [123, 118], "uv_size": [-7, 1]},
								"west": {"uv": [127, 118], "uv_size": [-4, 1]},
								"up": {"uv": [116, 118], "uv_size": [7, -4]},
								"down": {"uv": [116, 114], "uv_size": [7, 4]}
							}
						},
						{
							"origin": [5, 2.32843, -20.62132],
							"size": [7, 1, 5],
							"pivot": [8.5, 2.82843, -19.12132],
							"rotation": [-45, 0, 0],
							"uv": {
								"north": {"uv": [85, 58], "uv_size": [7, 1]},
								"east": {"uv": [80, 58], "uv_size": [5, 1]},
								"south": {"uv": [97, 58], "uv_size": [7, 1]},
								"west": {"uv": [92, 58], "uv_size": [5, 1]},
								"up": {"uv": [92, 53], "uv_size": [7, 5]},
								"down": {"uv": [92, 58], "uv_size": [7, -5]}
							}
						},
						{
							"origin": [6, 0, -19],
							"size": [0, 6, 33],
							"uv": {
								"north": {"uv": [33, 39], "uv_size": [0, 6]},
								"east": {"uv": [66, 39], "uv_size": [-33, 6]},
								"south": {"uv": [66, 39], "uv_size": [0, 6]},
								"west": {"uv": [33, 39], "uv_size": [33, 6]},
								"up": {"uv": [33, 6], "uv_size": [0, 33]},
								"down": {"uv": [33, 39], "uv_size": [0, -33]}
							}
						},
						{
							"origin": [10, 0, -19],
							"size": [0, 6, 33],
							"uv": {
								"north": {"uv": [33, 39], "uv_size": [0, 6]},
								"east": {"uv": [66, 39], "uv_size": [-33, 6]},
								"south": {"uv": [66, 39], "uv_size": [0, 6]},
								"west": {"uv": [33, 39], "uv_size": [33, 6]},
								"up": {"uv": [33, 6], "uv_size": [0, 33]},
								"down": {"uv": [33, 39], "uv_size": [0, -33]}
							}
						},
						{
							"origin": [5, 0, -17],
							"size": [7, 1, 29],
							"uv": {
								"north": {"uv": [72, 90], "uv_size": [7, 1]},
								"east": {"uv": [43, 90], "uv_size": [29, 1]},
								"south": {"uv": [108, 90], "uv_size": [7, 1]},
								"west": {"uv": [79, 90], "uv_size": [29, 1]},
								"up": {"uv": [29, 89], "uv_size": [7, -29]},
								"down": {"uv": [36, 60], "uv_size": [-7, 29]}
							}
						},
						{
							"origin": [5, 3.03553, -19.32843],
							"size": [7, 1, 4],
							"pivot": [8.5, 3.53553, -19.82843],
							"rotation": [45, 0, 0],
							"uv": {
								"north": {"uv": [116, 118], "uv_size": [7, 1]},
								"east": {"uv": [112, 118], "uv_size": [4, 1]},
								"south": {"uv": [127, 118], "uv_size": [7, 1]},
								"west": {"uv": [123, 118], "uv_size": [4, 1]},
								"up": {"uv": [116, 114], "uv_size": [7, 4]},
								"down": {"uv": [116, 118], "uv_size": [7, -4]}
							}
						},
						{
							"origin": [5, 6, -17],
							"size": [7, 1, 29],
							"uv": {
								"north": {"uv": [29, 89], "uv_size": [7, 1]},
								"east": {"uv": [0, 89], "uv_size": [29, 1]},
								"south": {"uv": [65, 89], "uv_size": [7, 1]},
								"west": {"uv": [36, 89], "uv_size": [29, 1]},
								"up": {"uv": [29, 60], "uv_size": [7, 29]},
								"down": {"uv": [29, 60], "uv_size": [7, 29]}
							}
						},
						{
							"origin": [-10, 7, -3],
							"size": [3, 3, 10],
							"uv": {
								"north": {"uv": [66, 82], "uv_size": [3, 3]},
								"east": {"uv": [56, 82], "uv_size": [10, 3]},
								"south": {"uv": [53, 82], "uv_size": [3, 3]},
								"west": {"uv": [43, 82], "uv_size": [10, 3]},
								"up": {"uv": [56, 82], "uv_size": [-3, -10]},
								"down": {"uv": [59, 72], "uv_size": [-3, 10]}
							}
						},
						{
							"origin": [-10, 7, -9],
							"size": [3, 3, 10],
							"uv": {
								"north": {"uv": [56, 82], "uv_size": [-3, 3]},
								"east": {"uv": [66, 82], "uv_size": [-10, 3]},
								"south": {"uv": [69, 82], "uv_size": [-3, 3]},
								"west": {"uv": [53, 82], "uv_size": [-10, 3]},
								"up": {"uv": [56, 72], "uv_size": [-3, 10]},
								"down": {"uv": [59, 82], "uv_size": [-3, -10]}
							}
						},
						{
							"origin": [-11, 7, -6],
							"size": [5, 4, 10],
							"uv": {
								"north": {"uv": [15, 150], "uv_size": [-5, 4]},
								"east": {"uv": [25, 150], "uv_size": [-10, 4]},
								"south": {"uv": [30, 150], "uv_size": [-5, 4]},
								"west": {"uv": [10, 150], "uv_size": [-10, 4]},
								"up": {"uv": [15, 140], "uv_size": [-5, 10]},
								"down": {"uv": [20, 150], "uv_size": [-5, -10]}
							}
						},
						{
							"origin": [6, 7, -6],
							"size": [5, 4, 10],
							"uv": {
								"north": {"uv": [10, 150], "uv_size": [5, 4]},
								"east": {"uv": [0, 150], "uv_size": [10, 4]},
								"south": {"uv": [25, 150], "uv_size": [5, 4]},
								"west": {"uv": [15, 150], "uv_size": [10, 4]},
								"up": {"uv": [10, 140], "uv_size": [5, 10]},
								"down": {"uv": [15, 150], "uv_size": [5, -10]}
							}
						},
						{
							"origin": [7, 7, -3],
							"size": [3, 3, 10],
							"uv": {
								"north": {"uv": [69, 82], "uv_size": [-3, 3]},
								"east": {"uv": [53, 82], "uv_size": [-10, 3]},
								"south": {"uv": [56, 82], "uv_size": [-3, 3]},
								"west": {"uv": [66, 82], "uv_size": [-10, 3]},
								"up": {"uv": [53, 82], "uv_size": [3, -10]},
								"down": {"uv": [56, 72], "uv_size": [3, 10]}
							}
						},
						{
							"origin": [7, 7, -9],
							"size": [3, 3, 10],
							"uv": {
								"north": {"uv": [53, 82], "uv_size": [3, 3]},
								"east": {"uv": [43, 82], "uv_size": [10, 3]},
								"south": {"uv": [66, 82], "uv_size": [3, 3]},
								"west": {"uv": [56, 82], "uv_size": [10, 3]},
								"up": {"uv": [53, 72], "uv_size": [3, 10]},
								"down": {"uv": [56, 82], "uv_size": [3, -10]}
							}
						},
						{
							"origin": [-2, 6, -28],
							"size": [4, 4, 2],
							"uv": {
								"north": {"uv": [54, 47], "uv_size": [4, 4]},
								"east": {"uv": [60, 47], "uv_size": [-2, 4]},
								"south": {"uv": [60, 47], "uv_size": [4, 4]},
								"west": {"uv": [58, 47], "uv_size": [2, 4]},
								"up": {"uv": [54, 45], "uv_size": [4, 2]},
								"down": {"uv": [54, 47], "uv_size": [4, -2]}
							}
						},
						{
							"origin": [-5, 4, -23],
							"size": [10, 8, 4],
							"uv": {
								"north": {"uv": [47, 64], "uv_size": [10, 8]},
								"east": {"uv": [61, 64], "uv_size": [-4, 8]},
								"south": {"uv": [61, 64], "uv_size": [10, 8]},
								"west": {"uv": [57, 64], "uv_size": [4, 8]},
								"up": {"uv": [47, 60], "uv_size": [10, 4]},
								"down": {"uv": [47, 64], "uv_size": [10, -4]}
							}
						},
						{
							"origin": [-3, 5, -26],
							"size": [6, 6, 3],
							"uv": {
								"north": {"uv": [3, 93], "uv_size": [6, 6]},
								"east": {"uv": [12, 93], "uv_size": [-3, 6]},
								"south": {"uv": [12, 93], "uv_size": [6, 6]},
								"west": {"uv": [9, 93], "uv_size": [3, 6]},
								"up": {"uv": [3, 90], "uv_size": [6, 3]},
								"down": {"uv": [3, 93], "uv_size": [6, -3]}
							}
						},
						{
							"origin": [-6, 3, -20],
							"size": [12, 10, 3],
							"uv": {
								"north": {"uv": [63, 143], "uv_size": [12, 10]},
								"east": {"uv": [78, 143], "uv_size": [-3, 10]},
								"south": {"uv": [78, 143], "uv_size": [12, 10]},
								"west": {"uv": [75, 143], "uv_size": [3, 10]},
								"up": {"uv": [63, 140], "uv_size": [12, 3]},
								"down": {"uv": [63, 143], "uv_size": [12, -3]}
							}
						},
						{
							"origin": [-4, 5, -16],
							"size": [8, 11, 9],
							"uv": {
								"north": {"uv": [131, 128], "uv_size": [8, 11]},
								"east": {"uv": [122, 128], "uv_size": [9, 11]},
								"south": {"uv": [148, 128], "uv_size": [8, 11]},
								"west": {"uv": [139, 128], "uv_size": [9, 11]},
								"up": {"uv": [131, 119], "uv_size": [8, 9]},
								"down": {"uv": [139, 128], "uv_size": [8, -9]}
							}
						},
						{
							"origin": [-7, 2, -17],
							"size": [14, 12, 9],
							"uv": {
								"north": {"uv": [55, 128], "uv_size": [14, 12]},
								"east": {"uv": [78, 128], "uv_size": [-9, 12]},
								"south": {"uv": [78, 128], "uv_size": [14, 12]},
								"west": {"uv": [69, 128], "uv_size": [9, 12]},
								"up": {"uv": [55, 119], "uv_size": [14, 9]},
								"down": {"uv": [69, 128], "uv_size": [14, -9]}
							}
						},
						{
							"origin": [-3, 21, -3],
							"size": [6, 5, 6],
							"uv": {
								"north": {"uv": [41, 97], "uv_size": [6, 5]},
								"east": {"uv": [53, 97], "uv_size": [-6, 5]},
								"south": {"uv": [53, 97], "uv_size": [6, 5]},
								"west": {"uv": [47, 97], "uv_size": [6, 5]},
								"up": {"uv": [41, 91], "uv_size": [6, 6]},
								"down": {"uv": [47, 97], "uv_size": [6, -6]}
							}
						},
						{
							"origin": [-1, 22.5, -9],
							"size": [2, 2, 4],
							"uv": {
								"north": {"uv": [47, 4], "uv_size": [2, 2]},
								"east": {"uv": [43, 4], "uv_size": [4, 2]},
								"south": {"uv": [53, 4], "uv_size": [2, 2]},
								"west": {"uv": [49, 4], "uv_size": [4, 2]},
								"up": {"uv": [47, 0], "uv_size": [2, 4]},
								"down": {"uv": [49, 4], "uv_size": [2, -4]}
							}
						},
						{
							"origin": [-1.5, 22, -5],
							"size": [3, 3, 3],
							"uv": {
								"north": {"uv": [46, 9], "uv_size": [3, 3]},
								"east": {"uv": [43, 9], "uv_size": [3, 3]},
								"south": {"uv": [52, 9], "uv_size": [3, 3]},
								"west": {"uv": [49, 9], "uv_size": [3, 3]},
								"up": {"uv": [46, 6], "uv_size": [3, 3]},
								"down": {"uv": [49, 9], "uv_size": [3, -3]}
							}
						}
					]
				}
			]
		}
	]
}