{
	"credit": "Made with Blockbench",
	"texture_size": [64, 64],
	"textures": {
		"2": "item/halloween/pumpkin_chest"
	},
	"elements": [
		{
			"from": [5.5, 8.55528, 12.6282],
			"to": [10.5, 9.55528, 13.6282],
			"rotation": {"angle": 22.5, "axis": "x", "origin": [8, 11.58561, 8.28721]},
			"faces": {
				"north": {"uv": [6, 1.75, 7.25, 2], "texture": "#2"},
				"east": {"uv": [9.25, 1.5, 9.5, 1.75], "texture": "#2"},
				"south": {"uv": [6, 2, 7.25, 2.25], "texture": "#2"},
				"west": {"uv": [1.75, 9.25, 2, 9.5], "texture": "#2"},
				"up": {"uv": [4.25, 6.25, 3, 6], "texture": "#2"},
				"down": {"uv": [7.25, 3.5, 6, 3.75], "texture": "#2"}
			}
		},
		{
			"from": [3.5, 8.55528, 6.6282],
			"to": [4.5, 9.55528, 11.6282],
			"rotation": {"angle": 22.5, "axis": "x", "origin": [8, 11.58561, 8.28721]},
			"faces": {
				"north": {"uv": [9.25, 1.25, 9.5, 1.5], "texture": "#2"},
				"east": {"uv": [6, 0, 7.25, 0.25], "texture": "#2"},
				"south": {"uv": [1.5, 9.25, 1.75, 9.5], "texture": "#2"},
				"west": {"uv": [6, 0.25, 7.25, 0.5], "texture": "#2"},
				"up": {"uv": [2.5, 7, 2.25, 5.75], "texture": "#2"},
				"down": {"uv": [6.25, 0.5, 6, 1.75], "texture": "#2"}
			}
		},
		{
			"from": [4.5, 8.55528, 5.6282],
			"to": [5.5, 9.55528, 6.6282],
			"rotation": {"angle": 22.5, "axis": "x", "origin": [8, 11.58561, 8.28721]},
			"faces": {
				"north": {"uv": [9.25, 5.75, 9.5, 6], "texture": "#2"},
				"east": {"uv": [6, 9.25, 6.25, 9.5], "texture": "#2"},
				"south": {"uv": [9.25, 6, 9.5, 6.25], "texture": "#2"},
				"west": {"uv": [6.25, 9.25, 6.5, 9.5], "texture": "#2"},
				"up": {"uv": [9.5, 6.5, 9.25, 6.25], "texture": "#2"},
				"down": {"uv": [6.75, 9.25, 6.5, 9.5], "texture": "#2"}
			}
		},
		{
			"from": [5.5, 8.55528, 4.6282],
			"to": [10.5, 9.55528, 5.6282],
			"rotation": {"angle": 22.5, "axis": "x", "origin": [8, 11.58561, 8.28721]},
			"faces": {
				"north": {"uv": [5, 5.75, 6.25, 6], "texture": "#2"},
				"east": {"uv": [9.25, 1, 9.5, 1.25], "texture": "#2"},
				"south": {"uv": [5.75, 5, 7, 5.25], "texture": "#2"},
				"west": {"uv": [1.25, 9.25, 1.5, 9.5], "texture": "#2"},
				"up": {"uv": [7, 5.5, 5.75, 5.25], "texture": "#2"},
				"down": {"uv": [1.25, 6, 0, 6.25], "texture": "#2"}
			}
		},
		{
			"from": [11.5, 8.55528, 6.6282],
			"to": [12.5, 9.55528, 11.6282],
			"rotation": {"angle": 22.5, "axis": "x", "origin": [8, 11.58561, 8.28721]},
			"faces": {
				"north": {"uv": [9.25, 1.75, 9.5, 2], "texture": "#2"},
				"east": {"uv": [5, 6, 6.25, 6.25], "texture": "#2"},
				"south": {"uv": [2, 9.25, 2.25, 9.5], "texture": "#2"},
				"west": {"uv": [0, 6.25, 1.25, 6.5], "texture": "#2"},
				"up": {"uv": [4.5, 7.25, 4.25, 6], "texture": "#2"},
				"down": {"uv": [6.5, 0.5, 6.25, 1.75], "texture": "#2"}
			}
		},
		{
			"from": [10.5, 8.55528, 11.6282],
			"to": [11.5, 9.55528, 12.6282],
			"rotation": {"angle": 22.5, "axis": "x", "origin": [8, 11.58561, 8.28721]},
			"faces": {
				"north": {"uv": [9.25, 7.25, 9.5, 7.5], "texture": "#2"},
				"east": {"uv": [7.5, 9.25, 7.75, 9.5], "texture": "#2"},
				"south": {"uv": [9.25, 7.5, 9.5, 7.75], "texture": "#2"},
				"west": {"uv": [7.75, 9.25, 8, 9.5], "texture": "#2"},
				"up": {"uv": [9.5, 8, 9.25, 7.75], "texture": "#2"},
				"down": {"uv": [8.25, 9.25, 8, 9.5], "texture": "#2"}
			}
		},
		{
			"from": [10.5, 8.55528, 5.6282],
			"to": [11.5, 9.55528, 6.6282],
			"rotation": {"angle": 22.5, "axis": "x", "origin": [8, 11.58561, 8.28721]},
			"faces": {
				"north": {"uv": [9.25, 5, 9.5, 5.25], "texture": "#2"},
				"east": {"uv": [5.25, 9.25, 5.5, 9.5], "texture": "#2"},
				"south": {"uv": [9.25, 5.25, 9.5, 5.5], "texture": "#2"},
				"west": {"uv": [5.5, 9.25, 5.75, 9.5], "texture": "#2"},
				"up": {"uv": [9.5, 5.75, 9.25, 5.5], "texture": "#2"},
				"down": {"uv": [6, 9.25, 5.75, 9.5], "texture": "#2"}
			}
		},
		{
			"from": [6.5, 11.55528, 7.6282],
			"to": [7.5, 12.55528, 8.6282],
			"rotation": {"angle": 22.5, "axis": "x", "origin": [8, 11.58561, 8.28721]},
			"faces": {
				"north": {"uv": [0.75, 8.25, 1, 8.5], "texture": "#2"},
				"east": {"uv": [8.25, 0.75, 8.5, 1], "texture": "#2"},
				"south": {"uv": [1, 8.25, 1.25, 8.5], "texture": "#2"},
				"west": {"uv": [8.25, 1.5, 8.5, 1.75], "texture": "#2"},
				"up": {"uv": [2, 8.5, 1.75, 8.25], "texture": "#2"},
				"down": {"uv": [2.25, 8.25, 2, 8.5], "texture": "#2"}
			}
		},
		{
			"from": [9.5, 15.55528, 7.6282],
			"to": [10.5, 16.55528, 8.6282],
			"rotation": {"angle": 22.5, "axis": "x", "origin": [8, 11.58561, 8.28721]},
			"faces": {
				"north": {"uv": [8, 8, 8.25, 8.25], "texture": "#2"},
				"east": {"uv": [0, 8.25, 0.25, 8.5], "texture": "#2"},
				"south": {"uv": [8.25, 0, 8.5, 0.25], "texture": "#2"},
				"west": {"uv": [0.25, 8.25, 0.5, 8.5], "texture": "#2"},
				"up": {"uv": [8.5, 0.5, 8.25, 0.25], "texture": "#2"},
				"down": {"uv": [8.5, 0.5, 8.25, 0.75], "texture": "#2"}
			}
		},
		{
			"from": [7.5, 14.55528, 8.6282],
			"to": [9.5, 15.55528, 9.6282],
			"rotation": {"angle": 22.5, "axis": "x", "origin": [8, 11.58561, 8.28721]},
			"faces": {
				"north": {"uv": [8, 5.75, 8.5, 6], "texture": "#2"},
				"east": {"uv": [9.25, 8.25, 9.5, 8.5], "texture": "#2"},
				"south": {"uv": [6, 8, 6.5, 8.25], "texture": "#2"},
				"west": {"uv": [8.5, 9.25, 8.75, 9.5], "texture": "#2"},
				"up": {"uv": [8.5, 6.5, 8, 6.25], "texture": "#2"},
				"down": {"uv": [7, 8, 6.5, 8.25], "texture": "#2"}
			}
		},
		{
			"from": [8.5, 14.55528, 7.6282],
			"to": [9.5, 16.55528, 8.6282],
			"rotation": {"angle": 22.5, "axis": "x", "origin": [8, 11.58561, 8.28721]},
			"faces": {
				"north": {"uv": [8, 6.5, 8.25, 7], "texture": "#2"},
				"east": {"uv": [8, 6.5, 8.25, 7], "texture": "#2"},
				"south": {"uv": [7.5, 8, 7.75, 8.5], "texture": "#2"},
				"west": {"uv": [7.75, 8, 8, 8.5], "texture": "#2"},
				"up": {"uv": [9.5, 8.75, 9.25, 8.5], "texture": "#2"},
				"down": {"uv": [8.75, 9.25, 8.5, 9.5], "texture": "#2"}
			}
		},
		{
			"from": [6.5, 10.55528, 7.6282],
			"to": [9.5, 11.55528, 10.6282],
			"rotation": {"angle": 22.5, "axis": "x", "origin": [8, 11.58561, 8.28721]},
			"faces": {
				"north": {"uv": [6.25, 2.25, 7, 2.5], "texture": "#2"},
				"east": {"uv": [2.5, 6.25, 3.25, 6.5], "texture": "#2"},
				"south": {"uv": [6.25, 2.5, 7, 2.75], "texture": "#2"},
				"west": {"uv": [6.25, 2.75, 7, 3], "texture": "#2"},
				"up": {"uv": [2, 4.5, 1.25, 3.75], "texture": "#2"},
				"down": {"uv": [2.75, 3.75, 2, 4.5], "texture": "#2"}
			}
		},
		{
			"from": [8.5, 11.55528, 8.6282],
			"to": [9.5, 13.55528, 9.6282],
			"rotation": {"angle": 22.5, "axis": "x", "origin": [8, 11.58561, 8.28721]},
			"faces": {
				"north": {"uv": [7, 3, 7.25, 3.5], "texture": "#2"},
				"east": {"uv": [6.5, 7.25, 6.75, 7.75], "texture": "#2"},
				"south": {"uv": [7.25, 6.75, 7.5, 7.25], "texture": "#2"},
				"west": {"uv": [7.25, 7.25, 7.5, 7.75], "texture": "#2"},
				"up": {"uv": [2.5, 8.5, 2.25, 8.25], "texture": "#2"},
				"down": {"uv": [8.5, 2.25, 8.25, 2.5], "texture": "#2"}
			}
		},
		{
			"from": [9.5, 10.55528, 7.6282],
			"to": [10.5, 11.55528, 10.6282],
			"rotation": {"angle": 22.5, "axis": "x", "origin": [8, 11.58561, 8.28721]},
			"faces": {
				"north": {"uv": [2.5, 8.25, 2.75, 8.5], "texture": "#2"},
				"east": {"uv": [6.25, 3, 7, 3.25], "texture": "#2"},
				"south": {"uv": [2.75, 8.25, 3, 8.5], "texture": "#2"},
				"west": {"uv": [3.25, 6.25, 4, 6.5], "texture": "#2"},
				"up": {"uv": [6.5, 4.5, 6.25, 3.75], "texture": "#2"},
				"down": {"uv": [4.25, 6.25, 4, 7], "texture": "#2"}
			}
		},
		{
			"from": [10.5, 10.55528, 8.6282],
			"to": [11.5, 11.55528, 9.6282],
			"rotation": {"angle": 22.5, "axis": "x", "origin": [8, 11.58561, 8.28721]},
			"faces": {
				"north": {"uv": [3, 8.25, 3.25, 8.5], "texture": "#2"},
				"east": {"uv": [3.25, 8.25, 3.5, 8.5], "texture": "#2"},
				"south": {"uv": [3.5, 8.25, 3.75, 8.5], "texture": "#2"},
				"west": {"uv": [8.25, 3.5, 8.5, 3.75], "texture": "#2"},
				"up": {"uv": [4, 8.5, 3.75, 8.25], "texture": "#2"},
				"down": {"uv": [8.5, 3.75, 8.25, 4], "texture": "#2"}
			}
		},
		{
			"from": [11.5, 9.55528, 7.6282],
			"to": [12.5, 10.55528, 8.6282],
			"rotation": {"angle": 22.5, "axis": "x", "origin": [8, 11.58561, 8.28721]},
			"faces": {
				"north": {"uv": [4, 8.25, 4.25, 8.5], "texture": "#2"},
				"east": {"uv": [8.25, 4, 8.5, 4.25], "texture": "#2"},
				"south": {"uv": [4.25, 8.25, 4.5, 8.5], "texture": "#2"},
				"west": {"uv": [8.25, 4.25, 8.5, 4.5], "texture": "#2"},
				"up": {"uv": [4.75, 8.5, 4.5, 8.25], "texture": "#2"},
				"down": {"uv": [8.5, 4.5, 8.25, 4.75], "texture": "#2"}
			}
		},
		{
			"from": [6.5, 9.55528, 4.6282],
			"to": [7.5, 10.55528, 5.6282],
			"rotation": {"angle": 22.5, "axis": "x", "origin": [8, 11.58561, 8.28721]},
			"faces": {
				"north": {"uv": [8.25, 4.75, 8.5, 5], "texture": "#2"},
				"east": {"uv": [5, 8.25, 5.25, 8.5], "texture": "#2"},
				"south": {"uv": [5.25, 8.25, 5.5, 8.5], "texture": "#2"},
				"west": {"uv": [8.25, 5.25, 8.5, 5.5], "texture": "#2"},
				"up": {"uv": [8.5, 5.75, 8.25, 5.5], "texture": "#2"},
				"down": {"uv": [6, 8.25, 5.75, 8.5], "texture": "#2"}
			}
		},
		{
			"from": [7.5, 10.55528, 5.6282],
			"to": [8.5, 11.55528, 6.6282],
			"rotation": {"angle": 22.5, "axis": "x", "origin": [8, 11.58561, 8.28721]},
			"faces": {
				"north": {"uv": [6, 8.25, 6.25, 8.5], "texture": "#2"},
				"east": {"uv": [8.25, 6, 8.5, 6.25], "texture": "#2"},
				"south": {"uv": [6.25, 8.25, 6.5, 8.5], "texture": "#2"},
				"west": {"uv": [6.5, 8.25, 6.75, 8.5], "texture": "#2"},
				"up": {"uv": [8.5, 6.75, 8.25, 6.5], "texture": "#2"},
				"down": {"uv": [7, 8.25, 6.75, 8.5], "texture": "#2"}
			}
		},
		{
			"from": [6.5, 10.55528, 6.6282],
			"to": [8.5, 11.55528, 7.6282],
			"rotation": {"angle": 22.5, "axis": "x", "origin": [8, 11.58561, 8.28721]},
			"faces": {
				"north": {"uv": [7.25, 6, 7.75, 6.25], "texture": "#2"},
				"east": {"uv": [8.25, 6.75, 8.5, 7], "texture": "#2"},
				"south": {"uv": [0, 7.5, 0.5, 7.75], "texture": "#2"},
				"west": {"uv": [7, 8.25, 7.25, 8.5], "texture": "#2"},
				"up": {"uv": [8, 0.25, 7.5, 0], "texture": "#2"},
				"down": {"uv": [8, 0.25, 7.5, 0.5], "texture": "#2"}
			}
		},
		{
			"from": [7.5, 11.55528, 7.6282],
			"to": [8.5, 13.55528, 8.6282],
			"rotation": {"angle": 22.5, "axis": "x", "origin": [8, 11.58561, 8.28721]},
			"faces": {
				"north": {"uv": [0.5, 7.5, 0.75, 8], "texture": "#2"},
				"east": {"uv": [7.5, 0.5, 7.75, 1], "texture": "#2"},
				"south": {"uv": [7.5, 1, 7.75, 1.5], "texture": "#2"},
				"west": {"uv": [7.5, 1.5, 7.75, 2], "texture": "#2"},
				"up": {"uv": [8.5, 7.25, 8.25, 7], "texture": "#2"},
				"down": {"uv": [7.5, 8.25, 7.25, 8.5], "texture": "#2"}
			}
		},
		{
			"from": [8.5, 11.55528, 7.6282],
			"to": [9.5, 12.55528, 8.6282],
			"rotation": {"angle": 22.5, "axis": "x", "origin": [8, 11.58561, 8.28721]},
			"faces": {
				"north": {"uv": [8.25, 7.25, 8.5, 7.5], "texture": "#2"},
				"east": {"uv": [8.25, 7.5, 8.5, 7.75], "texture": "#2"},
				"south": {"uv": [8.25, 7.75, 8.5, 8], "texture": "#2"},
				"west": {"uv": [8, 8.25, 8.25, 8.5], "texture": "#2"},
				"up": {"uv": [8.5, 8.25, 8.25, 8], "texture": "#2"},
				"down": {"uv": [8.5, 8.25, 8.25, 8.5], "texture": "#2"}
			}
		},
		{
			"from": [5.5, 10.55528, 7.6282],
			"to": [6.5, 11.55528, 10.6282],
			"rotation": {"angle": 22.5, "axis": "x", "origin": [8, 11.58561, 8.28721]},
			"faces": {
				"north": {"uv": [0, 8.5, 0.25, 8.75], "texture": "#2"},
				"east": {"uv": [6.25, 3.25, 7, 3.5], "texture": "#2"},
				"south": {"uv": [8.5, 0, 8.75, 0.25], "texture": "#2"},
				"west": {"uv": [5, 6.25, 5.75, 6.5], "texture": "#2"},
				"up": {"uv": [6.5, 6.25, 6.25, 5.5], "texture": "#2"},
				"down": {"uv": [6, 6.25, 5.75, 7], "texture": "#2"}
			}
		},
		{
			"from": [4.5, 10.55528, 8.6282],
			"to": [5.5, 11.55528, 9.6282],
			"rotation": {"angle": 22.5, "axis": "x", "origin": [8, 11.58561, 8.28721]},
			"faces": {
				"north": {"uv": [0.25, 8.5, 0.5, 8.75], "texture": "#2"},
				"east": {"uv": [8.5, 0.25, 8.75, 0.5], "texture": "#2"},
				"south": {"uv": [0.5, 8.5, 0.75, 8.75], "texture": "#2"},
				"west": {"uv": [8.5, 0.5, 8.75, 0.75], "texture": "#2"},
				"up": {"uv": [1, 8.75, 0.75, 8.5], "texture": "#2"},
				"down": {"uv": [8.75, 0.75, 8.5, 1], "texture": "#2"}
			}
		},
		{
			"from": [3.5, 9.55528, 9.6282],
			"to": [4.5, 10.55528, 10.6282],
			"rotation": {"angle": 22.5, "axis": "x", "origin": [8, 11.58561, 8.28721]},
			"faces": {
				"north": {"uv": [1, 8.5, 1.25, 8.75], "texture": "#2"},
				"east": {"uv": [8.5, 1, 8.75, 1.25], "texture": "#2"},
				"south": {"uv": [1.25, 8.5, 1.5, 8.75], "texture": "#2"},
				"west": {"uv": [8.5, 1.25, 8.75, 1.5], "texture": "#2"},
				"up": {"uv": [1.75, 8.75, 1.5, 8.5], "texture": "#2"},
				"down": {"uv": [8.75, 1.5, 8.5, 1.75], "texture": "#2"}
			}
		},
		{
			"from": [7.5, 10.55528, 11.6282],
			"to": [8.5, 11.55528, 12.6282],
			"rotation": {"angle": 22.5, "axis": "x", "origin": [8, 11.58561, 8.28721]},
			"faces": {
				"north": {"uv": [1.75, 8.5, 2, 8.75], "texture": "#2"},
				"east": {"uv": [8.5, 1.75, 8.75, 2], "texture": "#2"},
				"south": {"uv": [2, 8.5, 2.25, 8.75], "texture": "#2"},
				"west": {"uv": [8.5, 2, 8.75, 2.25], "texture": "#2"},
				"up": {"uv": [2.5, 8.75, 2.25, 8.5], "texture": "#2"},
				"down": {"uv": [8.75, 2.25, 8.5, 2.5], "texture": "#2"}
			}
		},
		{
			"from": [6.5, 10.55528, 10.6282],
			"to": [9.5, 11.55528, 11.6282],
			"rotation": {"angle": 22.5, "axis": "x", "origin": [8, 11.58561, 8.28721]},
			"faces": {
				"north": {"uv": [6, 6.25, 6.75, 6.5], "texture": "#2"},
				"east": {"uv": [2.5, 8.5, 2.75, 8.75], "texture": "#2"},
				"south": {"uv": [0, 6.5, 0.75, 6.75], "texture": "#2"},
				"west": {"uv": [8.5, 2.5, 8.75, 2.75], "texture": "#2"},
				"up": {"uv": [7.25, 0.75, 6.5, 0.5], "texture": "#2"},
				"down": {"uv": [7.25, 0.75, 6.5, 1], "texture": "#2"}
			}
		},
		{
			"from": [6.5, 11.55528, 9.6282],
			"to": [7.5, 12.55528, 10.6282],
			"rotation": {"angle": 22.5, "axis": "x", "origin": [8, 11.58561, 8.28721]},
			"faces": {
				"north": {"uv": [2.75, 8.5, 3, 8.75], "texture": "#2"},
				"east": {"uv": [8.5, 2.75, 8.75, 3], "texture": "#2"},
				"south": {"uv": [3, 8.5, 3.25, 8.75], "texture": "#2"},
				"west": {"uv": [8.5, 3, 8.75, 3.25], "texture": "#2"},
				"up": {"uv": [3.5, 8.75, 3.25, 8.5], "texture": "#2"},
				"down": {"uv": [8.75, 3.25, 8.5, 3.5], "texture": "#2"}
			}
		},
		{
			"from": [6.5, 11.55528, 8.6282],
			"to": [7.5, 13.55528, 9.6282],
			"rotation": {"angle": 22.5, "axis": "x", "origin": [8, 11.58561, 8.28721]},
			"faces": {
				"north": {"uv": [7.5, 2, 7.75, 2.5], "texture": "#2"},
				"east": {"uv": [7.5, 2.5, 7.75, 3], "texture": "#2"},
				"south": {"uv": [7.5, 3, 7.75, 3.5], "texture": "#2"},
				"west": {"uv": [7.5, 3.5, 7.75, 4], "texture": "#2"},
				"up": {"uv": [3.75, 8.75, 3.5, 8.5], "texture": "#2"},
				"down": {"uv": [8.75, 3.5, 8.5, 3.75], "texture": "#2"}
			}
		},
		{
			"from": [7.5, 11.55528, 9.6282],
			"to": [8.5, 13.55528, 10.6282],
			"rotation": {"angle": 22.5, "axis": "x", "origin": [8, 11.58561, 8.28721]},
			"faces": {
				"north": {"uv": [7.5, 4, 7.75, 4.5], "texture": "#2"},
				"east": {"uv": [4.5, 7.5, 4.75, 8], "texture": "#2"},
				"south": {"uv": [4.75, 7.5, 5, 8], "texture": "#2"},
				"west": {"uv": [5, 7.5, 5.25, 8], "texture": "#2"},
				"up": {"uv": [4, 8.75, 3.75, 8.5], "texture": "#2"},
				"down": {"uv": [8.75, 3.75, 8.5, 4], "texture": "#2"}
			}
		},
		{
			"from": [7.5, 11.55528, 8.6282],
			"to": [8.5, 14.55528, 9.6282],
			"rotation": {"angle": 22.5, "axis": "x", "origin": [8, 11.58561, 8.28721]},
			"faces": {
				"north": {"uv": [4.25, 7.25, 4.5, 8], "texture": "#2"},
				"east": {"uv": [7.25, 5.25, 7.5, 6], "texture": "#2"},
				"south": {"uv": [6, 7.25, 6.25, 8], "texture": "#2"},
				"west": {"uv": [6.25, 7.25, 6.5, 8], "texture": "#2"},
				"up": {"uv": [9.5, 8.25, 9.25, 8], "texture": "#2"},
				"down": {"uv": [8.5, 9.25, 8.25, 9.5], "texture": "#2"}
			}
		},
		{
			"from": [8.5, 11.55528, 9.6282],
			"to": [9.5, 12.55528, 10.6282],
			"rotation": {"angle": 22.5, "axis": "x", "origin": [8, 11.58561, 8.28721]},
			"faces": {
				"north": {"uv": [4, 8.5, 4.25, 8.75], "texture": "#2"},
				"east": {"uv": [8.5, 4, 8.75, 4.25], "texture": "#2"},
				"south": {"uv": [4.25, 8.5, 4.5, 8.75], "texture": "#2"},
				"west": {"uv": [8.5, 4.25, 8.75, 4.5], "texture": "#2"},
				"up": {"uv": [4.75, 8.75, 4.5, 8.5], "texture": "#2"},
				"down": {"uv": [8.75, 4.5, 8.5, 4.75], "texture": "#2"}
			}
		},
		{
			"from": [8.5, 9.55528, 12.6282],
			"to": [9.5, 10.55528, 13.6282],
			"rotation": {"angle": 22.5, "axis": "x", "origin": [8, 11.58561, 8.28721]},
			"faces": {
				"north": {"uv": [4.75, 8.5, 5, 8.75], "texture": "#2"},
				"east": {"uv": [8.5, 4.75, 8.75, 5], "texture": "#2"},
				"south": {"uv": [5, 8.5, 5.25, 8.75], "texture": "#2"},
				"west": {"uv": [8.5, 5, 8.75, 5.25], "texture": "#2"},
				"up": {"uv": [5.5, 8.75, 5.25, 8.5], "texture": "#2"},
				"down": {"uv": [8.75, 5.25, 8.5, 5.5], "texture": "#2"}
			}
		},
		{
			"from": [4.5, 9.55528, 6.6282],
			"to": [11.5, 10.55528, 11.6282],
			"rotation": {"angle": 22.5, "axis": "x", "origin": [8, 11.58561, 8.28721]},
			"faces": {
				"north": {"uv": [1.75, 4.5, 3.5, 4.75], "texture": "#2"},
				"east": {"uv": [1.25, 5, 2.5, 5.25], "texture": "#2"},
				"south": {"uv": [3.5, 4.5, 5.25, 4.75], "texture": "#2"},
				"west": {"uv": [5, 2.25, 6.25, 2.5], "texture": "#2"},
				"up": {"uv": [1.75, 3.75, 0, 2.5], "texture": "#2"},
				"down": {"uv": [3.5, 2.5, 1.75, 3.75], "texture": "#2"}
			}
		},
		{
			"from": [5.5, 9.55528, 5.6282],
			"to": [10.5, 10.55528, 6.6282],
			"rotation": {"angle": 22.5, "axis": "x", "origin": [8, 11.58561, 8.28721]},
			"faces": {
				"north": {"uv": [5, 3.25, 6.25, 3.5], "texture": "#2"},
				"east": {"uv": [6.5, 8.5, 6.75, 8.75], "texture": "#2"},
				"south": {"uv": [4.5, 5, 5.75, 5.25], "texture": "#2"},
				"west": {"uv": [8.5, 6.5, 8.75, 6.75], "texture": "#2"},
				"up": {"uv": [1.25, 5.5, 0, 5.25], "texture": "#2"},
				"down": {"uv": [2.5, 5.25, 1.25, 5.5], "texture": "#2"}
			}
		},
		{
			"from": [5.5, 9.55528, 11.6282],
			"to": [10.5, 10.55528, 12.6282],
			"rotation": {"angle": 22.5, "axis": "x", "origin": [8, 11.58561, 8.28721]},
			"faces": {
				"north": {"uv": [5, 2.5, 6.25, 2.75], "texture": "#2"},
				"east": {"uv": [6.25, 8.5, 6.5, 8.75], "texture": "#2"},
				"south": {"uv": [5, 2.75, 6.25, 3], "texture": "#2"},
				"west": {"uv": [8.5, 6.25, 8.75, 6.5], "texture": "#2"},
				"up": {"uv": [6.25, 3.25, 5, 3], "texture": "#2"},
				"down": {"uv": [4.5, 5, 3.25, 5.25], "texture": "#2"}
			}
		},
		{
			"from": [4.5, 8.55528, 11.6282],
			"to": [5.5, 9.55528, 12.6282],
			"rotation": {"angle": 22.5, "axis": "x", "origin": [8, 11.58561, 8.28721]},
			"faces": {
				"north": {"uv": [9.25, 6.5, 9.5, 6.75], "texture": "#2"},
				"east": {"uv": [6.75, 9.25, 7, 9.5], "texture": "#2"},
				"south": {"uv": [9.25, 6.75, 9.5, 7], "texture": "#2"},
				"west": {"uv": [7, 9.25, 7.25, 9.5], "texture": "#2"},
				"up": {"uv": [9.5, 7.25, 9.25, 7], "texture": "#2"},
				"down": {"uv": [7.5, 9.25, 7.25, 9.5], "texture": "#2"}
			}
		},
		{
			"from": [4.5, 0, 5],
			"to": [11.5, 1, 10],
			"rotation": {"angle": 0, "axis": "y", "origin": [6, 8.5, 7.5]},
			"faces": {
				"north": {"uv": [2.75, 3.75, 4.5, 4], "texture": "#2"},
				"east": {"uv": [4.75, 0, 6, 0.25], "texture": "#2"},
				"south": {"uv": [2.75, 4, 4.5, 4.25], "texture": "#2"},
				"west": {"uv": [4.75, 0.25, 6, 0.5], "texture": "#2"},
				"up": {"uv": [1.75, 1.25, 0, 0], "texture": "#2"},
				"down": {"uv": [1.75, 1.25, 0, 2.5], "texture": "#2"}
			}
		},
		{
			"from": [4.5, 4, 5],
			"to": [11.5, 5, 10],
			"rotation": {"angle": 0, "axis": "y", "origin": [8, 4.5, 7.5]},
			"faces": {
				"north": {"uv": [2.75, 3.75, 4.5, 4], "texture": "#2"},
				"east": {"uv": [4.75, 0, 6, 0.25], "texture": "#2"},
				"south": {"uv": [2.75, 4, 4.5, 4.25], "texture": "#2"},
				"west": {"uv": [4.75, 0.25, 6, 0.5], "texture": "#2"},
				"up": {"uv": [1.75, 1.25, 0, 0], "texture": "#2"},
				"down": {"uv": [1.75, 1.25, 0, 2.5], "texture": "#2"}
			}
		},
		{
			"from": [5.5, 0, 4],
			"to": [10.5, 1, 5],
			"rotation": {"angle": 0, "axis": "y", "origin": [6, 8.5, 7.5]},
			"faces": {
				"north": {"uv": [4.75, 0.5, 6, 0.75], "texture": "#2"},
				"east": {"uv": [5.5, 8.5, 5.75, 8.75], "texture": "#2"},
				"south": {"uv": [4.75, 0.75, 6, 1], "texture": "#2"},
				"west": {"uv": [8.5, 5.5, 8.75, 5.75], "texture": "#2"},
				"up": {"uv": [6, 1.25, 4.75, 1], "texture": "#2"},
				"down": {"uv": [6, 1.25, 4.75, 1.5], "texture": "#2"}
			}
		},
		{
			"from": [5.5, 1, 3],
			"to": [10.5, 2, 4],
			"rotation": {"angle": 0, "axis": "y", "origin": [8, 2, 3.5]},
			"faces": {
				"north": {"uv": [4.75, 1.5, 6, 1.75], "texture": "#2"},
				"east": {"uv": [5.75, 8.5, 6, 8.75], "texture": "#2"},
				"south": {"uv": [1.75, 4.75, 3, 5], "texture": "#2"},
				"west": {"uv": [8.5, 5.75, 8.75, 6], "texture": "#2"},
				"up": {"uv": [6, 2, 4.75, 1.75], "texture": "#2"},
				"down": {"uv": [6, 2, 4.75, 2.25], "texture": "#2"}
			}
		},
		{
			"from": [4.5, 2, 4],
			"to": [11.5, 6, 5],
			"rotation": {"angle": 0, "axis": "y", "origin": [7, 3, 4.5]},
			"faces": {
				"north": {"uv": [1.75, 0, 3.5, 1.25], "texture": "#2"},
				"east": {"uv": [4.75, 2.25, 5, 3.5], "texture": "#2"},
				"south": {"uv": [1.75, 1.25, 3.5, 2.5], "texture": "#2"},
				"west": {"uv": [3, 4.75, 3.25, 6], "texture": "#2"},
				"up": {"uv": [4.5, 4.5, 2.75, 4.25], "texture": "#2"},
				"down": {"uv": [1.75, 4.5, 0, 4.75], "texture": "#2"}
			}
		},
		{
			"from": [5.5, 0, 10],
			"to": [10.5, 1, 11],
			"rotation": {"angle": 0, "axis": "y", "origin": [6, 8.5, 7.5]},
			"faces": {
				"north": {"uv": [3.25, 4.75, 4.5, 5], "texture": "#2"},
				"east": {"uv": [6, 8.5, 6.25, 8.75], "texture": "#2"},
				"south": {"uv": [4.75, 3.5, 6, 3.75], "texture": "#2"},
				"west": {"uv": [8.5, 6, 8.75, 6.25], "texture": "#2"},
				"up": {"uv": [5.75, 5, 4.5, 4.75], "texture": "#2"},
				"down": {"uv": [1.25, 5, 0, 5.25], "texture": "#2"}
			}
		},
		{
			"from": [5.5, 1, 11],
			"to": [10.5, 2, 12],
			"rotation": {"angle": 0, "axis": "y", "origin": [6, 8.5, 7.5]},
			"faces": {
				"north": {"uv": [3.25, 5.25, 4.5, 5.5], "texture": "#2"},
				"east": {"uv": [6.75, 8.5, 7, 8.75], "texture": "#2"},
				"south": {"uv": [4.5, 5.25, 5.75, 5.5], "texture": "#2"},
				"west": {"uv": [8.5, 6.75, 8.75, 7], "texture": "#2"},
				"up": {"uv": [6.5, 4.75, 5.25, 4.5], "texture": "#2"},
				"down": {"uv": [1.25, 5.5, 0, 5.75], "texture": "#2"}
			}
		},
		{
			"from": [6.5, 2, 12],
			"to": [9.5, 3, 13],
			"rotation": {"angle": 0, "axis": "y", "origin": [6, 8.5, 7.5]},
			"faces": {
				"north": {"uv": [6.5, 1, 7.25, 1.25], "texture": "#2"},
				"east": {"uv": [7, 8.5, 7.25, 8.75], "texture": "#2"},
				"south": {"uv": [6.5, 1.25, 7.25, 1.5], "texture": "#2"},
				"west": {"uv": [8.5, 7, 8.75, 7.25], "texture": "#2"},
				"up": {"uv": [7.25, 1.75, 6.5, 1.5], "texture": "#2"},
				"down": {"uv": [3.25, 6.5, 2.5, 6.75], "texture": "#2"}
			}
		},
		{
			"from": [5.5, 3, 12],
			"to": [10.5, 6, 13],
			"rotation": {"angle": 0, "axis": "y", "origin": [8, 6, 7.5]},
			"faces": {
				"north": {"uv": [3.5, 0, 4.75, 0.75], "texture": "#2"},
				"east": {"uv": [0.75, 6.5, 1, 7.25], "texture": "#2"},
				"south": {"uv": [3.5, 0.75, 4.75, 1.5], "texture": "#2"},
				"west": {"uv": [1, 6.5, 1.25, 7.25], "texture": "#2"},
				"up": {"uv": [2.5, 5.75, 1.25, 5.5], "texture": "#2"},
				"down": {"uv": [4.5, 5.5, 3.25, 5.75], "texture": "#2"}
			}
		},
		{
			"from": [6.5, 6, 12],
			"to": [9.5, 7, 13],
			"rotation": {"angle": 0, "axis": "y", "origin": [8, 6, 7.5]},
			"faces": {
				"north": {"uv": [3.25, 6.5, 4, 6.75], "texture": "#2"},
				"east": {"uv": [7.25, 8.5, 7.5, 8.75], "texture": "#2"},
				"south": {"uv": [6.5, 3.75, 7.25, 4], "texture": "#2"},
				"west": {"uv": [8.5, 7.25, 8.75, 7.5], "texture": "#2"},
				"up": {"uv": [7.25, 4.25, 6.5, 4], "texture": "#2"},
				"down": {"uv": [7.25, 4.25, 6.5, 4.5], "texture": "#2"}
			}
		},
		{
			"from": [12.5, 3, 5],
			"to": [13.5, 6, 10],
			"rotation": {"angle": 0, "axis": "y", "origin": [8, 6, 7.5]},
			"faces": {
				"north": {"uv": [5, 6.5, 5.25, 7.25], "texture": "#2"},
				"east": {"uv": [3.5, 1.5, 4.75, 2.25], "texture": "#2"},
				"south": {"uv": [5.25, 6.5, 5.5, 7.25], "texture": "#2"},
				"west": {"uv": [3.5, 2.25, 4.75, 3], "texture": "#2"},
				"up": {"uv": [2.75, 6.25, 2.5, 5], "texture": "#2"},
				"down": {"uv": [3, 5, 2.75, 6.25], "texture": "#2"}
			}
		},
		{
			"from": [12.5, 6, 6],
			"to": [13.5, 7, 9],
			"rotation": {"angle": 0, "axis": "y", "origin": [8, 6, 7.5]},
			"faces": {
				"north": {"uv": [7.5, 8.5, 7.75, 8.75], "texture": "#2"},
				"east": {"uv": [6.5, 4.5, 7.25, 4.75], "texture": "#2"},
				"south": {"uv": [8.5, 7.5, 8.75, 7.75], "texture": "#2"},
				"west": {"uv": [6.5, 5.5, 7.25, 5.75], "texture": "#2"},
				"up": {"uv": [5.75, 7.25, 5.5, 6.5], "texture": "#2"},
				"down": {"uv": [6.25, 6.5, 6, 7.25], "texture": "#2"}
			}
		},
		{
			"from": [6.5, 6, 11],
			"to": [9.5, 7, 12],
			"rotation": {"angle": 0, "axis": "y", "origin": [8, 6.5, 11.5]},
			"faces": {
				"north": {"uv": [6.5, 4.5, 7.25, 4.75], "texture": "#2"},
				"east": {"uv": [8.5, 7.5, 8.75, 7.75], "texture": "#2"},
				"south": {"uv": [6.5, 5.5, 7.25, 5.75], "texture": "#2"},
				"west": {"uv": [7.5, 8.5, 7.75, 8.75], "texture": "#2"},
				"up": {"uv": [5.75, 7.25, 5.5, 6.5], "rotation": 270, "texture": "#2"},
				"down": {"uv": [6.25, 6.5, 6, 7.25], "rotation": 90, "texture": "#2"}
			}
		},
		{
			"from": [3.5, 5, 6],
			"to": [4.5, 6, 9],
			"rotation": {"angle": 0, "axis": "y", "origin": [-1, 5, 7.5]},
			"faces": {
				"north": {"uv": [7.5, 8.5, 7.75, 8.75], "texture": "#2"},
				"east": {"uv": [6.5, 4.5, 7.25, 4.75], "texture": "#2"},
				"south": {"uv": [8.5, 7.5, 8.75, 7.75], "texture": "#2"},
				"west": {"uv": [6.5, 5.5, 7.25, 5.75], "texture": "#2"},
				"up": {"uv": [5.75, 7.25, 5.5, 6.5], "texture": "#2"},
				"down": {"uv": [6.25, 6.5, 6, 7.25], "texture": "#2"}
			}
		},
		{
			"from": [2.5, 6, 6],
			"to": [3.5, 7, 9],
			"rotation": {"angle": 0, "axis": "y", "origin": [8, 6, 7.5]},
			"faces": {
				"north": {"uv": [7.75, 8.5, 8, 8.75], "texture": "#2"},
				"east": {"uv": [6.5, 5.75, 7.25, 6], "texture": "#2"},
				"south": {"uv": [8.5, 7.75, 8.75, 8], "texture": "#2"},
				"west": {"uv": [6.5, 6, 7.25, 6.25], "texture": "#2"},
				"up": {"uv": [6.5, 7.25, 6.25, 6.5], "texture": "#2"},
				"down": {"uv": [6.75, 6.5, 6.5, 7.25], "texture": "#2"}
			}
		},
		{
			"from": [11.5, 5, 6],
			"to": [12.5, 6, 9],
			"rotation": {"angle": 0, "axis": "y", "origin": [17, 5, 7.5]},
			"faces": {
				"north": {"uv": [7.75, 8.5, 8, 8.75], "texture": "#2"},
				"east": {"uv": [6.5, 5.75, 7.25, 6], "texture": "#2"},
				"south": {"uv": [8.5, 7.75, 8.75, 8], "texture": "#2"},
				"west": {"uv": [6.5, 6, 7.25, 6.25], "texture": "#2"},
				"up": {"uv": [6.5, 7.25, 6.25, 6.5], "texture": "#2"},
				"down": {"uv": [6.75, 6.5, 6.5, 7.25], "texture": "#2"}
			}
		},
		{
			"from": [2.5, 3, 5],
			"to": [3.5, 6, 10],
			"rotation": {"angle": 0, "axis": "y", "origin": [8, 6, 7.5]},
			"faces": {
				"north": {"uv": [0, 6.75, 0.25, 7.5], "texture": "#2"},
				"east": {"uv": [3.5, 3, 4.75, 3.75], "texture": "#2"},
				"south": {"uv": [0.25, 6.75, 0.5, 7.5], "texture": "#2"},
				"west": {"uv": [0, 3.75, 1.25, 4.5], "texture": "#2"},
				"up": {"uv": [4.75, 6.75, 4.5, 5.5], "texture": "#2"},
				"down": {"uv": [5, 5.5, 4.75, 6.75], "texture": "#2"}
			}
		},
		{
			"from": [2.5, 2, 6],
			"to": [3.5, 3, 9],
			"rotation": {"angle": 0, "axis": "y", "origin": [8, 3, 7.5]},
			"faces": {
				"north": {"uv": [8, 8.5, 8.25, 8.75], "texture": "#2"},
				"east": {"uv": [2.5, 6.75, 3.25, 7], "texture": "#2"},
				"south": {"uv": [8.5, 8, 8.75, 8.25], "texture": "#2"},
				"west": {"uv": [3.25, 6.75, 4, 7], "texture": "#2"},
				"up": {"uv": [0.75, 7.5, 0.5, 6.75], "texture": "#2"},
				"down": {"uv": [4.75, 6.75, 4.5, 7.5], "texture": "#2"}
			}
		},
		{
			"from": [12.5, 2, 6],
			"to": [13.5, 3, 9],
			"rotation": {"angle": 0, "axis": "y", "origin": [8, 3, 7.5]},
			"faces": {
				"north": {"uv": [8.25, 8.5, 8.5, 8.75], "texture": "#2"},
				"east": {"uv": [6.75, 6.25, 7.5, 6.5], "texture": "#2"},
				"south": {"uv": [8.5, 8.25, 8.75, 8.5], "texture": "#2"},
				"west": {"uv": [6.75, 6.5, 7.5, 6.75], "texture": "#2"},
				"up": {"uv": [5, 7.5, 4.75, 6.75], "texture": "#2"},
				"down": {"uv": [7, 6.75, 6.75, 7.5], "texture": "#2"}
			}
		},
		{
			"from": [9.5, 2, 11],
			"to": [11.5, 3, 12],
			"rotation": {"angle": 0, "axis": "y", "origin": [6, 8.5, 7.5]},
			"faces": {
				"north": {"uv": [5.25, 7.5, 5.75, 7.75], "texture": "#2"},
				"east": {"uv": [8.5, 8.5, 8.75, 8.75], "texture": "#2"},
				"south": {"uv": [7.5, 5.25, 8, 5.5], "texture": "#2"},
				"west": {"uv": [0, 8.75, 0.25, 9], "texture": "#2"},
				"up": {"uv": [8, 5.75, 7.5, 5.5], "texture": "#2"},
				"down": {"uv": [8, 5.75, 7.5, 6], "texture": "#2"}
			}
		},
		{
			"from": [4.5, 2, 11],
			"to": [6.5, 3, 12],
			"rotation": {"angle": 0, "axis": "y", "origin": [6, 8.5, 7.5]},
			"faces": {
				"north": {"uv": [7.5, 6.25, 8, 6.5], "texture": "#2"},
				"east": {"uv": [8.75, 0, 9, 0.25], "texture": "#2"},
				"south": {"uv": [7.5, 6.5, 8, 6.75], "texture": "#2"},
				"west": {"uv": [0.25, 8.75, 0.5, 9], "texture": "#2"},
				"up": {"uv": [7.25, 7.75, 6.75, 7.5], "texture": "#2"},
				"down": {"uv": [8, 6.75, 7.5, 7], "texture": "#2"}
			}
		},
		{
			"from": [4.5, 2, 3],
			"to": [5.5, 3, 4],
			"rotation": {"angle": 0, "axis": "y", "origin": [6, 8.5, 7.5]},
			"faces": {
				"north": {"uv": [8.75, 0.25, 9, 0.5], "texture": "#2"},
				"east": {"uv": [0.5, 8.75, 0.75, 9], "texture": "#2"},
				"south": {"uv": [8.75, 0.5, 9, 0.75], "texture": "#2"},
				"west": {"uv": [0.75, 8.75, 1, 9], "texture": "#2"},
				"up": {"uv": [9, 1, 8.75, 0.75], "texture": "#2"},
				"down": {"uv": [1.25, 8.75, 1, 9], "texture": "#2"}
			}
		},
		{
			"from": [10.5, 2, 3],
			"to": [11.5, 3, 4],
			"rotation": {"angle": 0, "axis": "y", "origin": [6, 8.5, 7.5]},
			"faces": {
				"north": {"uv": [8.75, 1, 9, 1.25], "texture": "#2"},
				"east": {"uv": [1.25, 8.75, 1.5, 9], "texture": "#2"},
				"south": {"uv": [8.75, 1.25, 9, 1.5], "texture": "#2"},
				"west": {"uv": [1.5, 8.75, 1.75, 9], "texture": "#2"},
				"up": {"uv": [9, 1.75, 8.75, 1.5], "texture": "#2"},
				"down": {"uv": [2, 8.75, 1.75, 9], "texture": "#2"}
			}
		},
		{
			"from": [3.5, 2, 4],
			"to": [4.5, 3, 6],
			"rotation": {"angle": 0, "axis": "y", "origin": [8, 3, 7.5]},
			"faces": {
				"north": {"uv": [8.75, 1.75, 9, 2], "texture": "#2"},
				"east": {"uv": [7.5, 7, 8, 7.25], "texture": "#2"},
				"south": {"uv": [2, 8.75, 2.25, 9], "texture": "#2"},
				"west": {"uv": [7.5, 7.25, 8, 7.5], "texture": "#2"},
				"up": {"uv": [7.75, 8, 7.5, 7.5], "texture": "#2"},
				"down": {"uv": [0.25, 7.75, 0, 8.25], "texture": "#2"}
			}
		},
		{
			"from": [3.5, 2, 9],
			"to": [4.5, 3, 11],
			"rotation": {"angle": 0, "axis": "y", "origin": [8, 3, 7.5]},
			"faces": {
				"north": {"uv": [8.75, 2, 9, 2.25], "texture": "#2"},
				"east": {"uv": [7.75, 0.5, 8.25, 0.75], "texture": "#2"},
				"south": {"uv": [2.25, 8.75, 2.5, 9], "texture": "#2"},
				"west": {"uv": [7.75, 0.75, 8.25, 1], "texture": "#2"},
				"up": {"uv": [0.5, 8.25, 0.25, 7.75], "texture": "#2"},
				"down": {"uv": [8, 1, 7.75, 1.5], "texture": "#2"}
			}
		},
		{
			"from": [3.5, 6, 9],
			"to": [4.5, 7, 11],
			"rotation": {"angle": 0, "axis": "y", "origin": [8, 3, 7.5]},
			"faces": {
				"north": {"uv": [8.75, 2.25, 9, 2.5], "texture": "#2"},
				"east": {"uv": [1.25, 7.75, 1.75, 8], "texture": "#2"},
				"south": {"uv": [2.5, 8.75, 2.75, 9], "texture": "#2"},
				"west": {"uv": [7.75, 1.5, 8.25, 1.75], "texture": "#2"},
				"up": {"uv": [2, 8.25, 1.75, 7.75], "texture": "#2"},
				"down": {"uv": [8, 1.75, 7.75, 2.25], "texture": "#2"}
			}
		},
		{
			"from": [3.5, 6, 4],
			"to": [4.5, 7, 6],
			"rotation": {"angle": 0, "axis": "y", "origin": [8, 3, 7.5]},
			"faces": {
				"north": {"uv": [8.75, 2.5, 9, 2.75], "texture": "#2"},
				"east": {"uv": [2, 7.75, 2.5, 8], "texture": "#2"},
				"south": {"uv": [2.75, 8.75, 3, 9], "texture": "#2"},
				"west": {"uv": [7.75, 2.25, 8.25, 2.5], "texture": "#2"},
				"up": {"uv": [2.75, 8.25, 2.5, 7.75], "texture": "#2"},
				"down": {"uv": [8, 2.5, 7.75, 3], "texture": "#2"}
			}
		},
		{
			"from": [3.5, 3, 10],
			"to": [4.5, 6, 11],
			"rotation": {"angle": 0, "axis": "y", "origin": [8, 3, 7.5]},
			"faces": {
				"north": {"uv": [1.25, 7, 1.5, 7.75], "texture": "#2"},
				"east": {"uv": [1.5, 7, 1.75, 7.75], "texture": "#2"},
				"south": {"uv": [1.75, 7, 2, 7.75], "texture": "#2"},
				"west": {"uv": [2, 7, 2.25, 7.75], "texture": "#2"},
				"up": {"uv": [9, 3, 8.75, 2.75], "texture": "#2"},
				"down": {"uv": [3.25, 8.75, 3, 9], "texture": "#2"}
			}
		},
		{
			"from": [11.5, 3, 10],
			"to": [12.5, 6, 11],
			"rotation": {"angle": 0, "axis": "y", "origin": [8, 3, 7.5]},
			"faces": {
				"north": {"uv": [2.25, 7, 2.5, 7.75], "texture": "#2"},
				"east": {"uv": [7, 2.25, 7.25, 3], "texture": "#2"},
				"south": {"uv": [2.5, 7, 2.75, 7.75], "texture": "#2"},
				"west": {"uv": [2.75, 7, 3, 7.75], "texture": "#2"},
				"up": {"uv": [9, 3.25, 8.75, 3], "texture": "#2"},
				"down": {"uv": [3.5, 8.75, 3.25, 9], "texture": "#2"}
			}
		},
		{
			"from": [3.5, 3, 4],
			"to": [4.5, 6, 5],
			"rotation": {"angle": 0, "axis": "y", "origin": [8, 3, 7.5]},
			"faces": {
				"north": {"uv": [3, 7, 3.25, 7.75], "texture": "#2"},
				"east": {"uv": [3.25, 7, 3.5, 7.75], "texture": "#2"},
				"south": {"uv": [3.5, 7, 3.75, 7.75], "texture": "#2"},
				"west": {"uv": [3.75, 7, 4, 7.75], "texture": "#2"},
				"up": {"uv": [9, 3.5, 8.75, 3.25], "texture": "#2"},
				"down": {"uv": [3.75, 8.75, 3.5, 9], "texture": "#2"}
			}
		},
		{
			"from": [11.5, 3, 4],
			"to": [12.5, 6, 5],
			"rotation": {"angle": 0, "axis": "y", "origin": [8, 3, 7.5]},
			"faces": {
				"north": {"uv": [4, 7, 4.25, 7.75], "texture": "#2"},
				"east": {"uv": [7, 4.75, 7.25, 5.5], "texture": "#2"},
				"south": {"uv": [5.75, 7, 6, 7.75], "texture": "#2"},
				"west": {"uv": [7, 6.75, 7.25, 7.5], "texture": "#2"},
				"up": {"uv": [9, 3.75, 8.75, 3.5], "texture": "#2"},
				"down": {"uv": [4, 8.75, 3.75, 9], "texture": "#2"}
			}
		},
		{
			"from": [4.5, 3, 11],
			"to": [5.5, 6, 12],
			"rotation": {"angle": 0, "axis": "y", "origin": [8, 3, 7.5]},
			"faces": {
				"north": {"uv": [7.25, 0, 7.5, 0.75], "texture": "#2"},
				"east": {"uv": [0.75, 7.25, 1, 8], "texture": "#2"},
				"south": {"uv": [7.25, 0.75, 7.5, 1.5], "texture": "#2"},
				"west": {"uv": [1, 7.25, 1.25, 8], "texture": "#2"},
				"up": {"uv": [9, 4, 8.75, 3.75], "texture": "#2"},
				"down": {"uv": [4.25, 8.75, 4, 9], "texture": "#2"}
			}
		},
		{
			"from": [4.5, 3, 3],
			"to": [5.5, 5, 4],
			"rotation": {"angle": 0, "axis": "y", "origin": [8, 3, 7.5]},
			"faces": {
				"north": {"uv": [2.75, 7.75, 3, 8.25], "texture": "#2"},
				"east": {"uv": [3, 7.75, 3.25, 8.25], "texture": "#2"},
				"south": {"uv": [7.75, 3, 8, 3.5], "texture": "#2"},
				"west": {"uv": [3.25, 7.75, 3.5, 8.25], "texture": "#2"},
				"up": {"uv": [9, 4.25, 8.75, 4], "texture": "#2"},
				"down": {"uv": [4.5, 8.75, 4.25, 9], "texture": "#2"}
			}
		},
		{
			"from": [5.5, 2.5, 3],
			"to": [6, 3, 4],
			"rotation": {"angle": 0, "axis": "y", "origin": [8, 3, 7.5]},
			"faces": {
				"north": {"uv": [8.75, 4.25, 9, 4.5], "texture": "#2"},
				"east": {"uv": [4.5, 8.75, 4.75, 9], "texture": "#2"},
				"south": {"uv": [8.75, 4.5, 9, 4.75], "texture": "#2"},
				"west": {"uv": [4.75, 8.75, 5, 9], "texture": "#2"},
				"up": {"uv": [9, 5, 8.75, 4.75], "texture": "#2"},
				"down": {"uv": [5.25, 8.75, 5, 9], "texture": "#2"}
			}
		},
		{
			"from": [4.5, 5, 3],
			"to": [5, 5.5, 4],
			"rotation": {"angle": 0, "axis": "y", "origin": [8, 3, 7.5]},
			"faces": {
				"north": {"uv": [8.75, 5, 9, 5.25], "texture": "#2"},
				"east": {"uv": [5.25, 8.75, 5.5, 9], "texture": "#2"},
				"south": {"uv": [8.75, 5.25, 9, 5.5], "texture": "#2"},
				"west": {"uv": [5.5, 8.75, 5.75, 9], "texture": "#2"},
				"up": {"uv": [9, 5.75, 8.75, 5.5], "texture": "#2"},
				"down": {"uv": [6, 8.75, 5.75, 9], "texture": "#2"}
			}
		},
		{
			"from": [7.5, 4.5, 3.5],
			"to": [8.5, 5, 4],
			"rotation": {"angle": 0, "axis": "y", "origin": [8, 3, 7.5]},
			"faces": {
				"north": {"uv": [8.75, 5.75, 9, 6], "texture": "#2"},
				"east": {"uv": [6, 8.75, 6.25, 9], "texture": "#2"},
				"south": {"uv": [8.75, 6, 9, 6.25], "texture": "#2"},
				"west": {"uv": [6.25, 8.75, 6.5, 9], "texture": "#2"},
				"up": {"uv": [9, 6.5, 8.75, 6.25], "texture": "#2"},
				"down": {"uv": [6.75, 8.75, 6.5, 9], "texture": "#2"}
			}
		},
		{
			"from": [7, 5, 3],
			"to": [7.5, 5.5, 4],
			"rotation": {"angle": 0, "axis": "y", "origin": [8, 3, 7.5]},
			"faces": {
				"north": {"uv": [8.75, 6.5, 9, 6.75], "texture": "#2"},
				"east": {"uv": [6.75, 8.75, 7, 9], "texture": "#2"},
				"south": {"uv": [8.75, 6.75, 9, 7], "texture": "#2"},
				"west": {"uv": [7, 8.75, 7.25, 9], "texture": "#2"},
				"up": {"uv": [9, 7.25, 8.75, 7], "texture": "#2"},
				"down": {"uv": [7.5, 8.75, 7.25, 9], "texture": "#2"}
			}
		},
		{
			"from": [8.5, 5, 3],
			"to": [9, 5.5, 4],
			"rotation": {"angle": 0, "axis": "y", "origin": [8, 3, 7.5]},
			"faces": {
				"north": {"uv": [8.75, 7.25, 9, 7.5], "texture": "#2"},
				"east": {"uv": [7.5, 8.75, 7.75, 9], "texture": "#2"},
				"south": {"uv": [8.75, 7.5, 9, 7.75], "texture": "#2"},
				"west": {"uv": [7.75, 8.75, 8, 9], "texture": "#2"},
				"up": {"uv": [9, 8, 8.75, 7.75], "texture": "#2"},
				"down": {"uv": [8.25, 8.75, 8, 9], "texture": "#2"}
			}
		},
		{
			"from": [11, 5, 3],
			"to": [11.5, 5.5, 4],
			"rotation": {"angle": 0, "axis": "y", "origin": [8, 3, 7.5]},
			"faces": {
				"north": {"uv": [8.75, 8, 9, 8.25], "texture": "#2"},
				"east": {"uv": [8.25, 8.75, 8.5, 9], "texture": "#2"},
				"south": {"uv": [8.75, 8.25, 9, 8.5], "texture": "#2"},
				"west": {"uv": [8.5, 8.75, 8.75, 9], "texture": "#2"},
				"up": {"uv": [9, 8.75, 8.75, 8.5], "texture": "#2"},
				"down": {"uv": [9, 8.75, 8.75, 9], "texture": "#2"}
			}
		},
		{
			"from": [10, 2.5, 3],
			"to": [10.5, 3, 4],
			"rotation": {"angle": 0, "axis": "y", "origin": [8, 3, 7.5]},
			"faces": {
				"north": {"uv": [0, 9, 0.25, 9.25], "texture": "#2"},
				"east": {"uv": [9, 0, 9.25, 0.25], "texture": "#2"},
				"south": {"uv": [0.25, 9, 0.5, 9.25], "texture": "#2"},
				"west": {"uv": [9, 0.25, 9.25, 0.5], "texture": "#2"},
				"up": {"uv": [0.75, 9.25, 0.5, 9], "texture": "#2"},
				"down": {"uv": [9.25, 0.5, 9, 0.75], "texture": "#2"}
			}
		},
		{
			"from": [4.5, 5.5, 3],
			"to": [5.5, 6, 4],
			"rotation": {"angle": 0, "axis": "y", "origin": [8, 3, 7.5]},
			"faces": {
				"north": {"uv": [0.75, 9, 1, 9.25], "texture": "#2"},
				"east": {"uv": [9, 0.75, 9.25, 1], "texture": "#2"},
				"south": {"uv": [1, 9, 1.25, 9.25], "texture": "#2"},
				"west": {"uv": [9, 1, 9.25, 1.25], "texture": "#2"},
				"up": {"uv": [1.5, 9.25, 1.25, 9], "texture": "#2"},
				"down": {"uv": [9.25, 1.25, 9, 1.5], "texture": "#2"}
			}
		},
		{
			"from": [8.5, 5.5, 3],
			"to": [9.5, 6, 4],
			"rotation": {"angle": 0, "axis": "y", "origin": [8, 3, 7.5]},
			"faces": {
				"north": {"uv": [1.5, 9, 1.75, 9.25], "texture": "#2"},
				"east": {"uv": [9, 1.5, 9.25, 1.75], "texture": "#2"},
				"south": {"uv": [1.75, 9, 2, 9.25], "texture": "#2"},
				"west": {"uv": [9, 1.75, 9.25, 2], "texture": "#2"},
				"up": {"uv": [2.25, 9.25, 2, 9], "texture": "#2"},
				"down": {"uv": [9.25, 2, 9, 2.25], "texture": "#2"}
			}
		},
		{
			"from": [6.5, 5.5, 3],
			"to": [7.5, 6, 4],
			"rotation": {"angle": 0, "axis": "y", "origin": [8, 3, 7.5]},
			"faces": {
				"north": {"uv": [2.25, 9, 2.5, 9.25], "texture": "#2"},
				"east": {"uv": [9, 2.25, 9.25, 2.5], "texture": "#2"},
				"south": {"uv": [2.5, 9, 2.75, 9.25], "texture": "#2"},
				"west": {"uv": [9, 2.5, 9.25, 2.75], "texture": "#2"},
				"up": {"uv": [3, 9.25, 2.75, 9], "texture": "#2"},
				"down": {"uv": [9.25, 2.75, 9, 3], "texture": "#2"}
			}
		},
		{
			"from": [7.5, 4, 3],
			"to": [8.5, 4.5, 4],
			"rotation": {"angle": 0, "axis": "y", "origin": [8, 3, 7.5]},
			"faces": {
				"north": {"uv": [3, 9, 3.25, 9.25], "texture": "#2"},
				"east": {"uv": [9, 3, 9.25, 3.25], "texture": "#2"},
				"south": {"uv": [3.25, 9, 3.5, 9.25], "texture": "#2"},
				"west": {"uv": [9, 3.25, 9.25, 3.5], "texture": "#2"},
				"up": {"uv": [3.75, 9.25, 3.5, 9], "texture": "#2"},
				"down": {"uv": [9.25, 3.5, 9, 3.75], "texture": "#2"}
			}
		},
		{
			"from": [5.5, 3.5, 3],
			"to": [6.5, 4, 4],
			"rotation": {"angle": 0, "axis": "y", "origin": [8, 3, 7.5]},
			"faces": {
				"north": {"uv": [3.75, 9, 4, 9.25], "texture": "#2"},
				"east": {"uv": [9, 3.75, 9.25, 4], "texture": "#2"},
				"south": {"uv": [4, 9, 4.25, 9.25], "texture": "#2"},
				"west": {"uv": [9, 4, 9.25, 4.25], "texture": "#2"},
				"up": {"uv": [4.5, 9.25, 4.25, 9], "texture": "#2"},
				"down": {"uv": [9.25, 4.25, 9, 4.5], "texture": "#2"}
			}
		},
		{
			"from": [9.5, 3.5, 3],
			"to": [10.5, 4, 4],
			"rotation": {"angle": 0, "axis": "y", "origin": [8, 3, 7.5]},
			"faces": {
				"north": {"uv": [4.5, 9, 4.75, 9.25], "texture": "#2"},
				"east": {"uv": [9, 4.5, 9.25, 4.75], "texture": "#2"},
				"south": {"uv": [4.75, 9, 5, 9.25], "texture": "#2"},
				"west": {"uv": [9, 4.75, 9.25, 5], "texture": "#2"},
				"up": {"uv": [5.25, 9.25, 5, 9], "texture": "#2"},
				"down": {"uv": [9.25, 5, 9, 5.25], "texture": "#2"}
			}
		},
		{
			"from": [8.5, 2, 3],
			"to": [10.5, 2.5, 4],
			"rotation": {"angle": 0, "axis": "y", "origin": [8, 3, 7.5]},
			"faces": {
				"north": {"uv": [3.5, 7.75, 4, 8], "texture": "#2"},
				"east": {"uv": [5.25, 9, 5.5, 9.25], "texture": "#2"},
				"south": {"uv": [7.75, 3.5, 8.25, 3.75], "texture": "#2"},
				"west": {"uv": [9, 5.25, 9.25, 5.5], "texture": "#2"},
				"up": {"uv": [8.25, 4, 7.75, 3.75], "texture": "#2"},
				"down": {"uv": [8.25, 4, 7.75, 4.25], "texture": "#2"}
			}
		},
		{
			"from": [5.5, 2, 3],
			"to": [7.5, 2.5, 4],
			"rotation": {"angle": 0, "axis": "y", "origin": [8, 3, 7.5]},
			"faces": {
				"north": {"uv": [7.75, 4.25, 8.25, 4.5], "texture": "#2"},
				"east": {"uv": [5.5, 9, 5.75, 9.25], "texture": "#2"},
				"south": {"uv": [5.25, 7.75, 5.75, 8], "texture": "#2"},
				"west": {"uv": [9, 5.5, 9.25, 5.75], "texture": "#2"},
				"up": {"uv": [8.25, 6.25, 7.75, 6], "texture": "#2"},
				"down": {"uv": [7, 7.75, 6.5, 8], "texture": "#2"}
			}
		},
		{
			"from": [10.5, 5.5, 3],
			"to": [11.5, 6, 4],
			"rotation": {"angle": 0, "axis": "y", "origin": [8, 3, 7.5]},
			"faces": {
				"north": {"uv": [5.75, 9, 6, 9.25], "texture": "#2"},
				"east": {"uv": [9, 5.75, 9.25, 6], "texture": "#2"},
				"south": {"uv": [6, 9, 6.25, 9.25], "texture": "#2"},
				"west": {"uv": [9, 6, 9.25, 6.25], "texture": "#2"},
				"up": {"uv": [6.5, 9.25, 6.25, 9], "texture": "#2"},
				"down": {"uv": [9.25, 6.25, 9, 6.5], "texture": "#2"}
			}
		},
		{
			"from": [10.5, 3, 11],
			"to": [11.5, 6, 12],
			"rotation": {"angle": 0, "axis": "y", "origin": [8, 3, 7.5]},
			"faces": {
				"north": {"uv": [7.25, 1.5, 7.5, 2.25], "texture": "#2"},
				"east": {"uv": [7.25, 2.25, 7.5, 3], "texture": "#2"},
				"south": {"uv": [7.25, 3, 7.5, 3.75], "texture": "#2"},
				"west": {"uv": [7.25, 3.75, 7.5, 4.5], "texture": "#2"},
				"up": {"uv": [6.75, 9.25, 6.5, 9], "texture": "#2"},
				"down": {"uv": [9.25, 6.5, 9, 6.75], "texture": "#2"}
			}
		},
		{
			"from": [10.5, 3, 3],
			"to": [11.5, 5, 4],
			"rotation": {"angle": 0, "axis": "y", "origin": [8, 3, 7.5]},
			"faces": {
				"north": {"uv": [4, 7.75, 4.25, 8.25], "texture": "#2"},
				"east": {"uv": [5.75, 7.75, 6, 8.25], "texture": "#2"},
				"south": {"uv": [7, 7.75, 7.25, 8.25], "texture": "#2"},
				"west": {"uv": [7.25, 7.75, 7.5, 8.25], "texture": "#2"},
				"up": {"uv": [7, 9.25, 6.75, 9], "texture": "#2"},
				"down": {"uv": [9.25, 6.75, 9, 7], "texture": "#2"}
			}
		},
		{
			"from": [11.5, 2, 9],
			"to": [12.5, 3, 11],
			"rotation": {"angle": 0, "axis": "y", "origin": [8, 3, 7.5]},
			"faces": {
				"north": {"uv": [7, 9, 7.25, 9.25], "texture": "#2"},
				"east": {"uv": [7.75, 7.5, 8.25, 7.75], "texture": "#2"},
				"south": {"uv": [9, 7, 9.25, 7.25], "texture": "#2"},
				"west": {"uv": [7.75, 7.75, 8.25, 8], "texture": "#2"},
				"up": {"uv": [8.25, 0.5, 8, 0], "texture": "#2"},
				"down": {"uv": [0.75, 8, 0.5, 8.5], "texture": "#2"}
			}
		},
		{
			"from": [11.5, 2, 4],
			"to": [12.5, 3, 6],
			"rotation": {"angle": 0, "axis": "y", "origin": [8, 3, 7.5]},
			"faces": {
				"north": {"uv": [7.25, 9, 7.5, 9.25], "texture": "#2"},
				"east": {"uv": [0.75, 8, 1.25, 8.25], "texture": "#2"},
				"south": {"uv": [9, 7.25, 9.25, 7.5], "texture": "#2"},
				"west": {"uv": [8, 1, 8.5, 1.25], "texture": "#2"},
				"up": {"uv": [1.5, 8.5, 1.25, 8], "texture": "#2"},
				"down": {"uv": [1.75, 8, 1.5, 8.5], "texture": "#2"}
			}
		},
		{
			"from": [9.5, 6, 11],
			"to": [11.5, 7, 12],
			"rotation": {"angle": 0, "axis": "y", "origin": [6, 8.5, 7.5]},
			"faces": {
				"north": {"uv": [8, 1.25, 8.5, 1.5], "texture": "#2"},
				"east": {"uv": [7.5, 9, 7.75, 9.25], "texture": "#2"},
				"south": {"uv": [8, 1.75, 8.5, 2], "texture": "#2"},
				"west": {"uv": [9, 7.5, 9.25, 7.75], "texture": "#2"},
				"up": {"uv": [2.5, 8.25, 2, 8], "texture": "#2"},
				"down": {"uv": [8.5, 2, 8, 2.25], "texture": "#2"}
			}
		},
		{
			"from": [9.5, 6, 11],
			"to": [11.5, 7, 12],
			"rotation": {"angle": 0, "axis": "y", "origin": [6, 8.5, 7.5]},
			"faces": {
				"north": {"uv": [8, 1.25, 8.5, 1.5], "texture": "#2"},
				"east": {"uv": [7.5, 9, 7.75, 9.25], "texture": "#2"},
				"south": {"uv": [8, 1.75, 8.5, 2], "texture": "#2"},
				"west": {"uv": [9, 7.5, 9.25, 7.75], "texture": "#2"},
				"up": {"uv": [2.5, 8.25, 2, 8], "texture": "#2"},
				"down": {"uv": [8.5, 2, 8, 2.25], "texture": "#2"}
			}
		},
		{
			"from": [4.5, 6, 11],
			"to": [6.5, 7, 12],
			"rotation": {"angle": 0, "axis": "y", "origin": [6, 8.5, 7.5]},
			"faces": {
				"north": {"uv": [8, 2.5, 8.5, 2.75], "texture": "#2"},
				"east": {"uv": [7.75, 9, 8, 9.25], "texture": "#2"},
				"south": {"uv": [8, 2.75, 8.5, 3], "texture": "#2"},
				"west": {"uv": [9, 7.75, 9.25, 8], "texture": "#2"},
				"up": {"uv": [8.5, 3.25, 8, 3], "texture": "#2"},
				"down": {"uv": [8.5, 3.25, 8, 3.5], "texture": "#2"}
			}
		},
		{
			"from": [11.5, 6, 9],
			"to": [12.5, 7, 11],
			"rotation": {"angle": 0, "axis": "y", "origin": [8, 3, 7.5]},
			"faces": {
				"north": {"uv": [8, 9, 8.25, 9.25], "texture": "#2"},
				"east": {"uv": [3.5, 8, 4, 8.25], "texture": "#2"},
				"south": {"uv": [9, 8, 9.25, 8.25], "texture": "#2"},
				"west": {"uv": [4.25, 8, 4.75, 8.25], "texture": "#2"},
				"up": {"uv": [8.25, 5, 8, 4.5], "texture": "#2"},
				"down": {"uv": [5, 8, 4.75, 8.5], "texture": "#2"}
			}
		},
		{
			"from": [11.5, 6, 4],
			"to": [12.5, 7, 6],
			"rotation": {"angle": 0, "axis": "y", "origin": [8, 3, 7.5]},
			"faces": {
				"north": {"uv": [8.25, 9, 8.5, 9.25], "texture": "#2"},
				"east": {"uv": [5, 8, 5.5, 8.25], "texture": "#2"},
				"south": {"uv": [9, 8.25, 9.25, 8.5], "texture": "#2"},
				"west": {"uv": [8, 5, 8.5, 5.25], "texture": "#2"},
				"up": {"uv": [8.25, 5.75, 8, 5.25], "texture": "#2"},
				"down": {"uv": [5.75, 8, 5.5, 8.5], "texture": "#2"}
			}
		},
		{
			"from": [11.5, 4, 5],
			"to": [12.5, 6, 6],
			"rotation": {"angle": 0, "axis": "x", "origin": [12, 5, 5.5]},
			"faces": {
				"north": {"uv": [5.75, 8, 5.5, 8.5], "rotation": 180, "texture": "#2"},
				"east": {"uv": [5, 8, 5.5, 8.25], "rotation": 270, "texture": "#2"},
				"south": {"uv": [8.25, 5.75, 8, 5.25], "texture": "#2"},
				"west": {"uv": [8, 5, 8.5, 5.25], "rotation": 90, "texture": "#2"},
				"up": {"uv": [8.25, 9, 8.5, 9.25], "rotation": 180, "texture": "#2"},
				"down": {"uv": [9, 8.25, 9.25, 8.5], "texture": "#2"}
			}
		},
		{
			"from": [11.5, 4, 9],
			"to": [12.5, 6, 10],
			"rotation": {"angle": 0, "axis": "x", "origin": [12, 5, 9.5]},
			"faces": {
				"north": {"uv": [5.75, 8, 5.5, 8.5], "rotation": 180, "texture": "#2"},
				"east": {"uv": [5, 8, 5.5, 8.25], "rotation": 270, "texture": "#2"},
				"south": {"uv": [8.25, 5.75, 8, 5.25], "texture": "#2"},
				"west": {"uv": [8, 5, 8.5, 5.25], "rotation": 90, "texture": "#2"},
				"up": {"uv": [8.25, 9, 8.5, 9.25], "rotation": 180, "texture": "#2"},
				"down": {"uv": [9, 8.25, 9.25, 8.5], "texture": "#2"}
			}
		},
		{
			"from": [3.5, 4, 9],
			"to": [4.5, 6, 10],
			"rotation": {"angle": 0, "axis": "x", "origin": [4, 5, 9.5]},
			"faces": {
				"north": {"uv": [5.75, 8, 5.5, 8.5], "rotation": 180, "texture": "#2"},
				"east": {"uv": [5, 8, 5.5, 8.25], "rotation": 270, "texture": "#2"},
				"south": {"uv": [8.25, 5.75, 8, 5.25], "texture": "#2"},
				"west": {"uv": [8, 5, 8.5, 5.25], "rotation": 90, "texture": "#2"},
				"up": {"uv": [8.25, 9, 8.5, 9.25], "rotation": 180, "texture": "#2"},
				"down": {"uv": [9, 8.25, 9.25, 8.5], "texture": "#2"}
			}
		},
		{
			"from": [3.5, 4, 5],
			"to": [4.5, 6, 6],
			"rotation": {"angle": 0, "axis": "x", "origin": [4, 5, 5.5]},
			"faces": {
				"north": {"uv": [5.75, 8, 5.5, 8.5], "rotation": 180, "texture": "#2"},
				"east": {"uv": [5, 8, 5.5, 8.25], "rotation": 270, "texture": "#2"},
				"south": {"uv": [8.25, 5.75, 8, 5.25], "texture": "#2"},
				"west": {"uv": [8, 5, 8.5, 5.25], "rotation": 90, "texture": "#2"},
				"up": {"uv": [8.25, 9, 8.5, 9.25], "rotation": 180, "texture": "#2"},
				"down": {"uv": [9, 8.25, 9.25, 8.5], "texture": "#2"}
			}
		},
		{
			"from": [4.5, 6, 3],
			"to": [11.5, 7, 4],
			"rotation": {"angle": 0, "axis": "y", "origin": [8, 6.5, 3.5]},
			"faces": {
				"north": {"uv": [4.5, 3.75, 6.25, 4], "texture": "#2"},
				"east": {"uv": [8.5, 9, 8.75, 9.25], "texture": "#2"},
				"south": {"uv": [4.5, 4, 6.25, 4.25], "texture": "#2"},
				"west": {"uv": [9, 8.5, 9.25, 8.75], "texture": "#2"},
				"up": {"uv": [6.25, 4.5, 4.5, 4.25], "texture": "#2"},
				"down": {"uv": [1.75, 4.75, 0, 5], "texture": "#2"}
			}
		},
		{
			"from": [4.5, 6, 4],
			"to": [11.5, 7, 5],
			"rotation": {"angle": 0, "axis": "z", "origin": [8, 6.5, 4.5]},
			"faces": {
				"north": {"uv": [4.5, 3.75, 6.25, 4], "rotation": 180, "texture": "#2"},
				"east": {"uv": [9, 8.5, 9.25, 8.75], "rotation": 180, "texture": "#2"},
				"south": {"uv": [4.5, 4, 6.25, 4.25], "rotation": 180, "texture": "#2"},
				"west": {"uv": [8.5, 9, 8.75, 9.25], "rotation": 180, "texture": "#2"},
				"up": {"uv": [1.75, 4.75, 0, 5], "rotation": 180, "texture": "#2"},
				"down": {"uv": [6.25, 4.5, 4.5, 4.25], "rotation": 180, "texture": "#2"}
			}
		},
		{
			"from": [4.5, 5, 10],
			"to": [11.5, 6, 11],
			"rotation": {"angle": 0, "axis": "z", "origin": [10, 3.5, 14.5]},
			"faces": {
				"north": {"uv": [4.5, 3.75, 6.25, 4], "rotation": 180, "texture": "#2"},
				"east": {"uv": [9, 8.5, 9.25, 8.75], "rotation": 180, "texture": "#2"},
				"south": {"uv": [4.5, 4, 6.25, 4.25], "rotation": 180, "texture": "#2"},
				"west": {"uv": [8.5, 9, 8.75, 9.25], "rotation": 180, "texture": "#2"},
				"up": {"uv": [1.75, 4.75, 0, 5], "rotation": 180, "texture": "#2"},
				"down": {"uv": [6.25, 4.5, 4.5, 4.25], "rotation": 180, "texture": "#2"}
			}
		},
		{
			"from": [7.5, 5, 3],
			"to": [8.5, 6, 4],
			"rotation": {"angle": 0, "axis": "y", "origin": [6, 8.5, 7.5]},
			"faces": {
				"north": {"uv": [8.75, 9, 9, 9.25], "texture": "#2"},
				"east": {"uv": [9, 8.75, 9.25, 9], "texture": "#2"},
				"south": {"uv": [9, 9, 9.25, 9.25], "texture": "#2"},
				"west": {"uv": [0, 9.25, 0.25, 9.5], "texture": "#2"},
				"up": {"uv": [9.5, 0.25, 9.25, 0], "texture": "#2"},
				"down": {"uv": [0.5, 9.25, 0.25, 9.5], "texture": "#2"}
			}
		},
		{
			"from": [6.5, 3, 3],
			"to": [9.5, 4, 4],
			"rotation": {"angle": 0, "axis": "y", "origin": [6, 8.5, 7.5]},
			"faces": {
				"north": {"uv": [7.25, 4.5, 8, 4.75], "texture": "#2"},
				"east": {"uv": [9.25, 0.25, 9.5, 0.5], "texture": "#2"},
				"south": {"uv": [7.25, 4.75, 8, 5], "texture": "#2"},
				"west": {"uv": [0.5, 9.25, 0.75, 9.5], "texture": "#2"},
				"up": {"uv": [5.75, 7.5, 5, 7.25], "texture": "#2"},
				"down": {"uv": [8, 5, 7.25, 5.25], "texture": "#2"}
			}
		},
		{
			"from": [3.5, 1, 5],
			"to": [4.5, 2, 10],
			"rotation": {"angle": 0, "axis": "y", "origin": [8, 2, 7.5]},
			"faces": {
				"north": {"uv": [9.25, 0.5, 9.5, 0.75], "texture": "#2"},
				"east": {"uv": [5, 5.5, 6.25, 5.75], "texture": "#2"},
				"south": {"uv": [0.75, 9.25, 1, 9.5], "texture": "#2"},
				"west": {"uv": [0, 5.75, 1.25, 6], "texture": "#2"},
				"up": {"uv": [1.5, 7, 1.25, 5.75], "texture": "#2"},
				"down": {"uv": [1.75, 5.75, 1.5, 7], "texture": "#2"}
			}
		},
		{
			"from": [11.5, 1, 5],
			"to": [12.5, 2, 10],
			"rotation": {"angle": 0, "axis": "y", "origin": [8, 2, 7.5]},
			"faces": {
				"north": {"uv": [9.25, 0.75, 9.5, 1], "texture": "#2"},
				"east": {"uv": [3.25, 5.75, 4.5, 6], "texture": "#2"},
				"south": {"uv": [1, 9.25, 1.25, 9.5], "texture": "#2"},
				"west": {"uv": [5.75, 4.75, 7, 5], "texture": "#2"},
				"up": {"uv": [2, 7, 1.75, 5.75], "texture": "#2"},
				"down": {"uv": [2.25, 5.75, 2, 7], "texture": "#2"}
			}
		},
		{
			"from": [10.5, 1, 10],
			"to": [11.5, 2, 11],
			"rotation": {"angle": 0, "axis": "y", "origin": [8, 2, 7.5]},
			"faces": {
				"north": {"uv": [9.25, 2, 9.5, 2.25], "texture": "#2"},
				"east": {"uv": [2.25, 9.25, 2.5, 9.5], "texture": "#2"},
				"south": {"uv": [9.25, 2.25, 9.5, 2.5], "texture": "#2"},
				"west": {"uv": [2.5, 9.25, 2.75, 9.5], "texture": "#2"},
				"up": {"uv": [9.5, 2.75, 9.25, 2.5], "texture": "#2"},
				"down": {"uv": [3, 9.25, 2.75, 9.5], "texture": "#2"}
			}
		},
		{
			"from": [10.5, 1, 4],
			"to": [11.5, 2, 5],
			"rotation": {"angle": 0, "axis": "y", "origin": [8, 2, 7.5]},
			"faces": {
				"north": {"uv": [9.25, 2.75, 9.5, 3], "texture": "#2"},
				"east": {"uv": [3, 9.25, 3.25, 9.5], "texture": "#2"},
				"south": {"uv": [9.25, 3, 9.5, 3.25], "texture": "#2"},
				"west": {"uv": [3.25, 9.25, 3.5, 9.5], "texture": "#2"},
				"up": {"uv": [9.5, 3.5, 9.25, 3.25], "texture": "#2"},
				"down": {"uv": [3.75, 9.25, 3.5, 9.5], "texture": "#2"}
			}
		},
		{
			"from": [4.5, 1, 4],
			"to": [5.5, 2, 5],
			"rotation": {"angle": 0, "axis": "y", "origin": [8, 2, 7.5]},
			"faces": {
				"north": {"uv": [9.25, 3.5, 9.5, 3.75], "texture": "#2"},
				"east": {"uv": [3.75, 9.25, 4, 9.5], "texture": "#2"},
				"south": {"uv": [9.25, 3.75, 9.5, 4], "texture": "#2"},
				"west": {"uv": [4, 9.25, 4.25, 9.5], "texture": "#2"},
				"up": {"uv": [9.5, 4.25, 9.25, 4], "texture": "#2"},
				"down": {"uv": [4.5, 9.25, 4.25, 9.5], "texture": "#2"}
			}
		},
		{
			"from": [4.5, 1, 10],
			"to": [5.5, 2, 11],
			"rotation": {"angle": 0, "axis": "y", "origin": [8, 2, 7.5]},
			"faces": {
				"north": {"uv": [9.25, 4.25, 9.5, 4.5], "texture": "#2"},
				"east": {"uv": [4.5, 9.25, 4.75, 9.5], "texture": "#2"},
				"south": {"uv": [9.25, 4.5, 9.5, 4.75], "texture": "#2"},
				"west": {"uv": [4.75, 9.25, 5, 9.5], "texture": "#2"},
				"up": {"uv": [9.5, 5, 9.25, 4.75], "texture": "#2"},
				"down": {"uv": [5.25, 9.25, 5, 9.5], "texture": "#2"}
			}
		}
	],
	"display": {
		"thirdperson_righthand": {
			"rotation": [91, 0, 0],
			"translation": [0, -2, -3],
			"scale": [0.75, 0.75, 0.75]
		},
		"thirdperson_lefthand": {
			"rotation": [90, 0, 0],
			"translation": [0, -2, -3],
			"scale": [0.75, 0.75, 0.75]
		},
		"firstperson_righthand": {
			"rotation": [-165.46, 67, 174.31],
			"translation": [-1.25, 7.25, 3.75],
			"scale": [0.5, 0.5, 0.5]
		},
		"firstperson_lefthand": {
			"rotation": [-176.25, 79, 180],
			"translation": [-1.25, 7.25, 3.75],
			"scale": [0.5, 0.5, 0.5]
		},
		"ground": {
			"translation": [0, 4.5, 0],
			"scale": [0.7, 0.7, 0.7]
		},
		"gui": {
			"rotation": [20, 143, 0],
			"translation": [0, 1, 0],
			"scale": [0.9, 0.9, 0.9]
		},
		"head": {
			"translation": [0, 7.5, 0.5],
			"scale": [2, 2, 2]
		},
		"fixed": {
			"translation": [0, 1, -1.25]
		}
	},
	"groups": [
		{
			"name": "Lid",
			"origin": [8, 12.925, 7.5875],
			"color": 0,
			"children": [0, 1, 2, 3, 4, 5, 6, 7, 8, 9, 10, 11, 12, 13, 14, 15, 16, 17, 18, 19, 20, 21, 22, 23, 24, 25, 26, 27, 28, 29, 30, 31, 32, 33, 34, 35]
		},
		{
			"name": "Pumpkin",
			"origin": [8, 1.5, 8],
			"color": 0,
			"children": [
				36,
				37,
				38,
				39,
				40,
				41,
				42,
				43,
				44,
				45,
				46,
				47,
				48,
				49,
				50,
				51,
				52,
				53,
				54,
				55,
				56,
				57,
				58,
				59,
				60,
				61,
				62,
				63,
				64,
				65,
				66,
				67,
				68,
				69,
				70,
				71,
				72,
				73,
				74,
				75,
				76,
				77,
				78,
				79,
				80,
				81,
				82,
				83,
				84,
				85,
				86,
				87,
				88,
				89,
				90,
				91,
				92,
				93,
				94,
				95,
				96,
				97,
				98,
				99,
				100,
				101,
				102,
				103,
				104,
				105,
				106,
				107,
				108
			]
		}
	]
}