{
    "providers": [
    {
        "type": "bitmap",
        "file": "mchub:font/space_split.png",
        "ascent": -32768,
        "height": -3,
        "chars": [
          "\uE000"
        ]
      },
      {
        "type": "bitmap",
        "file": "mchub:font/space_split.png",
        "ascent": -32768,
        "height": 0,
        "chars": [
          "橉"
        ]
      },
      {
        "type": "bitmap",
        "file": "mchub:font/space_split.png",
        "ascent": -32768,
        "height": -4,
        "chars": [
          "\uE001"
        ]
      },
      {
        "type": "bitmap",
        "file": "mchub:font/space_split.png",
        "ascent": -32768,
        "height": -5,
        "chars": [
          "\uE002"
        ]
      },
  
      {
        "type": "bitmap",
        "file": "mchub:font/space_split.png",
        "ascent": -32768,
        "height": -6,
        "chars": [
          "\uE003"
        ]
      },
      {
        "type": "bitmap",
        "file": "mchub:font/space_split.png",
        "ascent": -32768,
        "height": -7,
        "chars": [
          "\uE004"
        ]
      },
      {
        "type": "bitmap",
        "file": "mchub:font/space_split.png",
        "ascent": -32768,
        "height": -7,
        "chars": [
          "橈"
        ]
      },
      {
        "type": "bitmap",
        "file": "mchub:font/space_split.png",
        "ascent": -32768,
        "height": -8,
        "chars": [
          "\uE005"
        ]
      },
      {
        "type": "bitmap",
        "file": "mchub:font/space_split.png",
        "ascent": -32768,
        "height": -9,
        "chars": [
          "\uE006"
        ]
      },
      {
        "type": "bitmap",
        "file": "mchub:font/space_split.png",
        "ascent": -32768,
        "height": -10,
        "chars": [
          "\uE007"
        ]
      },
      {
        "type": "bitmap",
        "file": "mchub:font/space_split.png",
        "ascent": -32768,
        "height": -10,
        "chars": [
          "曃"
        ]
      },
      {
        "type": "bitmap",
        "file": "mchub:font/space_split.png",
        "ascent": -32768,
        "height": -11,
        "chars": [
          "\uE008"
        ]
      },
      {
        "type": "bitmap",
        "file": "mchub:font/space_split.png",
        "ascent": -32768,
        "height": -12,
        "chars": [
          "\uE009"
        ]
      },
      {
        "type": "bitmap",
        "file": "mchub:font/space_split.png",
        "ascent": -32768,
        "height": -13,
        "chars": [
          "\uE00A"
        ]
      },
      {
        "type": "bitmap",
        "file": "mchub:font/space_split.png",
        "ascent": -32768,
        "height": -13,
        "chars": [
          "橋"
        ]
      },
      {
        "type": "bitmap",
        "file": "mchub:font/space_split.png",
        "ascent": -32768,
        "height": -14,
        "chars": [
          "橌"
        ]
      },
      {
        "type": "bitmap",
        "file": "mchub:font/space_split.png",
        "ascent": -32768,
        "height": -14,
        "chars": [
          "\uE00B"
        ]
      },
      {
        "type": "bitmap",
        "file": "mchub:font/space_split.png",
        "ascent": -32768,
        "height": -15,
        "chars": [
          "\uE00C"
        ]
      },
      {
        "type": "bitmap",
        "file": "mchub:font/space_split.png",
        "ascent": -32768,
        "height": -16,
        "chars": [
          "\uE00D"
        ]
      },
      {
        "type": "bitmap",
        "file": "mchub:font/space_split.png",
        "ascent": -32768,
        "height": -17,
        "chars": [
          "\uE00E"
        ]
      },
      {
        "type": "bitmap",
        "file": "mchub:font/space_split.png",
        "ascent": -32768,
        "height": -18,
        "chars": [
          "\uE00F"
        ]
      },
      {
        "type": "bitmap",
        "file": "mchub:font/space_split.png",
        "ascent": -32768,
        "height": -19,
        "chars": [
          "\uE010"
        ]
      },
      {
        "type": "bitmap",
        "file": "mchub:font/space_split.png",
        "ascent": -32768,
        "height": -20,
        "chars": [
          "\uE011"
        ]
      },
      {
        "type": "bitmap",
        "file": "mchub:font/space_split.png",
        "ascent": -32768,
        "height": -20,
        "chars": [
          "橍"
        ]
      },
      {
        "type": "bitmap",
        "file": "mchub:font/space_split.png",
        "ascent": -32768,
        "height": -21,
        "chars": [
          "\uE012"
        ]
      },
      {
        "type": "bitmap",
        "file": "mchub:font/space_split.png",
        "ascent": -32768,
        "height": -22,
        "chars": [
          "\uE013"
        ]
      },
      {
        "type": "bitmap",
        "file": "mchub:font/space_split.png",
        "ascent": -32768,
        "height": -23,
        "chars": [
          "\uE014"
        ]
      },
      {
        "type": "bitmap",
        "file": "mchub:font/space_split.png",
        "ascent": -32768,
        "height": -24,
        "chars": [
          "\uE015"
        ]
      },
      {
        "type": "bitmap",
        "file": "mchub:font/space_split.png",
        "ascent": -32768,
        "height": -25,
        "chars": [
          "\uE016"
        ]
      },
      {
        "type": "bitmap",
        "file": "mchub:font/space_split.png",
        "ascent": -32768,
        "height": -25,
        "chars": [
          "槕"
        ]
      },
      {
        "type": "bitmap",
        "file": "mchub:font/space_split.png",
        "ascent": -32768,
        "height": -26,
        "chars": [
          "橒"
        ]
      },
      {
        "type": "bitmap",
        "file": "mchub:font/space_split.png",
        "ascent": -32768,
        "height": -26,
        "chars": [
          "\uE017"
        ]
      },
      {
        "type": "bitmap",
        "file": "mchub:font/space_split.png",
        "ascent": -32768,
        "height": -27,
        "chars": [
          "\uE018"
        ]
      },
      {
        "type": "bitmap",
        "file": "mchub:font/space_split.png",
        "ascent": -32768,
        "height": -28,
        "chars": [
          "\uE019"
        ]
      },
      {
        "type": "bitmap",
        "file": "mchub:font/space_split.png",
        "ascent": -32768,
        "height": -29,
        "chars": [
          "\uE01A"
        ]
      },
      {
        "type": "bitmap",
        "file": "mchub:font/space_split.png",
        "ascent": -32768,
        "height": -30,
        "chars": [
          "\uE01B"
        ]
      },
      {
        "type": "bitmap",
        "file": "mchub:font/space_split.png",
        "ascent": -32768,
        "height": -31,
        "chars": [
          "\uE01C"
        ]
      },
      {
        "type": "bitmap",
        "file": "mchub:font/space_split.png",
        "ascent": -32768,
        "height": -32,
        "chars": [
          "\uE01D"
        ]
      },
      {
        "type": "bitmap",
        "file": "mchub:font/space_split.png",
        "ascent": -32768,
        "height": -33,
        "chars": [
          "\uE01E"
        ]
      },
      {
        "type": "bitmap",
        "file": "mchub:font/space_split.png",
        "ascent": -32768,
        "height": -34,
        "chars": [
          "\uE01F"
        ]
      },
      {
        "type": "bitmap",
        "file": "mchub:font/space_split.png",
        "ascent": -32768,
        "height": -35,
        "chars": [
          "\uE020"
        ]
      },
      {
        "type": "bitmap",
        "file": "mchub:font/space_split.png",
        "ascent": -32768,
        "height": -36,
        "chars": [
          "\uE021"
        ]
      },
      {
        "type": "bitmap",
        "file": "mchub:font/space_split.png",
        "ascent": -32768,
        "height": -37,
        "chars": [
          "\uE022"
        ]
      },
      {
        "type": "bitmap",
        "file": "mchub:font/space_split.png",
        "ascent": -32768,
        "height": -38,
        "chars": [
          "\uE023"
        ]
      },
      {
        "type": "bitmap",
        "file": "mchub:font/space_split.png",
        "ascent": -32768,
        "height": -39,
        "chars": [
          "\uE024"
        ]
      },
      {
        "type": "bitmap",
        "file": "mchub:font/space_split.png",
        "ascent": -32768,
        "height": -40,
        "chars": [
          "\uE025"
        ]
      },
      {
        "type": "bitmap",
        "file": "mchub:font/space_split.png",
        "ascent": -32768,
        "height": -41,
        "chars": [
          "\uE026"
        ]
      },
      {
        "type": "bitmap",
        "file": "mchub:font/space_split.png",
        "ascent": -32768,
        "height": -42,
        "chars": [
          "\uE027"
        ]
      },
      {
        "type": "bitmap",
        "file": "mchub:font/space_split.png",
        "ascent": -32768,
        "height": -42,
        "chars": [
          "橊"
        ]
      },
      {
        "type": "bitmap",
        "file": "mchub:font/space_split.png",
        "ascent": -32768,
        "height": -43,
        "chars": [
          "\uE028"
        ]
      },
      {
        "type": "bitmap",
        "file": "mchub:font/space_split.png",
        "ascent": -32768,
        "height": -44,
        "chars": [
          "\uE029"
        ]
      },
      {
        "type": "bitmap",
        "file": "mchub:font/space_split.png",
        "ascent": -32768,
        "height": -45,
        "chars": [
          "\uE02A"
        ]
      },
      {
        "type": "bitmap",
        "file": "mchub:font/space_split.png",
        "ascent": -32768,
        "height": -46,
        "chars": [
          "\uE02B"
        ]
      },
      {
        "type": "bitmap",
        "file": "mchub:font/space_split.png",
        "ascent": -32768,
        "height": -47,
        "chars": [
          "\uE02C"
        ]
      },
      {
        "type": "bitmap",
        "file": "mchub:font/space_split.png",
        "ascent": -32768,
        "height": -48,
        "chars": [
          "\uE02D"
        ]
      },
      {
        "type": "bitmap",
        "file": "mchub:font/space_split.png",
        "ascent": -32768,
        "height": -49,
        "chars": [
          "\uE02E"
        ]
      },
      {
        "type": "bitmap",
        "file": "mchub:font/space_split.png",
        "ascent": -32768,
        "height": -50,
        "chars": [
          "\uE02F"
        ]
      },
      {
        "type": "bitmap",
        "file": "mchub:font/space_split.png",
        "ascent": -32768,
        "height": -51,
        "chars": [
          "\uE030"
        ]
      },
      {
        "type": "bitmap",
        "file": "mchub:font/space_split.png",
        "ascent": -32768,
        "height": -52,
        "chars": [
          "\uE031"
        ]
      },
      {
        "type": "bitmap",
        "file": "mchub:font/space_split.png",
        "ascent": -32768,
        "height": -53,
        "chars": [
          "\uE032"
        ]
      },
      {
        "type": "bitmap",
        "file": "mchub:font/space_split.png",
        "ascent": -32768,
        "height": -54,
        "chars": [
          "\uE033"
        ]
      },
      {
        "type": "bitmap",
        "file": "mchub:font/space_split.png",
        "ascent": -32768,
        "height": -55,
        "chars": [
          "\uE034"
        ]
      },
      {
        "type": "bitmap",
        "file": "mchub:font/space_split.png",
        "ascent": -32768,
        "height": -56,
        "chars": [
          "\uE035"
        ]
      },
      {
        "type": "bitmap",
        "file": "mchub:font/space_split.png",
        "ascent": -32768,
        "height": -56,
        "chars": [
          "曍"
        ]
      },
      {
        "type": "bitmap",
        "file": "mchub:font/space_split.png",
        "ascent": -32768,
        "height": -57,
        "chars": [
          "\uE036"
        ]
      },
      {
        "type": "bitmap",
        "file": "mchub:font/space_split.png",
        "ascent": -32768,
        "height": -58,
        "chars": [
          "\uE037"
        ]
      },
      {
        "type": "bitmap",
        "file": "mchub:font/space_split.png",
        "ascent": -32768,
        "height": -59,
        "chars": [
          "\uE038"
        ]
      },
      {
        "type": "bitmap",
        "file": "mchub:font/space_split.png",
        "ascent": -32768,
        "height": -60,
        "chars": [
          "\uE039"
        ]
      },
      {
        "type": "bitmap",
        "file": "mchub:font/space_split.png",
        "ascent": -32768,
        "height": -61,
        "chars": [
          "\uE03A"
        ]
      },
      {
        "type": "bitmap",
        "file": "mchub:font/space_split.png",
        "ascent": -32768,
        "height": -62,
        "chars": [
          "\uE03B"
        ]
      },
      {
        "type": "bitmap",
        "file": "mchub:font/space_split.png",
        "ascent": -32768,
        "height": -63,
        "chars": [
          "\uE03C"
        ]
      },
      {
        "type": "bitmap",
        "file": "mchub:font/space_split.png",
        "ascent": -32768,
        "height": -64,
        "chars": [
          "\uE03D"
        ]
      },
      {
        "type": "bitmap",
        "file": "mchub:font/space_split.png",
        "ascent": -32768,
        "height": -65,
        "chars": [
          "\uE03E"
        ]
      },
      {
        "type": "bitmap",
        "file": "mchub:font/space_split.png",
        "ascent": -32768,
        "height": -66,
        "chars": [
          "\uE03F"
        ]
      },
      {
        "type": "bitmap",
        "file": "mchub:font/space_split.png",
        "ascent": -32768,
        "height": -67,
        "chars": [
          "\uE040"
        ]
      },
      {
        "type": "bitmap",
        "file": "mchub:font/space_split.png",
        "ascent": -32768,
        "height": -68,
        "chars": [
          "\uE041"
        ]
      },
      {
        "type": "bitmap",
        "file": "mchub:font/space_split.png",
        "ascent": -32768,
        "height": -69,
        "chars": [
          "\uE042"
        ]
      },
      {
        "type": "bitmap",
        "file": "mchub:font/space_split.png",
        "ascent": -32768,
        "height": -70,
        "chars": [
          "\uE043"
        ]
      },
      {
        "type": "bitmap",
        "file": "mchub:font/space_split.png",
        "ascent": -32768,
        "height": -71,
        "chars": [
          "\uE044"
        ]
      },
      {
        "type": "bitmap",
        "file": "mchub:font/space_split.png",
        "ascent": -32768,
        "height": -72,
        "chars": [
          "\uE045"
        ]
      },
      {
        "type": "bitmap",
        "file": "mchub:font/space_split.png",
        "ascent": -32768,
        "height": -73,
        "chars": [
          "\uE046"
        ]
      },
      {
        "type": "bitmap",
        "file": "mchub:font/space_split.png",
        "ascent": -32768,
        "height": -74,
        "chars": [
          "\uE047"
        ]
      },
      {
        "type": "bitmap",
        "file": "mchub:font/space_split.png",
        "ascent": -32768,
        "height": -75,
        "chars": [
          "\uE048"
        ]
      },
      {
        "type": "bitmap",
        "file": "mchub:font/space_split.png",
        "ascent": -32768,
        "height": -76,
        "chars": [
          "\uE049"
        ]
      },
      {
        "type": "bitmap",
        "file": "mchub:font/space_split.png",
        "ascent": -32768,
        "height": -77,
        "chars": [
          "\uE04A"
        ]
      },
      {
        "type": "bitmap",
        "file": "mchub:font/space_split.png",
        "ascent": -32768,
        "height": -78,
        "chars": [
          "\uE04B"
        ]
      },
      {
        "type": "bitmap",
        "file": "mchub:font/space_split.png",
        "ascent": -32768,
        "height": -79,
        "chars": [
          "\uE04C"
        ]
      },
      {
        "type": "bitmap",
        "file": "mchub:font/space_split.png",
        "ascent": -32768,
        "height": -80,
        "chars": [
          "\uE04D"
        ]
      },
      {
        "type": "bitmap",
        "file": "mchub:font/space_split.png",
        "ascent": -32768,
        "height": -81,
        "chars": [
          "\uE04E"
        ]
      },
      {
        "type": "bitmap",
        "file": "mchub:font/space_split.png",
        "ascent": -32768,
        "height": -82,
        "chars": [
          "\uE04F"
        ]
      },
      {
        "type": "bitmap",
        "file": "mchub:font/space_split.png",
        "ascent": -32768,
        "height": -83,
        "chars": [
          "\uE050"
        ]
      },
      {
        "type": "bitmap",
        "file": "mchub:font/space_split.png",
        "ascent": -32768,
        "height": -84,
        "chars": [
          "\uE051"
        ]
      },
      {
        "type": "bitmap",
        "file": "mchub:font/space_split.png",
        "ascent": -32768,
        "height": -85,
        "chars": [
          "\uE052"
        ]
      },
      {
        "type": "bitmap",
        "file": "mchub:font/space_split.png",
        "ascent": -32768,
        "height": -86,
        "chars": [
          "\uE053"
        ]
      },
      {
        "type": "bitmap",
        "file": "mchub:font/space_split.png",
        "ascent": -32768,
        "height": -87,
        "chars": [
          "\uE054"
        ]
      },
      {
        "type": "bitmap",
        "file": "mchub:font/space_split.png",
        "ascent": -32768,
        "height": -88,
        "chars": [
          "\uE055"
        ]
      },
      {
        "type": "bitmap",
        "file": "mchub:font/space_split.png",
        "ascent": -32768,
        "height": -89,
        "chars": [
          "\uE056"
        ]
      },
      {
        "type": "bitmap",
        "file": "mchub:font/space_split.png",
        "ascent": -32768,
        "height": -90,
        "chars": [
          "\uE057"
        ]
      },
      {
        "type": "bitmap",
        "file": "mchub:font/space_split.png",
        "ascent": -32768,
        "height": -91,
        "chars": [
          "\uE058"
        ]
      },
      {
        "type": "bitmap",
        "file": "mchub:font/space_split.png",
        "ascent": -32768,
        "height": -92,
        "chars": [
          "\uE059"
        ]
      },
      {
        "type": "bitmap",
        "file": "mchub:font/space_split.png",
        "ascent": -32768,
        "height": -93,
        "chars": [
          "\uE05A"
        ]
      },
      {
        "type": "bitmap",
        "file": "mchub:font/space_split.png",
        "ascent": -32768,
        "height": -94,
        "chars": [
          "\uE05B"
        ]
      },
      {
        "type": "bitmap",
        "file": "mchub:font/space_split.png",
        "ascent": -32768,
        "height": -95,
        "chars": [
          "\uE05C"
        ]
      },
      {
        "type": "bitmap",
        "file": "mchub:font/space_split.png",
        "ascent": -32768,
        "height": -96,
        "chars": [
          "\uE05D"
        ]
      },
      {
        "type": "bitmap",
        "file": "mchub:font/space_split.png",
        "ascent": -32768,
        "height": -97,
        "chars": [
          "\uE05E"
        ]
      },
      {
        "type": "bitmap",
        "file": "mchub:font/space_split.png",
        "ascent": -32768,
        "height": -98,
        "chars": [
          "\uE05F"
        ]
      },
      {
        "type": "bitmap",
        "file": "mchub:font/space_split.png",
        "ascent": -32768,
        "height": -98,
        "chars": [
          "槙"
        ]
      },
      {
        "type": "bitmap",
        "file": "mchub:font/space_split.png",
        "ascent": -32768,
        "height": -99,
        "chars": [
          "\uE060"
        ]
      },
      {
        "type": "bitmap",
        "file": "mchub:font/space_split.png",
        "ascent": -32768,
        "height": -100,
        "chars": [
          "\uE061"
        ]
      },
      {
        "type": "bitmap",
        "file": "mchub:font/space_split.png",
        "ascent": -32768,
        "height": -101,
        "chars": [
          "\uE062"
        ]
      },
      {
        "type": "bitmap",
        "file": "mchub:font/space_split.png",
        "ascent": -32768,
        "height": -102,
        "chars": [
          "\uE063"
        ]
      },
      {
        "type": "bitmap",
        "file": "mchub:font/space_split.png",
        "ascent": -32768,
        "height": -103,
        "chars": [
          "\uE064"
        ]
      },
      {
        "type": "bitmap",
        "file": "mchub:font/space_split.png",
        "ascent": -32768,
        "height": -104,
        "chars": [
          "\uE065"
        ]
      },
      {
        "type": "bitmap",
        "file": "mchub:font/space_split.png",
        "ascent": -32768,
        "height": -105,
        "chars": [
          "\uE066"
        ]
      },
      {
        "type": "bitmap",
        "file": "mchub:font/space_split.png",
        "ascent": -32768,
        "height": -106,
        "chars": [
          "\uE067"
        ]
      },
      {
        "type": "bitmap",
        "file": "mchub:font/space_split.png",
        "ascent": -32768,
        "height": -107,
        "chars": [
          "\uE068"
        ]
      },
      {
        "type": "bitmap",
        "file": "mchub:font/space_split.png",
        "ascent": -32768,
        "height": -108,
        "chars": [
          "\uE069"
        ]
      },
      {
        "type": "bitmap",
        "file": "mchub:font/space_split.png",
        "ascent": -32768,
        "height": -109,
        "chars": [
          "\uE06A"
        ]
      },
      {
        "type": "bitmap",
        "file": "mchub:font/space_split.png",
        "ascent": -32768,
        "height": -110,
        "chars": [
          "\uE06B"
        ]
      },
      {
        "type": "bitmap",
        "file": "mchub:font/space_split.png",
        "ascent": -32768,
        "height": -111,
        "chars": [
          "\uE06C"
        ]
      },
      {
        "type": "bitmap",
        "file": "mchub:font/space_split.png",
        "ascent": -32768,
        "height": -112,
        "chars": [
          "\uE06D"
        ]
      },
      {
        "type": "bitmap",
        "file": "mchub:font/space_split.png",
        "ascent": -32768,
        "height": -113,
        "chars": [
          "\uE06E"
        ]
      },
      {
        "type": "bitmap",
        "file": "mchub:font/space_split.png",
        "ascent": -32768,
        "height": -114,
        "chars": [
          "\uE06F"
        ]
      },
      {
        "type": "bitmap",
        "file": "mchub:font/space_split.png",
        "ascent": -32768,
        "height": -115,
        "chars": [
          "\uE070"
        ]
      },
      {
        "type": "bitmap",
        "file": "mchub:font/space_split.png",
        "ascent": -32768,
        "height": -116,
        "chars": [
          "\uE071"
        ]
      },
      {
        "type": "bitmap",
        "file": "mchub:font/space_split.png",
        "ascent": -32768,
        "height": -117,
        "chars": [
          "\uE072"
        ]
      },
      {
        "type": "bitmap",
        "file": "mchub:font/space_split.png",
        "ascent": -32768,
        "height": -118,
        "chars": [
          "\uE073"
        ]
      },
      {
        "type": "bitmap",
        "file": "mchub:font/space_split.png",
        "ascent": -32768,
        "height": -119,
        "chars": [
          "\uE074"
        ]
      },
      {
        "type": "bitmap",
        "file": "mchub:font/space_split.png",
        "ascent": -32768,
        "height": -120,
        "chars": [
          "\uE075"
        ]
      },
      {
        "type": "bitmap",
        "file": "mchub:font/space_split.png",
        "ascent": -32768,
        "height": -121,
        "chars": [
          "\uE076"
        ]
      },
      {
        "type": "bitmap",
        "file": "mchub:font/space_split.png",
        "ascent": -32768,
        "height": -122,
        "chars": [
          "\uE077"
        ]
      },
      {
        "type": "bitmap",
        "file": "mchub:font/space_split.png",
        "ascent": -32768,
        "height": -123,
        "chars": [
          "\uE078"
        ]
      },
      {
        "type": "bitmap",
        "file": "mchub:font/space_split.png",
        "ascent": -32768,
        "height": -124,
        "chars": [
          "\uE079"
        ]
      },
      {
        "type": "bitmap",
        "file": "mchub:font/space_split.png",
        "ascent": -32768,
        "height": -125,
        "chars": [
          "\uE07A"
        ]
      },
      {
        "type": "bitmap",
        "file": "mchub:font/space_split.png",
        "ascent": -32768,
        "height": -126,
        "chars": [
          "\uE07B"
        ]
      },
      {
        "type": "bitmap",
        "file": "mchub:font/space_split.png",
        "ascent": -32768,
        "height": -127,
        "chars": [
          "\uE07C"
        ]
      },
      {
        "type": "bitmap",
        "file": "mchub:font/space_split.png",
        "ascent": -32768,
        "height": -128,
        "chars": [
          "\uE07D"
        ]
      },{
        "type": "bitmap",
        "file": "mchub:font/space_split.png",
        "ascent": -32768,
        "height": -131,
        "chars": [
          "槉"
        ]
      },
      {
        "type": "bitmap",
        "file": "mchub:font/space_split.png",
        "ascent": -32768,
        "height": -142,
        "chars": [
          "朾"
        ]
      },
      {
        "type": "bitmap",
        "file": "mchub:font/space_split.png",
        "ascent": -32768,
        "height": -170,
        "chars": [
          "曆"
        ]
      },
      {
        "type": "bitmap",
        "file": "mchub:font/space_split.png",
        "ascent": -32768,
        "height": 1,
        "chars": [
          "曄"
        ]
      },
      {
        "type": "bitmap",
        "file": "mchub:font/space_split.png",
        "ascent": -32768,
        "height": 19,
        "chars": [
          "曋"
        ]
      },
      {
        "type": "bitmap",
        "file": "mchub:font/space_split.png",
        "ascent": -32768,
        "height": 37,
        "chars": [
          "槝"
        ]
      },
      {
        "file": "mchub:ui/rankssurvival.png",
        "chars": [
          "丩",
          "个",
          "丫",
          "丬",
          "中",
          "丮",
          "丯",
          "丰",
          "丱",
          "串",
          "丳",
          "临",
          "丵",
          "丶"
        ],
        "height": 9,
        "ascent": 8,
        "type": "bitmap"
      },
      {
        "file": "mchub:ui/ranksskyblock.png",
        "chars": [
          "丷",
          "丸",
          "乁",
          "丹",
          "为",
          "主",
          "丼",
          "丽",
          "举",
          "丿",
          "乀"
        ],
        "height": 9,
        "ascent": 8,
        "type": "bitmap"
      },
      {
        "file": "mchub:ui/hercules.png",
        "chars": [
          "㑓"
        ],
        "height": 9,
        "ascent": 8,
        "type": "bitmap"
      },
      {
        "file": "mchub:ui/rankstrial.png",
        "chars": [
          "㐰"
        ],
        "height": 9,
        "ascent": 8,
        "type": "bitmap"
      },
      {
        "file": "mchub:ui/ranksglobal.png",
        "chars": [
          "字",
          "子",
          "目",
          "水",
          "氵",
          "氶",
          "氷",
          "永",
          "氹",
          "氺",
          "氻",
          "氼",
          "氽",
          "氾",
          "氿",
          "汀",
          "汁",
          "求",
          "汃",
          "汄",
          "汅",
          "汆",
          "汇",
          "汈"
        ],
        "height": 9,
        "ascent": 8,
        "type": "bitmap"
        },
      {
        "file": "mchub:ui/logolong.png",
        "chars": [
          "两严",
          "並丧"
        ],
        "height": 64,
        "ascent": 16,
        "type": "bitmap"
      },
      {
        "file": "mchub:ui/logolong.png",
        "chars": [
          "糷糸",
          "糹糺"
        ],
        "height": 64,
        "ascent": 64,
        "type": "bitmap"
      },
      {
        "file": "mchub:ui/logolong.png",
        "chars": [
          "丠両",
          "丢丣"
        ],
        "height": 120,
        "ascent": 28,
        "type": "bitmap"
      },
      {
        "type": "bitmap",
        "file": "custom/ui/actionbar/currency_font_white2.png",
        "ascent": -19,
        "height": 5,
        "chars": [
          "ꢒꢓꢔꢕꢖꢗꢘꢙꢚꢛꢜꢝꢞꢠꢡꢢ"
        ]
      },
      {
        "type": "bitmap",
        "file": "custom/ui/actionbar/skyblock_action_bar_currency.png",
        "ascent": -14,
        "height": 12,
        "chars": [
          "ꢣ"
        ]
      },
      {
        "type": "bitmap",
        "file": "custom/ui/3slot.png",
        "ascent": 19,
        "height": 101,
        "chars": [
          "暔杒杗",
          "暘杔杘",
          "杚杛杝",
          "槇ꑝꑝ"
        ]
      },
      {
        "type": "bitmap",
        "file": "custom/ui/6slot.png",
        "ascent": 19,
        "height": 137,
        "chars": [
          "槖槗"
        ]
      },
      {
        "type": "bitmap",
        "file": "custom/ui/shop/numbers.png",
        "ascent": -15,
        "height": 5,
        "chars": [
          "樍樎樏樐樒樓樔樕樖標"
        ]
      },
      {
        "type": "bitmap",
        "file": "custom/ui/shop/numbers.png",
        "ascent": -23,
        "height": 5,
        "chars": [
          "樚樛樜樝樞樠樢樣樤樥"
        ]
      },
      {
        "type": "bitmap",
        "file": "custom/ui/shop/numbers.png",
        "ascent": -41,
        "height": 5,
        "chars": [
          "樦樧権樫樬樭樲樳樴樶"
        ]
      },
      {
        "type": "bitmap",
        "file": "custom/ui/shop/numbers.png",
        "ascent": -49,
        "height": 5,
        "chars": [
          "樷樸樹樺樻樼樿橀橂橃"
        ]
      },
      {
        "type": "bitmap",
        "file": "custom/ui/uititles.png",
        "ascent": 14,
        "height": 15,
        "chars": [
          "杮",
          "東",
          "杴",
          "杶",
          "杸",
          "杹",
          "杽",
          "枆",
          "枈",
          "枊",
          "枌",
          "枎",
          "槄",
          "槅",
          "槆",
          "構"
        ]
      },
      {
        "type": "bitmap",
        "file": "custom/ui/flags/flagbut.png",
        "ascent": -5,
        "height": 17,
        "chars": [
          "槓",
          "槒",
          "槑",
          "槏",
          "槍"
        ]
      },
      {
        "type": "bitmap",
        "file": "custom/ui/flags/scroll1.png",
        "ascent": -13,
        "height": 91,
        "chars": [
          "槡槢槣"
        ]
      },
      {
        "type": "bitmap",
        "file": "custom/ui/flags/scroll.png",
        "ascent": -13,
        "height": 91,
        "chars": [
          "槤槦槧槨槪槫槬槮槯槰槵"
        ]
      },
      {
        "type": "bitmap",
        "file": "custom/ui/shop/scroll.png",
        "ascent": -11,
        "height": 39,
        "chars": [
          "暙暚暞暟暠暡暢暣暥暦暩",
          "暭暯暰暱暷暸暺暼暽曀曁"
        ]
      },
      {
        "type": "bitmap",
        "file": "custom/ui/shop/shopcategories.png",
        "ascent": -21,
        "height": 19,
        "chars": [
          "暪",
          "暫",
          "暬",
          "曂"
        ]
      },
      {
        "type": "bitmap",
        "file": "custom/ui/shop/buttons.png",
        "ascent": -3,
        "height": 17,
        "chars": [
          "曇",
          "曉",
          "曎"
        ]
      },
      {
        "type": "bitmap",
        "file": "custom/ui/shop/text.png",
        "ascent": -4,
        "height": 50,
        "chars": [
          "朆朇朌朎朑朒朖朙朚朜朠",
          "朡朣朤朥朧朮朲朷朻朼朅",
          "曮曯曱曵書曺曻朁朂會朄",
          "曟曠曡曢曣曤曥曨曪曫曬"
        ]
      },
      {
        "type": "bitmap",
        "file": "custom/ui/shop/numbers.png",
        "ascent": -42,
        "height": 5,
        "chars": [
          "曑曒曓曕曖曗曘曚曞曭"
        ]
      }
    ]
  }