{
	"credit": "Made with Blockbench",
	"texture_size": [64, 64],
	"textures": {
		"0": "item/christmas/present_red",
		"particle": "item/christmas/present_red"
	},
	"elements": [
		{
			"from": [7, 7, 15],
			"to": [9, 9, 15.5],
			"rotation": {"angle": 0, "axis": "y", "origin": [8, 7.30978, 8]},
			"faces": {
				"north": {"uv": [4.25, 11, 4.75, 12], "texture": "#0"},
				"east": {"uv": [2.75, 12.5, 2.875, 13.5], "texture": "#0"},
				"south": {"uv": [11, 5, 11.5, 6], "texture": "#0"},
				"west": {"uv": [3, 12.5, 3.125, 13.5], "texture": "#0"},
				"up": {"uv": [13.75, 6.875, 13.25, 6.75], "texture": "#0"},
				"down": {"uv": [7.75, 13.25, 7.25, 13.375], "texture": "#0"}
			}
		},
		{
			"from": [7, 0, 14],
			"to": [9, 7, 14.5],
			"rotation": {"angle": 0, "axis": "y", "origin": [8, 7.30978, 8]},
			"faces": {
				"north": {"uv": [8, 9, 8.5, 10.75], "texture": "#0"},
				"east": {"uv": [5.25, 12, 5.375, 13.75], "texture": "#0"},
				"south": {"uv": [8.5, 9, 9, 10.75], "texture": "#0"},
				"west": {"uv": [5.5, 12, 5.625, 13.75], "texture": "#0"},
				"up": {"uv": [13.75, 11.125, 13.25, 11], "texture": "#0"},
				"down": {"uv": [13.75, 12.25, 13.25, 12.375], "texture": "#0"}
			}
		},
		{
			"from": [7, 6.5, 14.5],
			"to": [9, 7, 15],
			"rotation": {"angle": 0, "axis": "y", "origin": [8, 7.30978, 8]},
			"faces": {
				"north": {"uv": [12.75, 13.25, 13.25, 13.375], "texture": "#0"},
				"east": {"uv": [13, 13.5, 13.125, 13.625], "texture": "#0"},
				"south": {"uv": [13.25, 12.75, 13.75, 12.875], "texture": "#0"},
				"west": {"uv": [13.25, 13.5, 13.375, 13.625], "texture": "#0"},
				"up": {"uv": [13.75, 13.125, 13.25, 13], "texture": "#0"},
				"down": {"uv": [13.75, 13.25, 13.25, 13.375], "texture": "#0"}
			}
		},
		{
			"from": [1.5, 0, 7],
			"to": [2, 7, 9],
			"rotation": {"angle": 0, "axis": "y", "origin": [8, 7.30978, 8]},
			"faces": {
				"north": {"uv": [4, 12, 4.125, 13.75], "texture": "#0"},
				"east": {"uv": [6, 8.75, 6.5, 10.5], "texture": "#0"},
				"south": {"uv": [4.25, 12, 4.375, 13.75], "texture": "#0"},
				"west": {"uv": [6.5, 8.75, 7, 10.5], "texture": "#0"},
				"up": {"uv": [5.875, 13.75, 5.75, 13.25], "texture": "#0"},
				"down": {"uv": [6.125, 13.25, 6, 13.75], "texture": "#0"}
			}
		},
		{
			"from": [1, 6.5, 7],
			"to": [1.5, 7, 9],
			"rotation": {"angle": 0, "axis": "y", "origin": [8, 7.30978, 8]},
			"faces": {
				"north": {"uv": [12.25, 13.5, 12.375, 13.625], "texture": "#0"},
				"east": {"uv": [13.25, 5, 13.75, 5.125], "texture": "#0"},
				"south": {"uv": [12.5, 13.5, 12.625, 13.625], "texture": "#0"},
				"west": {"uv": [6.25, 13.25, 6.75, 13.375], "texture": "#0"},
				"up": {"uv": [6.875, 13.75, 6.75, 13.25], "texture": "#0"},
				"down": {"uv": [7.125, 13.25, 7, 13.75], "texture": "#0"}
			}
		},
		{
			"from": [0.5, 7, 7],
			"to": [1, 9, 9],
			"rotation": {"angle": 0, "axis": "y", "origin": [8, 7.30978, 8]},
			"faces": {
				"north": {"uv": [2, 12.5, 2.125, 13.5], "texture": "#0"},
				"east": {"uv": [3.75, 11, 4.25, 12], "texture": "#0"},
				"south": {"uv": [2.25, 12.5, 2.375, 13.5], "texture": "#0"},
				"west": {"uv": [11, 4, 11.5, 5], "texture": "#0"},
				"up": {"uv": [2.625, 13.75, 2.5, 13.25], "texture": "#0"},
				"down": {"uv": [4.875, 13.25, 4.75, 13.75], "texture": "#0"}
			}
		},
		{
			"from": [15, 7, 7],
			"to": [15.5, 9, 9],
			"rotation": {"angle": 0, "axis": "z", "origin": [8, 7.30978, 8]},
			"faces": {
				"north": {"uv": [1, 12.5, 1.125, 13.5], "texture": "#0"},
				"east": {"uv": [8, 10.75, 8.5, 11.75], "texture": "#0"},
				"south": {"uv": [1.25, 12.5, 1.375, 13.5], "texture": "#0"},
				"west": {"uv": [8.5, 10.75, 9, 11.75], "texture": "#0"},
				"up": {"uv": [11.875, 13.5, 11.75, 13], "texture": "#0"},
				"down": {"uv": [12.125, 13, 12, 13.5], "texture": "#0"}
			}
		},
		{
			"from": [14.5, 6.5, 7],
			"to": [15, 7, 9],
			"rotation": {"angle": 0, "axis": "y", "origin": [8, 7.30978, 8]},
			"faces": {
				"north": {"uv": [12, 13.5, 12.125, 13.625], "texture": "#0"},
				"east": {"uv": [13, 12.5, 13.5, 12.625], "texture": "#0"},
				"south": {"uv": [13.5, 12, 13.625, 12.125], "texture": "#0"},
				"west": {"uv": [12.75, 13, 13.25, 13.125], "texture": "#0"},
				"up": {"uv": [0.125, 13.75, 0, 13.25], "texture": "#0"},
				"down": {"uv": [0.375, 13.25, 0.25, 13.75], "texture": "#0"}
			}
		},
		{
			"from": [14, 0, 7],
			"to": [14.5, 7, 9],
			"rotation": {"angle": 0, "axis": "y", "origin": [14.25, 3.5, 8]},
			"faces": {
				"north": {"uv": [8.75, 11.75, 8.875, 13.5], "texture": "#0"},
				"east": {"uv": [5, 8.75, 5.5, 10.5], "texture": "#0"},
				"south": {"uv": [3.75, 12, 3.875, 13.75], "texture": "#0"},
				"west": {"uv": [5.5, 8.75, 6, 10.5], "texture": "#0"},
				"up": {"uv": [12.375, 13.5, 12.25, 13], "texture": "#0"},
				"down": {"uv": [12.625, 13, 12.5, 13.5], "texture": "#0"}
			}
		},
		{
			"from": [7, 7, 0.5],
			"to": [9, 9, 1],
			"rotation": {"angle": 0, "axis": "y", "origin": [8, 7.30978, 8]},
			"faces": {
				"north": {"uv": [11, 6, 11.5, 7], "texture": "#0"},
				"east": {"uv": [3.25, 12.5, 3.375, 13.5], "texture": "#0"},
				"south": {"uv": [11, 9, 11.5, 10], "texture": "#0"},
				"west": {"uv": [3.5, 12.5, 3.625, 13.5], "texture": "#0"},
				"up": {"uv": [9.5, 13.375, 9, 13.25], "texture": "#0"},
				"down": {"uv": [13.75, 9, 13.25, 9.125], "texture": "#0"}
			}
		},
		{
			"from": [7, 6.5, 1],
			"to": [9, 7, 1.5],
			"rotation": {"angle": 0, "axis": "y", "origin": [8, 7.30978, 8]},
			"faces": {
				"north": {"uv": [13.25, 9.25, 13.75, 9.375], "texture": "#0"},
				"east": {"uv": [13.5, 12.5, 13.625, 12.625], "texture": "#0"},
				"south": {"uv": [9.5, 13.25, 10, 13.375], "texture": "#0"},
				"west": {"uv": [12.75, 13.5, 12.875, 13.625], "texture": "#0"},
				"up": {"uv": [13.75, 9.625, 13.25, 9.5], "texture": "#0"},
				"down": {"uv": [10.5, 13.25, 10, 13.375], "texture": "#0"}
			}
		},
		{
			"from": [7, 0, 1.5],
			"to": [9, 7, 2],
			"rotation": {"angle": 0, "axis": "y", "origin": [8, 7.30978, 8]},
			"faces": {
				"north": {"uv": [7, 8.75, 7.5, 10.5], "texture": "#0"},
				"east": {"uv": [4.5, 12, 4.625, 13.75], "texture": "#0"},
				"south": {"uv": [7.5, 9, 8, 10.75], "texture": "#0"},
				"west": {"uv": [5, 12, 5.125, 13.75], "texture": "#0"},
				"up": {"uv": [11, 13.375, 10.5, 13.25], "texture": "#0"},
				"down": {"uv": [11.5, 13.25, 11, 13.375], "texture": "#0"}
			}
		},
		{
			"from": [2, 7, 1],
			"to": [14, 11, 2],
			"rotation": {"angle": 0, "axis": "y", "origin": [8, 7.30978, 8]},
			"faces": {
				"north": {"uv": [8, 6, 11, 7], "texture": "#0"},
				"east": {"uv": [11.5, 6, 11.75, 7], "texture": "#0"},
				"south": {"uv": [2, 8.5, 5, 9.5], "texture": "#0"},
				"west": {"uv": [11.5, 9, 11.75, 10], "texture": "#0"},
				"up": {"uv": [12.5, 7.75, 9.5, 7.5], "texture": "#0"},
				"down": {"uv": [12.5, 7.75, 9.5, 8], "texture": "#0"}
			}
		},
		{
			"from": [14, 7, 2],
			"to": [15, 11, 14],
			"rotation": {"angle": 0, "axis": "y", "origin": [8, 7.30978, 8]},
			"faces": {
				"north": {"uv": [2.75, 11.5, 3, 12.5], "texture": "#0"},
				"east": {"uv": [8, 0, 11, 1], "texture": "#0"},
				"south": {"uv": [3, 11.5, 3.25, 12.5], "texture": "#0"},
				"west": {"uv": [8, 1, 11, 2], "texture": "#0"},
				"up": {"uv": [9.25, 12, 9, 9], "texture": "#0"},
				"down": {"uv": [9.5, 9, 9.25, 12], "texture": "#0"}
			}
		},
		{
			"from": [1, 7, 2],
			"to": [2, 11, 14],
			"rotation": {"angle": 0, "axis": "y", "origin": [8, 7.30978, 8]},
			"faces": {
				"north": {"uv": [3.25, 11.5, 3.5, 12.5], "texture": "#0"},
				"east": {"uv": [8, 2, 11, 3], "texture": "#0"},
				"south": {"uv": [3.5, 11.5, 3.75, 12.5], "texture": "#0"},
				"west": {"uv": [8, 3, 11, 4], "texture": "#0"},
				"up": {"uv": [2.25, 12.5, 2, 9.5], "texture": "#0"},
				"down": {"uv": [2.5, 9.5, 2.25, 12.5], "texture": "#0"}
			}
		},
		{
			"from": [2, 7, 14],
			"to": [14, 11, 15],
			"rotation": {"angle": 0, "axis": "y", "origin": [8, 7.30978, 8]},
			"faces": {
				"north": {"uv": [8, 4, 11, 5], "texture": "#0"},
				"east": {"uv": [11.5, 4, 11.75, 5], "texture": "#0"},
				"south": {"uv": [8, 5, 11, 6], "texture": "#0"},
				"west": {"uv": [11.5, 5, 11.75, 6], "texture": "#0"},
				"up": {"uv": [12.5, 7.25, 9.5, 7], "texture": "#0"},
				"down": {"uv": [12.5, 7.25, 9.5, 7.5], "texture": "#0"}
			}
		},
		{
			"from": [13, 6, 13],
			"to": [14, 9, 14],
			"rotation": {"angle": 0, "axis": "y", "origin": [8, 6.30978, 7]},
			"faces": {
				"north": {"uv": [7.25, 12, 7.5, 12.75], "texture": "#0"},
				"east": {"uv": [7.5, 12, 7.75, 12.75], "texture": "#0"},
				"south": {"uv": [7.75, 12, 8, 12.75], "texture": "#0"},
				"west": {"uv": [9, 12, 9.25, 12.75], "texture": "#0"},
				"up": {"uv": [11.75, 13.5, 11.5, 13.25], "texture": "#0"},
				"down": {"uv": [13.75, 0.75, 13.5, 1], "texture": "#0"}
			}
		},
		{
			"from": [13, 6, 2],
			"to": [14, 9, 3],
			"rotation": {"angle": 0, "axis": "y", "origin": [8, 6.30978, -4]},
			"faces": {
				"north": {"uv": [9.25, 12, 9.5, 12.75], "texture": "#0"},
				"east": {"uv": [5.75, 12.25, 6, 13], "texture": "#0"},
				"south": {"uv": [6, 12.25, 6.25, 13], "texture": "#0"},
				"west": {"uv": [6.25, 12.25, 6.5, 13], "texture": "#0"},
				"up": {"uv": [1.25, 13.75, 1, 13.5], "texture": "#0"},
				"down": {"uv": [13.75, 1, 13.5, 1.25], "texture": "#0"}
			}
		},
		{
			"from": [2, 6, 13],
			"to": [3, 9, 14],
			"rotation": {"angle": 0, "axis": "y", "origin": [-3, 6.30978, 7]},
			"faces": {
				"north": {"uv": [9.5, 12.25, 9.75, 13], "texture": "#0"},
				"east": {"uv": [9.75, 12.25, 10, 13], "texture": "#0"},
				"south": {"uv": [10, 12.25, 10.25, 13], "texture": "#0"},
				"west": {"uv": [10.25, 12.25, 10.5, 13], "texture": "#0"},
				"up": {"uv": [1.75, 13.75, 1.5, 13.5], "texture": "#0"},
				"down": {"uv": [2, 13.5, 1.75, 13.75], "texture": "#0"}
			}
		},
		{
			"from": [2, 6, 2],
			"to": [3, 9, 3],
			"rotation": {"angle": 0, "axis": "y", "origin": [-3, 6.30978, -4]},
			"faces": {
				"north": {"uv": [6.5, 12.25, 6.75, 13], "texture": "#0"},
				"east": {"uv": [6.75, 12.25, 7, 13], "texture": "#0"},
				"south": {"uv": [7, 12.25, 7.25, 13], "texture": "#0"},
				"west": {"uv": [12.25, 9, 12.5, 9.75], "texture": "#0"},
				"up": {"uv": [1.5, 13.75, 1.25, 13.5], "texture": "#0"},
				"down": {"uv": [13.75, 1.25, 13.5, 1.5], "texture": "#0"}
			}
		},
		{
			"from": [2, 10, 2],
			"to": [14, 11, 14],
			"rotation": {"angle": 0, "axis": "y", "origin": [8, 7.30978, 8]},
			"faces": {
				"north": {"uv": [9.5, 8, 12.5, 8.25], "texture": "#0"},
				"east": {"uv": [9.5, 8.25, 12.5, 8.5], "texture": "#0"},
				"south": {"uv": [9.5, 8.5, 12.5, 8.75], "texture": "#0"},
				"west": {"uv": [9.5, 8.75, 12.5, 9], "texture": "#0"},
				"up": {"uv": [3, 3, 0, 0], "texture": "#0"},
				"down": {"uv": [3, 3, 0, 6], "texture": "#0"}
			}
		},
		{
			"from": [4, 11, 4],
			"to": [12, 12, 12],
			"rotation": {"angle": 0, "axis": "y", "origin": [8, 7.30978, 8]},
			"faces": {
				"north": {"uv": [11, 3, 13, 3.25], "texture": "#0"},
				"east": {"uv": [11, 3.25, 13, 3.5], "texture": "#0"},
				"south": {"uv": [11, 3.5, 13, 3.75], "texture": "#0"},
				"west": {"uv": [11, 3.75, 13, 4], "texture": "#0"},
				"up": {"uv": [9.5, 9, 7.5, 7], "texture": "#0"},
				"down": {"uv": [2, 7.75, 0, 9.75], "texture": "#0"}
			}
		},
		{
			"from": [3, 11, 6],
			"to": [4, 12, 10],
			"rotation": {"angle": 0, "axis": "y", "origin": [8, 7.30978, 8]},
			"faces": {
				"north": {"uv": [12.5, 9, 12.75, 9.25], "texture": "#0"},
				"east": {"uv": [11.75, 4.75, 12.75, 5], "texture": "#0"},
				"south": {"uv": [12.5, 9.25, 12.75, 9.5], "texture": "#0"},
				"west": {"uv": [11.75, 5, 12.75, 5.25], "texture": "#0"},
				"up": {"uv": [12, 6.25, 11.75, 5.25], "texture": "#0"},
				"down": {"uv": [8.25, 11.75, 8, 12.75], "texture": "#0"}
			}
		},
		{
			"from": [12, 11, 6],
			"to": [13, 12, 10],
			"rotation": {"angle": 0, "axis": "y", "origin": [8, 7.30978, 8]},
			"faces": {
				"north": {"uv": [12.5, 9.5, 12.75, 9.75], "texture": "#0"},
				"east": {"uv": [11.75, 6.25, 12.75, 6.5], "texture": "#0"},
				"south": {"uv": [12.5, 11, 12.75, 11.25], "texture": "#0"},
				"west": {"uv": [11.75, 6.5, 12.75, 6.75], "texture": "#0"},
				"up": {"uv": [8.5, 12.75, 8.25, 11.75], "texture": "#0"},
				"down": {"uv": [8.75, 11.75, 8.5, 12.75], "texture": "#0"}
			}
		},
		{
			"from": [6, 11, 12],
			"to": [10, 12, 13],
			"rotation": {"angle": 0, "axis": "y", "origin": [8, 7.30978, 8]},
			"faces": {
				"north": {"uv": [11, 10, 12, 10.25], "texture": "#0"},
				"east": {"uv": [2, 8.25, 2.25, 8.5], "texture": "#0"},
				"south": {"uv": [11, 10.25, 12, 10.5], "texture": "#0"},
				"west": {"uv": [2.25, 8.25, 2.5, 8.5], "texture": "#0"},
				"up": {"uv": [12.5, 11.25, 11.5, 11], "texture": "#0"},
				"down": {"uv": [12.5, 11.25, 11.5, 11.5], "texture": "#0"}
			}
		},
		{
			"from": [6, 11, 3],
			"to": [10, 12, 4],
			"rotation": {"angle": 0, "axis": "y", "origin": [8, 7.30978, 8]},
			"faces": {
				"north": {"uv": [11.5, 11.5, 12.5, 11.75], "texture": "#0"},
				"east": {"uv": [12.5, 8.5, 12.75, 8.75], "texture": "#0"},
				"south": {"uv": [11.75, 4, 12.75, 4.25], "texture": "#0"},
				"west": {"uv": [12.5, 8.75, 12.75, 9], "texture": "#0"},
				"up": {"uv": [12.75, 4.5, 11.75, 4.25], "texture": "#0"},
				"down": {"uv": [12.75, 4.5, 11.75, 4.75], "texture": "#0"}
			}
		},
		{
			"from": [2, 0, 3],
			"to": [3, 7, 13],
			"rotation": {"angle": 0, "axis": "y", "origin": [8, 7.30978, 8]},
			"faces": {
				"north": {"uv": [1.5, 11.25, 1.75, 13], "texture": "#0"},
				"east": {"uv": [5.5, 5.25, 8, 7], "texture": "#0"},
				"south": {"uv": [1.75, 11.25, 2, 13], "texture": "#0"},
				"west": {"uv": [0, 6, 2.5, 7.75], "texture": "#0"},
				"up": {"uv": [0.25, 13.25, 0, 10.75], "texture": "#0"},
				"down": {"uv": [0.5, 10.75, 0.25, 13.25], "texture": "#0"}
			}
		},
		{
			"from": [3, 0, 2],
			"to": [13, 7, 3],
			"rotation": {"angle": 0, "axis": "y", "origin": [8, 7.30978, 8]},
			"faces": {
				"north": {"uv": [3, 5, 5.5, 6.75], "texture": "#0"},
				"east": {"uv": [4.75, 11, 5, 12.75], "texture": "#0"},
				"south": {"uv": [5.5, 0, 8, 1.75], "texture": "#0"},
				"west": {"uv": [10.5, 11, 10.75, 12.75], "texture": "#0"},
				"up": {"uv": [13, 10.75, 10.5, 10.5], "texture": "#0"},
				"down": {"uv": [13, 10.75, 10.5, 11], "texture": "#0"}
			}
		},
		{
			"from": [3, 0, 13],
			"to": [13, 7, 14],
			"rotation": {"angle": 0, "axis": "y", "origin": [8, 7.30978, 8]},
			"faces": {
				"north": {"uv": [5.5, 1.75, 8, 3.5], "texture": "#0"},
				"east": {"uv": [10.75, 11, 11, 12.75], "texture": "#0"},
				"south": {"uv": [5.5, 3.5, 8, 5.25], "texture": "#0"},
				"west": {"uv": [11, 11, 11.25, 12.75], "texture": "#0"},
				"up": {"uv": [13.5, 0.25, 11, 0], "texture": "#0"},
				"down": {"uv": [13.5, 0.25, 11, 0.5], "texture": "#0"}
			}
		},
		{
			"from": [13, 0, 3],
			"to": [14, 7, 13],
			"rotation": {"angle": 0, "axis": "y", "origin": [8, 7.30978, 8]},
			"faces": {
				"north": {"uv": [11.25, 11, 11.5, 12.75], "texture": "#0"},
				"east": {"uv": [2.5, 6.75, 5, 8.5], "texture": "#0"},
				"south": {"uv": [2.5, 11.5, 2.75, 13.25], "texture": "#0"},
				"west": {"uv": [5, 7, 7.5, 8.75], "texture": "#0"},
				"up": {"uv": [0.75, 13.25, 0.5, 10.75], "texture": "#0"},
				"down": {"uv": [1, 10.75, 0.75, 13.25], "texture": "#0"}
			}
		},
		{
			"from": [3, 0, 3],
			"to": [13, 1, 13],
			"rotation": {"angle": 0, "axis": "y", "origin": [8, 7.30978, 8]},
			"faces": {
				"north": {"uv": [11, 0.5, 13.5, 0.75], "texture": "#0"},
				"east": {"uv": [11, 0.75, 13.5, 1], "texture": "#0"},
				"south": {"uv": [11, 1, 13.5, 1.25], "texture": "#0"},
				"west": {"uv": [11, 1.25, 13.5, 1.5], "texture": "#0"},
				"up": {"uv": [5.5, 2.5, 3, 0], "texture": "#0"},
				"down": {"uv": [5.5, 2.5, 3, 5], "texture": "#0"}
			}
		}
	],
    "display": {
		"thirdperson_righthand": {
			"rotation": [90, 0, 0],
			"translation": [0, -1.25, -2.25],
			"scale": [0.5, 0.5, 0.5]
		},
		"firstperson_righthand": {
			"rotation": [12, 36, 0],
			"translation": [0, 4.5, 0.75],
			"scale": [0.5, 0.5, 0.5]
		},
		"ground": {
			"translation": [0, 8, 0]
		},
		"gui": {
			"rotation": [45, 45, 0],
			"translation": [0, 1, 0],
			"scale": [0.8, 0.8, 0.8]
		},
		"head": {
			"translation": [0, 15, 0],
			"scale": [2.5, 2.5, 2.5]
		}
	},
	"groups": [
		{
			"name": "Ribbon",
			"origin": [8, 7.30978, 8],
			"color": 0,
			"nbt": "{}",
			"armAnimationEnabled": false,
			"children": [
				0,
				1,
				2,
				3,
				4,
				5,
				6,
				7,
				8,
				9,
				10,
				11,
				{
					"name": "Ribbon1",
					"origin": [10.8, 12.8, 7.8],
					"color": 0,
					"nbt": "{}",
					"armAnimationEnabled": false,
					"children": []
				},
				{
					"name": "Ribbon2",
					"origin": [10.8, 12.8, 7.8],
					"color": 0,
					"nbt": "{}",
					"armAnimationEnabled": false,
					"children": []
				},
				{
					"name": "Ribbon3",
					"origin": [10.8, 12.8, 7.8],
					"color": 0,
					"nbt": "{}",
					"armAnimationEnabled": false,
					"children": []
				},
				{
					"name": "Ribbon4",
					"origin": [10.8, 12.8, 7.8],
					"color": 0,
					"nbt": "{}",
					"armAnimationEnabled": false,
					"children": []
				}
			]
		},
		{
			"name": "Lid",
			"origin": [8, 7.30978, 8],
			"color": 0,
			"nbt": "{}",
			"armAnimationEnabled": false,
			"children": [12, 13, 14, 15, 16, 17, 18, 19, 20, 21, 22, 23, 24, 25]
		},
		{
			"name": "Base",
			"origin": [8, 7.30978, 8],
			"color": 0,
			"nbt": "{}",
			"armAnimationEnabled": false,
			"children": [26, 27, 28, 29, 30]
		}
	]
}