{
	"credit": "Made with Blockbench",
	"texture_size": [128, 128],
	"textures": {
		"0": "minecraft:item/crates/royal"
	},
	"elements": [
		{
			"from": [14, 0, 12],
			"to": [18, 4, 16],
			"faces": {
				"north": {"uv": [8.5, 2.5, 9, 3], "texture": "#0"},
				"east": {"uv": [2.25, 8.625, 2.75, 9.125], "texture": "#0"},
				"south": {"uv": [2.75, 8.625, 3.25, 9.125], "texture": "#0"},
				"west": {"uv": [3.25, 8.625, 3.75, 9.125], "texture": "#0"},
				"up": {"uv": [9.125, 8.625, 8.625, 8.125], "texture": "#0"},
				"down": {"uv": [9.125, 8.625, 8.625, 9.125], "texture": "#0"}
			}
		},
		{
			"from": [-2, 0, 12],
			"to": [2, 4, 16],
			"faces": {
				"north": {"uv": [0, 8.75, 0.5, 9.25], "texture": "#0"},
				"east": {"uv": [8.75, 0, 9.25, 0.5], "texture": "#0"},
				"south": {"uv": [0.5, 8.75, 1, 9.25], "texture": "#0"},
				"west": {"uv": [8.75, 0.5, 9.25, 1], "texture": "#0"},
				"up": {"uv": [1.5, 9.25, 1, 8.75], "texture": "#0"},
				"down": {"uv": [9.25, 1, 8.75, 1.5], "texture": "#0"}
			}
		},
		{
			"from": [14, 0, 0],
			"to": [18, 4, 4],
			"faces": {
				"north": {"uv": [8.75, 1.5, 9.25, 2], "texture": "#0"},
				"east": {"uv": [8.75, 2, 9.25, 2.5], "texture": "#0"},
				"south": {"uv": [7.875, 8.75, 8.375, 9.25], "texture": "#0"},
				"west": {"uv": [6.375, 8.875, 6.875, 9.375], "texture": "#0"},
				"up": {"uv": [7.375, 9.375, 6.875, 8.875], "texture": "#0"},
				"down": {"uv": [7.875, 8.875, 7.375, 9.375], "texture": "#0"}
			}
		},
		{
			"from": [-2, 0, 0],
			"to": [2, 4, 4],
			"faces": {
				"north": {"uv": [9, 2.5, 9.5, 3], "texture": "#0"},
				"east": {"uv": [4.5, 9, 5, 9.5], "texture": "#0"},
				"south": {"uv": [5, 9, 5.5, 9.5], "texture": "#0"},
				"west": {"uv": [5.5, 9, 6, 9.5], "texture": "#0"},
				"up": {"uv": [9.5, 6.25, 9, 5.75], "texture": "#0"},
				"down": {"uv": [9.5, 6.25, 9, 6.75], "texture": "#0"}
			}
		},
		{
			"from": [14, 6, 12],
			"to": [18, 10, 16],
			"faces": {
				"north": {"uv": [9, 6.75, 9.5, 7.25], "texture": "#0"},
				"east": {"uv": [2.25, 9.125, 2.75, 9.625], "texture": "#0"},
				"south": {"uv": [2.75, 9.125, 3.25, 9.625], "texture": "#0"},
				"west": {"uv": [3.25, 9.125, 3.75, 9.625], "texture": "#0"},
				"up": {"uv": [9.625, 8.625, 9.125, 8.125], "texture": "#0"},
				"down": {"uv": [8.875, 9.125, 8.375, 9.625], "texture": "#0"}
			}
		},
		{
			"from": [-2, 6, 12],
			"to": [2, 10, 16],
			"faces": {
				"north": {"uv": [9.125, 8.625, 9.625, 9.125], "texture": "#0"},
				"east": {"uv": [8.875, 9.125, 9.375, 9.625], "texture": "#0"},
				"south": {"uv": [0, 9.25, 0.5, 9.75], "texture": "#0"},
				"west": {"uv": [9.25, 0, 9.75, 0.5], "texture": "#0"},
				"up": {"uv": [1, 9.75, 0.5, 9.25], "texture": "#0"},
				"down": {"uv": [9.75, 0.5, 9.25, 1], "texture": "#0"}
			}
		},
		{
			"from": [14, 6, 0],
			"to": [18, 10, 4],
			"faces": {
				"north": {"uv": [1, 9.25, 1.5, 9.75], "texture": "#0"},
				"east": {"uv": [9.25, 1, 9.75, 1.5], "texture": "#0"},
				"south": {"uv": [9.25, 1.5, 9.75, 2], "texture": "#0"},
				"west": {"uv": [9.25, 2, 9.75, 2.5], "texture": "#0"},
				"up": {"uv": [9.75, 3.5, 9.25, 3], "texture": "#0"},
				"down": {"uv": [9.75, 3.5, 9.25, 4], "texture": "#0"}
			}
		},
		{
			"from": [-2, 6, 0],
			"to": [2, 10, 4],
			"faces": {
				"north": {"uv": [9.25, 4, 9.75, 4.5], "texture": "#0"},
				"east": {"uv": [9.25, 4.5, 9.75, 5], "texture": "#0"},
				"south": {"uv": [9.25, 5, 9.75, 5.5], "texture": "#0"},
				"west": {"uv": [7.875, 9.25, 8.375, 9.75], "texture": "#0"},
				"up": {"uv": [6.5, 9.875, 6, 9.375], "texture": "#0"},
				"down": {"uv": [7, 9.375, 6.5, 9.875], "texture": "#0"}
			}
		},
		{
			"from": [-1, 1, 1],
			"to": [17, 3, 15],
			"faces": {
				"north": {"uv": [7.5, 7.625, 9.75, 7.875], "texture": "#0"},
				"east": {"uv": [2.5, 6.75, 4.25, 7], "texture": "#0"},
				"south": {"uv": [2.25, 7.75, 4.5, 8], "texture": "#0"},
				"west": {"uv": [4.75, 7, 6.5, 7.25], "texture": "#0"},
				"up": {"uv": [2.25, 1.75, 0, 0], "texture": "#0"},
				"down": {"uv": [2.25, 1.75, 0, 3.5], "texture": "#0"}
			}
		},
		{
			"from": [-1, 7, 1],
			"to": [17, 9, 15],
			"faces": {
				"north": {"uv": [0, 7.875, 2.25, 8.125], "texture": "#0"},
				"east": {"uv": [4.5, 8.125, 6.25, 8.375], "texture": "#0"},
				"south": {"uv": [7.5, 7.875, 9.75, 8.125], "texture": "#0"},
				"west": {"uv": [6.25, 8.125, 8, 8.375], "texture": "#0"},
				"up": {"uv": [4.5, 1.75, 2.25, 0], "texture": "#0"},
				"down": {"uv": [4.5, 1.75, 2.25, 3.5], "texture": "#0"}
			}
		},
		{
			"from": [2, 0, 0],
			"to": [14, 1, 1],
			"faces": {
				"north": {"uv": [7, 4.875, 8.5, 5], "texture": "#0"},
				"east": {"uv": [11.625, 3.5, 11.75, 3.625], "texture": "#0"},
				"south": {"uv": [9.75, 8, 11.25, 8.125], "texture": "#0"},
				"west": {"uv": [11.625, 3.625, 11.75, 3.75], "texture": "#0"},
				"up": {"uv": [11.375, 9.25, 9.875, 9.125], "texture": "#0"},
				"down": {"uv": [11.375, 9.25, 9.875, 9.375], "texture": "#0"}
			}
		},
		{
			"from": [2, 9, 0],
			"to": [14, 10, 1],
			"faces": {
				"north": {"uv": [9.875, 9.375, 11.375, 9.5], "texture": "#0"},
				"east": {"uv": [4, 11.625, 4.125, 11.75], "texture": "#0"},
				"south": {"uv": [9.875, 9.5, 11.375, 9.625], "texture": "#0"},
				"west": {"uv": [11.625, 4, 11.75, 4.125], "texture": "#0"},
				"up": {"uv": [11.375, 9.75, 9.875, 9.625], "texture": "#0"},
				"down": {"uv": [11.375, 9.75, 9.875, 9.875], "texture": "#0"}
			}
		},
		{
			"from": [2, 0, 15],
			"to": [14, 1, 16],
			"faces": {
				"north": {"uv": [9.875, 9.875, 11.375, 10], "texture": "#0"},
				"east": {"uv": [4.125, 11.625, 4.25, 11.75], "texture": "#0"},
				"south": {"uv": [10, 2.5, 11.5, 2.625], "texture": "#0"},
				"west": {"uv": [11.625, 4.125, 11.75, 4.25], "texture": "#0"},
				"up": {"uv": [11.5, 2.75, 10, 2.625], "texture": "#0"},
				"down": {"uv": [11.5, 2.75, 10, 2.875], "texture": "#0"}
			}
		},
		{
			"from": [2, 9, 15],
			"to": [14, 10, 16],
			"faces": {
				"north": {"uv": [10, 2.875, 11.5, 3], "texture": "#0"},
				"east": {"uv": [4.25, 11.625, 4.375, 11.75], "texture": "#0"},
				"south": {"uv": [4.25, 10, 5.75, 10.125], "texture": "#0"},
				"west": {"uv": [11.625, 4.25, 11.75, 4.375], "texture": "#0"},
				"up": {"uv": [11.5, 5.625, 10, 5.5], "texture": "#0"},
				"down": {"uv": [11.5, 5.625, 10, 5.75], "texture": "#0"}
			}
		},
		{
			"from": [17, 0, 4],
			"to": [18, 1, 12],
			"faces": {
				"north": {"uv": [4.375, 11.625, 4.5, 11.75], "texture": "#0"},
				"east": {"uv": [10.75, 0.25, 11.75, 0.375], "texture": "#0"},
				"south": {"uv": [11.625, 4.375, 11.75, 4.5], "texture": "#0"},
				"west": {"uv": [10.75, 2.375, 11.75, 2.5], "texture": "#0"},
				"up": {"uv": [3.875, 9.625, 3.75, 8.625], "texture": "#0"},
				"down": {"uv": [4, 8.625, 3.875, 9.625], "texture": "#0"}
			}
		},
		{
			"from": [17, 9, 4],
			"to": [18, 10, 12],
			"faces": {
				"north": {"uv": [4.5, 11.625, 4.625, 11.75], "texture": "#0"},
				"east": {"uv": [10.75, 7.875, 11.75, 8], "texture": "#0"},
				"south": {"uv": [11.625, 4.5, 11.75, 4.625], "texture": "#0"},
				"west": {"uv": [10.75, 8.875, 11.75, 9], "texture": "#0"},
				"up": {"uv": [1.625, 9.75, 1.5, 8.75], "texture": "#0"},
				"down": {"uv": [1.75, 8.75, 1.625, 9.75], "texture": "#0"}
			}
		},
		{
			"from": [-2, 0, 4],
			"to": [-1, 1, 12],
			"faces": {
				"north": {"uv": [4.625, 11.625, 4.75, 11.75], "texture": "#0"},
				"east": {"uv": [10.75, 9, 11.75, 9.125], "texture": "#0"},
				"south": {"uv": [11.625, 4.625, 11.75, 4.75], "texture": "#0"},
				"west": {"uv": [10.75, 10.75, 11.75, 10.875], "texture": "#0"},
				"up": {"uv": [7.875, 11.625, 7.75, 10.625], "texture": "#0"},
				"down": {"uv": [8, 10.625, 7.875, 11.625], "texture": "#0"}
			}
		},
		{
			"from": [-2, 9, 4],
			"to": [-1, 10, 12],
			"faces": {
				"north": {"uv": [4.75, 11.625, 4.875, 11.75], "texture": "#0"},
				"east": {"uv": [1.75, 10.875, 2.75, 11], "texture": "#0"},
				"south": {"uv": [11.625, 4.75, 11.75, 4.875], "texture": "#0"},
				"west": {"uv": [4.75, 10.875, 5.75, 11], "texture": "#0"},
				"up": {"uv": [3.875, 11.75, 3.75, 10.75], "texture": "#0"},
				"down": {"uv": [4, 10.75, 3.875, 11.75], "texture": "#0"}
			}
		},
		{
			"from": [-1, 4, 1],
			"to": [1, 6, 3],
			"faces": {
				"north": {"uv": [4.25, 6.75, 4.5, 7], "texture": "#0"},
				"east": {"uv": [2.25, 7.125, 2.5, 7.375], "texture": "#0"},
				"south": {"uv": [4.5, 7.375, 4.75, 7.625], "texture": "#0"},
				"west": {"uv": [9.25, 5.5, 9.5, 5.75], "texture": "#0"},
				"up": {"uv": [4, 9.875, 3.75, 9.625], "texture": "#0"},
				"down": {"uv": [1.75, 9.75, 1.5, 10], "texture": "#0"}
			}
		},
		{
			"from": [-1, 4, 13],
			"to": [1, 6, 15],
			"faces": {
				"north": {"uv": [10, 7.25, 10.25, 7.5], "texture": "#0"},
				"east": {"uv": [3.5, 10.125, 3.75, 10.375], "texture": "#0"},
				"south": {"uv": [6.75, 10.375, 7, 10.625], "texture": "#0"},
				"west": {"uv": [11.125, 1.625, 11.375, 1.875], "texture": "#0"},
				"up": {"uv": [11.375, 2.125, 11.125, 1.875], "texture": "#0"},
				"down": {"uv": [11.375, 3, 11.125, 3.25], "texture": "#0"}
			}
		},
		{
			"from": [15, 4, 13],
			"to": [17, 6, 15],
			"faces": {
				"north": {"uv": [11.125, 3.25, 11.375, 3.5], "texture": "#0"},
				"east": {"uv": [11.125, 3.5, 11.375, 3.75], "texture": "#0"},
				"south": {"uv": [11.125, 4, 11.375, 4.25], "texture": "#0"},
				"west": {"uv": [11.125, 4.25, 11.375, 4.5], "texture": "#0"},
				"up": {"uv": [11.375, 4.75, 11.125, 4.5], "texture": "#0"},
				"down": {"uv": [11.375, 4.75, 11.125, 5], "texture": "#0"}
			}
		},
		{
			"from": [15, 4, 1],
			"to": [17, 6, 3],
			"faces": {
				"north": {"uv": [5, 11.125, 5.25, 11.375], "texture": "#0"},
				"east": {"uv": [11.125, 5, 11.375, 5.25], "texture": "#0"},
				"south": {"uv": [5.25, 11.125, 5.5, 11.375], "texture": "#0"},
				"west": {"uv": [11.125, 5.25, 11.375, 5.5], "texture": "#0"},
				"up": {"uv": [5.75, 11.375, 5.5, 11.125], "texture": "#0"},
				"down": {"uv": [6, 11.125, 5.75, 11.375], "texture": "#0"}
			}
		},
		{
			"from": [0, 3, 2],
			"to": [16, 7, 14],
			"faces": {
				"north": {"uv": [6.5, 2.5, 8.5, 3], "texture": "#0"},
				"east": {"uv": [4.5, 7.625, 6, 8.125], "texture": "#0"},
				"south": {"uv": [4.5, 6.5, 6.5, 7], "texture": "#0"},
				"west": {"uv": [6, 7.625, 7.5, 8.125], "texture": "#0"},
				"up": {"uv": [6.5, 1.5, 4.5, 0], "texture": "#0"},
				"down": {"uv": [6.5, 1.5, 4.5, 3], "texture": "#0"}
			}
		},
		{
			"from": [-1, 10, 1],
			"to": [17, 10, 15],
			"faces": {
				"north": {"uv": [0, 0, 2.25, 0], "texture": "#0"},
				"east": {"uv": [0, 0, 1.75, 0], "texture": "#0"},
				"south": {"uv": [0, 0, 2.25, 0], "texture": "#0"},
				"west": {"uv": [0, 0, 1.75, 0], "texture": "#0"},
				"up": {"uv": [2.25, 5.25, 0, 3.5], "texture": "#0"},
				"down": {"uv": [4.5, 3.5, 2.25, 5.25], "texture": "#0"}
			}
		},
		{
			"name": "hexadecagon",
			"from": [-2, 12.94034, 1.21793],
			"to": [18, 16.12293, 5.21793],
			"rotation": {"angle": 22.5, "axis": "x", "origin": [-1, 14.53164, 9.21793]},
			"faces": {
				"north": {"uv": [6.5, 6.5, 9, 6.875], "texture": "#0"},
				"east": {"uv": [7, 9.875, 7.5, 10.25], "texture": "#0"},
				"south": {"uv": [0, 6.75, 2.5, 7.125], "texture": "#0"},
				"west": {"uv": [1.5, 10, 2, 10.375], "texture": "#0"},
				"up": {"uv": [7, 3.5, 4.5, 3], "texture": "#0"},
				"down": {"uv": [7, 3.5, 4.5, 4], "texture": "#0"}
			}
		},
		{
			"name": "hexadecagon",
			"from": [5, 11.94034, 0.21793],
			"to": [11, 16.12293, 1.21793],
			"rotation": {"angle": 22.5, "axis": "x", "origin": [-1, 14.53164, 9.21793]},
			"faces": {
				"north": {"uv": [6.375, 8.375, 7.125, 8.875], "texture": "#0"},
				"east": {"uv": [3.25, 10.875, 3.375, 11.375], "texture": "#0"},
				"south": {"uv": [7.125, 8.375, 7.875, 8.875], "texture": "#0"},
				"west": {"uv": [6, 11.125, 6.125, 11.625], "texture": "#0"},
				"up": {"uv": [11.75, 7, 11, 6.875], "texture": "#0"},
				"down": {"uv": [11.75, 7, 11, 7.125], "texture": "#0"}
			}
		},
		{
			"name": "hexadecagon",
			"from": [17, 12.94034, 5.21793],
			"to": [18, 14.12293, 13.21793],
			"rotation": {"angle": 22.5, "axis": "x", "origin": [-1, 14.53164, 9.21793]},
			"faces": {
				"north": {"uv": [4.875, 11.625, 5, 11.75], "texture": "#0"},
				"east": {"uv": [10.875, 5.75, 11.875, 5.875], "texture": "#0"},
				"south": {"uv": [11.625, 4.875, 11.75, 5], "texture": "#0"},
				"west": {"uv": [10.875, 5.875, 11.875, 6], "texture": "#0"},
				"up": {"uv": [6.625, 11.75, 6.5, 10.75], "texture": "#0"},
				"down": {"uv": [6.75, 10.75, 6.625, 11.75], "texture": "#0"}
			}
		},
		{
			"name": "hexadecagon",
			"from": [-2, 12.94034, 5.21793],
			"to": [-1, 14.12293, 13.21793],
			"rotation": {"angle": 22.5, "axis": "x", "origin": [-1, 14.53164, 9.21793]},
			"faces": {
				"north": {"uv": [5, 11.625, 5.125, 11.75], "texture": "#0"},
				"east": {"uv": [10.875, 6, 11.875, 6.125], "texture": "#0"},
				"south": {"uv": [11.625, 5, 11.75, 5.125], "texture": "#0"},
				"west": {"uv": [10.875, 6.125, 11.875, 6.25], "texture": "#0"},
				"up": {"uv": [2.875, 11.875, 2.75, 10.875], "texture": "#0"},
				"down": {"uv": [3, 10.875, 2.875, 11.875], "texture": "#0"}
			}
		},
		{
			"name": "hexadecagon",
			"from": [-2, 12.94034, 1.21793],
			"to": [2, 16.12293, 5.21793],
			"rotation": {"angle": 45, "axis": "x", "origin": [-1, 14.53164, 9.21793]},
			"faces": {
				"north": {"uv": [10, 5.75, 10.5, 6.125], "texture": "#0"},
				"east": {"uv": [10, 6.125, 10.5, 6.5], "texture": "#0"},
				"south": {"uv": [10, 6.5, 10.5, 6.875], "texture": "#0"},
				"west": {"uv": [10, 6.875, 10.5, 7.25], "texture": "#0"},
				"up": {"uv": [7.5, 9.875, 7, 9.375], "texture": "#0"},
				"down": {"uv": [9.875, 9.125, 9.375, 9.625], "texture": "#0"}
			}
		},
		{
			"name": "hexadecagon",
			"from": [-2, 12.94034, 13.21793],
			"to": [2, 16.12293, 17.21793],
			"rotation": {"angle": -45, "axis": "x", "origin": [-1, 14.53164, 9.21793]},
			"faces": {
				"north": {"uv": [9.875, 10, 10.375, 10.375], "texture": "#0"},
				"east": {"uv": [2, 10.125, 2.5, 10.5], "texture": "#0"},
				"south": {"uv": [2.5, 10.125, 3, 10.5], "texture": "#0"},
				"west": {"uv": [3, 10.125, 3.5, 10.5], "texture": "#0"},
				"up": {"uv": [10, 3, 9.5, 2.5], "texture": "#0"},
				"down": {"uv": [5, 9.5, 4.5, 10], "texture": "#0"}
			}
		},
		{
			"name": "hexadecagon",
			"from": [-2, 12.94034, 13.21793],
			"to": [2, 16.12293, 17.21793],
			"rotation": {"angle": -22.5, "axis": "x", "origin": [-1, 14.53164, 9.21793]},
			"faces": {
				"north": {"uv": [4.25, 10.125, 4.75, 10.5], "texture": "#0"},
				"east": {"uv": [4.75, 10.125, 5.25, 10.5], "texture": "#0"},
				"south": {"uv": [5.25, 10.125, 5.75, 10.5], "texture": "#0"},
				"west": {"uv": [8, 10.125, 8.5, 10.5], "texture": "#0"},
				"up": {"uv": [5.5, 10, 5, 9.5], "texture": "#0"},
				"down": {"uv": [6, 9.5, 5.5, 10], "texture": "#0"}
			}
		},
		{
			"name": "hexadecagon",
			"from": [-2, 12.94034, 13.21793],
			"to": [2, 16.12293, 17.21793],
			"rotation": {"angle": 0, "axis": "x", "origin": [-1, 14.53164, 9.21793]},
			"faces": {
				"north": {"uv": [10.125, 8.125, 10.625, 8.5], "texture": "#0"},
				"east": {"uv": [8.5, 10.125, 9, 10.5], "texture": "#0"},
				"south": {"uv": [10.125, 8.5, 10.625, 8.875], "texture": "#0"},
				"west": {"uv": [9, 10.125, 9.5, 10.5], "texture": "#0"},
				"up": {"uv": [10, 6, 9.5, 5.5], "texture": "#0"},
				"down": {"uv": [10, 6, 9.5, 6.5], "texture": "#0"}
			}
		},
		{
			"name": "hexadecagon",
			"from": [-2, 12.94034, 13.21793],
			"to": [18, 16.12293, 17.21793],
			"rotation": {"angle": 22.5, "axis": "x", "origin": [-1, 14.53164, 9.21793]},
			"faces": {
				"north": {"uv": [6.75, 5, 9.25, 5.375], "texture": "#0"},
				"east": {"uv": [0, 10.25, 0.5, 10.625], "texture": "#0"},
				"south": {"uv": [6.75, 5.375, 9.25, 5.75], "texture": "#0"},
				"west": {"uv": [10.25, 0, 10.75, 0.375], "texture": "#0"},
				"up": {"uv": [7, 4.5, 4.5, 4], "texture": "#0"},
				"down": {"uv": [7, 4.5, 4.5, 5], "texture": "#0"}
			}
		},
		{
			"name": "hexadecagon",
			"from": [-1, 12.44034, 17.21793],
			"to": [3, 13.62293, 18.21793],
			"rotation": {"angle": 22.5, "axis": "x", "origin": [-1, 14.53164, 9.21793]},
			"faces": {
				"north": {"uv": [11.125, 6.25, 11.625, 6.375], "texture": "#0"},
				"east": {"uv": [5.125, 11.625, 5.25, 11.75], "texture": "#0"},
				"south": {"uv": [11.125, 6.375, 11.625, 6.5], "texture": "#0"},
				"west": {"uv": [11.625, 5.125, 11.75, 5.25], "texture": "#0"},
				"up": {"uv": [11.625, 6.625, 11.125, 6.5], "texture": "#0"},
				"down": {"uv": [11.625, 6.625, 11.125, 6.75], "texture": "#0"}
			}
		},
		{
			"name": "hexadecagon",
			"from": [13, 12.44034, 17.21793],
			"to": [17, 13.62293, 18.21793],
			"rotation": {"angle": 22.5, "axis": "x", "origin": [-1, 14.53164, 9.21793]},
			"faces": {
				"north": {"uv": [6.75, 11.125, 7.25, 11.25], "texture": "#0"},
				"east": {"uv": [5.25, 11.625, 5.375, 11.75], "texture": "#0"},
				"south": {"uv": [11.125, 7.125, 11.625, 7.25], "texture": "#0"},
				"west": {"uv": [11.625, 5.25, 11.75, 5.375], "texture": "#0"},
				"up": {"uv": [11.625, 7.375, 11.125, 7.25], "texture": "#0"},
				"down": {"uv": [11.625, 7.375, 11.125, 7.5], "texture": "#0"}
			}
		},
		{
			"name": "hexadecagon",
			"from": [-2, 18.53164, 7.62663],
			"to": [2, 22.53164, 10.80923],
			"rotation": {"angle": -22.5, "axis": "x", "origin": [-1, 14.53164, 9.21793]},
			"faces": {
				"north": {"uv": [9.5, 6.5, 10, 7], "texture": "#0"},
				"east": {"uv": [9.5, 10.125, 9.875, 10.625], "texture": "#0"},
				"south": {"uv": [9.5, 7, 10, 7.5], "texture": "#0"},
				"west": {"uv": [10.25, 0.375, 10.625, 0.875], "texture": "#0"},
				"up": {"uv": [1, 10.625, 0.5, 10.25], "texture": "#0"},
				"down": {"uv": [10.75, 0.875, 10.25, 1.25], "texture": "#0"}
			}
		},
		{
			"name": "hexadecagon",
			"from": [-2, 18.53164, 7.62663],
			"to": [2, 22.53164, 10.80923],
			"rotation": {"angle": 0, "axis": "x", "origin": [-1, 14.53164, 9.21793]},
			"faces": {
				"north": {"uv": [2.25, 9.625, 2.75, 10.125], "texture": "#0"},
				"east": {"uv": [1, 10.25, 1.375, 10.75], "texture": "#0"},
				"south": {"uv": [2.75, 9.625, 3.25, 10.125], "texture": "#0"},
				"west": {"uv": [10.25, 1.25, 10.625, 1.75], "texture": "#0"},
				"up": {"uv": [10.75, 2.125, 10.25, 1.75], "texture": "#0"},
				"down": {"uv": [10.75, 2.125, 10.25, 2.5], "texture": "#0"}
			}
		},
		{
			"name": "hexadecagon",
			"from": [-2, 18.53164, 7.62663],
			"to": [2, 22.53164, 10.80923],
			"rotation": {"angle": 22.5, "axis": "x", "origin": [-1, 14.53164, 9.21793]},
			"faces": {
				"north": {"uv": [3.25, 9.625, 3.75, 10.125], "texture": "#0"},
				"east": {"uv": [10.25, 3, 10.625, 3.5], "texture": "#0"},
				"south": {"uv": [9.625, 8.125, 10.125, 8.625], "texture": "#0"},
				"west": {"uv": [10.25, 3.5, 10.625, 4], "texture": "#0"},
				"up": {"uv": [10.75, 4.375, 10.25, 4], "texture": "#0"},
				"down": {"uv": [10.75, 4.375, 10.25, 4.75], "texture": "#0"}
			}
		},
		{
			"name": "hexadecagon",
			"from": [14, 12.94034, 1.21793],
			"to": [18, 16.12293, 5.21793],
			"rotation": {"angle": 45, "axis": "x", "origin": [15, 14.53164, 9.21793]},
			"faces": {
				"north": {"uv": [10.25, 4.75, 10.75, 5.125], "texture": "#0"},
				"east": {"uv": [10.25, 5.125, 10.75, 5.5], "texture": "#0"},
				"south": {"uv": [7, 10.25, 7.5, 10.625], "texture": "#0"},
				"west": {"uv": [10.25, 7.25, 10.75, 7.625], "texture": "#0"},
				"up": {"uv": [8.875, 10.125, 8.375, 9.625], "texture": "#0"},
				"down": {"uv": [10.125, 8.625, 9.625, 9.125], "texture": "#0"}
			}
		},
		{
			"name": "hexadecagon",
			"from": [14, 12.94034, 13.21793],
			"to": [18, 16.12293, 17.21793],
			"rotation": {"angle": -45, "axis": "x", "origin": [15, 14.53164, 9.21793]},
			"faces": {
				"north": {"uv": [7.5, 10.25, 8, 10.625], "texture": "#0"},
				"east": {"uv": [10.25, 7.625, 10.75, 8], "texture": "#0"},
				"south": {"uv": [1.375, 10.375, 1.875, 10.75], "texture": "#0"},
				"west": {"uv": [3.5, 10.375, 4, 10.75], "texture": "#0"},
				"up": {"uv": [9.375, 10.125, 8.875, 9.625], "texture": "#0"},
				"down": {"uv": [9.875, 9.625, 9.375, 10.125], "texture": "#0"}
			}
		},
		{
			"name": "hexadecagon",
			"from": [14, 12.94034, 13.21793],
			"to": [18, 16.12293, 17.21793],
			"rotation": {"angle": -22.5, "axis": "x", "origin": [15, 14.53164, 9.21793]},
			"faces": {
				"north": {"uv": [5.75, 10.375, 6.25, 10.75], "texture": "#0"},
				"east": {"uv": [6.25, 10.375, 6.75, 10.75], "texture": "#0"},
				"south": {"uv": [9.875, 10.375, 10.375, 10.75], "texture": "#0"},
				"west": {"uv": [10.375, 10, 10.875, 10.375], "texture": "#0"},
				"up": {"uv": [0.5, 10.25, 0, 9.75], "texture": "#0"},
				"down": {"uv": [10.25, 0, 9.75, 0.5], "texture": "#0"}
			}
		},
		{
			"name": "hexadecagon",
			"from": [14, 12.94034, 13.21793],
			"to": [18, 16.12293, 17.21793],
			"rotation": {"angle": 0, "axis": "x", "origin": [15, 14.53164, 9.21793]},
			"faces": {
				"north": {"uv": [10.375, 10.375, 10.875, 10.75], "texture": "#0"},
				"east": {"uv": [1.875, 10.5, 2.375, 10.875], "texture": "#0"},
				"south": {"uv": [2.375, 10.5, 2.875, 10.875], "texture": "#0"},
				"west": {"uv": [2.875, 10.5, 3.375, 10.875], "texture": "#0"},
				"up": {"uv": [1, 10.25, 0.5, 9.75], "texture": "#0"},
				"down": {"uv": [10.25, 0.5, 9.75, 1], "texture": "#0"}
			}
		},
		{
			"name": "hexadecagon",
			"from": [14, 18.53164, 7.62663],
			"to": [18, 22.53164, 10.80923],
			"rotation": {"angle": -22.5, "axis": "x", "origin": [15, 14.53164, 9.21793]},
			"faces": {
				"north": {"uv": [1, 9.75, 1.5, 10.25], "texture": "#0"},
				"east": {"uv": [4, 10.5, 4.375, 11], "texture": "#0"},
				"south": {"uv": [9.75, 1, 10.25, 1.5], "texture": "#0"},
				"west": {"uv": [4.375, 10.5, 4.75, 11], "texture": "#0"},
				"up": {"uv": [5.25, 10.875, 4.75, 10.5], "texture": "#0"},
				"down": {"uv": [5.75, 10.5, 5.25, 10.875], "texture": "#0"}
			}
		},
		{
			"name": "hexadecagon",
			"from": [14, 18.53164, 7.62663],
			"to": [18, 22.53164, 10.80923],
			"rotation": {"angle": 0, "axis": "x", "origin": [15, 14.53164, 9.21793]},
			"faces": {
				"north": {"uv": [9.75, 1.5, 10.25, 2], "texture": "#0"},
				"east": {"uv": [10.5, 5.75, 10.875, 6.25], "texture": "#0"},
				"south": {"uv": [9.75, 2, 10.25, 2.5], "texture": "#0"},
				"west": {"uv": [10.5, 6.25, 10.875, 6.75], "texture": "#0"},
				"up": {"uv": [11, 7.125, 10.5, 6.75], "texture": "#0"},
				"down": {"uv": [8.5, 10.5, 8, 10.875], "texture": "#0"}
			}
		},
		{
			"name": "hexadecagon",
			"from": [14, 18.53164, 7.62663],
			"to": [18, 22.53164, 10.80923],
			"rotation": {"angle": 22.5, "axis": "x", "origin": [15, 14.53164, 9.21793]},
			"faces": {
				"north": {"uv": [9.75, 3, 10.25, 3.5], "texture": "#0"},
				"east": {"uv": [8.5, 10.5, 8.875, 11], "texture": "#0"},
				"south": {"uv": [9.75, 3.5, 10.25, 4], "texture": "#0"},
				"west": {"uv": [8.875, 10.5, 9.25, 11], "texture": "#0"},
				"up": {"uv": [0.5, 11, 0, 10.625], "texture": "#0"},
				"down": {"uv": [11.125, 0.375, 10.625, 0.75], "texture": "#0"}
			}
		},
		{
			"name": "hexadecagon",
			"from": [-1, 12.60761, 2],
			"to": [17, 15.39239, 6],
			"rotation": {"angle": 45, "axis": "x", "origin": [3, 14, 9]},
			"faces": {
				"north": {"uv": [6.75, 5.75, 9, 6.125], "texture": "#0"},
				"east": {"uv": [0.5, 10.625, 1, 11], "texture": "#0"},
				"south": {"uv": [6.75, 6.125, 9, 6.5], "texture": "#0"},
				"west": {"uv": [10.625, 1.25, 11.125, 1.625], "texture": "#0"},
				"up": {"uv": [6.75, 5.5, 4.5, 5], "texture": "#0"},
				"down": {"uv": [2.25, 5.25, 0, 5.75], "texture": "#0"}
			}
		},
		{
			"name": "hexadecagon",
			"from": [-1, 12.60761, 12],
			"to": [17, 15.39239, 16],
			"rotation": {"angle": -45, "axis": "x", "origin": [3, 14, 9]},
			"faces": {
				"north": {"uv": [6.5, 6.875, 8.75, 7.25], "texture": "#0"},
				"east": {"uv": [10.625, 3, 11.125, 3.375], "texture": "#0"},
				"south": {"uv": [2.5, 7, 4.75, 7.375], "texture": "#0"},
				"west": {"uv": [10.625, 3.375, 11.125, 3.75], "texture": "#0"},
				"up": {"uv": [4.5, 5.75, 2.25, 5.25], "texture": "#0"},
				"down": {"uv": [6.75, 5.5, 4.5, 6], "texture": "#0"}
			}
		},
		{
			"name": "hexadecagon",
			"from": [-1, 12.60761, 12],
			"to": [17, 15.39239, 16],
			"rotation": {"angle": -22.5, "axis": "x", "origin": [3, 14, 9]},
			"faces": {
				"north": {"uv": [7, 3, 9.25, 3.375], "texture": "#0"},
				"east": {"uv": [6.75, 10.625, 7.25, 11], "texture": "#0"},
				"south": {"uv": [7, 3.375, 9.25, 3.75], "texture": "#0"},
				"west": {"uv": [7.25, 10.625, 7.75, 11], "texture": "#0"},
				"up": {"uv": [2.25, 6.25, 0, 5.75], "texture": "#0"},
				"down": {"uv": [4.5, 5.75, 2.25, 6.25], "texture": "#0"}
			}
		},
		{
			"name": "hexadecagon",
			"from": [-1, 12.60761, 12],
			"to": [17, 15.39239, 16],
			"rotation": {"angle": 0, "axis": "x", "origin": [3, 14, 9]},
			"faces": {
				"north": {"uv": [7, 3.75, 9.25, 4.125], "texture": "#0"},
				"east": {"uv": [10.625, 8.125, 11.125, 8.5], "texture": "#0"},
				"south": {"uv": [7, 4.125, 9.25, 4.5], "texture": "#0"},
				"west": {"uv": [10.625, 8.5, 11.125, 8.875], "texture": "#0"},
				"up": {"uv": [6.75, 6.5, 4.5, 6], "texture": "#0"},
				"down": {"uv": [2.25, 6.25, 0, 6.75], "texture": "#0"}
			}
		},
		{
			"name": "hexadecagon",
			"from": [-1, 17, 7.60761],
			"to": [17, 21, 10.39239],
			"rotation": {"angle": -22.5, "axis": "x", "origin": [3, 14, 9]},
			"faces": {
				"north": {"uv": [2.25, 6.25, 4.5, 6.75], "texture": "#0"},
				"east": {"uv": [9.25, 10.625, 9.625, 11.125], "texture": "#0"},
				"south": {"uv": [6.5, 0, 8.75, 0.5], "texture": "#0"},
				"west": {"uv": [10.75, 0.75, 11.125, 1.25], "texture": "#0"},
				"up": {"uv": [9.25, 4.875, 7, 4.5], "texture": "#0"},
				"down": {"uv": [2.25, 7.125, 0, 7.5], "texture": "#0"}
			}
		},
		{
			"name": "hexadecagon",
			"from": [-1, 17, 7.60761],
			"to": [17, 21, 10.39239],
			"rotation": {"angle": 0, "axis": "x", "origin": [3, 14, 9]},
			"faces": {
				"north": {"uv": [6.5, 0.5, 8.75, 1], "texture": "#0"},
				"east": {"uv": [1, 10.75, 1.375, 11.25], "texture": "#0"},
				"south": {"uv": [6.5, 1, 8.75, 1.5], "texture": "#0"},
				"west": {"uv": [1.375, 10.75, 1.75, 11.25], "texture": "#0"},
				"up": {"uv": [7, 7.625, 4.75, 7.25], "texture": "#0"},
				"down": {"uv": [9.25, 7.25, 7, 7.625], "texture": "#0"}
			}
		},
		{
			"name": "hexadecagon",
			"from": [-1, 17, 7.60761],
			"to": [17, 21, 10.39239],
			"rotation": {"angle": 22.5, "axis": "x", "origin": [3, 14, 9]},
			"faces": {
				"north": {"uv": [6.5, 1.5, 8.75, 2], "texture": "#0"},
				"east": {"uv": [10.75, 1.625, 11.125, 2.125], "texture": "#0"},
				"south": {"uv": [6.5, 2, 8.75, 2.5], "texture": "#0"},
				"west": {"uv": [3.375, 10.75, 3.75, 11.25], "texture": "#0"},
				"up": {"uv": [4.5, 7.75, 2.25, 7.375], "texture": "#0"},
				"down": {"uv": [2.25, 7.5, 0, 7.875], "texture": "#0"}
			}
		},
		{
			"name": "hexadecagon",
			"from": [-1.01, 14, 5.60761],
			"to": [-1.01, 19, 12.39239],
			"rotation": {"angle": 22.5, "axis": "x", "origin": [3, 14, 9]},
			"faces": {
				"north": {"uv": [0, 0, 0, 0.625], "texture": "#0"},
				"east": {"uv": [2.25, 8, 3.125, 8.625], "texture": "#0"},
				"south": {"uv": [0, 0, 0, 0.625], "texture": "#0"},
				"west": {"uv": [3.125, 8, 4, 8.625], "texture": "#0"},
				"up": {"uv": [0, 0.875, 0, 0], "texture": "#0"},
				"down": {"uv": [0, 0, 0, 0.875], "texture": "#0"}
			}
		},
		{
			"name": "hexadecagon",
			"from": [17, 14, 5.60761],
			"to": [17, 19, 12.39239],
			"rotation": {"angle": 22.5, "axis": "x", "origin": [3, 14, 9]},
			"faces": {
				"north": {"uv": [0, 0, 0, 0.625], "texture": "#0"},
				"east": {"uv": [0, 8.125, 0.875, 8.75], "texture": "#0"},
				"south": {"uv": [0, 0, 0, 0.625], "texture": "#0"},
				"west": {"uv": [0.875, 8.125, 1.75, 8.75], "texture": "#0"},
				"up": {"uv": [0, 0.875, 0, 0], "texture": "#0"},
				"down": {"uv": [0, 0, 0, 0.875], "texture": "#0"}
			}
		},
		{
			"from": [-1, 10, 1],
			"to": [2, 13, 4],
			"faces": {
				"north": {"uv": [6, 9, 6.375, 9.375], "texture": "#0"},
				"east": {"uv": [7.5, 9.375, 7.875, 9.75], "texture": "#0"},
				"south": {"uv": [8, 9.75, 8.375, 10.125], "texture": "#0"},
				"west": {"uv": [10.75, 4, 11.125, 4.375], "texture": "#0"},
				"up": {"uv": [11.125, 4.75, 10.75, 4.375], "texture": "#0"},
				"down": {"uv": [11.125, 4.75, 10.75, 5.125], "texture": "#0"}
			}
		},
		{
			"from": [2, 10.75, 1.75],
			"to": [3.5, 12.25, 3.25],
			"faces": {
				"north": {"uv": [6.125, 11.125, 6.375, 11.375], "texture": "#0"},
				"east": {"uv": [7.25, 11.125, 7.5, 11.375], "texture": "#0"},
				"south": {"uv": [11.125, 7.5, 11.375, 7.75], "texture": "#0"},
				"west": {"uv": [11.125, 8.125, 11.375, 8.375], "texture": "#0"},
				"up": {"uv": [11.375, 8.625, 11.125, 8.375], "texture": "#0"},
				"down": {"uv": [11.375, 8.625, 11.125, 8.875], "texture": "#0"}
			}
		},
		{
			"from": [3.5, 10.5, 1.5],
			"to": [4, 12.5, 3.5],
			"faces": {
				"north": {"uv": [3.375, 10.5, 3.5, 10.75], "texture": "#0"},
				"east": {"uv": [9.25, 11.125, 9.5, 11.375], "texture": "#0"},
				"south": {"uv": [9.375, 11.375, 9.5, 11.625], "texture": "#0"},
				"west": {"uv": [9.5, 11.125, 9.75, 11.375], "texture": "#0"},
				"up": {"uv": [9.625, 11.625, 9.5, 11.375], "texture": "#0"},
				"down": {"uv": [11.5, 9.5, 11.375, 9.75], "texture": "#0"}
			}
		},
		{
			"from": [12, 10, -5],
			"to": [16, 11, -1],
			"rotation": {"angle": -22.5, "axis": "y", "origin": [0, 0, 0]},
			"faces": {
				"north": {"uv": [11.125, 7.75, 11.625, 7.875], "texture": "#0"},
				"east": {"uv": [9.75, 11.125, 10.25, 11.25], "texture": "#0"},
				"south": {"uv": [11.125, 10, 11.625, 10.125], "texture": "#0"},
				"west": {"uv": [11.125, 10.125, 11.625, 10.25], "texture": "#0"},
				"up": {"uv": [10.25, 4.5, 9.75, 4], "texture": "#0"},
				"down": {"uv": [10.25, 4.5, 9.75, 5], "texture": "#0"}
			}
		},
		{
			"from": [8, 10, 9],
			"to": [12, 11, 13],
			"faces": {
				"north": {"uv": [11.125, 7.75, 11.625, 7.875], "texture": "#0"},
				"east": {"uv": [9.75, 11.125, 10.25, 11.25], "texture": "#0"},
				"south": {"uv": [11.125, 10, 11.625, 10.125], "texture": "#0"},
				"west": {"uv": [11.125, 10.125, 11.625, 10.25], "texture": "#0"},
				"up": {"uv": [10.25, 4.5, 9.75, 4], "texture": "#0"},
				"down": {"uv": [10.25, 4.5, 9.75, 5], "texture": "#0"}
			}
		},
		{
			"from": [8, 10, 4],
			"to": [12, 11, 8],
			"faces": {
				"north": {"uv": [11.125, 7.75, 11.625, 7.875], "texture": "#0"},
				"east": {"uv": [9.75, 11.125, 10.25, 11.25], "texture": "#0"},
				"south": {"uv": [11.125, 10, 11.625, 10.125], "texture": "#0"},
				"west": {"uv": [11.125, 10.125, 11.625, 10.25], "texture": "#0"},
				"up": {"uv": [10.25, 4.5, 9.75, 4], "texture": "#0"},
				"down": {"uv": [10.25, 4.5, 9.75, 5], "texture": "#0"}
			}
		},
		{
			"from": [7, 11, 8],
			"to": [11, 12, 12],
			"rotation": {"angle": 22.5, "axis": "y", "origin": [0, 0, 0]},
			"faces": {
				"north": {"uv": [11.125, 7.75, 11.625, 7.875], "texture": "#0"},
				"east": {"uv": [9.75, 11.125, 10.25, 11.25], "texture": "#0"},
				"south": {"uv": [11.125, 10, 11.625, 10.125], "texture": "#0"},
				"west": {"uv": [11.125, 10.125, 11.625, 10.25], "texture": "#0"},
				"up": {"uv": [10.25, 4.5, 9.75, 4], "texture": "#0"},
				"down": {"uv": [10.25, 4.5, 9.75, 5], "texture": "#0"}
			}
		},
		{
			"from": [-13, 0, 9],
			"to": [-9, 1, 13],
			"rotation": {"angle": 22.5, "axis": "y", "origin": [0, 0, 0]},
			"faces": {
				"north": {"uv": [11.125, 7.75, 11.625, 7.875], "texture": "#0"},
				"east": {"uv": [9.75, 11.125, 10.25, 11.25], "texture": "#0"},
				"south": {"uv": [11.125, 10, 11.625, 10.125], "texture": "#0"},
				"west": {"uv": [11.125, 10.125, 11.625, 10.25], "texture": "#0"},
				"up": {"uv": [10.25, 4.5, 9.75, 4], "texture": "#0"},
				"down": {"uv": [10.25, 4.5, 9.75, 5], "texture": "#0"}
			}
		},
		{
			"from": [18.05, -7.3, 2],
			"to": [19.05, -3.3, 6],
			"rotation": {"angle": 22.5, "axis": "z", "origin": [0, 0, 0]},
			"faces": {
				"north": {"uv": [11.125, 10, 11.625, 10.125], "rotation": 270, "texture": "#0"},
				"east": {"uv": [10.25, 4.5, 9.75, 4], "rotation": 270, "texture": "#0"},
				"south": {"uv": [11.125, 7.75, 11.625, 7.875], "rotation": 90, "texture": "#0"},
				"west": {"uv": [10.25, 4.5, 9.75, 5], "rotation": 270, "texture": "#0"},
				"up": {"uv": [9.75, 11.125, 10.25, 11.25], "rotation": 90, "texture": "#0"},
				"down": {"uv": [11.125, 10.125, 11.625, 10.25], "rotation": 90, "texture": "#0"}
			}
		},
		{
			"from": [3, 0, 16],
			"to": [7, 1, 20],
			"rotation": {"angle": -22.5, "axis": "y", "origin": [0, 0, 0]},
			"faces": {
				"north": {"uv": [11.125, 7.75, 11.625, 7.875], "texture": "#0"},
				"east": {"uv": [9.75, 11.125, 10.25, 11.25], "texture": "#0"},
				"south": {"uv": [11.125, 10, 11.625, 10.125], "texture": "#0"},
				"west": {"uv": [11.125, 10.125, 11.625, 10.25], "texture": "#0"},
				"up": {"uv": [10.25, 4.5, 9.75, 4], "texture": "#0"},
				"down": {"uv": [10.25, 4.5, 9.75, 5], "texture": "#0"}
			}
		},
		{
			"from": [8, 12, 6],
			"to": [12, 13, 10],
			"faces": {
				"north": {"uv": [11.125, 7.75, 11.625, 7.875], "texture": "#0"},
				"east": {"uv": [9.75, 11.125, 10.25, 11.25], "texture": "#0"},
				"south": {"uv": [11.125, 10, 11.625, 10.125], "texture": "#0"},
				"west": {"uv": [11.125, 10.125, 11.625, 10.25], "texture": "#0"},
				"up": {"uv": [10.25, 4.5, 9.75, 4], "texture": "#0"},
				"down": {"uv": [10.25, 4.5, 9.75, 5], "texture": "#0"}
			}
		},
		{
			"from": [2, 11, 10],
			"to": [6, 12, 14],
			"rotation": {"angle": 22.5, "axis": "y", "origin": [0, 0, 0]},
			"faces": {
				"north": {"uv": [11.125, 7.75, 11.625, 7.875], "texture": "#0"},
				"east": {"uv": [9.75, 11.125, 10.25, 11.25], "texture": "#0"},
				"south": {"uv": [11.125, 10, 11.625, 10.125], "texture": "#0"},
				"west": {"uv": [11.125, 10.125, 11.625, 10.25], "texture": "#0"},
				"up": {"uv": [10.25, 4.5, 9.75, 4], "texture": "#0"},
				"down": {"uv": [10.25, 4.5, 9.75, 5], "texture": "#0"}
			}
		},
		{
			"from": [-1.5, 10, 10],
			"to": [2.5, 11, 14],
			"rotation": {"angle": 22.5, "axis": "y", "origin": [0, 0, 0]},
			"faces": {
				"north": {"uv": [11.125, 7.75, 11.625, 7.875], "texture": "#0"},
				"east": {"uv": [9.75, 11.125, 10.25, 11.25], "texture": "#0"},
				"south": {"uv": [11.125, 10, 11.625, 10.125], "texture": "#0"},
				"west": {"uv": [11.125, 10.125, 11.625, 10.25], "texture": "#0"},
				"up": {"uv": [10.25, 4.5, 9.75, 4], "texture": "#0"},
				"down": {"uv": [10.25, 4.5, 9.75, 5], "texture": "#0"}
			}
		},
		{
			"from": [15, 10, 0],
			"to": [19, 11, 4],
			"rotation": {"angle": -22.5, "axis": "y", "origin": [0, 0, 0]},
			"faces": {
				"north": {"uv": [11.125, 7.75, 11.625, 7.875], "texture": "#0"},
				"east": {"uv": [9.75, 11.125, 10.25, 11.25], "texture": "#0"},
				"south": {"uv": [11.125, 10, 11.625, 10.125], "texture": "#0"},
				"west": {"uv": [11.125, 10.125, 11.625, 10.25], "texture": "#0"},
				"up": {"uv": [10.25, 4.5, 9.75, 4], "texture": "#0"},
				"down": {"uv": [10.25, 4.5, 9.75, 5], "texture": "#0"}
			}
		},
		{
			"from": [5, 10, -5],
			"to": [8, 11, -2],
			"rotation": {"angle": -45, "axis": "y", "origin": [0, 0, 0]},
			"faces": {
				"north": {"uv": [8, 11.375, 8.375, 11.5], "texture": "#0"},
				"east": {"uv": [11.375, 8.125, 11.75, 8.25], "texture": "#0"},
				"south": {"uv": [11.375, 8.25, 11.75, 8.375], "texture": "#0"},
				"west": {"uv": [8.375, 11.375, 8.75, 11.5], "texture": "#0"},
				"up": {"uv": [11.125, 5.5, 10.75, 5.125], "texture": "#0"},
				"down": {"uv": [6.125, 10.75, 5.75, 11.125], "texture": "#0"}
			}
		},
		{
			"from": [16, 11, -5],
			"to": [19, 12, -2],
			"rotation": {"angle": -45, "axis": "y", "origin": [0, 0, 0]},
			"faces": {
				"north": {"uv": [8, 11.375, 8.375, 11.5], "texture": "#0"},
				"east": {"uv": [11.375, 8.125, 11.75, 8.25], "texture": "#0"},
				"south": {"uv": [11.375, 8.25, 11.75, 8.375], "texture": "#0"},
				"west": {"uv": [8.375, 11.375, 8.75, 11.5], "texture": "#0"},
				"up": {"uv": [11.125, 5.5, 10.75, 5.125], "texture": "#0"},
				"down": {"uv": [6.125, 10.75, 5.75, 11.125], "texture": "#0"}
			}
		},
		{
			"from": [13, 0, 17],
			"to": [16, 1, 20],
			"rotation": {"angle": 22.5, "axis": "y", "origin": [0, 0, 0]},
			"faces": {
				"north": {"uv": [8.375, 11.375, 8.75, 11.5], "texture": "#0"},
				"east": {"uv": [8, 11.375, 8.375, 11.5], "texture": "#0"},
				"south": {"uv": [11.375, 8.125, 11.75, 8.25], "texture": "#0"},
				"west": {"uv": [11.375, 8.25, 11.75, 8.375], "texture": "#0"},
				"up": {"uv": [11.125, 5.5, 10.75, 5.125], "rotation": 90, "texture": "#0"},
				"down": {"uv": [6.125, 10.75, 5.75, 11.125], "rotation": 270, "texture": "#0"}
			}
		},
		{
			"from": [12, 0, 1],
			"to": [15, 1, 4],
			"rotation": {"angle": 22.5, "axis": "y", "origin": [0, 0, 0]},
			"faces": {
				"north": {"uv": [8, 11.375, 8.375, 11.5], "texture": "#0"},
				"east": {"uv": [11.375, 8.125, 11.75, 8.25], "texture": "#0"},
				"south": {"uv": [11.375, 8.25, 11.75, 8.375], "texture": "#0"},
				"west": {"uv": [8.375, 11.375, 8.75, 11.5], "texture": "#0"},
				"up": {"uv": [11.125, 5.5, 10.75, 5.125], "texture": "#0"},
				"down": {"uv": [6.125, 10.75, 5.75, 11.125], "texture": "#0"}
			}
		},
		{
			"from": [5, 10, 3],
			"to": [8, 11, 6],
			"rotation": {"angle": -22.5, "axis": "y", "origin": [0, 0, 0]},
			"faces": {
				"north": {"uv": [8, 11.375, 8.375, 11.5], "texture": "#0"},
				"east": {"uv": [11.375, 8.125, 11.75, 8.25], "texture": "#0"},
				"south": {"uv": [11.375, 8.25, 11.75, 8.375], "texture": "#0"},
				"west": {"uv": [8.375, 11.375, 8.75, 11.5], "texture": "#0"},
				"up": {"uv": [11.125, 5.5, 10.75, 5.125], "texture": "#0"},
				"down": {"uv": [6.125, 10.75, 5.75, 11.125], "texture": "#0"}
			}
		},
		{
			"from": [22.25, -9.25, -0.5],
			"to": [26.25, -8.25, 3.5],
			"rotation": {"angle": 22.5, "axis": "z", "origin": [0, 0, 0], "rescale": true},
			"faces": {
				"north": {"uv": [10.25, 11.125, 10.75, 11.25], "texture": "#0"},
				"east": {"uv": [11.125, 10.25, 11.625, 10.375], "texture": "#0"},
				"south": {"uv": [11.125, 10.375, 11.625, 10.5], "texture": "#0"},
				"west": {"uv": [11, 11.125, 11.5, 11.25], "texture": "#0"},
				"up": {"uv": [10.25, 5.5, 9.75, 5], "texture": "#0"},
				"down": {"uv": [8, 9.75, 7.5, 10.25], "texture": "#0"}
			}
		},
		{
			"from": [22.25, 6.75, -0.5],
			"to": [26.25, 7.75, 3.5],
			"rotation": {"angle": 22.5, "axis": "z", "origin": [0, 0, 0], "rescale": true},
			"faces": {
				"north": {"uv": [0, 11.25, 0.5, 11.375], "texture": "#0"},
				"east": {"uv": [1, 11.25, 1.5, 11.375], "texture": "#0"},
				"south": {"uv": [1.5, 11.25, 2, 11.375], "texture": "#0"},
				"west": {"uv": [2, 11.25, 2.5, 11.375], "texture": "#0"},
				"up": {"uv": [10.25, 8, 9.75, 7.5], "texture": "#0"},
				"down": {"uv": [4.25, 9.875, 3.75, 10.375], "texture": "#0"}
			}
		},
		{
			"from": [22.25, 3.75, -0.5],
			"to": [26.25, 4.75, 3.5],
			"rotation": {"angle": 22.5, "axis": "z", "origin": [0, 0, 0], "rescale": true},
			"faces": {
				"north": {"uv": [11.25, 3.75, 11.75, 3.875], "texture": "#0"},
				"east": {"uv": [11.25, 3.875, 11.75, 4], "texture": "#0"},
				"south": {"uv": [6.75, 11.25, 7.25, 11.375], "texture": "#0"},
				"west": {"uv": [11.25, 8, 11.75, 8.125], "texture": "#0"},
				"up": {"uv": [6.5, 10.375, 6, 9.875], "texture": "#0"},
				"down": {"uv": [7, 9.875, 6.5, 10.375], "texture": "#0"}
			}
		},
		{
			"from": [23.25, 7.75, -0.5],
			"to": [25.25, 8.75, 3.5],
			"rotation": {"angle": 22.5, "axis": "z", "origin": [0, 0, 0], "rescale": true},
			"faces": {
				"north": {"uv": [10.5, 7.125, 10.75, 7.25], "texture": "#0"},
				"east": {"uv": [9.75, 11.25, 10.25, 11.375], "texture": "#0"},
				"south": {"uv": [9.25, 10.5, 9.5, 10.625], "texture": "#0"},
				"west": {"uv": [10.25, 11.25, 10.75, 11.375], "texture": "#0"},
				"up": {"uv": [3.25, 11.375, 3, 10.875], "texture": "#0"},
				"down": {"uv": [11.125, 6.25, 10.875, 6.75], "texture": "#0"}
			}
		},
		{
			"from": [23.25, 7.75, -1.5],
			"to": [25.25, 11.75, -0.5],
			"rotation": {"angle": 22.5, "axis": "z", "origin": [0, 0, 0], "rescale": true},
			"faces": {
				"north": {"uv": [8, 10.875, 8.25, 11.375], "texture": "#0"},
				"east": {"uv": [6.375, 11.125, 6.5, 11.625], "texture": "#0"},
				"south": {"uv": [8.25, 10.875, 8.5, 11.375], "texture": "#0"},
				"west": {"uv": [2.5, 11.25, 2.625, 11.75], "texture": "#0"},
				"up": {"uv": [9.875, 10.75, 9.625, 10.625], "texture": "#0"},
				"down": {"uv": [11.625, 8.75, 11.375, 8.875], "texture": "#0"}
			}
		},
		{
			"from": [23.25, 7.75, 3.5],
			"to": [25.25, 11.75, 4.5],
			"rotation": {"angle": 22.5, "axis": "z", "origin": [0, 0, 0], "rescale": true},
			"faces": {
				"north": {"uv": [10.875, 10, 11.125, 10.5], "texture": "#0"},
				"east": {"uv": [2.625, 11.25, 2.75, 11.75], "texture": "#0"},
				"south": {"uv": [10.75, 10.875, 11, 11.375], "texture": "#0"},
				"west": {"uv": [3.375, 11.25, 3.5, 11.75], "texture": "#0"},
				"up": {"uv": [9.875, 11.5, 9.625, 11.375], "texture": "#0"},
				"down": {"uv": [11.625, 9.75, 11.375, 9.875], "texture": "#0"}
			}
		},
		{
			"from": [23.25, 10.75, -0.5],
			"to": [25.25, 12.75, 3.5],
			"rotation": {"angle": 22.5, "axis": "z", "origin": [0, 0, 0], "rescale": true},
			"faces": {
				"north": {"uv": [3.5, 11.25, 3.75, 11.5], "texture": "#0"},
				"east": {"uv": [10.875, 10.5, 11.375, 10.75], "texture": "#0"},
				"south": {"uv": [11, 11.25, 11.25, 11.5], "texture": "#0"},
				"west": {"uv": [0, 11, 0.5, 11.25], "texture": "#0"},
				"up": {"uv": [0.75, 11.5, 0.5, 11], "texture": "#0"},
				"down": {"uv": [1, 11, 0.75, 11.5], "texture": "#0"}
			}
		},
		{
			"from": [23.75, 12.75, 1],
			"to": [24.75, 16.75, 2],
			"rotation": {"angle": 22.5, "axis": "z", "origin": [0, 0, 0], "rescale": true},
			"faces": {
				"north": {"uv": [11.25, 11.25, 11.375, 11.75], "texture": "#0"},
				"east": {"uv": [0, 11.375, 0.125, 11.875], "texture": "#0"},
				"south": {"uv": [0.125, 11.375, 0.25, 11.875], "texture": "#0"},
				"west": {"uv": [0.25, 11.375, 0.375, 11.875], "texture": "#0"},
				"up": {"uv": [5.5, 11.75, 5.375, 11.625], "texture": "#0"},
				"down": {"uv": [11.75, 5.375, 11.625, 5.5], "texture": "#0"}
			}
		},
		{
			"from": [23.75, 14.75, 0],
			"to": [24.75, 15.75, 1],
			"rotation": {"angle": 22.5, "axis": "z", "origin": [0, 0, 0], "rescale": true},
			"faces": {
				"north": {"uv": [5.5, 11.625, 5.625, 11.75], "texture": "#0"},
				"east": {"uv": [5.625, 11.625, 5.75, 11.75], "texture": "#0"},
				"south": {"uv": [5.75, 11.625, 5.875, 11.75], "texture": "#0"},
				"west": {"uv": [5.875, 11.625, 6, 11.75], "texture": "#0"},
				"up": {"uv": [6.125, 11.75, 6, 11.625], "texture": "#0"},
				"down": {"uv": [6.25, 11.625, 6.125, 11.75], "texture": "#0"}
			}
		},
		{
			"from": [23.75, 14.75, 2],
			"to": [24.75, 15.75, 3],
			"rotation": {"angle": 22.5, "axis": "z", "origin": [0, 0, 0], "rescale": true},
			"faces": {
				"north": {"uv": [6.25, 11.625, 6.375, 11.75], "texture": "#0"},
				"east": {"uv": [11.625, 6.25, 11.75, 6.375], "texture": "#0"},
				"south": {"uv": [6.375, 11.625, 6.5, 11.75], "texture": "#0"},
				"west": {"uv": [11.625, 6.375, 11.75, 6.5], "texture": "#0"},
				"up": {"uv": [11.75, 6.625, 11.625, 6.5], "texture": "#0"},
				"down": {"uv": [11.75, 6.625, 11.625, 6.75], "texture": "#0"}
			}
		},
		{
			"from": [22.25, 7.75, 0.5],
			"to": [26.25, 8.75, 2.5],
			"rotation": {"angle": 22.5, "axis": "z", "origin": [0, 0, 0], "rescale": true},
			"faces": {
				"north": {"uv": [11.375, 0, 11.875, 0.125], "texture": "#0"},
				"east": {"uv": [9.875, 11.375, 10.125, 11.5], "texture": "#0"},
				"south": {"uv": [11.375, 0.125, 11.875, 0.25], "texture": "#0"},
				"west": {"uv": [11.375, 9.875, 11.625, 10], "texture": "#0"},
				"up": {"uv": [2.25, 11.25, 1.75, 11], "texture": "#0"},
				"down": {"uv": [2.75, 11, 2.25, 11.25], "texture": "#0"}
			}
		},
		{
			"from": [23.25, 8.75, 0.5],
			"to": [25.25, 10.75, 2.5],
			"rotation": {"angle": 22.5, "axis": "z", "origin": [0, 0, 0], "rescale": true},
			"faces": {
				"north": {"uv": [1, 11.375, 1.25, 11.625], "texture": "#0"},
				"east": {"uv": [1.25, 11.375, 1.5, 11.625], "texture": "#0"},
				"south": {"uv": [1.5, 11.375, 1.75, 11.625], "texture": "#0"},
				"west": {"uv": [11.375, 1.625, 11.625, 1.875], "texture": "#0"},
				"up": {"uv": [2, 11.625, 1.75, 11.375], "texture": "#0"},
				"down": {"uv": [11.625, 1.875, 11.375, 2.125], "texture": "#0"}
			}
		},
		{
			"from": [26.25, 7.75, 0.5],
			"to": [27.25, 11.75, 2.5],
			"rotation": {"angle": 22.5, "axis": "z", "origin": [0, 0, 0], "rescale": true},
			"faces": {
				"north": {"uv": [0.375, 11.375, 0.5, 11.875], "texture": "#0"},
				"east": {"uv": [4, 11, 4.25, 11.5], "texture": "#0"},
				"south": {"uv": [2, 11.375, 2.125, 11.875], "texture": "#0"},
				"west": {"uv": [4.25, 11, 4.5, 11.5], "texture": "#0"},
				"up": {"uv": [10.25, 11.625, 10.125, 11.375], "texture": "#0"},
				"down": {"uv": [10.375, 11.375, 10.25, 11.625], "texture": "#0"}
			}
		},
		{
			"from": [25.25, 10.75, 0.5],
			"to": [26.25, 12.75, 2.5],
			"rotation": {"angle": 22.5, "axis": "z", "origin": [0, 0, 0], "rescale": true},
			"faces": {
				"north": {"uv": [10.375, 11.375, 10.5, 11.625], "texture": "#0"},
				"east": {"uv": [2.125, 11.375, 2.375, 11.625], "texture": "#0"},
				"south": {"uv": [10.5, 11.375, 10.625, 11.625], "texture": "#0"},
				"west": {"uv": [11.375, 2.125, 11.625, 2.375], "texture": "#0"},
				"up": {"uv": [11.5, 10.75, 11.375, 10.5], "texture": "#0"},
				"down": {"uv": [10.75, 11.375, 10.625, 11.625], "texture": "#0"}
			}
		},
		{
			"from": [22.25, 10.75, 0.5],
			"to": [23.25, 12.75, 2.5],
			"rotation": {"angle": 22.5, "axis": "z", "origin": [0, 0, 0], "rescale": true},
			"faces": {
				"north": {"uv": [10.75, 11.375, 10.875, 11.625], "texture": "#0"},
				"east": {"uv": [3, 11.375, 3.25, 11.625], "texture": "#0"},
				"south": {"uv": [10.875, 11.375, 11, 11.625], "texture": "#0"},
				"west": {"uv": [11.375, 3, 11.625, 3.25], "texture": "#0"},
				"up": {"uv": [11.5, 11.5, 11.375, 11.25], "texture": "#0"},
				"down": {"uv": [0.625, 11.5, 0.5, 11.75], "texture": "#0"}
			}
		},
		{
			"from": [21.25, 7.75, 0.5],
			"to": [22.25, 11.75, 2.5],
			"rotation": {"angle": 22.5, "axis": "z", "origin": [0, 0, 0], "rescale": true},
			"faces": {
				"north": {"uv": [2.375, 11.375, 2.5, 11.875], "texture": "#0"},
				"east": {"uv": [4.5, 11, 4.75, 11.5], "texture": "#0"},
				"south": {"uv": [3.25, 11.375, 3.375, 11.875], "texture": "#0"},
				"west": {"uv": [4.75, 11, 5, 11.5], "texture": "#0"},
				"up": {"uv": [0.75, 11.75, 0.625, 11.5], "texture": "#0"},
				"down": {"uv": [0.875, 11.5, 0.75, 11.75], "texture": "#0"}
			}
		},
		{
			"from": [23.25, -8.25, 0.5],
			"to": [25.25, 6.75, 2.5],
			"rotation": {"angle": 22.5, "axis": "z", "origin": [0, 0, 0], "rescale": true},
			"faces": {
				"north": {"uv": [4, 8, 4.25, 9.875], "texture": "#0"},
				"east": {"uv": [4.25, 8, 4.5, 9.875], "texture": "#0"},
				"south": {"uv": [1.75, 8.125, 2, 10], "texture": "#0"},
				"west": {"uv": [2, 8.125, 2.25, 10], "texture": "#0"},
				"up": {"uv": [11.625, 3.5, 11.375, 3.25], "texture": "#0"},
				"down": {"uv": [11.625, 3.5, 11.375, 3.75], "texture": "#0"}
			}
		},
		{
			"from": [-10, 0, -3],
			"to": [-5, 2, 2],
			"rotation": {"angle": -45, "axis": "y", "origin": [-2, 2, 4]},
			"faces": {
				"north": {"uv": [10.125, 8.875, 10.75, 9.125], "texture": "#0"},
				"east": {"uv": [10.625, 3.75, 11.25, 4], "texture": "#0"},
				"south": {"uv": [10.75, 0, 11.375, 0.25], "texture": "#0"},
				"west": {"uv": [10.75, 2.125, 11.375, 2.375], "texture": "#0"},
				"up": {"uv": [8.625, 8.75, 8, 8.125], "texture": "#0"},
				"down": {"uv": [5.125, 8.375, 4.5, 9], "texture": "#0"}
			}
		},
		{
			"from": [-5.25, 6, -5.5],
			"to": [-0.25, 7, -0.5],
			"rotation": {"angle": 0, "axis": "y", "origin": [-2, 2, 4]},
			"faces": {
				"north": {"uv": [11.125, 1.125, 11.75, 1.25], "texture": "#0"},
				"east": {"uv": [11.125, 1.25, 11.75, 1.375], "texture": "#0"},
				"south": {"uv": [11.125, 1.375, 11.75, 1.5], "texture": "#0"},
				"west": {"uv": [11.125, 1.5, 11.75, 1.625], "texture": "#0"},
				"up": {"uv": [5.75, 9, 5.125, 8.375], "texture": "#0"},
				"down": {"uv": [6.375, 8.375, 5.75, 9], "texture": "#0"}
			}
		},
		{
			"from": [-3.25, 7, -1.5],
			"to": [-2.25, 8, -0.5],
			"rotation": {"angle": 0, "axis": "y", "origin": [-2, 2, 4]},
			"faces": {
				"north": {"uv": [6.75, 11.625, 6.875, 11.75], "texture": "#0"},
				"east": {"uv": [6.875, 11.625, 7, 11.75], "texture": "#0"},
				"south": {"uv": [7, 11.625, 7.125, 11.75], "texture": "#0"},
				"west": {"uv": [7.125, 11.625, 7.25, 11.75], "texture": "#0"},
				"up": {"uv": [11.75, 7.25, 11.625, 7.125], "texture": "#0"},
				"down": {"uv": [7.375, 11.625, 7.25, 11.75], "texture": "#0"}
			}
		},
		{
			"from": [-1.25, 7, -1.5],
			"to": [-0.25, 8, -0.5],
			"rotation": {"angle": 0, "axis": "y", "origin": [-2, 2, 4]},
			"faces": {
				"north": {"uv": [11.625, 7.25, 11.75, 7.375], "texture": "#0"},
				"east": {"uv": [7.375, 11.625, 7.5, 11.75], "texture": "#0"},
				"south": {"uv": [11.625, 7.375, 11.75, 7.5], "texture": "#0"},
				"west": {"uv": [7.5, 11.625, 7.625, 11.75], "texture": "#0"},
				"up": {"uv": [11.75, 7.625, 11.625, 7.5], "texture": "#0"},
				"down": {"uv": [7.75, 11.625, 7.625, 11.75], "texture": "#0"}
			}
		},
		{
			"from": [-5.25, 7, -1.5],
			"to": [-4.25, 8, -0.5],
			"rotation": {"angle": 0, "axis": "y", "origin": [-2, 2, 4]},
			"faces": {
				"north": {"uv": [11.625, 7.625, 11.75, 7.75], "texture": "#0"},
				"east": {"uv": [7.75, 11.625, 7.875, 11.75], "texture": "#0"},
				"south": {"uv": [11.625, 7.75, 11.75, 7.875], "texture": "#0"},
				"west": {"uv": [7.875, 11.625, 8, 11.75], "texture": "#0"},
				"up": {"uv": [8.125, 11.75, 8, 11.625], "texture": "#0"},
				"down": {"uv": [8.25, 11.625, 8.125, 11.75], "texture": "#0"}
			}
		},
		{
			"from": [-3.25, 7, -5.5],
			"to": [-2.25, 8, -4.5],
			"rotation": {"angle": 0, "axis": "y", "origin": [-2, 2, 4]},
			"faces": {
				"north": {"uv": [8.25, 11.625, 8.375, 11.75], "texture": "#0"},
				"east": {"uv": [8.375, 11.625, 8.5, 11.75], "texture": "#0"},
				"south": {"uv": [11.625, 8.375, 11.75, 8.5], "texture": "#0"},
				"west": {"uv": [11.625, 8.5, 11.75, 8.625], "texture": "#0"},
				"up": {"uv": [11.75, 8.875, 11.625, 8.75], "texture": "#0"},
				"down": {"uv": [11.75, 9.125, 11.625, 9.25], "texture": "#0"}
			}
		},
		{
			"from": [-1.25, 7, -5.5],
			"to": [-0.25, 8, -4.5],
			"rotation": {"angle": 0, "axis": "y", "origin": [-2, 2, 4]},
			"faces": {
				"north": {"uv": [11.625, 9.25, 11.75, 9.375], "texture": "#0"},
				"east": {"uv": [9.375, 11.625, 9.5, 11.75], "texture": "#0"},
				"south": {"uv": [11.625, 9.375, 11.75, 9.5], "texture": "#0"},
				"west": {"uv": [9.5, 11.625, 9.625, 11.75], "texture": "#0"},
				"up": {"uv": [11.75, 9.625, 11.625, 9.5], "texture": "#0"},
				"down": {"uv": [9.75, 11.625, 9.625, 11.75], "texture": "#0"}
			}
		},
		{
			"from": [-1.25, 7, -3.5],
			"to": [-0.25, 8, -2.5],
			"rotation": {"angle": 0, "axis": "y", "origin": [-2, 2, 4]},
			"faces": {
				"north": {"uv": [9.75, 11.625, 9.875, 11.75], "texture": "#0"},
				"east": {"uv": [11.625, 9.75, 11.75, 9.875], "texture": "#0"},
				"south": {"uv": [9.875, 11.625, 10, 11.75], "texture": "#0"},
				"west": {"uv": [11.625, 9.875, 11.75, 10], "texture": "#0"},
				"up": {"uv": [10.125, 11.75, 10, 11.625], "texture": "#0"},
				"down": {"uv": [11.75, 10, 11.625, 10.125], "texture": "#0"}
			}
		},
		{
			"from": [-5.25, 7, -5.5],
			"to": [-4.25, 8, -4.5],
			"rotation": {"angle": 0, "axis": "y", "origin": [-2, 2, 4]},
			"faces": {
				"north": {"uv": [10.125, 11.625, 10.25, 11.75], "texture": "#0"},
				"east": {"uv": [11.625, 10.125, 11.75, 10.25], "texture": "#0"},
				"south": {"uv": [10.25, 11.625, 10.375, 11.75], "texture": "#0"},
				"west": {"uv": [11.625, 10.25, 11.75, 10.375], "texture": "#0"},
				"up": {"uv": [10.5, 11.75, 10.375, 11.625], "texture": "#0"},
				"down": {"uv": [11.75, 10.375, 11.625, 10.5], "texture": "#0"}
			}
		},
		{
			"from": [-5.25, 7, -3.5],
			"to": [-4.25, 8, -2.5],
			"rotation": {"angle": 0, "axis": "y", "origin": [-2, 2, 4]},
			"faces": {
				"north": {"uv": [10.5, 11.625, 10.625, 11.75], "texture": "#0"},
				"east": {"uv": [11.625, 10.5, 11.75, 10.625], "texture": "#0"},
				"south": {"uv": [10.625, 11.625, 10.75, 11.75], "texture": "#0"},
				"west": {"uv": [11.625, 10.625, 11.75, 10.75], "texture": "#0"},
				"up": {"uv": [10.875, 11.75, 10.75, 11.625], "texture": "#0"},
				"down": {"uv": [11, 11.625, 10.875, 11.75], "texture": "#0"}
			}
		},
		{
			"from": [-9, 2, -2],
			"to": [-6, 5, 1],
			"rotation": {"angle": -45, "axis": "y", "origin": [-2, 2, 4]},
			"faces": {
				"north": {"uv": [6.125, 10.75, 6.5, 11.125], "texture": "#0"},
				"east": {"uv": [10.75, 7.125, 11.125, 7.5], "texture": "#0"},
				"south": {"uv": [10.75, 7.5, 11.125, 7.875], "texture": "#0"},
				"west": {"uv": [9.625, 10.75, 10, 11.125], "texture": "#0"},
				"up": {"uv": [10.375, 11.125, 10, 10.75], "texture": "#0"},
				"down": {"uv": [10.75, 10.75, 10.375, 11.125], "texture": "#0"}
			}
		},
		{
			"from": [-3.5, 14.18198, -6.74695],
			"to": [-2, 15.18198, -4.74695],
			"rotation": {"angle": -45, "axis": "x", "origin": [-2, 10.18198, 4.75305]},
			"faces": {
				"north": {"uv": [11.5, 2.5, 11.75, 2.625], "texture": "#0"},
				"east": {"uv": [11.5, 2.625, 11.75, 2.75], "texture": "#0"},
				"south": {"uv": [11.5, 2.75, 11.75, 2.875], "texture": "#0"},
				"west": {"uv": [11.5, 2.875, 11.75, 3], "texture": "#0"},
				"up": {"uv": [11.625, 4.25, 11.375, 4], "texture": "#0"},
				"down": {"uv": [11.625, 4.25, 11.375, 4.5], "texture": "#0"}
			}
		},
		{
			"from": [-3.5, 3.58579, -6.91421],
			"to": [-2, 5.58579, -5.91421],
			"rotation": {"angle": 0, "axis": "x", "origin": [-2, 15.08579, -1.91421]},
			"faces": {
				"north": {"uv": [11.375, 4.5, 11.625, 4.75], "texture": "#0"},
				"east": {"uv": [0.875, 11.5, 1, 11.75], "texture": "#0"},
				"south": {"uv": [11.375, 4.75, 11.625, 5], "texture": "#0"},
				"west": {"uv": [3.5, 11.5, 3.625, 11.75], "texture": "#0"},
				"up": {"uv": [4.25, 11.625, 4, 11.5], "texture": "#0"},
				"down": {"uv": [4.5, 11.5, 4.25, 11.625], "texture": "#0"}
			}
		},
		{
			"from": [-3.5, 2.02606, -10.93031],
			"to": [-2, 4.77606, -9.93031],
			"rotation": {"angle": -22.5, "axis": "x", "origin": [-2, 14.27606, -5.93031]},
			"faces": {
				"north": {"uv": [8.75, 6.875, 9, 7.25], "texture": "#0"},
				"east": {"uv": [7.875, 8.375, 8, 8.75], "texture": "#0"},
				"south": {"uv": [8.375, 8.75, 8.625, 9.125], "texture": "#0"},
				"west": {"uv": [11.375, 8.375, 11.5, 8.75], "texture": "#0"},
				"up": {"uv": [4.75, 11.625, 4.5, 11.5], "texture": "#0"},
				"down": {"uv": [5, 11.5, 4.75, 11.625], "texture": "#0"}
			}
		},
		{
			"from": [-1.00305, 14.18198, -3.75],
			"to": [0.99695, 15.18198, -2.25],
			"rotation": {"angle": -45, "axis": "z", "origin": [-10.50305, 10.18198, -2.25]},
			"faces": {
				"north": {"uv": [11.5, 5.5, 11.75, 5.625], "texture": "#0"},
				"east": {"uv": [11.5, 5.625, 11.75, 5.75], "texture": "#0"},
				"south": {"uv": [8, 11.5, 8.25, 11.625], "texture": "#0"},
				"west": {"uv": [8.25, 11.5, 8.5, 11.625], "texture": "#0"},
				"up": {"uv": [5.25, 11.625, 5, 11.375], "texture": "#0"},
				"down": {"uv": [11.625, 5, 11.375, 5.25], "texture": "#0"}
			}
		},
		{
			"from": [0.16421, 3.58579, -3.75],
			"to": [1.16421, 5.58579, -2.25],
			"rotation": {"angle": 0, "axis": "x", "origin": [-3.83579, 15.08579, -2.25]},
			"faces": {
				"north": {"uv": [3.625, 11.5, 3.75, 11.75], "texture": "#0"},
				"east": {"uv": [5.25, 11.375, 5.5, 11.625], "texture": "#0"},
				"south": {"uv": [11.5, 8.375, 11.625, 8.625], "texture": "#0"},
				"west": {"uv": [11.375, 5.25, 11.625, 5.5], "texture": "#0"},
				"up": {"uv": [8.625, 11.75, 8.5, 11.5], "texture": "#0"},
				"down": {"uv": [8.75, 11.5, 8.625, 11.75], "texture": "#0"}
			}
		},
		{
			"from": [4.18031, 2.02606, -3.75],
			"to": [5.18031, 4.77606, -2.25],
			"rotation": {"angle": -22.5, "axis": "z", "origin": [0.18031, 14.27606, -2.25]},
			"faces": {
				"north": {"uv": [8.75, 11.375, 8.875, 11.75], "texture": "#0"},
				"east": {"uv": [9.25, 7.25, 9.5, 7.625], "texture": "#0"},
				"south": {"uv": [8.875, 11.375, 9, 11.75], "texture": "#0"},
				"west": {"uv": [5.75, 10, 6, 10.375], "texture": "#0"},
				"up": {"uv": [11.625, 9.375, 11.5, 9.125], "texture": "#0"},
				"down": {"uv": [11.625, 9.375, 11.5, 9.625], "texture": "#0"}
			}
		},
		{
			"from": [-3.5, 14.18198, -1.25305],
			"to": [-2, 15.18198, 0.74695],
			"rotation": {"angle": 45, "axis": "x", "origin": [-3.5, 10.18198, -10.75305]},
			"faces": {
				"north": {"uv": [11.5, 8.625, 11.75, 8.75], "texture": "#0"},
				"east": {"uv": [9.625, 11.5, 9.875, 11.625], "texture": "#0"},
				"south": {"uv": [11.5, 9.625, 11.75, 9.75], "texture": "#0"},
				"west": {"uv": [9.875, 11.5, 10.125, 11.625], "texture": "#0"},
				"up": {"uv": [5.75, 11.625, 5.5, 11.375], "texture": "#0"},
				"down": {"uv": [6, 11.375, 5.75, 11.625], "texture": "#0"}
			}
		},
		{
			"from": [-3.5, 3.58579, -0.08579],
			"to": [-2, 5.58579, 0.91421],
			"rotation": {"angle": 0, "axis": "x", "origin": [-3.5, 15.08579, -4.08579]},
			"faces": {
				"north": {"uv": [6.125, 11.375, 6.375, 11.625], "texture": "#0"},
				"east": {"uv": [11.5, 10.5, 11.625, 10.75], "texture": "#0"},
				"south": {"uv": [6.75, 11.375, 7, 11.625], "texture": "#0"},
				"west": {"uv": [11, 11.5, 11.125, 11.75], "texture": "#0"},
				"up": {"uv": [11.75, 11.25, 11.5, 11.125], "texture": "#0"},
				"down": {"uv": [11.75, 11.25, 11.5, 11.375], "texture": "#0"}
			}
		},
		{
			"from": [-3.5, 2.02606, 3.93031],
			"to": [-2, 4.77606, 4.93031],
			"rotation": {"angle": 22.5, "axis": "x", "origin": [-3.5, 14.27606, -0.06969]},
			"faces": {
				"north": {"uv": [7.5, 11, 7.75, 11.375], "texture": "#0"},
				"east": {"uv": [9, 11.375, 9.125, 11.75], "texture": "#0"},
				"south": {"uv": [8.5, 11, 8.75, 11.375], "texture": "#0"},
				"west": {"uv": [9.125, 11.375, 9.25, 11.75], "texture": "#0"},
				"up": {"uv": [11.625, 11.625, 11.375, 11.5], "texture": "#0"},
				"down": {"uv": [11.75, 11.375, 11.5, 11.5], "texture": "#0"}
			}
		},
		{
			"from": [-10.59023, 1.57321, -3.75],
			"to": [-9.59023, 4.32321, -2.25],
			"rotation": {"angle": 22.5, "axis": "z", "origin": [-6.77359, 13.82321, -3.75]},
			"faces": {
				"north": {"uv": [11.375, 9.125, 11.5, 9.5], "texture": "#0"},
				"east": {"uv": [8.75, 11, 9, 11.375], "texture": "#0"},
				"south": {"uv": [9.25, 11.375, 9.375, 11.75], "texture": "#0"},
				"west": {"uv": [9, 11, 9.25, 11.375], "texture": "#0"},
				"up": {"uv": [11.25, 11.75, 11.125, 11.5], "texture": "#0"},
				"down": {"uv": [1.125, 11.625, 1, 11.875], "texture": "#0"}
			}
		},
		{
			"from": [-6.49695, 14.18198, -3.75],
			"to": [-4.49695, 15.18198, -2.25],
			"rotation": {"angle": 45, "axis": "z", "origin": [5.00305, 10.18198, -3.75]},
			"faces": {
				"north": {"uv": [1.125, 11.625, 1.375, 11.75], "texture": "#0"},
				"east": {"uv": [1.375, 11.625, 1.625, 11.75], "texture": "#0"},
				"south": {"uv": [1.625, 11.625, 1.875, 11.75], "texture": "#0"},
				"west": {"uv": [11.625, 1.625, 11.875, 1.75], "texture": "#0"},
				"up": {"uv": [7.25, 11.625, 7, 11.375], "texture": "#0"},
				"down": {"uv": [7.5, 11.375, 7.25, 11.625], "texture": "#0"}
			}
		},
		{
			"from": [-6.66421, 3.58579, -3.75],
			"to": [-5.66421, 5.58579, -2.25],
			"rotation": {"angle": 0, "axis": "x", "origin": [-1.66421, 15.08579, -3.75]},
			"faces": {
				"north": {"uv": [11.625, 1.75, 11.75, 2], "texture": "#0"},
				"east": {"uv": [7.5, 11.375, 7.75, 11.625], "texture": "#0"},
				"south": {"uv": [1.875, 11.625, 2, 11.875], "texture": "#0"},
				"west": {"uv": [11.375, 7.5, 11.625, 7.75], "texture": "#0"},
				"up": {"uv": [11.75, 2.25, 11.625, 2], "texture": "#0"},
				"down": {"uv": [2.25, 11.625, 2.125, 11.875], "texture": "#0"}
			}
		},
		{
			"from": [5.25305, 2.52606, 10.93336],
			"to": [6.25305, 4.77606, 11.93336],
			"rotation": {"angle": 22.5, "axis": "x", "origin": [5.00305, 14.27606, 6.93336]},
			"faces": {
				"north": {"uv": [2.25, 11.625, 2.375, 11.875], "texture": "#0"},
				"east": {"uv": [3, 11.625, 3.125, 11.875], "texture": "#0"},
				"south": {"uv": [11.625, 3, 11.75, 3.25], "texture": "#0"},
				"west": {"uv": [3.125, 11.625, 3.25, 11.875], "texture": "#0"},
				"up": {"uv": [11.75, 11, 11.625, 10.875], "texture": "#0"},
				"down": {"uv": [11.75, 11, 11.625, 11.125], "texture": "#0"}
			}
		},
		{
			"from": [17, 0, -2],
			"to": [22, 1, -1],
			"rotation": {"angle": 0, "axis": "y", "origin": [6, 0, 0]},
			"faces": {
				"north": {"uv": [11.125, 0.625, 11.75, 0.75], "texture": "#0"},
				"east": {"uv": [10.625, 0.75, 10.75, 0.875], "texture": "#0"},
				"south": {"uv": [11.125, 0.75, 11.75, 0.875], "texture": "#0"},
				"west": {"uv": [10.625, 1.625, 10.75, 1.75], "texture": "#0"},
				"up": {"uv": [11.75, 1, 11.125, 0.875], "texture": "#0"},
				"down": {"uv": [11.75, 1, 11.125, 1.125], "texture": "#0"}
			}
		},
		{
			"from": [16, 0, -3],
			"to": [21, 1, -2],
			"rotation": {"angle": 0, "axis": "y", "origin": [6, 0, 0]},
			"faces": {
				"north": {"uv": [11, 10.875, 11.625, 11], "texture": "#0"},
				"east": {"uv": [1.375, 10.25, 1.5, 10.375], "texture": "#0"},
				"south": {"uv": [11, 11, 11.625, 11.125], "texture": "#0"},
				"west": {"uv": [1.875, 10.375, 2, 10.5], "texture": "#0"},
				"up": {"uv": [11.75, 0.5, 11.125, 0.375], "texture": "#0"},
				"down": {"uv": [11.75, 0.5, 11.125, 0.625], "texture": "#0"}
			}
		},
		{
			"from": [15, 1, -2],
			"to": [21, 2, -1],
			"rotation": {"angle": 0, "axis": "y", "origin": [6, 0, 0]},
			"faces": {
				"north": {"uv": [8.5, 4.875, 9.25, 5], "texture": "#0"},
				"east": {"uv": [1.75, 10.75, 1.875, 10.875], "texture": "#0"},
				"south": {"uv": [5, 11, 5.75, 11.125], "texture": "#0"},
				"west": {"uv": [11.625, 2.25, 11.75, 2.375], "texture": "#0"},
				"up": {"uv": [7.5, 11.125, 6.75, 11], "texture": "#0"},
				"down": {"uv": [11.75, 6.75, 11, 6.875], "texture": "#0"}
			}
		},
		{
			"from": [17, 1, -3],
			"to": [19, 2, -2],
			"rotation": {"angle": 0, "axis": "y", "origin": [6, 0, 0]},
			"faces": {
				"north": {"uv": [9.5, 7.5, 9.75, 7.625], "texture": "#0"},
				"east": {"uv": [11.625, 3.25, 11.75, 3.375], "texture": "#0"},
				"south": {"uv": [4.25, 9.875, 4.5, 10], "texture": "#0"},
				"west": {"uv": [11.625, 3.375, 11.75, 3.5], "texture": "#0"},
				"up": {"uv": [2.25, 10.125, 2, 10], "texture": "#0"},
				"down": {"uv": [4.25, 10.375, 4, 10.5], "texture": "#0"}
			}
		},
		{
			"from": [0, 10, 4],
			"to": [1, 11, 9],
			"rotation": {"angle": 0, "axis": "y", "origin": [6, 0, 0]},
			"faces": {
				"north": {"uv": [10.625, 0.75, 10.75, 0.875], "texture": "#0"},
				"east": {"uv": [11.125, 0.75, 11.75, 0.875], "texture": "#0"},
				"south": {"uv": [10.625, 1.625, 10.75, 1.75], "texture": "#0"},
				"west": {"uv": [11.125, 0.625, 11.75, 0.75], "texture": "#0"},
				"up": {"uv": [11.75, 1, 11.125, 0.875], "rotation": 270, "texture": "#0"},
				"down": {"uv": [11.75, 1, 11.125, 1.125], "rotation": 90, "texture": "#0"}
			}
		},
		{
			"from": [-1, 10, 5],
			"to": [0, 11, 10],
			"rotation": {"angle": 0, "axis": "y", "origin": [6, 0, 0]},
			"faces": {
				"north": {"uv": [1.375, 10.25, 1.5, 10.375], "texture": "#0"},
				"east": {"uv": [11, 11, 11.625, 11.125], "texture": "#0"},
				"south": {"uv": [1.875, 10.375, 2, 10.5], "texture": "#0"},
				"west": {"uv": [11, 10.875, 11.625, 11], "texture": "#0"},
				"up": {"uv": [11.75, 0.5, 11.125, 0.375], "rotation": 270, "texture": "#0"},
				"down": {"uv": [11.75, 0.5, 11.125, 0.625], "rotation": 90, "texture": "#0"}
			}
		},
		{
			"from": [0, 11, 5],
			"to": [1, 12, 11],
			"rotation": {"angle": 0, "axis": "y", "origin": [6, 0, 0]},
			"faces": {
				"north": {"uv": [1.75, 10.75, 1.875, 10.875], "texture": "#0"},
				"east": {"uv": [5, 11, 5.75, 11.125], "texture": "#0"},
				"south": {"uv": [11.625, 2.25, 11.75, 2.375], "texture": "#0"},
				"west": {"uv": [8.5, 4.875, 9.25, 5], "texture": "#0"},
				"up": {"uv": [7.5, 11.125, 6.75, 11], "rotation": 270, "texture": "#0"},
				"down": {"uv": [11.75, 6.75, 11, 6.875], "rotation": 90, "texture": "#0"}
			}
		},
		{
			"from": [-1, 11, 7],
			"to": [0, 12, 9],
			"rotation": {"angle": 0, "axis": "y", "origin": [6, 0, 0]},
			"faces": {
				"north": {"uv": [11.625, 3.25, 11.75, 3.375], "texture": "#0"},
				"east": {"uv": [4.25, 9.875, 4.5, 10], "texture": "#0"},
				"south": {"uv": [11.625, 3.375, 11.75, 3.5], "texture": "#0"},
				"west": {"uv": [9.5, 7.5, 9.75, 7.625], "texture": "#0"},
				"up": {"uv": [2.25, 10.125, 2, 10], "rotation": 270, "texture": "#0"},
				"down": {"uv": [4.25, 10.375, 4, 10.5], "rotation": 90, "texture": "#0"}
			}
		},
		{
			"from": [-6, 0, -2],
			"to": [-5, 1, 3],
			"rotation": {"angle": 22.5, "axis": "y", "origin": [6, 0, 0]},
			"faces": {
				"north": {"uv": [10.625, 0.75, 10.75, 0.875], "texture": "#0"},
				"east": {"uv": [11.125, 0.75, 11.75, 0.875], "texture": "#0"},
				"south": {"uv": [10.625, 1.625, 10.75, 1.75], "texture": "#0"},
				"west": {"uv": [11.125, 0.625, 11.75, 0.75], "texture": "#0"},
				"up": {"uv": [11.75, 1, 11.125, 0.875], "rotation": 270, "texture": "#0"},
				"down": {"uv": [11.75, 1, 11.125, 1.125], "rotation": 90, "texture": "#0"}
			}
		},
		{
			"from": [-7, 0, -1],
			"to": [-6, 1, 4],
			"rotation": {"angle": 22.5, "axis": "y", "origin": [6, 0, 0]},
			"faces": {
				"north": {"uv": [1.375, 10.25, 1.5, 10.375], "texture": "#0"},
				"east": {"uv": [11, 11, 11.625, 11.125], "texture": "#0"},
				"south": {"uv": [1.875, 10.375, 2, 10.5], "texture": "#0"},
				"west": {"uv": [11, 10.875, 11.625, 11], "texture": "#0"},
				"up": {"uv": [11.75, 0.5, 11.125, 0.375], "rotation": 270, "texture": "#0"},
				"down": {"uv": [11.75, 0.5, 11.125, 0.625], "rotation": 90, "texture": "#0"}
			}
		},
		{
			"from": [-6, 1, -1],
			"to": [-5, 2, 5],
			"rotation": {"angle": 22.5, "axis": "y", "origin": [6, 0, 0]},
			"faces": {
				"north": {"uv": [1.75, 10.75, 1.875, 10.875], "texture": "#0"},
				"east": {"uv": [5, 11, 5.75, 11.125], "texture": "#0"},
				"south": {"uv": [11.625, 2.25, 11.75, 2.375], "texture": "#0"},
				"west": {"uv": [8.5, 4.875, 9.25, 5], "texture": "#0"},
				"up": {"uv": [7.5, 11.125, 6.75, 11], "rotation": 270, "texture": "#0"},
				"down": {"uv": [11.75, 6.75, 11, 6.875], "rotation": 90, "texture": "#0"}
			}
		},
		{
			"from": [-7, 1, 1],
			"to": [-6, 2, 3],
			"rotation": {"angle": 22.5, "axis": "y", "origin": [6, 0, 0]},
			"faces": {
				"north": {"uv": [11.625, 3.25, 11.75, 3.375], "texture": "#0"},
				"east": {"uv": [4.25, 9.875, 4.5, 10], "texture": "#0"},
				"south": {"uv": [11.625, 3.375, 11.75, 3.5], "texture": "#0"},
				"west": {"uv": [9.5, 7.5, 9.75, 7.625], "texture": "#0"},
				"up": {"uv": [2.25, 10.125, 2, 10], "rotation": 270, "texture": "#0"},
				"down": {"uv": [4.25, 10.375, 4, 10.5], "rotation": 90, "texture": "#0"}
			}
		},
		{
			"from": [1, 0, 21],
			"to": [6, 1, 22],
			"rotation": {"angle": 45, "axis": "y", "origin": [6, 0, 0]},
			"faces": {
				"north": {"uv": [11.125, 0.75, 11.75, 0.875], "texture": "#0"},
				"east": {"uv": [10.625, 1.625, 10.75, 1.75], "texture": "#0"},
				"south": {"uv": [11.125, 0.625, 11.75, 0.75], "texture": "#0"},
				"west": {"uv": [10.625, 0.75, 10.75, 0.875], "texture": "#0"},
				"up": {"uv": [11.75, 1, 11.125, 0.875], "rotation": 180, "texture": "#0"},
				"down": {"uv": [11.75, 1, 11.125, 1.125], "rotation": 180, "texture": "#0"}
			}
		},
		{
			"from": [2, 0, 22],
			"to": [7, 1, 23],
			"rotation": {"angle": 45, "axis": "y", "origin": [6, 0, 0]},
			"faces": {
				"north": {"uv": [11, 11, 11.625, 11.125], "texture": "#0"},
				"east": {"uv": [1.875, 10.375, 2, 10.5], "texture": "#0"},
				"south": {"uv": [11, 10.875, 11.625, 11], "texture": "#0"},
				"west": {"uv": [1.375, 10.25, 1.5, 10.375], "texture": "#0"},
				"up": {"uv": [11.75, 0.5, 11.125, 0.375], "rotation": 180, "texture": "#0"},
				"down": {"uv": [11.75, 0.5, 11.125, 0.625], "rotation": 180, "texture": "#0"}
			}
		},
		{
			"from": [2, 1, 21],
			"to": [8, 2, 22],
			"rotation": {"angle": 45, "axis": "y", "origin": [6, 0, 0]},
			"faces": {
				"north": {"uv": [5, 11, 5.75, 11.125], "texture": "#0"},
				"east": {"uv": [11.625, 2.25, 11.75, 2.375], "texture": "#0"},
				"south": {"uv": [8.5, 4.875, 9.25, 5], "texture": "#0"},
				"west": {"uv": [1.75, 10.75, 1.875, 10.875], "texture": "#0"},
				"up": {"uv": [7.5, 11.125, 6.75, 11], "rotation": 180, "texture": "#0"},
				"down": {"uv": [11.75, 6.75, 11, 6.875], "rotation": 180, "texture": "#0"}
			}
		},
		{
			"from": [4, 1, 22],
			"to": [6, 2, 23],
			"rotation": {"angle": 45, "axis": "y", "origin": [6, 0, 0]},
			"faces": {
				"north": {"uv": [4.25, 9.875, 4.5, 10], "texture": "#0"},
				"east": {"uv": [11.625, 3.375, 11.75, 3.5], "texture": "#0"},
				"south": {"uv": [9.5, 7.5, 9.75, 7.625], "texture": "#0"},
				"west": {"uv": [11.625, 3.25, 11.75, 3.375], "texture": "#0"},
				"up": {"uv": [2.25, 10.125, 2, 10], "rotation": 180, "texture": "#0"},
				"down": {"uv": [4.25, 10.375, 4, 10.5], "rotation": 180, "texture": "#0"}
			}
		}
	],
	"display": {
		"thirdperson_lefthand": {
			"rotation": [0, 145, 0],
			"translation": [0.25, 2, 0.75]
		},
		"firstperson_righthand": {
			"rotation": [0, 145, 0],
			"translation": [2.75, 3.25, -3.25],
			"scale": [0.5, 0.5, 0.5]
		},
		"firstperson_lefthand": {
			"rotation": [0, 145, 0],
			"translation": [2.75, 3.25, -3.25],
			"scale": [0.5, 0.5, 0.5]
		},
		"ground": {
			"translation": [0, 0.25, 0],
			"scale": [0.5, 0.5, 0.5]
		},
		"gui": {
			"rotation": [45, 145, 0],
			"translation": [-0.5, 0, 0],
			"scale": [0.6, 0.6, 0.6]
		}
	},
	"groups": [
		{
			"name": "Royal Crate",
			"origin": [8, 8, 8],
			"color": 0,
			"children": [
				{
					"name": "Corners",
					"origin": [8, 8, 8],
					"color": 0,
					"children": [
						{
							"name": "Layer",
							"origin": [8, 8, 8],
							"color": 0,
							"children": [0, 1, 2, 3]
						},
						{
							"name": "Layer",
							"origin": [8, 8, 8],
							"color": 0,
							"children": [4, 5, 6, 7]
						}
					]
				},
				{
					"name": "Frame",
					"origin": [8, 8, 8],
					"color": 0,
					"children": [8, 9, 10, 11, 12, 13, 14, 15, 16, 17, 18, 19, 20, 21,
						{
							"name": "Inside",
							"origin": [8, 8, 8],
							"color": 0,
							"children": [22, 23]
						}
					]
				},
				{
					"name": "Cover",
					"origin": [8, 8, 8],
					"color": 0,
					"children": [
						{
							"name": "hexadecagon",
							"origin": [8, 8, 8],
							"color": 0,
							"children": [24, 25, 26, 27, 28, 29, 30, 31, 32, 33, 34, 35, 36, 37]
						},
						{
							"name": "hexadecagon",
							"origin": [8, 8, 8],
							"color": 0,
							"children": [38, 39, 40, 41, 42, 43, 44]
						},
						{
							"name": "hexadecagon",
							"origin": [8, 8, 8],
							"color": 0,
							"children": [45, 46, 47, 48, 49, 50, 51, 52, 53]
						}
					]
				},
				{
					"name": "Loot",
					"origin": [8, 8, 8],
					"color": 0,
					"children": [
						{
							"name": "Pouches",
							"origin": [8, 8, 8],
							"color": 0,
							"children": [
								{
									"name": "Pouch",
									"origin": [8, 8, 8],
									"color": 0,
									"children": [54, 55, 56]
								}
							]
						},
						{
							"name": "Coins",
							"origin": [8, 8, 8],
							"color": 0,
							"children": [57, 58, 59, 60, 61, 62, 63, 64, 65, 66, 67]
						},
						{
							"name": "Gems",
							"origin": [8, 8, 8],
							"color": 0,
							"children": [68, 69, 70, 71, 72]
						},
						{
							"name": "Scepter",
							"origin": [8, 8, 8],
							"color": 0,
							"children": [73, 74, 75, 76, 77, 78, 79, 80, 81, 82, 83, 84, 85, 86, 87, 88, 89]
						},
						{
							"name": "Crown",
							"origin": [8, 8, 8],
							"color": 0,
							"children": [90, 91, 92, 93, 94, 95, 96, 97, 98, 99, 100,
								{
									"name": "Arm",
									"origin": [8, 8, 8],
									"color": 0,
									"children": [101, 102, 103]
								},
								{
									"name": "Arm",
									"origin": [8, 8, 8],
									"color": 0,
									"children": [104, 105, 106]
								},
								{
									"name": "Arm",
									"origin": [8, 8, 8],
									"color": 0,
									"children": [107, 108, 109, 110]
								},
								{
									"name": "Arm",
									"origin": [8, 8, 8],
									"color": 0,
									"children": [111, 112, 113]
								}
							]
						},
						{
							"name": "Shards",
							"origin": [8, 8, 8],
							"color": 0,
							"children": [
								{
									"name": "Shard",
									"origin": [8, 8, 8],
									"color": 0,
									"children": [114, 115, 116, 117]
								},
								{
									"name": "Shard",
									"origin": [8, 8, 8],
									"color": 0,
									"children": [118, 119, 120, 121]
								},
								{
									"name": "Shard",
									"origin": [8, 8, 8],
									"color": 0,
									"children": [122, 123, 124, 125]
								},
								{
									"name": "Shard",
									"origin": [8, 8, 8],
									"color": 0,
									"children": [126, 127, 128, 129]
								}
							]
						}
					]
				}
			]
		}
	]
}