{
	"credit": "Made with Blockbench",
	"texture_size": [32, 32],
	"textures": {
		"0": "mchub:hats/forwards-cap",
		"particle": "mchub:hats/forwards-cap"
	},
	"elements": [
		{
			"name": "head",
			"from": [3, 0, 4],
			"to": [13, 4, 12],
			"faces": {
				"north": {"uv": [5, 7, 10, 9], "texture": "#0"},
				"east": {"uv": [9, 0, 13, 2], "texture": "#0"},
				"south": {"uv": [0, 8, 5, 10], "texture": "#0"},
				"west": {"uv": [9, 2, 13, 4], "texture": "#0"},
				"up": {"uv": [5, 4, 0, 0], "texture": "#0"},
				"down": {"uv": [5, 4, 0, 8], "texture": "#0"}
			}
		},
		{
			"name": "head",
			"from": [4, 1, 3],
			"to": [12, 4, 4],
			"faces": {
				"north": {"uv": [9, 5.5, 13, 7], "texture": "#0"},
				"east": {"uv": [2.5, 13, 3, 14.5], "texture": "#0"},
				"south": {"uv": [0, 10, 4, 11.5], "texture": "#0"},
				"west": {"uv": [4, 13, 4.5, 14.5], "texture": "#0"},
				"up": {"uv": [14, 10.5, 10, 10], "texture": "#0"},
				"down": {"uv": [8, 10.5, 4, 11], "texture": "#0"}
			}
		},
		{
			"name": "head",
			"from": [4, 0, 12],
			"to": [6, 4, 13],
			"faces": {
				"north": {"uv": [8, 10.5, 9, 12.5], "texture": "#0"},
				"east": {"uv": [3.5, 12, 4, 14], "texture": "#0"},
				"south": {"uv": [9, 10.5, 10, 12.5], "texture": "#0"},
				"west": {"uv": [3, 12.5, 3.5, 14.5], "texture": "#0"},
				"up": {"uv": [5, 10.5, 4, 10], "texture": "#0"},
				"down": {"uv": [14, 5.5, 13, 6], "texture": "#0"}
			}
		},
		{
			"name": "head",
			"from": [6, 0, 12],
			"to": [10, 1, 13],
			"faces": {
				"north": {"uv": [5, 12.5, 7, 13], "texture": "#0"},
				"east": {"uv": [8, 13, 8.5, 13.5], "texture": "#0"},
				"south": {"uv": [7, 12.5, 9, 13], "texture": "#0"},
				"west": {"uv": [8.5, 13, 9, 13.5], "texture": "#0"},
				"up": {"uv": [11, 13, 9, 12.5], "texture": "#0"},
				"down": {"uv": [13, 12.5, 11, 13], "texture": "#0"}
			}
		},
		{
			"name": "head",
			"from": [6, 3, 12],
			"to": [10, 4, 13],
			"faces": {
				"north": {"uv": [0, 13, 2, 13.5], "texture": "#0"},
				"east": {"uv": [9, 13, 9.5, 13.5], "texture": "#0"},
				"south": {"uv": [13, 0, 15, 0.5], "texture": "#0"},
				"west": {"uv": [9.5, 13, 10, 13.5], "texture": "#0"},
				"up": {"uv": [15, 1, 13, 0.5], "texture": "#0"},
				"down": {"uv": [15, 1, 13, 1.5], "texture": "#0"}
			}
		},
		{
			"name": "head",
			"from": [6, 2, 12],
			"to": [7, 3, 13],
			"faces": {
				"north": {"uv": [10, 13, 10.5, 13.5], "texture": "#0"},
				"east": {"uv": [10.5, 13, 11, 13.5], "texture": "#0"},
				"south": {"uv": [11, 13, 11.5, 13.5], "texture": "#0"},
				"west": {"uv": [11.5, 13, 12, 13.5], "texture": "#0"},
				"up": {"uv": [12.5, 13.5, 12, 13], "texture": "#0"},
				"down": {"uv": [13, 13, 12.5, 13.5], "texture": "#0"}
			}
		},
		{
			"name": "head",
			"from": [9, 2, 12],
			"to": [10, 3, 13],
			"faces": {
				"north": {"uv": [13, 12.5, 13.5, 13], "texture": "#0"},
				"east": {"uv": [13, 13, 13.5, 13.5], "texture": "#0"},
				"south": {"uv": [0, 13.5, 0.5, 14], "texture": "#0"},
				"west": {"uv": [0.5, 13.5, 1, 14], "texture": "#0"},
				"up": {"uv": [1.5, 14, 1, 13.5], "texture": "#0"},
				"down": {"uv": [2, 13.5, 1.5, 14], "texture": "#0"}
			}
		},
		{
			"name": "head",
			"from": [10, 0, 12],
			"to": [12, 4, 13],
			"faces": {
				"north": {"uv": [10, 10.5, 11, 12.5], "texture": "#0"},
				"east": {"uv": [13, 1.5, 13.5, 3.5], "texture": "#0"},
				"south": {"uv": [4, 11, 5, 13], "texture": "#0"},
				"west": {"uv": [2, 13, 2.5, 15], "texture": "#0"},
				"up": {"uv": [7, 13.5, 6, 13], "texture": "#0"},
				"down": {"uv": [14, 6, 13, 6.5], "texture": "#0"}
			}
		},
		{
			"name": "head",
			"from": [4, 4, 4],
			"to": [12, 5, 11],
			"faces": {
				"north": {"uv": [11, 10.5, 15, 11], "texture": "#0"},
				"east": {"uv": [0, 12, 3.5, 12.5], "texture": "#0"},
				"south": {"uv": [11, 11, 15, 11.5], "texture": "#0"},
				"west": {"uv": [11, 12, 14.5, 12.5], "texture": "#0"},
				"up": {"uv": [9, 3.5, 5, 0], "texture": "#0"},
				"down": {"uv": [9, 3.5, 5, 7], "texture": "#0"}
			}
		},
		{
			"name": "head",
			"from": [5, 4, 11],
			"to": [11, 5, 12],
			"faces": {
				"north": {"uv": [5, 11, 8, 11.5], "texture": "#0"},
				"east": {"uv": [13.5, 1.5, 14, 2], "texture": "#0"},
				"south": {"uv": [5, 11.5, 8, 12], "texture": "#0"},
				"west": {"uv": [13.5, 2, 14, 2.5], "texture": "#0"},
				"up": {"uv": [8, 12.5, 5, 12], "texture": "#0"},
				"down": {"uv": [3, 12.5, 0, 13], "texture": "#0"}
			}
		},
		{
			"name": "head",
			"from": [3, 0, 1],
			"to": [13, 1, 4],
			"faces": {
				"north": {"uv": [10, 9, 15, 9.5], "texture": "#0"},
				"east": {"uv": [13, 3.5, 14.5, 4], "texture": "#0"},
				"south": {"uv": [10, 9.5, 15, 10], "texture": "#0"},
				"west": {"uv": [4.5, 13, 6, 13.5], "texture": "#0"},
				"up": {"uv": [14, 5.5, 9, 4], "texture": "#0"},
				"down": {"uv": [10, 9, 5, 10.5], "texture": "#0"}
			}
		},
		{
			"name": "head",
			"from": [4, 0, -1],
			"to": [12, 1, 1],
			"faces": {
				"north": {"uv": [0, 11.5, 4, 12], "texture": "#0"},
				"east": {"uv": [13, 6.5, 14, 7], "texture": "#0"},
				"south": {"uv": [11, 11.5, 15, 12], "texture": "#0"},
				"west": {"uv": [7, 13, 8, 13.5], "texture": "#0"},
				"up": {"uv": [14, 8, 10, 7], "texture": "#0"},
				"down": {"uv": [14, 8, 10, 9], "texture": "#0"}
			}
		}
	],
	"display": {
		"head": {
			"rotation": [3, 0, 0],
			"translation": [0, 14.25, 0.75],
			"scale": [1.64, 1.6, 1.59]
		}
	},
	"groups": [
		{
			"name": "steve",
			"origin": [8, 8, 8],
			"color": 0,
			"children": [0, 1, 2, 3, 4, 5, 6, 7, 8, 9, 10, 11]
		}
	]
}