{
	"textures": {
		"2": "item/halloween/pumpkin"
	},
	"elements": [
		{
			"from": [6.5, 10, 6],
			"to": [7.5, 11, 7],
			"rotation": {"angle": 0, "axis": "y", "origin": [6, 8.5, 7.5]},
			"faces": {
				"north": {"uv": [0.75, 8.25, 1, 8.5], "texture": "#2"},
				"east": {"uv": [8.25, 0.75, 8.5, 1], "texture": "#2"},
				"south": {"uv": [1, 8.25, 1.25, 8.5], "texture": "#2"},
				"west": {"uv": [8.25, 1.5, 8.5, 1.75], "texture": "#2"},
				"up": {"uv": [2, 8.5, 1.75, 8.25], "texture": "#2"},
				"down": {"uv": [2.25, 8.25, 2, 8.5], "texture": "#2"}
			}
		},
		{
			"from": [9.5, 14, 6],
			"to": [10.5, 15, 7],
			"rotation": {"angle": 0, "axis": "y", "origin": [6, 8.5, 7.5]},
			"faces": {
				"north": {"uv": [8, 8, 8.25, 8.25], "texture": "#2"},
				"east": {"uv": [0, 8.25, 0.25, 8.5], "texture": "#2"},
				"south": {"uv": [8.25, 0, 8.5, 0.25], "texture": "#2"},
				"west": {"uv": [0.25, 8.25, 0.5, 8.5], "texture": "#2"},
				"up": {"uv": [8.5, 0.5, 8.25, 0.25], "texture": "#2"},
				"down": {"uv": [8.5, 0.5, 8.25, 0.75], "texture": "#2"}
			}
		},
		{
			"from": [7.5, 13, 7],
			"to": [9.5, 14, 8],
			"rotation": {"angle": 0, "axis": "y", "origin": [6, 8.5, 7.5]},
			"faces": {
				"north": {"uv": [8, 5.75, 8.5, 6], "texture": "#2"},
				"east": {"uv": [9.25, 8.25, 9.5, 8.5], "texture": "#2"},
				"south": {"uv": [6, 8, 6.5, 8.25], "texture": "#2"},
				"west": {"uv": [8.5, 9.25, 8.75, 9.5], "texture": "#2"},
				"up": {"uv": [8.5, 6.5, 8, 6.25], "texture": "#2"},
				"down": {"uv": [7, 8, 6.5, 8.25], "texture": "#2"}
			}
		},
		{
			"from": [8.5, 13, 6],
			"to": [9.5, 15, 7],
			"rotation": {"angle": 0, "axis": "z", "origin": [29.5, 27, 7.5]},
			"faces": {
				"north": {"uv": [8, 6.5, 8.25, 7], "texture": "#2"},
				"east": {"uv": [8, 6.5, 8.25, 7], "texture": "#2"},
				"south": {"uv": [7.5, 8, 7.75, 8.5], "texture": "#2"},
				"west": {"uv": [7.75, 8, 8, 8.5], "texture": "#2"},
				"up": {"uv": [9.5, 8.75, 9.25, 8.5], "texture": "#2"},
				"down": {"uv": [8.5, 9.25, 8.25, 9.5], "texture": "#2"}
			}
		},
		{
			"from": [6.5, 9, 6],
			"to": [9.5, 10, 9],
			"rotation": {"angle": 0, "axis": "y", "origin": [6, 8.5, 7.5]},
			"faces": {
				"north": {"uv": [6.25, 2.25, 7, 2.5], "texture": "#2"},
				"east": {"uv": [2.5, 6.25, 3.25, 6.5], "texture": "#2"},
				"south": {"uv": [6.25, 2.5, 7, 2.75], "texture": "#2"},
				"west": {"uv": [6.25, 2.75, 7, 3], "texture": "#2"},
				"up": {"uv": [2, 4.5, 1.25, 3.75], "texture": "#2"},
				"down": {"uv": [2.75, 3.75, 2, 4.5], "texture": "#2"}
			}
		},
		{
			"from": [8.5, 10, 7],
			"to": [9.5, 12, 8],
			"rotation": {"angle": 0, "axis": "y", "origin": [6, 8.5, 7.5]},
			"faces": {
				"north": {"uv": [7, 3, 7.25, 3.5], "texture": "#2"},
				"east": {"uv": [6.5, 7.25, 6.75, 7.75], "texture": "#2"},
				"south": {"uv": [7.25, 6.75, 7.5, 7.25], "texture": "#2"},
				"west": {"uv": [7.25, 7.25, 7.5, 7.75], "texture": "#2"},
				"up": {"uv": [2.5, 8.5, 2.25, 8.25], "texture": "#2"},
				"down": {"uv": [8.5, 2.25, 8.25, 2.5], "texture": "#2"}
			}
		},
		{
			"from": [9.5, 9, 6],
			"to": [10.5, 10, 9],
			"rotation": {"angle": 0, "axis": "y", "origin": [6, 8.5, 7.5]},
			"faces": {
				"north": {"uv": [2.5, 8.25, 2.75, 8.5], "texture": "#2"},
				"east": {"uv": [6.25, 3, 7, 3.25], "texture": "#2"},
				"south": {"uv": [2.75, 8.25, 3, 8.5], "texture": "#2"},
				"west": {"uv": [3.25, 6.25, 4, 6.5], "texture": "#2"},
				"up": {"uv": [6.5, 4.5, 6.25, 3.75], "texture": "#2"},
				"down": {"uv": [4.25, 6.25, 4, 7], "texture": "#2"}
			}
		},
		{
			"from": [10.5, 9, 7],
			"to": [11.5, 10, 8],
			"rotation": {"angle": 0, "axis": "y", "origin": [6, 8.5, 7.5]},
			"faces": {
				"north": {"uv": [3, 8.25, 3.25, 8.5], "texture": "#2"},
				"east": {"uv": [3.25, 8.25, 3.5, 8.5], "texture": "#2"},
				"south": {"uv": [3.5, 8.25, 3.75, 8.5], "texture": "#2"},
				"west": {"uv": [8.25, 3.5, 8.5, 3.75], "texture": "#2"},
				"up": {"uv": [4, 8.5, 3.75, 8.25], "texture": "#2"},
				"down": {"uv": [8.5, 3.75, 8.25, 4], "texture": "#2"}
			}
		},
		{
			"from": [11.5, 8, 6],
			"to": [12.5, 9, 7],
			"rotation": {"angle": 0, "axis": "y", "origin": [6, 8.5, 7.5]},
			"faces": {
				"north": {"uv": [4, 8.25, 4.25, 8.5], "texture": "#2"},
				"east": {"uv": [8.25, 4, 8.5, 4.25], "texture": "#2"},
				"south": {"uv": [4.25, 8.25, 4.5, 8.5], "texture": "#2"},
				"west": {"uv": [8.25, 4.25, 8.5, 4.5], "texture": "#2"},
				"up": {"uv": [4.75, 8.5, 4.5, 8.25], "texture": "#2"},
				"down": {"uv": [8.5, 4.5, 8.25, 4.75], "texture": "#2"}
			}
		},
		{
			"from": [6.5, 8, 3],
			"to": [7.5, 9, 4],
			"rotation": {"angle": 0, "axis": "y", "origin": [6, 8.5, 7.5]},
			"faces": {
				"north": {"uv": [8.25, 4.75, 8.5, 5], "texture": "#2"},
				"east": {"uv": [5, 8.25, 5.25, 8.5], "texture": "#2"},
				"south": {"uv": [5.25, 8.25, 5.5, 8.5], "texture": "#2"},
				"west": {"uv": [8.25, 5.25, 8.5, 5.5], "texture": "#2"},
				"up": {"uv": [8.5, 5.75, 8.25, 5.5], "texture": "#2"},
				"down": {"uv": [6, 8.25, 5.75, 8.5], "texture": "#2"}
			}
		},
		{
			"from": [7.5, 9, 4],
			"to": [8.5, 10, 5],
			"rotation": {"angle": 0, "axis": "y", "origin": [6, 8.5, 7.5]},
			"faces": {
				"north": {"uv": [6, 8.25, 6.25, 8.5], "texture": "#2"},
				"east": {"uv": [8.25, 6, 8.5, 6.25], "texture": "#2"},
				"south": {"uv": [6.25, 8.25, 6.5, 8.5], "texture": "#2"},
				"west": {"uv": [6.5, 8.25, 6.75, 8.5], "texture": "#2"},
				"up": {"uv": [8.5, 6.75, 8.25, 6.5], "texture": "#2"},
				"down": {"uv": [7, 8.25, 6.75, 8.5], "texture": "#2"}
			}
		},
		{
			"from": [6.5, 9, 5],
			"to": [8.5, 10, 6],
			"rotation": {"angle": 0, "axis": "y", "origin": [6, 8.5, 7.5]},
			"faces": {
				"north": {"uv": [7.25, 6, 7.75, 6.25], "texture": "#2"},
				"east": {"uv": [8.25, 6.75, 8.5, 7], "texture": "#2"},
				"south": {"uv": [0, 7.5, 0.5, 7.75], "texture": "#2"},
				"west": {"uv": [7, 8.25, 7.25, 8.5], "texture": "#2"},
				"up": {"uv": [8, 0.25, 7.5, 0], "texture": "#2"},
				"down": {"uv": [8, 0.25, 7.5, 0.5], "texture": "#2"}
			}
		},
		{
			"from": [7.5, 10, 6],
			"to": [8.5, 12, 7],
			"rotation": {"angle": 0, "axis": "y", "origin": [8, 11.5, 7.5]},
			"faces": {
				"north": {"uv": [0.5, 7.5, 0.75, 8], "texture": "#2"},
				"east": {"uv": [7.5, 0.5, 7.75, 1], "texture": "#2"},
				"south": {"uv": [7.5, 1, 7.75, 1.5], "texture": "#2"},
				"west": {"uv": [7.5, 1.5, 7.75, 2], "texture": "#2"},
				"up": {"uv": [8.5, 7.25, 8.25, 7], "texture": "#2"},
				"down": {"uv": [7.5, 8.25, 7.25, 8.5], "texture": "#2"}
			}
		},
		{
			"from": [8.5, 10, 6],
			"to": [9.5, 11, 7],
			"rotation": {"angle": 0, "axis": "y", "origin": [6, 8.5, 7.5]},
			"faces": {
				"north": {"uv": [8.25, 7.25, 8.5, 7.5], "texture": "#2"},
				"east": {"uv": [8.25, 7.5, 8.5, 7.75], "texture": "#2"},
				"south": {"uv": [8.25, 7.75, 8.5, 8], "texture": "#2"},
				"west": {"uv": [8, 8.25, 8.25, 8.5], "texture": "#2"},
				"up": {"uv": [8.5, 8.25, 8.25, 8], "texture": "#2"},
				"down": {"uv": [8.5, 8.25, 8.25, 8.5], "texture": "#2"}
			}
		},
		{
			"from": [5.5, 9, 6],
			"to": [6.5, 10, 9],
			"rotation": {"angle": 0, "axis": "y", "origin": [6, 8.5, 7.5]},
			"faces": {
				"north": {"uv": [0, 8.5, 0.25, 8.75], "texture": "#2"},
				"east": {"uv": [6.25, 3.25, 7, 3.5], "texture": "#2"},
				"south": {"uv": [8.5, 0, 8.75, 0.25], "texture": "#2"},
				"west": {"uv": [5, 6.25, 5.75, 6.5], "texture": "#2"},
				"up": {"uv": [6.5, 6.25, 6.25, 5.5], "texture": "#2"},
				"down": {"uv": [6, 6.25, 5.75, 7], "texture": "#2"}
			}
		},
		{
			"from": [4.5, 9, 7],
			"to": [5.5, 10, 8],
			"rotation": {"angle": 0, "axis": "y", "origin": [6, 8.5, 7.5]},
			"faces": {
				"north": {"uv": [0.25, 8.5, 0.5, 8.75], "texture": "#2"},
				"east": {"uv": [8.5, 0.25, 8.75, 0.5], "texture": "#2"},
				"south": {"uv": [0.5, 8.5, 0.75, 8.75], "texture": "#2"},
				"west": {"uv": [8.5, 0.5, 8.75, 0.75], "texture": "#2"},
				"up": {"uv": [1, 8.75, 0.75, 8.5], "texture": "#2"},
				"down": {"uv": [8.75, 0.75, 8.5, 1], "texture": "#2"}
			}
		},
		{
			"from": [3.5, 8, 8],
			"to": [4.5, 9, 9],
			"rotation": {"angle": 0, "axis": "y", "origin": [6, 8.5, 7.5]},
			"faces": {
				"north": {"uv": [1, 8.5, 1.25, 8.75], "texture": "#2"},
				"east": {"uv": [8.5, 1, 8.75, 1.25], "texture": "#2"},
				"south": {"uv": [1.25, 8.5, 1.5, 8.75], "texture": "#2"},
				"west": {"uv": [8.5, 1.25, 8.75, 1.5], "texture": "#2"},
				"up": {"uv": [1.75, 8.75, 1.5, 8.5], "texture": "#2"},
				"down": {"uv": [8.75, 1.5, 8.5, 1.75], "texture": "#2"}
			}
		},
		{
			"from": [7.5, 9, 10],
			"to": [8.5, 10, 11],
			"rotation": {"angle": 0, "axis": "y", "origin": [6, 8.5, 7.5]},
			"faces": {
				"north": {"uv": [1.75, 8.5, 2, 8.75], "texture": "#2"},
				"east": {"uv": [8.5, 1.75, 8.75, 2], "texture": "#2"},
				"south": {"uv": [2, 8.5, 2.25, 8.75], "texture": "#2"},
				"west": {"uv": [8.5, 2, 8.75, 2.25], "texture": "#2"},
				"up": {"uv": [2.5, 8.75, 2.25, 8.5], "texture": "#2"},
				"down": {"uv": [8.75, 2.25, 8.5, 2.5], "texture": "#2"}
			}
		},
		{
			"from": [6.5, 9, 9],
			"to": [9.5, 10, 10],
			"rotation": {"angle": 0, "axis": "y", "origin": [6, 8.5, 7.5]},
			"faces": {
				"north": {"uv": [6, 6.25, 6.75, 6.5], "texture": "#2"},
				"east": {"uv": [2.5, 8.5, 2.75, 8.75], "texture": "#2"},
				"south": {"uv": [0, 6.5, 0.75, 6.75], "texture": "#2"},
				"west": {"uv": [8.5, 2.5, 8.75, 2.75], "texture": "#2"},
				"up": {"uv": [7.25, 0.75, 6.5, 0.5], "texture": "#2"},
				"down": {"uv": [7.25, 0.75, 6.5, 1], "texture": "#2"}
			}
		},
		{
			"from": [6.5, 10, 8],
			"to": [7.5, 11, 9],
			"rotation": {"angle": 0, "axis": "y", "origin": [6, 8.5, 7.5]},
			"faces": {
				"north": {"uv": [2.75, 8.5, 3, 8.75], "texture": "#2"},
				"east": {"uv": [8.5, 2.75, 8.75, 3], "texture": "#2"},
				"south": {"uv": [3, 8.5, 3.25, 8.75], "texture": "#2"},
				"west": {"uv": [8.5, 3, 8.75, 3.25], "texture": "#2"},
				"up": {"uv": [3.5, 8.75, 3.25, 8.5], "texture": "#2"},
				"down": {"uv": [8.75, 3.25, 8.5, 3.5], "texture": "#2"}
			}
		},
		{
			"from": [6.5, 10, 7],
			"to": [7.5, 12, 8],
			"rotation": {"angle": 0, "axis": "y", "origin": [6, 8.5, 7.5]},
			"faces": {
				"north": {"uv": [7.5, 2, 7.75, 2.5], "texture": "#2"},
				"east": {"uv": [7.5, 2.5, 7.75, 3], "texture": "#2"},
				"south": {"uv": [7.5, 3, 7.75, 3.5], "texture": "#2"},
				"west": {"uv": [7.5, 3.5, 7.75, 4], "texture": "#2"},
				"up": {"uv": [3.75, 8.75, 3.5, 8.5], "texture": "#2"},
				"down": {"uv": [8.75, 3.5, 8.5, 3.75], "texture": "#2"}
			}
		},
		{
			"from": [7.5, 10, 8],
			"to": [8.5, 12, 9],
			"rotation": {"angle": 0, "axis": "y", "origin": [8, 11.5, 7.5]},
			"faces": {
				"north": {"uv": [7.5, 4, 7.75, 4.5], "texture": "#2"},
				"east": {"uv": [4.5, 7.5, 4.75, 8], "texture": "#2"},
				"south": {"uv": [4.75, 7.5, 5, 8], "texture": "#2"},
				"west": {"uv": [5, 7.5, 5.25, 8], "texture": "#2"},
				"up": {"uv": [4, 8.75, 3.75, 8.5], "texture": "#2"},
				"down": {"uv": [8.75, 3.75, 8.5, 4], "texture": "#2"}
			}
		},
		{
			"from": [7.5, 10, 7],
			"to": [8.5, 13, 8],
			"rotation": {"angle": 0, "axis": "y", "origin": [6, 8.5, 7.5]},
			"faces": {
				"north": {"uv": [4.25, 7.25, 4.5, 8], "texture": "#2"},
				"east": {"uv": [7.25, 5.25, 7.5, 6], "texture": "#2"},
				"south": {"uv": [6, 7.25, 6.25, 8], "texture": "#2"},
				"west": {"uv": [6.25, 7.25, 6.5, 8], "texture": "#2"},
				"up": {"uv": [9.5, 8.25, 9.25, 8], "texture": "#2"},
				"down": {"uv": [8.5, 9.25, 8.25, 9.5], "texture": "#2"}
			}
		},
		{
			"from": [8.5, 10, 8],
			"to": [9.5, 11, 9],
			"rotation": {"angle": 0, "axis": "y", "origin": [6, 8.5, 7.5]},
			"faces": {
				"north": {"uv": [4, 8.5, 4.25, 8.75], "texture": "#2"},
				"east": {"uv": [8.5, 4, 8.75, 4.25], "texture": "#2"},
				"south": {"uv": [4.25, 8.5, 4.5, 8.75], "texture": "#2"},
				"west": {"uv": [8.5, 4.25, 8.75, 4.5], "texture": "#2"},
				"up": {"uv": [4.75, 8.75, 4.5, 8.5], "texture": "#2"},
				"down": {"uv": [8.75, 4.5, 8.5, 4.75], "texture": "#2"}
			}
		},
		{
			"from": [8.5, 8, 11],
			"to": [9.5, 9, 12],
			"rotation": {"angle": 0, "axis": "y", "origin": [6, 8.5, 7.5]},
			"faces": {
				"north": {"uv": [4.75, 8.5, 5, 8.75], "texture": "#2"},
				"east": {"uv": [8.5, 4.75, 8.75, 5], "texture": "#2"},
				"south": {"uv": [5, 8.5, 5.25, 8.75], "texture": "#2"},
				"west": {"uv": [8.5, 5, 8.75, 5.25], "texture": "#2"},
				"up": {"uv": [5.5, 8.75, 5.25, 8.5], "texture": "#2"},
				"down": {"uv": [8.75, 5.25, 8.5, 5.5], "texture": "#2"}
			}
		},
		{
			"from": [4.5, 0, 5],
			"to": [11.5, 1, 10],
			"rotation": {"angle": 0, "axis": "y", "origin": [6, 8.5, 7.5]},
			"faces": {
				"north": {"uv": [2.75, 3.75, 4.5, 4], "texture": "#2"},
				"east": {"uv": [4.75, 0, 6, 0.25], "texture": "#2"},
				"south": {"uv": [2.75, 4, 4.5, 4.25], "texture": "#2"},
				"west": {"uv": [4.75, 0.25, 6, 0.5], "texture": "#2"},
				"up": {"uv": [1.75, 1.25, 0, 0], "texture": "#2"},
				"down": {"uv": [1.75, 1.25, 0, 2.5], "texture": "#2"}
			}
		},
		{
			"from": [5.5, 0, 4],
			"to": [10.5, 1, 5],
			"rotation": {"angle": 0, "axis": "y", "origin": [6, 8.5, 7.5]},
			"faces": {
				"north": {"uv": [4.75, 0.5, 6, 0.75], "texture": "#2"},
				"east": {"uv": [5.5, 8.5, 5.75, 8.75], "texture": "#2"},
				"south": {"uv": [4.75, 0.75, 6, 1], "texture": "#2"},
				"west": {"uv": [8.5, 5.5, 8.75, 5.75], "texture": "#2"},
				"up": {"uv": [6, 1.25, 4.75, 1], "texture": "#2"},
				"down": {"uv": [6, 1.25, 4.75, 1.5], "texture": "#2"}
			}
		},
		{
			"from": [5.5, 1, 3],
			"to": [10.5, 2, 4],
			"rotation": {"angle": 0, "axis": "y", "origin": [8, 2, 3.5]},
			"faces": {
				"north": {"uv": [4.75, 1.5, 6, 1.75], "texture": "#2"},
				"east": {"uv": [5.75, 8.5, 6, 8.75], "texture": "#2"},
				"south": {"uv": [1.75, 4.75, 3, 5], "texture": "#2"},
				"west": {"uv": [8.5, 5.75, 8.75, 6], "texture": "#2"},
				"up": {"uv": [6, 2, 4.75, 1.75], "texture": "#2"},
				"down": {"uv": [6, 2, 4.75, 2.25], "texture": "#2"}
			}
		},
		{
			"from": [4.5, 2, 4],
			"to": [11.5, 7, 5],
			"rotation": {"angle": 0, "axis": "y", "origin": [7, 3, 4.5]},
			"faces": {
				"north": {"uv": [1.75, 0, 3.5, 1.25], "texture": "#2"},
				"east": {"uv": [4.75, 2.25, 5, 3.5], "texture": "#2"},
				"south": {"uv": [1.75, 1.25, 3.5, 2.5], "texture": "#2"},
				"west": {"uv": [3, 4.75, 3.25, 6], "texture": "#2"},
				"up": {"uv": [4.5, 4.5, 2.75, 4.25], "texture": "#2"},
				"down": {"uv": [1.75, 4.5, 0, 4.75], "texture": "#2"}
			}
		},
		{
			"from": [5.5, 0, 10],
			"to": [10.5, 1, 11],
			"rotation": {"angle": 0, "axis": "y", "origin": [6, 8.5, 7.5]},
			"faces": {
				"north": {"uv": [3.25, 4.75, 4.5, 5], "texture": "#2"},
				"east": {"uv": [6, 8.5, 6.25, 8.75], "texture": "#2"},
				"south": {"uv": [4.75, 3.5, 6, 3.75], "texture": "#2"},
				"west": {"uv": [8.5, 6, 8.75, 6.25], "texture": "#2"},
				"up": {"uv": [5.75, 5, 4.5, 4.75], "texture": "#2"},
				"down": {"uv": [1.25, 5, 0, 5.25], "texture": "#2"}
			}
		},
		{
			"from": [4.5, 8, 5],
			"to": [11.5, 9, 10],
			"rotation": {"angle": 0, "axis": "y", "origin": [6, 8.5, 7.5]},
			"faces": {
				"north": {"uv": [1.75, 4.5, 3.5, 4.75], "texture": "#2"},
				"east": {"uv": [1.25, 5, 2.5, 5.25], "texture": "#2"},
				"south": {"uv": [3.5, 4.5, 5.25, 4.75], "texture": "#2"},
				"west": {"uv": [5, 2.25, 6.25, 2.5], "texture": "#2"},
				"up": {"uv": [1.75, 3.75, 0, 2.5], "texture": "#2"},
				"down": {"uv": [3.5, 2.5, 1.75, 3.75], "texture": "#2"}
			}
		},
		{
			"from": [5.5, 8, 10],
			"to": [10.5, 9, 11],
			"rotation": {"angle": 0, "axis": "y", "origin": [6, 8.5, 7.5]},
			"faces": {
				"north": {"uv": [5, 2.5, 6.25, 2.75], "texture": "#2"},
				"east": {"uv": [6.25, 8.5, 6.5, 8.75], "texture": "#2"},
				"south": {"uv": [5, 2.75, 6.25, 3], "texture": "#2"},
				"west": {"uv": [8.5, 6.25, 8.75, 6.5], "texture": "#2"},
				"up": {"uv": [6.25, 3.25, 5, 3], "texture": "#2"},
				"down": {"uv": [4.5, 5, 3.25, 5.25], "texture": "#2"}
			}
		},
		{
			"from": [5.5, 8, 4],
			"to": [10.5, 9, 5],
			"rotation": {"angle": 0, "axis": "y", "origin": [6, 8.5, 7.5]},
			"faces": {
				"north": {"uv": [5, 3.25, 6.25, 3.5], "texture": "#2"},
				"east": {"uv": [6.5, 8.5, 6.75, 8.75], "texture": "#2"},
				"south": {"uv": [4.5, 5, 5.75, 5.25], "texture": "#2"},
				"west": {"uv": [8.5, 6.5, 8.75, 6.75], "texture": "#2"},
				"up": {"uv": [1.25, 5.5, 0, 5.25], "texture": "#2"},
				"down": {"uv": [2.5, 5.25, 1.25, 5.5], "texture": "#2"}
			}
		},
		{
			"from": [5.5, 1, 11],
			"to": [10.5, 2, 12],
			"rotation": {"angle": 0, "axis": "y", "origin": [6, 8.5, 7.5]},
			"faces": {
				"north": {"uv": [3.25, 5.25, 4.5, 5.5], "texture": "#2"},
				"east": {"uv": [6.75, 8.5, 7, 8.75], "texture": "#2"},
				"south": {"uv": [4.5, 5.25, 5.75, 5.5], "texture": "#2"},
				"west": {"uv": [8.5, 6.75, 8.75, 7], "texture": "#2"},
				"up": {"uv": [6.5, 4.75, 5.25, 4.5], "texture": "#2"},
				"down": {"uv": [1.25, 5.5, 0, 5.75], "texture": "#2"}
			}
		},
		{
			"from": [6.5, 2, 12],
			"to": [9.5, 3, 13],
			"rotation": {"angle": 0, "axis": "y", "origin": [6, 8.5, 7.5]},
			"faces": {
				"north": {"uv": [6.5, 1, 7.25, 1.25], "texture": "#2"},
				"east": {"uv": [7, 8.5, 7.25, 8.75], "texture": "#2"},
				"south": {"uv": [6.5, 1.25, 7.25, 1.5], "texture": "#2"},
				"west": {"uv": [8.5, 7, 8.75, 7.25], "texture": "#2"},
				"up": {"uv": [7.25, 1.75, 6.5, 1.5], "texture": "#2"},
				"down": {"uv": [3.25, 6.5, 2.5, 6.75], "texture": "#2"}
			}
		},
		{
			"from": [5.5, 3, 12],
			"to": [10.5, 6, 13],
			"rotation": {"angle": 0, "axis": "y", "origin": [8, 6, 7.5]},
			"faces": {
				"north": {"uv": [3.5, 0, 4.75, 0.75], "texture": "#2"},
				"east": {"uv": [0.75, 6.5, 1, 7.25], "texture": "#2"},
				"south": {"uv": [3.5, 0.75, 4.75, 1.5], "texture": "#2"},
				"west": {"uv": [1, 6.5, 1.25, 7.25], "texture": "#2"},
				"up": {"uv": [2.5, 5.75, 1.25, 5.5], "texture": "#2"},
				"down": {"uv": [4.5, 5.5, 3.25, 5.75], "texture": "#2"}
			}
		},
		{
			"from": [6.5, 6, 12],
			"to": [9.5, 7, 13],
			"rotation": {"angle": 0, "axis": "y", "origin": [8, 6, 7.5]},
			"faces": {
				"north": {"uv": [3.25, 6.5, 4, 6.75], "texture": "#2"},
				"east": {"uv": [7.25, 8.5, 7.5, 8.75], "texture": "#2"},
				"south": {"uv": [6.5, 3.75, 7.25, 4], "texture": "#2"},
				"west": {"uv": [8.5, 7.25, 8.75, 7.5], "texture": "#2"},
				"up": {"uv": [7.25, 4.25, 6.5, 4], "texture": "#2"},
				"down": {"uv": [7.25, 4.25, 6.5, 4.5], "texture": "#2"}
			}
		},
		{
			"from": [12.5, 3, 5],
			"to": [13.5, 6, 10],
			"rotation": {"angle": 0, "axis": "y", "origin": [8, 6, 7.5]},
			"faces": {
				"north": {"uv": [5, 6.5, 5.25, 7.25], "texture": "#2"},
				"east": {"uv": [3.5, 1.5, 4.75, 2.25], "texture": "#2"},
				"south": {"uv": [5.25, 6.5, 5.5, 7.25], "texture": "#2"},
				"west": {"uv": [3.5, 2.25, 4.75, 3], "texture": "#2"},
				"up": {"uv": [2.75, 6.25, 2.5, 5], "texture": "#2"},
				"down": {"uv": [3, 5, 2.75, 6.25], "texture": "#2"}
			}
		},
		{
			"from": [12.5, 6, 6],
			"to": [13.5, 7, 9],
			"rotation": {"angle": 0, "axis": "y", "origin": [8, 6, 7.5]},
			"faces": {
				"north": {"uv": [7.5, 8.5, 7.75, 8.75], "texture": "#2"},
				"east": {"uv": [6.5, 4.5, 7.25, 4.75], "texture": "#2"},
				"south": {"uv": [8.5, 7.5, 8.75, 7.75], "texture": "#2"},
				"west": {"uv": [6.5, 5.5, 7.25, 5.75], "texture": "#2"},
				"up": {"uv": [5.75, 7.25, 5.5, 6.5], "texture": "#2"},
				"down": {"uv": [6.25, 6.5, 6, 7.25], "texture": "#2"}
			}
		},
		{
			"from": [2.5, 6, 6],
			"to": [3.5, 7, 9],
			"rotation": {"angle": 0, "axis": "y", "origin": [8, 6, 7.5]},
			"faces": {
				"north": {"uv": [7.75, 8.5, 8, 8.75], "texture": "#2"},
				"east": {"uv": [6.5, 5.75, 7.25, 6], "texture": "#2"},
				"south": {"uv": [8.5, 7.75, 8.75, 8], "texture": "#2"},
				"west": {"uv": [6.5, 6, 7.25, 6.25], "texture": "#2"},
				"up": {"uv": [6.5, 7.25, 6.25, 6.5], "texture": "#2"},
				"down": {"uv": [6.75, 6.5, 6.5, 7.25], "texture": "#2"}
			}
		},
		{
			"from": [2.5, 3, 5],
			"to": [3.5, 6, 10],
			"rotation": {"angle": 0, "axis": "y", "origin": [8, 6, 7.5]},
			"faces": {
				"north": {"uv": [0, 6.75, 0.25, 7.5], "texture": "#2"},
				"east": {"uv": [3.5, 3, 4.75, 3.75], "texture": "#2"},
				"south": {"uv": [0.25, 6.75, 0.5, 7.5], "texture": "#2"},
				"west": {"uv": [0, 3.75, 1.25, 4.5], "texture": "#2"},
				"up": {"uv": [4.75, 6.75, 4.5, 5.5], "texture": "#2"},
				"down": {"uv": [5, 5.5, 4.75, 6.75], "texture": "#2"}
			}
		},
		{
			"from": [2.5, 2, 6],
			"to": [3.5, 3, 9],
			"rotation": {"angle": 0, "axis": "y", "origin": [8, 3, 7.5]},
			"faces": {
				"north": {"uv": [8, 8.5, 8.25, 8.75], "texture": "#2"},
				"east": {"uv": [2.5, 6.75, 3.25, 7], "texture": "#2"},
				"south": {"uv": [8.5, 8, 8.75, 8.25], "texture": "#2"},
				"west": {"uv": [3.25, 6.75, 4, 7], "texture": "#2"},
				"up": {"uv": [0.75, 7.5, 0.5, 6.75], "texture": "#2"},
				"down": {"uv": [4.75, 6.75, 4.5, 7.5], "texture": "#2"}
			}
		},
		{
			"from": [12.5, 2, 6],
			"to": [13.5, 3, 9],
			"rotation": {"angle": 0, "axis": "y", "origin": [8, 3, 7.5]},
			"faces": {
				"north": {"uv": [8.25, 8.5, 8.5, 8.75], "texture": "#2"},
				"east": {"uv": [6.75, 6.25, 7.5, 6.5], "texture": "#2"},
				"south": {"uv": [8.5, 8.25, 8.75, 8.5], "texture": "#2"},
				"west": {"uv": [6.75, 6.5, 7.5, 6.75], "texture": "#2"},
				"up": {"uv": [5, 7.5, 4.75, 6.75], "texture": "#2"},
				"down": {"uv": [7, 6.75, 6.75, 7.5], "texture": "#2"}
			}
		},
		{
			"from": [9.5, 2, 11],
			"to": [11.5, 3, 12],
			"rotation": {"angle": 0, "axis": "y", "origin": [6, 8.5, 7.5]},
			"faces": {
				"north": {"uv": [5.25, 7.5, 5.75, 7.75], "texture": "#2"},
				"east": {"uv": [8.5, 8.5, 8.75, 8.75], "texture": "#2"},
				"south": {"uv": [7.5, 5.25, 8, 5.5], "texture": "#2"},
				"west": {"uv": [0, 8.75, 0.25, 9], "texture": "#2"},
				"up": {"uv": [8, 5.75, 7.5, 5.5], "texture": "#2"},
				"down": {"uv": [8, 5.75, 7.5, 6], "texture": "#2"}
			}
		},
		{
			"from": [4.5, 2, 11],
			"to": [6.5, 3, 12],
			"rotation": {"angle": 0, "axis": "y", "origin": [6, 8.5, 7.5]},
			"faces": {
				"north": {"uv": [7.5, 6.25, 8, 6.5], "texture": "#2"},
				"east": {"uv": [8.75, 0, 9, 0.25], "texture": "#2"},
				"south": {"uv": [7.5, 6.5, 8, 6.75], "texture": "#2"},
				"west": {"uv": [0.25, 8.75, 0.5, 9], "texture": "#2"},
				"up": {"uv": [7.25, 7.75, 6.75, 7.5], "texture": "#2"},
				"down": {"uv": [8, 6.75, 7.5, 7], "texture": "#2"}
			}
		},
		{
			"from": [4.5, 2, 3],
			"to": [5.5, 3, 4],
			"rotation": {"angle": 0, "axis": "y", "origin": [6, 8.5, 7.5]},
			"faces": {
				"north": {"uv": [8.75, 0.25, 9, 0.5], "texture": "#2"},
				"east": {"uv": [0.5, 8.75, 0.75, 9], "texture": "#2"},
				"south": {"uv": [8.75, 0.5, 9, 0.75], "texture": "#2"},
				"west": {"uv": [0.75, 8.75, 1, 9], "texture": "#2"},
				"up": {"uv": [9, 1, 8.75, 0.75], "texture": "#2"},
				"down": {"uv": [1.25, 8.75, 1, 9], "texture": "#2"}
			}
		},
		{
			"from": [10.5, 2, 3],
			"to": [11.5, 3, 4],
			"rotation": {"angle": 0, "axis": "y", "origin": [6, 8.5, 7.5]},
			"faces": {
				"north": {"uv": [8.75, 1, 9, 1.25], "texture": "#2"},
				"east": {"uv": [1.25, 8.75, 1.5, 9], "texture": "#2"},
				"south": {"uv": [8.75, 1.25, 9, 1.5], "texture": "#2"},
				"west": {"uv": [1.5, 8.75, 1.75, 9], "texture": "#2"},
				"up": {"uv": [9, 1.75, 8.75, 1.5], "texture": "#2"},
				"down": {"uv": [2, 8.75, 1.75, 9], "texture": "#2"}
			}
		},
		{
			"from": [3.5, 2, 4],
			"to": [4.5, 3, 6],
			"rotation": {"angle": 0, "axis": "y", "origin": [8, 3, 7.5]},
			"faces": {
				"north": {"uv": [8.75, 1.75, 9, 2], "texture": "#2"},
				"east": {"uv": [7.5, 7, 8, 7.25], "texture": "#2"},
				"south": {"uv": [2, 8.75, 2.25, 9], "texture": "#2"},
				"west": {"uv": [7.5, 7.25, 8, 7.5], "texture": "#2"},
				"up": {"uv": [7.75, 8, 7.5, 7.5], "texture": "#2"},
				"down": {"uv": [0.25, 7.75, 0, 8.25], "texture": "#2"}
			}
		},
		{
			"from": [3.5, 2, 9],
			"to": [4.5, 3, 11],
			"rotation": {"angle": 0, "axis": "y", "origin": [8, 3, 7.5]},
			"faces": {
				"north": {"uv": [8.75, 2, 9, 2.25], "texture": "#2"},
				"east": {"uv": [7.75, 0.5, 8.25, 0.75], "texture": "#2"},
				"south": {"uv": [2.25, 8.75, 2.5, 9], "texture": "#2"},
				"west": {"uv": [7.75, 0.75, 8.25, 1], "texture": "#2"},
				"up": {"uv": [0.5, 8.25, 0.25, 7.75], "texture": "#2"},
				"down": {"uv": [8, 1, 7.75, 1.5], "texture": "#2"}
			}
		},
		{
			"from": [3.5, 6, 9],
			"to": [4.5, 7, 11],
			"rotation": {"angle": 0, "axis": "y", "origin": [8, 3, 7.5]},
			"faces": {
				"north": {"uv": [8.75, 2.25, 9, 2.5], "texture": "#2"},
				"east": {"uv": [1.25, 7.75, 1.75, 8], "texture": "#2"},
				"south": {"uv": [2.5, 8.75, 2.75, 9], "texture": "#2"},
				"west": {"uv": [7.75, 1.5, 8.25, 1.75], "texture": "#2"},
				"up": {"uv": [2, 8.25, 1.75, 7.75], "texture": "#2"},
				"down": {"uv": [8, 1.75, 7.75, 2.25], "texture": "#2"}
			}
		},
		{
			"from": [3.5, 6, 4],
			"to": [4.5, 7, 6],
			"rotation": {"angle": 0, "axis": "y", "origin": [8, 3, 7.5]},
			"faces": {
				"north": {"uv": [8.75, 2.5, 9, 2.75], "texture": "#2"},
				"east": {"uv": [2, 7.75, 2.5, 8], "texture": "#2"},
				"south": {"uv": [2.75, 8.75, 3, 9], "texture": "#2"},
				"west": {"uv": [7.75, 2.25, 8.25, 2.5], "texture": "#2"},
				"up": {"uv": [2.75, 8.25, 2.5, 7.75], "texture": "#2"},
				"down": {"uv": [8, 2.5, 7.75, 3], "texture": "#2"}
			}
		},
		{
			"from": [3.5, 3, 10],
			"to": [4.5, 6, 11],
			"rotation": {"angle": 0, "axis": "y", "origin": [8, 3, 7.5]},
			"faces": {
				"north": {"uv": [1.25, 7, 1.5, 7.75], "texture": "#2"},
				"east": {"uv": [1.5, 7, 1.75, 7.75], "texture": "#2"},
				"south": {"uv": [1.75, 7, 2, 7.75], "texture": "#2"},
				"west": {"uv": [2, 7, 2.25, 7.75], "texture": "#2"},
				"up": {"uv": [9, 3, 8.75, 2.75], "texture": "#2"},
				"down": {"uv": [3.25, 8.75, 3, 9], "texture": "#2"}
			}
		},
		{
			"from": [11.5, 3, 10],
			"to": [12.5, 6, 11],
			"rotation": {"angle": 0, "axis": "y", "origin": [8, 3, 7.5]},
			"faces": {
				"north": {"uv": [2.25, 7, 2.5, 7.75], "texture": "#2"},
				"east": {"uv": [7, 2.25, 7.25, 3], "texture": "#2"},
				"south": {"uv": [2.5, 7, 2.75, 7.75], "texture": "#2"},
				"west": {"uv": [2.75, 7, 3, 7.75], "texture": "#2"},
				"up": {"uv": [9, 3.25, 8.75, 3], "texture": "#2"},
				"down": {"uv": [3.5, 8.75, 3.25, 9], "texture": "#2"}
			}
		},
		{
			"from": [3.5, 3, 4],
			"to": [4.5, 6, 5],
			"rotation": {"angle": 0, "axis": "y", "origin": [8, 3, 7.5]},
			"faces": {
				"north": {"uv": [3, 7, 3.25, 7.75], "texture": "#2"},
				"east": {"uv": [3.25, 7, 3.5, 7.75], "texture": "#2"},
				"south": {"uv": [3.5, 7, 3.75, 7.75], "texture": "#2"},
				"west": {"uv": [3.75, 7, 4, 7.75], "texture": "#2"},
				"up": {"uv": [9, 3.5, 8.75, 3.25], "texture": "#2"},
				"down": {"uv": [3.75, 8.75, 3.5, 9], "texture": "#2"}
			}
		},
		{
			"from": [11.5, 3, 4],
			"to": [12.5, 6, 5],
			"rotation": {"angle": 0, "axis": "y", "origin": [8, 3, 7.5]},
			"faces": {
				"north": {"uv": [4, 7, 4.25, 7.75], "texture": "#2"},
				"east": {"uv": [7, 4.75, 7.25, 5.5], "texture": "#2"},
				"south": {"uv": [5.75, 7, 6, 7.75], "texture": "#2"},
				"west": {"uv": [7, 6.75, 7.25, 7.5], "texture": "#2"},
				"up": {"uv": [9, 3.75, 8.75, 3.5], "texture": "#2"},
				"down": {"uv": [4, 8.75, 3.75, 9], "texture": "#2"}
			}
		},
		{
			"from": [4.5, 3, 11],
			"to": [5.5, 6, 12],
			"rotation": {"angle": 0, "axis": "y", "origin": [8, 3, 7.5]},
			"faces": {
				"north": {"uv": [7.25, 0, 7.5, 0.75], "texture": "#2"},
				"east": {"uv": [0.75, 7.25, 1, 8], "texture": "#2"},
				"south": {"uv": [7.25, 0.75, 7.5, 1.5], "texture": "#2"},
				"west": {"uv": [1, 7.25, 1.25, 8], "texture": "#2"},
				"up": {"uv": [9, 4, 8.75, 3.75], "texture": "#2"},
				"down": {"uv": [4.25, 8.75, 4, 9], "texture": "#2"}
			}
		},
		{
			"from": [4.5, 3, 3],
			"to": [5.5, 5, 4],
			"rotation": {"angle": 0, "axis": "y", "origin": [8, 3, 7.5]},
			"faces": {
				"north": {"uv": [2.75, 7.75, 3, 8.25], "texture": "#2"},
				"east": {"uv": [3, 7.75, 3.25, 8.25], "texture": "#2"},
				"south": {"uv": [7.75, 3, 8, 3.5], "texture": "#2"},
				"west": {"uv": [3.25, 7.75, 3.5, 8.25], "texture": "#2"},
				"up": {"uv": [9, 4.25, 8.75, 4], "texture": "#2"},
				"down": {"uv": [4.5, 8.75, 4.25, 9], "texture": "#2"}
			}
		},
		{
			"from": [5.5, 2.5, 3],
			"to": [6, 3, 4],
			"rotation": {"angle": 0, "axis": "y", "origin": [8, 3, 7.5]},
			"faces": {
				"north": {"uv": [8.75, 4.25, 9, 4.5], "texture": "#2"},
				"east": {"uv": [4.5, 8.75, 4.75, 9], "texture": "#2"},
				"south": {"uv": [8.75, 4.5, 9, 4.75], "texture": "#2"},
				"west": {"uv": [4.75, 8.75, 5, 9], "texture": "#2"},
				"up": {"uv": [9, 5, 8.75, 4.75], "texture": "#2"},
				"down": {"uv": [5.25, 8.75, 5, 9], "texture": "#2"}
			}
		},
		{
			"from": [4.5, 5, 3],
			"to": [5, 5.5, 4],
			"rotation": {"angle": 0, "axis": "y", "origin": [8, 3, 7.5]},
			"faces": {
				"north": {"uv": [8.75, 5, 9, 5.25], "texture": "#2"},
				"east": {"uv": [5.25, 8.75, 5.5, 9], "texture": "#2"},
				"south": {"uv": [8.75, 5.25, 9, 5.5], "texture": "#2"},
				"west": {"uv": [5.5, 8.75, 5.75, 9], "texture": "#2"},
				"up": {"uv": [9, 5.75, 8.75, 5.5], "texture": "#2"},
				"down": {"uv": [6, 8.75, 5.75, 9], "texture": "#2"}
			}
		},
		{
			"from": [7.5, 4.5, 3.5],
			"to": [8.5, 5, 4],
			"rotation": {"angle": 0, "axis": "y", "origin": [8, 3, 7.5]},
			"faces": {
				"north": {"uv": [8.75, 5.75, 9, 6], "texture": "#2"},
				"east": {"uv": [6, 8.75, 6.25, 9], "texture": "#2"},
				"south": {"uv": [8.75, 6, 9, 6.25], "texture": "#2"},
				"west": {"uv": [6.25, 8.75, 6.5, 9], "texture": "#2"},
				"up": {"uv": [9, 6.5, 8.75, 6.25], "texture": "#2"},
				"down": {"uv": [6.75, 8.75, 6.5, 9], "texture": "#2"}
			}
		},
		{
			"from": [7, 5, 3],
			"to": [7.5, 5.5, 4],
			"rotation": {"angle": 0, "axis": "y", "origin": [8, 3, 7.5]},
			"faces": {
				"north": {"uv": [8.75, 6.5, 9, 6.75], "texture": "#2"},
				"east": {"uv": [6.75, 8.75, 7, 9], "texture": "#2"},
				"south": {"uv": [8.75, 6.75, 9, 7], "texture": "#2"},
				"west": {"uv": [7, 8.75, 7.25, 9], "texture": "#2"},
				"up": {"uv": [9, 7.25, 8.75, 7], "texture": "#2"},
				"down": {"uv": [7.5, 8.75, 7.25, 9], "texture": "#2"}
			}
		},
		{
			"from": [8.5, 5, 3],
			"to": [9, 5.5, 4],
			"rotation": {"angle": 0, "axis": "y", "origin": [8, 3, 7.5]},
			"faces": {
				"north": {"uv": [8.75, 7.25, 9, 7.5], "texture": "#2"},
				"east": {"uv": [7.5, 8.75, 7.75, 9], "texture": "#2"},
				"south": {"uv": [8.75, 7.5, 9, 7.75], "texture": "#2"},
				"west": {"uv": [7.75, 8.75, 8, 9], "texture": "#2"},
				"up": {"uv": [9, 8, 8.75, 7.75], "texture": "#2"},
				"down": {"uv": [8.25, 8.75, 8, 9], "texture": "#2"}
			}
		},
		{
			"from": [11, 5, 3],
			"to": [11.5, 5.5, 4],
			"rotation": {"angle": 0, "axis": "y", "origin": [8, 3, 7.5]},
			"faces": {
				"north": {"uv": [8.75, 8, 9, 8.25], "texture": "#2"},
				"east": {"uv": [8.25, 8.75, 8.5, 9], "texture": "#2"},
				"south": {"uv": [8.75, 8.25, 9, 8.5], "texture": "#2"},
				"west": {"uv": [8.5, 8.75, 8.75, 9], "texture": "#2"},
				"up": {"uv": [9, 8.75, 8.75, 8.5], "texture": "#2"},
				"down": {"uv": [9, 8.75, 8.75, 9], "texture": "#2"}
			}
		},
		{
			"from": [10, 2.5, 3],
			"to": [10.5, 3, 4],
			"rotation": {"angle": 0, "axis": "y", "origin": [8, 3, 7.5]},
			"faces": {
				"north": {"uv": [0, 9, 0.25, 9.25], "texture": "#2"},
				"east": {"uv": [9, 0, 9.25, 0.25], "texture": "#2"},
				"south": {"uv": [0.25, 9, 0.5, 9.25], "texture": "#2"},
				"west": {"uv": [9, 0.25, 9.25, 0.5], "texture": "#2"},
				"up": {"uv": [0.75, 9.25, 0.5, 9], "texture": "#2"},
				"down": {"uv": [9.25, 0.5, 9, 0.75], "texture": "#2"}
			}
		},
		{
			"from": [4.5, 5.5, 3],
			"to": [5.5, 6, 4],
			"rotation": {"angle": 0, "axis": "y", "origin": [8, 3, 7.5]},
			"faces": {
				"north": {"uv": [0.75, 9, 1, 9.25], "texture": "#2"},
				"east": {"uv": [9, 0.75, 9.25, 1], "texture": "#2"},
				"south": {"uv": [1, 9, 1.25, 9.25], "texture": "#2"},
				"west": {"uv": [9, 1, 9.25, 1.25], "texture": "#2"},
				"up": {"uv": [1.5, 9.25, 1.25, 9], "texture": "#2"},
				"down": {"uv": [9.25, 1.25, 9, 1.5], "texture": "#2"}
			}
		},
		{
			"from": [8.5, 5.5, 3],
			"to": [9.5, 6, 4],
			"rotation": {"angle": 0, "axis": "y", "origin": [8, 3, 7.5]},
			"faces": {
				"north": {"uv": [1.5, 9, 1.75, 9.25], "texture": "#2"},
				"east": {"uv": [9, 1.5, 9.25, 1.75], "texture": "#2"},
				"south": {"uv": [1.75, 9, 2, 9.25], "texture": "#2"},
				"west": {"uv": [9, 1.75, 9.25, 2], "texture": "#2"},
				"up": {"uv": [2.25, 9.25, 2, 9], "texture": "#2"},
				"down": {"uv": [9.25, 2, 9, 2.25], "texture": "#2"}
			}
		},
		{
			"from": [6.5, 5.5, 3],
			"to": [7.5, 6, 4],
			"rotation": {"angle": 0, "axis": "y", "origin": [8, 3, 7.5]},
			"faces": {
				"north": {"uv": [2.25, 9, 2.5, 9.25], "texture": "#2"},
				"east": {"uv": [9, 2.25, 9.25, 2.5], "texture": "#2"},
				"south": {"uv": [2.5, 9, 2.75, 9.25], "texture": "#2"},
				"west": {"uv": [9, 2.5, 9.25, 2.75], "texture": "#2"},
				"up": {"uv": [3, 9.25, 2.75, 9], "texture": "#2"},
				"down": {"uv": [9.25, 2.75, 9, 3], "texture": "#2"}
			}
		},
		{
			"from": [7.5, 4, 3],
			"to": [8.5, 4.5, 4],
			"rotation": {"angle": 0, "axis": "y", "origin": [8, 3, 7.5]},
			"faces": {
				"north": {"uv": [3, 9, 3.25, 9.25], "texture": "#2"},
				"east": {"uv": [9, 3, 9.25, 3.25], "texture": "#2"},
				"south": {"uv": [3.25, 9, 3.5, 9.25], "texture": "#2"},
				"west": {"uv": [9, 3.25, 9.25, 3.5], "texture": "#2"},
				"up": {"uv": [3.75, 9.25, 3.5, 9], "texture": "#2"},
				"down": {"uv": [9.25, 3.5, 9, 3.75], "texture": "#2"}
			}
		},
		{
			"from": [5.5, 3.5, 3],
			"to": [6.5, 4, 4],
			"rotation": {"angle": 0, "axis": "y", "origin": [8, 3, 7.5]},
			"faces": {
				"north": {"uv": [3.75, 9, 4, 9.25], "texture": "#2"},
				"east": {"uv": [9, 3.75, 9.25, 4], "texture": "#2"},
				"south": {"uv": [4, 9, 4.25, 9.25], "texture": "#2"},
				"west": {"uv": [9, 4, 9.25, 4.25], "texture": "#2"},
				"up": {"uv": [4.5, 9.25, 4.25, 9], "texture": "#2"},
				"down": {"uv": [9.25, 4.25, 9, 4.5], "texture": "#2"}
			}
		},
		{
			"from": [9.5, 3.5, 3],
			"to": [10.5, 4, 4],
			"rotation": {"angle": 0, "axis": "y", "origin": [8, 3, 7.5]},
			"faces": {
				"north": {"uv": [4.5, 9, 4.75, 9.25], "texture": "#2"},
				"east": {"uv": [9, 4.5, 9.25, 4.75], "texture": "#2"},
				"south": {"uv": [4.75, 9, 5, 9.25], "texture": "#2"},
				"west": {"uv": [9, 4.75, 9.25, 5], "texture": "#2"},
				"up": {"uv": [5.25, 9.25, 5, 9], "texture": "#2"},
				"down": {"uv": [9.25, 5, 9, 5.25], "texture": "#2"}
			}
		},
		{
			"from": [8.5, 2, 3],
			"to": [10.5, 2.5, 4],
			"rotation": {"angle": 0, "axis": "y", "origin": [8, 3, 7.5]},
			"faces": {
				"north": {"uv": [3.5, 7.75, 4, 8], "texture": "#2"},
				"east": {"uv": [5.25, 9, 5.5, 9.25], "texture": "#2"},
				"south": {"uv": [7.75, 3.5, 8.25, 3.75], "texture": "#2"},
				"west": {"uv": [9, 5.25, 9.25, 5.5], "texture": "#2"},
				"up": {"uv": [8.25, 4, 7.75, 3.75], "texture": "#2"},
				"down": {"uv": [8.25, 4, 7.75, 4.25], "texture": "#2"}
			}
		},
		{
			"from": [5.5, 2, 3],
			"to": [7.5, 2.5, 4],
			"rotation": {"angle": 0, "axis": "y", "origin": [8, 3, 7.5]},
			"faces": {
				"north": {"uv": [7.75, 4.25, 8.25, 4.5], "texture": "#2"},
				"east": {"uv": [5.5, 9, 5.75, 9.25], "texture": "#2"},
				"south": {"uv": [5.25, 7.75, 5.75, 8], "texture": "#2"},
				"west": {"uv": [9, 5.5, 9.25, 5.75], "texture": "#2"},
				"up": {"uv": [8.25, 6.25, 7.75, 6], "texture": "#2"},
				"down": {"uv": [7, 7.75, 6.5, 8], "texture": "#2"}
			}
		},
		{
			"from": [10.5, 5.5, 3],
			"to": [11.5, 6, 4],
			"rotation": {"angle": 0, "axis": "y", "origin": [8, 3, 7.5]},
			"faces": {
				"north": {"uv": [5.75, 9, 6, 9.25], "texture": "#2"},
				"east": {"uv": [9, 5.75, 9.25, 6], "texture": "#2"},
				"south": {"uv": [6, 9, 6.25, 9.25], "texture": "#2"},
				"west": {"uv": [9, 6, 9.25, 6.25], "texture": "#2"},
				"up": {"uv": [6.5, 9.25, 6.25, 9], "texture": "#2"},
				"down": {"uv": [9.25, 6.25, 9, 6.5], "texture": "#2"}
			}
		},
		{
			"from": [10.5, 3, 11],
			"to": [11.5, 6, 12],
			"rotation": {"angle": 0, "axis": "y", "origin": [8, 3, 7.5]},
			"faces": {
				"north": {"uv": [7.25, 1.5, 7.5, 2.25], "texture": "#2"},
				"east": {"uv": [7.25, 2.25, 7.5, 3], "texture": "#2"},
				"south": {"uv": [7.25, 3, 7.5, 3.75], "texture": "#2"},
				"west": {"uv": [7.25, 3.75, 7.5, 4.5], "texture": "#2"},
				"up": {"uv": [6.75, 9.25, 6.5, 9], "texture": "#2"},
				"down": {"uv": [9.25, 6.5, 9, 6.75], "texture": "#2"}
			}
		},
		{
			"from": [10.5, 3, 3],
			"to": [11.5, 5, 4],
			"rotation": {"angle": 0, "axis": "y", "origin": [8, 3, 7.5]},
			"faces": {
				"north": {"uv": [4, 7.75, 4.25, 8.25], "texture": "#2"},
				"east": {"uv": [5.75, 7.75, 6, 8.25], "texture": "#2"},
				"south": {"uv": [7, 7.75, 7.25, 8.25], "texture": "#2"},
				"west": {"uv": [7.25, 7.75, 7.5, 8.25], "texture": "#2"},
				"up": {"uv": [7, 9.25, 6.75, 9], "texture": "#2"},
				"down": {"uv": [9.25, 6.75, 9, 7], "texture": "#2"}
			}
		},
		{
			"from": [11.5, 2, 9],
			"to": [12.5, 3, 11],
			"rotation": {"angle": 0, "axis": "y", "origin": [8, 3, 7.5]},
			"faces": {
				"north": {"uv": [7, 9, 7.25, 9.25], "texture": "#2"},
				"east": {"uv": [7.75, 7.5, 8.25, 7.75], "texture": "#2"},
				"south": {"uv": [9, 7, 9.25, 7.25], "texture": "#2"},
				"west": {"uv": [7.75, 7.75, 8.25, 8], "texture": "#2"},
				"up": {"uv": [8.25, 0.5, 8, 0], "texture": "#2"},
				"down": {"uv": [0.75, 8, 0.5, 8.5], "texture": "#2"}
			}
		},
		{
			"from": [11.5, 2, 4],
			"to": [12.5, 3, 6],
			"rotation": {"angle": 0, "axis": "y", "origin": [8, 3, 7.5]},
			"faces": {
				"north": {"uv": [7.25, 9, 7.5, 9.25], "texture": "#2"},
				"east": {"uv": [0.75, 8, 1.25, 8.25], "texture": "#2"},
				"south": {"uv": [9, 7.25, 9.25, 7.5], "texture": "#2"},
				"west": {"uv": [8, 1, 8.5, 1.25], "texture": "#2"},
				"up": {"uv": [1.5, 8.5, 1.25, 8], "texture": "#2"},
				"down": {"uv": [1.75, 8, 1.5, 8.5], "texture": "#2"}
			}
		},
		{
			"from": [9.5, 6, 11],
			"to": [11.5, 7, 12],
			"rotation": {"angle": 0, "axis": "y", "origin": [6, 8.5, 7.5]},
			"faces": {
				"north": {"uv": [8, 1.25, 8.5, 1.5], "texture": "#2"},
				"east": {"uv": [7.5, 9, 7.75, 9.25], "texture": "#2"},
				"south": {"uv": [8, 1.75, 8.5, 2], "texture": "#2"},
				"west": {"uv": [9, 7.5, 9.25, 7.75], "texture": "#2"},
				"up": {"uv": [2.5, 8.25, 2, 8], "texture": "#2"},
				"down": {"uv": [8.5, 2, 8, 2.25], "texture": "#2"}
			}
		},
		{
			"from": [4.5, 6, 11],
			"to": [6.5, 7, 12],
			"rotation": {"angle": 0, "axis": "y", "origin": [6, 8.5, 7.5]},
			"faces": {
				"north": {"uv": [8, 2.5, 8.5, 2.75], "texture": "#2"},
				"east": {"uv": [7.75, 9, 8, 9.25], "texture": "#2"},
				"south": {"uv": [8, 2.75, 8.5, 3], "texture": "#2"},
				"west": {"uv": [9, 7.75, 9.25, 8], "texture": "#2"},
				"up": {"uv": [8.5, 3.25, 8, 3], "texture": "#2"},
				"down": {"uv": [8.5, 3.25, 8, 3.5], "texture": "#2"}
			}
		},
		{
			"from": [11.5, 6, 9],
			"to": [12.5, 7, 11],
			"rotation": {"angle": 0, "axis": "y", "origin": [8, 3, 7.5]},
			"faces": {
				"north": {"uv": [8, 9, 8.25, 9.25], "texture": "#2"},
				"east": {"uv": [3.5, 8, 4, 8.25], "texture": "#2"},
				"south": {"uv": [9, 8, 9.25, 8.25], "texture": "#2"},
				"west": {"uv": [4.25, 8, 4.75, 8.25], "texture": "#2"},
				"up": {"uv": [8.25, 5, 8, 4.5], "texture": "#2"},
				"down": {"uv": [5, 8, 4.75, 8.5], "texture": "#2"}
			}
		},
		{
			"from": [11.5, 6, 4],
			"to": [12.5, 7, 6],
			"rotation": {"angle": 0, "axis": "y", "origin": [8, 3, 7.5]},
			"faces": {
				"north": {"uv": [8.25, 9, 8.5, 9.25], "texture": "#2"},
				"east": {"uv": [5, 8, 5.5, 8.25], "texture": "#2"},
				"south": {"uv": [9, 8.25, 9.25, 8.5], "texture": "#2"},
				"west": {"uv": [8, 5, 8.5, 5.25], "texture": "#2"},
				"up": {"uv": [8.25, 5.75, 8, 5.25], "texture": "#2"},
				"down": {"uv": [5.75, 8, 5.5, 8.5], "texture": "#2"}
			}
		},
		{
			"from": [4.5, 6, 3],
			"to": [11.5, 7, 4],
			"rotation": {"angle": 0, "axis": "y", "origin": [6, 8.5, 7.5]},
			"faces": {
				"north": {"uv": [4.5, 3.75, 6.25, 4], "texture": "#2"},
				"east": {"uv": [8.5, 9, 8.75, 9.25], "texture": "#2"},
				"south": {"uv": [4.5, 4, 6.25, 4.25], "texture": "#2"},
				"west": {"uv": [9, 8.5, 9.25, 8.75], "texture": "#2"},
				"up": {"uv": [6.25, 4.5, 4.5, 4.25], "texture": "#2"},
				"down": {"uv": [1.75, 4.75, 0, 5], "texture": "#2"}
			}
		},
		{
			"from": [7.5, 5, 3],
			"to": [8.5, 6, 4],
			"rotation": {"angle": 0, "axis": "y", "origin": [6, 8.5, 7.5]},
			"faces": {
				"north": {"uv": [8.75, 9, 9, 9.25], "texture": "#2"},
				"east": {"uv": [9, 8.75, 9.25, 9], "texture": "#2"},
				"south": {"uv": [9, 9, 9.25, 9.25], "texture": "#2"},
				"west": {"uv": [0, 9.25, 0.25, 9.5], "texture": "#2"},
				"up": {"uv": [9.5, 0.25, 9.25, 0], "texture": "#2"},
				"down": {"uv": [0.5, 9.25, 0.25, 9.5], "texture": "#2"}
			}
		},
		{
			"from": [6.5, 3, 3],
			"to": [9.5, 4, 4],
			"rotation": {"angle": 0, "axis": "y", "origin": [6, 8.5, 7.5]},
			"faces": {
				"north": {"uv": [7.25, 4.5, 8, 4.75], "texture": "#2"},
				"east": {"uv": [9.25, 0.25, 9.5, 0.5], "texture": "#2"},
				"south": {"uv": [7.25, 4.75, 8, 5], "texture": "#2"},
				"west": {"uv": [0.5, 9.25, 0.75, 9.5], "texture": "#2"},
				"up": {"uv": [5.75, 7.5, 5, 7.25], "texture": "#2"},
				"down": {"uv": [8, 5, 7.25, 5.25], "texture": "#2"}
			}
		},
		{
			"from": [3.5, 1, 5],
			"to": [4.5, 2, 10],
			"rotation": {"angle": 0, "axis": "y", "origin": [8, 2, 7.5]},
			"faces": {
				"north": {"uv": [9.25, 0.5, 9.5, 0.75], "texture": "#2"},
				"east": {"uv": [5, 5.5, 6.25, 5.75], "texture": "#2"},
				"south": {"uv": [0.75, 9.25, 1, 9.5], "texture": "#2"},
				"west": {"uv": [0, 5.75, 1.25, 6], "texture": "#2"},
				"up": {"uv": [1.5, 7, 1.25, 5.75], "texture": "#2"},
				"down": {"uv": [1.75, 5.75, 1.5, 7], "texture": "#2"}
			}
		},
		{
			"from": [11.5, 1, 5],
			"to": [12.5, 2, 10],
			"rotation": {"angle": 0, "axis": "y", "origin": [8, 2, 7.5]},
			"faces": {
				"north": {"uv": [9.25, 0.75, 9.5, 1], "texture": "#2"},
				"east": {"uv": [3.25, 5.75, 4.5, 6], "texture": "#2"},
				"south": {"uv": [1, 9.25, 1.25, 9.5], "texture": "#2"},
				"west": {"uv": [5.75, 4.75, 7, 5], "texture": "#2"},
				"up": {"uv": [2, 7, 1.75, 5.75], "texture": "#2"},
				"down": {"uv": [2.25, 5.75, 2, 7], "texture": "#2"}
			}
		},
		{
			"from": [5.5, 7, 3],
			"to": [10.5, 8, 4],
			"rotation": {"angle": 0, "axis": "y", "origin": [6, 8.5, 7.5]},
			"faces": {
				"north": {"uv": [5, 5.75, 6.25, 6], "texture": "#2"},
				"east": {"uv": [9.25, 1, 9.5, 1.25], "texture": "#2"},
				"south": {"uv": [5.75, 5, 7, 5.25], "texture": "#2"},
				"west": {"uv": [1.25, 9.25, 1.5, 9.5], "texture": "#2"},
				"up": {"uv": [7, 5.5, 5.75, 5.25], "texture": "#2"},
				"down": {"uv": [1.25, 6, 0, 6.25], "texture": "#2"}
			}
		},
		{
			"from": [3.5, 7, 5],
			"to": [4.5, 8, 10],
			"rotation": {"angle": 0, "axis": "y", "origin": [8, 2, 7.5]},
			"faces": {
				"north": {"uv": [9.25, 1.25, 9.5, 1.5], "texture": "#2"},
				"east": {"uv": [6, 0, 7.25, 0.25], "texture": "#2"},
				"south": {"uv": [1.5, 9.25, 1.75, 9.5], "texture": "#2"},
				"west": {"uv": [6, 0.25, 7.25, 0.5], "texture": "#2"},
				"up": {"uv": [2.5, 7, 2.25, 5.75], "texture": "#2"},
				"down": {"uv": [6.25, 0.5, 6, 1.75], "texture": "#2"}
			}
		},
		{
			"from": [5.5, 7, 11],
			"to": [10.5, 8, 12],
			"rotation": {"angle": 0, "axis": "y", "origin": [6, 8.5, 7.5]},
			"faces": {
				"north": {"uv": [6, 1.75, 7.25, 2], "texture": "#2"},
				"east": {"uv": [9.25, 1.5, 9.5, 1.75], "texture": "#2"},
				"south": {"uv": [6, 2, 7.25, 2.25], "texture": "#2"},
				"west": {"uv": [1.75, 9.25, 2, 9.5], "texture": "#2"},
				"up": {"uv": [4.25, 6.25, 3, 6], "texture": "#2"},
				"down": {"uv": [7.25, 3.5, 6, 3.75], "texture": "#2"}
			}
		},
		{
			"from": [11.5, 7, 5],
			"to": [12.5, 8, 10],
			"rotation": {"angle": 0, "axis": "y", "origin": [8, 2, 7.5]},
			"faces": {
				"north": {"uv": [9.25, 1.75, 9.5, 2], "texture": "#2"},
				"east": {"uv": [5, 6, 6.25, 6.25], "texture": "#2"},
				"south": {"uv": [2, 9.25, 2.25, 9.5], "texture": "#2"},
				"west": {"uv": [0, 6.25, 1.25, 6.5], "texture": "#2"},
				"up": {"uv": [4.5, 7.25, 4.25, 6], "texture": "#2"},
				"down": {"uv": [6.5, 0.5, 6.25, 1.75], "texture": "#2"}
			}
		},
		{
			"from": [10.5, 1, 10],
			"to": [11.5, 2, 11],
			"rotation": {"angle": 0, "axis": "y", "origin": [8, 2, 7.5]},
			"faces": {
				"north": {"uv": [9.25, 2, 9.5, 2.25], "texture": "#2"},
				"east": {"uv": [2.25, 9.25, 2.5, 9.5], "texture": "#2"},
				"south": {"uv": [9.25, 2.25, 9.5, 2.5], "texture": "#2"},
				"west": {"uv": [2.5, 9.25, 2.75, 9.5], "texture": "#2"},
				"up": {"uv": [9.5, 2.75, 9.25, 2.5], "texture": "#2"},
				"down": {"uv": [3, 9.25, 2.75, 9.5], "texture": "#2"}
			}
		},
		{
			"from": [10.5, 1, 4],
			"to": [11.5, 2, 5],
			"rotation": {"angle": 0, "axis": "y", "origin": [8, 2, 7.5]},
			"faces": {
				"north": {"uv": [9.25, 2.75, 9.5, 3], "texture": "#2"},
				"east": {"uv": [3, 9.25, 3.25, 9.5], "texture": "#2"},
				"south": {"uv": [9.25, 3, 9.5, 3.25], "texture": "#2"},
				"west": {"uv": [3.25, 9.25, 3.5, 9.5], "texture": "#2"},
				"up": {"uv": [9.5, 3.5, 9.25, 3.25], "texture": "#2"},
				"down": {"uv": [3.75, 9.25, 3.5, 9.5], "texture": "#2"}
			}
		},
		{
			"from": [4.5, 1, 4],
			"to": [5.5, 2, 5],
			"rotation": {"angle": 0, "axis": "y", "origin": [8, 2, 7.5]},
			"faces": {
				"north": {"uv": [9.25, 3.5, 9.5, 3.75], "texture": "#2"},
				"east": {"uv": [3.75, 9.25, 4, 9.5], "texture": "#2"},
				"south": {"uv": [9.25, 3.75, 9.5, 4], "texture": "#2"},
				"west": {"uv": [4, 9.25, 4.25, 9.5], "texture": "#2"},
				"up": {"uv": [9.5, 4.25, 9.25, 4], "texture": "#2"},
				"down": {"uv": [4.5, 9.25, 4.25, 9.5], "texture": "#2"}
			}
		},
		{
			"from": [4.5, 1, 10],
			"to": [5.5, 2, 11],
			"rotation": {"angle": 0, "axis": "y", "origin": [8, 2, 7.5]},
			"faces": {
				"north": {"uv": [9.25, 4.25, 9.5, 4.5], "texture": "#2"},
				"east": {"uv": [4.5, 9.25, 4.75, 9.5], "texture": "#2"},
				"south": {"uv": [9.25, 4.5, 9.5, 4.75], "texture": "#2"},
				"west": {"uv": [4.75, 9.25, 5, 9.5], "texture": "#2"},
				"up": {"uv": [9.5, 5, 9.25, 4.75], "texture": "#2"},
				"down": {"uv": [5.25, 9.25, 5, 9.5], "texture": "#2"}
			}
		},
		{
			"from": [10.5, 7, 4],
			"to": [11.5, 8, 5],
			"rotation": {"angle": 0, "axis": "y", "origin": [8, 2, 7.5]},
			"faces": {
				"north": {"uv": [9.25, 5, 9.5, 5.25], "texture": "#2"},
				"east": {"uv": [5.25, 9.25, 5.5, 9.5], "texture": "#2"},
				"south": {"uv": [9.25, 5.25, 9.5, 5.5], "texture": "#2"},
				"west": {"uv": [5.5, 9.25, 5.75, 9.5], "texture": "#2"},
				"up": {"uv": [9.5, 5.75, 9.25, 5.5], "texture": "#2"},
				"down": {"uv": [6, 9.25, 5.75, 9.5], "texture": "#2"}
			}
		},
		{
			"from": [4.5, 7, 4],
			"to": [5.5, 8, 5],
			"rotation": {"angle": 0, "axis": "y", "origin": [8, 2, 7.5]},
			"faces": {
				"north": {"uv": [9.25, 5.75, 9.5, 6], "texture": "#2"},
				"east": {"uv": [6, 9.25, 6.25, 9.5], "texture": "#2"},
				"south": {"uv": [9.25, 6, 9.5, 6.25], "texture": "#2"},
				"west": {"uv": [6.25, 9.25, 6.5, 9.5], "texture": "#2"},
				"up": {"uv": [9.5, 6.5, 9.25, 6.25], "texture": "#2"},
				"down": {"uv": [6.75, 9.25, 6.5, 9.5], "texture": "#2"}
			}
		},
		{
			"from": [4.5, 7, 10],
			"to": [5.5, 8, 11],
			"rotation": {"angle": 0, "axis": "y", "origin": [8, 2, 7.5]},
			"faces": {
				"north": {"uv": [9.25, 6.5, 9.5, 6.75], "texture": "#2"},
				"east": {"uv": [6.75, 9.25, 7, 9.5], "texture": "#2"},
				"south": {"uv": [9.25, 6.75, 9.5, 7], "texture": "#2"},
				"west": {"uv": [7, 9.25, 7.25, 9.5], "texture": "#2"},
				"up": {"uv": [9.5, 7.25, 9.25, 7], "texture": "#2"},
				"down": {"uv": [7.5, 9.25, 7.25, 9.5], "texture": "#2"}
			}
		},
		{
			"from": [10.5, 7, 10],
			"to": [11.5, 8, 11],
			"rotation": {"angle": 0, "axis": "y", "origin": [8, 2, 7.5]},
			"faces": {
				"north": {"uv": [9.25, 7.25, 9.5, 7.5], "texture": "#2"},
				"east": {"uv": [7.5, 9.25, 7.75, 9.5], "texture": "#2"},
				"south": {"uv": [9.25, 7.5, 9.5, 7.75], "texture": "#2"},
				"west": {"uv": [7.75, 9.25, 8, 9.5], "texture": "#2"},
				"up": {"uv": [9.5, 8, 9.25, 7.75], "texture": "#2"},
				"down": {"uv": [8.25, 9.25, 8, 9.5], "texture": "#2"}
			}
		}
	],
	"display": {
		"fixed": {
			"translation": [0, 1, -1.25]
		}
	}
}