{
  "parent": "minecraft:block/stone_button",
  "texture_size": [
    128,
    128
  ],
  "textures": {
    "0": "minecraft:item/crates/dolphin"
  },
  "elements": [
    {
      "from": [
        -4,
        0,
        0
      ],
      "to": [
        20,
        2,
        16
      ],
      "faces": {
        "north": {
          "uv": [
            0.625,
            7.625,
            3.625,
            7.875
          ],
          "texture": "#0"
        },
        "east": {
          "uv": [
            9,
            6.75,
            11,
            7
          ],
          "texture": "#0"
        },
        "south": {
          "uv": [
            0.625,
            7.875,
            3.625,
            8.125
          ],
          "texture": "#0"
        },
        "west": {
          "uv": [
            9,
            7,
            11,
            7.25
          ],
          "texture": "#0"
        },
        "up": {
          "uv": [
            3,
            2,
            0,
            0
          ],
          "texture": "#0"
        },
        "down": {
          "uv": [
            3,
            2,
            0,
            4
          ],
          "texture": "#0"
        }
      }
    },
    {
      "from": [
        -4,
        2,
        0
      ],
      "to": [
        20,
        4,
        2
      ],
      "rotation": {
        "angle": 0,
        "axis": "y",
        "origin": [
          8,
          10,
          8
        ]
      },
      "faces": {
        "north": {
          "uv": [
            8,
            8,
            11,
            8.25
          ],
          "texture": "#0"
        },
        "east": {
          "uv": [
            5.75,
            5.25,
            6,
            5.5
          ],
          "texture": "#0"
        },
        "south": {
          "uv": [
            8,
            7.5,
            11,
            7.75
          ],
          "texture": "#0"
        },
        "west": {
          "uv": [
            9.75,
            10.5,
            10,
            10.75
          ],
          "texture": "#0"
        },
        "up": {
          "uv": [
            11,
            8,
            8,
            7.75
          ],
          "texture": "#0"
        },
        "down": {
          "uv": [
            3.625,
            8.125,
            0.625,
            8.375
          ],
          "texture": "#0"
        }
      }
    },
    {
      "from": [
        -4,
        5.08239,
        0.61313
      ],
      "to": [
        20,
        13.08239,
        2.61313
      ],
      "rotation": {
        "angle": 0,
        "axis": "y",
        "origin": [
          8,
          13.08239,
          8.61313
        ]
      },
      "faces": {
        "north": {
          "uv": [
            2.75,
            4.5,
            5.75,
            5.5
          ],
          "texture": "#0"
        },
        "east": {
          "uv": [
            4.75,
            9.375,
            5,
            10.375
          ],
          "texture": "#0"
        },
        "south": {
          "uv": [
            0,
            5.5,
            3,
            6.5
          ],
          "texture": "#0"
        },
        "west": {
          "uv": [
            5,
            9.375,
            5.25,
            10.375
          ],
          "texture": "#0"
        },
        "up": {
          "uv": [
            6.625,
            8.375,
            3.625,
            8.125
          ],
          "texture": "#0"
        },
        "down": {
          "uv": [
            11,
            8.25,
            8,
            8.5
          ],
          "texture": "#0"
        }
      }
    },
    {
      "from": [
        -4,
        5.08239,
        13.38687
      ],
      "to": [
        20,
        13.08239,
        15.38687
      ],
      "rotation": {
        "angle": 0,
        "axis": "y",
        "origin": [
          8,
          13.08239,
          21.38687
        ]
      },
      "faces": {
        "north": {
          "uv": [
            3,
            5.5,
            6,
            6.5
          ],
          "texture": "#0"
        },
        "east": {
          "uv": [
            6.75,
            9.5,
            7,
            10.5
          ],
          "texture": "#0"
        },
        "south": {
          "uv": [
            5.75,
            0,
            8.75,
            1
          ],
          "texture": "#0"
        },
        "west": {
          "uv": [
            7,
            9.5,
            7.25,
            10.5
          ],
          "texture": "#0"
        },
        "up": {
          "uv": [
            3.625,
            8.625,
            0.625,
            8.375
          ],
          "texture": "#0"
        },
        "down": {
          "uv": [
            6.625,
            8.375,
            3.625,
            8.625
          ],
          "texture": "#0"
        }
      }
    },
    {
      "from": [
        18,
        11.08239,
        2.61313
      ],
      "to": [
        20,
        13.08239,
        13.38313
      ],
      "rotation": {
        "angle": 0,
        "axis": "y",
        "origin": [
          8,
          13.08239,
          19.38
        ]
      },
      "faces": {
        "north": {
          "uv": [
            10.5,
            1.5,
            10.75,
            1.75
          ],
          "texture": "#0"
        },
        "east": {
          "uv": [
            9,
            7.25,
            10.375,
            7.5
          ],
          "texture": "#0"
        },
        "south": {
          "uv": [
            10.5,
            6.25,
            10.75,
            6.5
          ],
          "texture": "#0"
        },
        "west": {
          "uv": [
            0.625,
            9.125,
            2,
            9.375
          ],
          "texture": "#0"
        },
        "up": {
          "uv": [
            2.25,
            10.5,
            2,
            9.125
          ],
          "texture": "#0"
        },
        "down": {
          "uv": [
            2.5,
            9.125,
            2.25,
            10.5
          ],
          "texture": "#0"
        }
      }
    },
    {
      "from": [
        -4,
        11.08239,
        2.61313
      ],
      "to": [
        -2,
        13.08239,
        13.38313
      ],
      "rotation": {
        "angle": 0,
        "axis": "y",
        "origin": [
          -14,
          13.08239,
          19.38
        ]
      },
      "faces": {
        "north": {
          "uv": [
            10.5,
            10.25,
            10.75,
            10.5
          ],
          "texture": "#0"
        },
        "east": {
          "uv": [
            2.5,
            9.125,
            3.875,
            9.375
          ],
          "texture": "#0"
        },
        "south": {
          "uv": [
            0.625,
            10.625,
            0.875,
            10.875
          ],
          "texture": "#0"
        },
        "west": {
          "uv": [
            3.875,
            9.125,
            5.25,
            9.375
          ],
          "texture": "#0"
        },
        "up": {
          "uv": [
            5.5,
            10.5,
            5.25,
            9.125
          ],
          "texture": "#0"
        },
        "down": {
          "uv": [
            5.75,
            9.125,
            5.5,
            10.5
          ],
          "texture": "#0"
        }
      }
    },
    {
      "from": [
        -4,
        0.32957,
        2.4525
      ],
      "to": [
        20,
        2.32957,
        4.4525
      ],
      "rotation": {
        "angle": 22.5,
        "axis": "x",
        "origin": [
          8,
          8.32957,
          10.4525
        ]
      },
      "faces": {
        "north": {
          "uv": [
            8,
            8.5,
            11,
            8.75
          ],
          "texture": "#0"
        },
        "east": {
          "uv": [
            0.875,
            10.625,
            1.125,
            10.875
          ],
          "texture": "#0"
        },
        "south": {
          "uv": [
            0.625,
            8.625,
            3.625,
            8.875
          ],
          "texture": "#0"
        },
        "west": {
          "uv": [
            1.125,
            10.625,
            1.375,
            10.875
          ],
          "texture": "#0"
        },
        "up": {
          "uv": [
            6.625,
            8.875,
            3.625,
            8.625
          ],
          "texture": "#0"
        },
        "down": {
          "uv": [
            11.625,
            1.75,
            8.625,
            2
          ],
          "texture": "#0"
        }
      }
    },
    {
      "from": [
        -4,
        5.68714,
        10.48181
      ],
      "to": [
        20,
        7.68714,
        12.48181
      ],
      "rotation": {
        "angle": -22.5,
        "axis": "x",
        "origin": [
          8,
          13.68714,
          18.48181
        ]
      },
      "faces": {
        "north": {
          "uv": [
            8.625,
            2,
            11.625,
            2.25
          ],
          "texture": "#0"
        },
        "east": {
          "uv": [
            2.5,
            10.625,
            2.75,
            10.875
          ],
          "texture": "#0"
        },
        "south": {
          "uv": [
            8.625,
            2.25,
            11.625,
            2.5
          ],
          "texture": "#0"
        },
        "west": {
          "uv": [
            4.75,
            10.625,
            5,
            10.875
          ],
          "texture": "#0"
        },
        "up": {
          "uv": [
            11.625,
            2.75,
            8.625,
            2.5
          ],
          "texture": "#0"
        },
        "down": {
          "uv": [
            11.625,
            2.75,
            8.625,
            3
          ],
          "texture": "#0"
        }
      }
    },
    {
      "from": [
        -4,
        2,
        14
      ],
      "to": [
        20,
        4,
        16
      ],
      "rotation": {
        "angle": 0,
        "axis": "y",
        "origin": [
          8,
          10,
          22
        ]
      },
      "faces": {
        "north": {
          "uv": [
            8.625,
            3,
            11.625,
            3.25
          ],
          "texture": "#0"
        },
        "east": {
          "uv": [
            6,
            10.625,
            6.25,
            10.875
          ],
          "texture": "#0"
        },
        "south": {
          "uv": [
            8.625,
            3.25,
            11.625,
            3.5
          ],
          "texture": "#0"
        },
        "west": {
          "uv": [
            6.25,
            10.625,
            6.5,
            10.875
          ],
          "texture": "#0"
        },
        "up": {
          "uv": [
            11.625,
            3.75,
            8.625,
            3.5
          ],
          "texture": "#0"
        },
        "down": {
          "uv": [
            9.625,
            8.75,
            6.625,
            9
          ],
          "texture": "#0"
        }
      }
    },
    {
      "from": [
        -3,
        2,
        2
      ],
      "to": [
        19,
        13.08,
        14
      ],
      "rotation": {
        "angle": 0,
        "axis": "y",
        "origin": [
          8,
          10,
          20
        ]
      },
      "faces": {
        "north": {
          "uv": [
            3,
            1.5,
            5.75,
            2.875
          ],
          "texture": "#0"
        },
        "east": {
          "uv": [
            5.75,
            1,
            7.25,
            2.375
          ],
          "texture": "#0"
        },
        "south": {
          "uv": [
            0,
            4,
            2.75,
            5.375
          ],
          "texture": "#0"
        },
        "west": {
          "uv": [
            5.75,
            2.375,
            7.25,
            3.75
          ],
          "texture": "#0"
        },
        "up": {
          "uv": [
            5.75,
            4.5,
            3,
            3
          ],
          "texture": "#0"
        },
        "down": {
          "uv": [
            5.75,
            0,
            3,
            1.5
          ],
          "texture": "#0"
        }
      }
    },
    {
      "name": "hexadecagon",
      "from": [
        -3,
        16.07359,
        3.37644
      ],
      "to": [
        -2,
        21.05728,
        14.37644
      ],
      "rotation": {
        "angle": 22.5,
        "axis": "x",
        "origin": [
          -2.5,
          16.56543,
          8.87644
        ]
      },
      "faces": {
        "north": {
          "uv": [
            7.25,
            8.125,
            7.375,
            8.75
          ],
          "texture": "#0"
        },
        "east": {
          "uv": [
            7.25,
            1.75,
            8.625,
            2.375
          ],
          "texture": "#0"
        },
        "south": {
          "uv": [
            9.625,
            10.375,
            9.75,
            11
          ],
          "texture": "#0"
        },
        "west": {
          "uv": [
            7.25,
            2.375,
            8.625,
            3
          ],
          "texture": "#0"
        },
        "up": {
          "uv": [
            0.625,
            11.125,
            0.5,
            9.75
          ],
          "texture": "#0"
        },
        "down": {
          "uv": [
            1.875,
            9.75,
            1.75,
            11.125
          ],
          "texture": "#0"
        }
      }
    },
    {
      "name": "hexadecagon",
      "from": [
        18,
        16.07359,
        3.37644
      ],
      "to": [
        19,
        21.05728,
        14.37644
      ],
      "rotation": {
        "angle": 22.5,
        "axis": "x",
        "origin": [
          18.5,
          16.56543,
          8.87644
        ]
      },
      "faces": {
        "north": {
          "uv": [
            2.375,
            10.5,
            2.5,
            11.125
          ],
          "texture": "#0"
        },
        "east": {
          "uv": [
            7.25,
            3,
            8.625,
            3.625
          ],
          "texture": "#0"
        },
        "south": {
          "uv": [
            5.875,
            10.5,
            6,
            11.125
          ],
          "texture": "#0"
        },
        "west": {
          "uv": [
            6,
            7.5,
            7.375,
            8.125
          ],
          "texture": "#0"
        },
        "up": {
          "uv": [
            2,
            11.125,
            1.875,
            9.75
          ],
          "texture": "#0"
        },
        "down": {
          "uv": [
            4.625,
            9.75,
            4.5,
            11.125
          ],
          "texture": "#0"
        }
      }
    },
    {
      "name": "hexadecagon",
      "from": [
        -3,
        20.67584,
        5.29408
      ],
      "to": [
        -2,
        21.65952,
        13.29408
      ],
      "rotation": {
        "angle": 22.5,
        "axis": "x",
        "origin": [
          -2.5,
          16.16768,
          9.79408
        ]
      },
      "faces": {
        "north": {
          "uv": [
            9.25,
            10.25,
            9.375,
            10.375
          ],
          "texture": "#0"
        },
        "east": {
          "uv": [
            9.5,
            9.375,
            10.5,
            9.5
          ],
          "texture": "#0"
        },
        "south": {
          "uv": [
            5.125,
            10.375,
            5.25,
            10.5
          ],
          "texture": "#0"
        },
        "west": {
          "uv": [
            10,
            9.5,
            11,
            9.625
          ],
          "texture": "#0"
        },
        "up": {
          "uv": [
            4.75,
            10.75,
            4.625,
            9.75
          ],
          "texture": "#0"
        },
        "down": {
          "uv": [
            8.5,
            9.875,
            8.375,
            10.875
          ],
          "texture": "#0"
        }
      }
    },
    {
      "name": "hexadecagon",
      "from": [
        18,
        20.67584,
        5.29408
      ],
      "to": [
        19,
        21.65952,
        13.29408
      ],
      "rotation": {
        "angle": 22.5,
        "axis": "x",
        "origin": [
          18.5,
          16.16768,
          9.79408
        ]
      },
      "faces": {
        "north": {
          "uv": [
            9.125,
            10.5,
            9.25,
            10.625
          ],
          "texture": "#0"
        },
        "east": {
          "uv": [
            10,
            9.625,
            11,
            9.75
          ],
          "texture": "#0"
        },
        "south": {
          "uv": [
            10.375,
            10.875,
            10.5,
            11
          ],
          "texture": "#0"
        },
        "west": {
          "uv": [
            10,
            9.75,
            11,
            9.875
          ],
          "texture": "#0"
        },
        "up": {
          "uv": [
            0.125,
            11.125,
            0,
            10.125
          ],
          "texture": "#0"
        },
        "down": {
          "uv": [
            0.25,
            10.125,
            0.125,
            11.125
          ],
          "texture": "#0"
        }
      }
    },
    {
      "name": "hexadecagon",
      "from": [
        -4,
        15.07359,
        1.37644
      ],
      "to": [
        20,
        18.05728,
        3.37644
      ],
      "rotation": {
        "angle": 22.5,
        "axis": "x",
        "origin": [
          19.5,
          16.56543,
          8.87644
        ]
      },
      "faces": {
        "north": {
          "uv": [
            5.75,
            3.75,
            8.75,
            4.125
          ],
          "texture": "#0"
        },
        "east": {
          "uv": [
            2.75,
            4,
            3,
            4.375
          ],
          "texture": "#0"
        },
        "south": {
          "uv": [
            5.75,
            4.125,
            8.75,
            4.5
          ],
          "texture": "#0"
        },
        "west": {
          "uv": [
            7.75,
            10.125,
            8,
            10.5
          ],
          "texture": "#0"
        },
        "up": {
          "uv": [
            11.75,
            0.25,
            8.75,
            0
          ],
          "texture": "#0"
        },
        "down": {
          "uv": [
            11.75,
            0.25,
            8.75,
            0.5
          ],
          "texture": "#0"
        }
      }
    },
    {
      "name": "hexadecagon",
      "from": [
        18,
        15.07359,
        3.37644
      ],
      "to": [
        20,
        16.05728,
        14.37644
      ],
      "rotation": {
        "angle": 22.5,
        "axis": "x",
        "origin": [
          19.5,
          16.56543,
          8.87644
        ]
      },
      "faces": {
        "north": {
          "uv": [
            2.75,
            4.375,
            3,
            4.5
          ],
          "texture": "#0"
        },
        "east": {
          "uv": [
            3,
            2.875,
            4.375,
            3
          ],
          "texture": "#0"
        },
        "south": {
          "uv": [
            7.625,
            10.75,
            7.875,
            10.875
          ],
          "texture": "#0"
        },
        "west": {
          "uv": [
            4.375,
            2.875,
            5.75,
            3
          ],
          "texture": "#0"
        },
        "up": {
          "uv": [
            6,
            10.5,
            5.75,
            9.125
          ],
          "texture": "#0"
        },
        "down": {
          "uv": [
            6.25,
            9.25,
            6,
            10.625
          ],
          "texture": "#0"
        }
      }
    },
    {
      "name": "hexadecagon",
      "from": [
        -4,
        15.07359,
        3.37644
      ],
      "to": [
        -2,
        16.05728,
        14.37644
      ],
      "rotation": {
        "angle": 22.5,
        "axis": "x",
        "origin": [
          -2.5,
          16.56543,
          8.87644
        ]
      },
      "faces": {
        "north": {
          "uv": [
            9.75,
            10.75,
            10,
            10.875
          ],
          "texture": "#0"
        },
        "east": {
          "uv": [
            0,
            5.375,
            1.375,
            5.5
          ],
          "texture": "#0"
        },
        "south": {
          "uv": [
            10.75,
            1.5,
            11,
            1.625
          ],
          "texture": "#0"
        },
        "west": {
          "uv": [
            1.375,
            5.375,
            2.75,
            5.5
          ],
          "texture": "#0"
        },
        "up": {
          "uv": [
            6.5,
            10.625,
            6.25,
            9.25
          ],
          "texture": "#0"
        },
        "down": {
          "uv": [
            6.75,
            9.25,
            6.5,
            10.625
          ],
          "texture": "#0"
        }
      }
    },
    {
      "name": "hexadecagon",
      "from": [
        -4,
        22.06543,
        7.3846
      ],
      "to": [
        20,
        24.06543,
        10.36828
      ],
      "rotation": {
        "angle": -45,
        "axis": "x",
        "origin": [
          19.5,
          16.56543,
          8.87644
        ]
      },
      "faces": {
        "north": {
          "uv": [
            8.75,
            0.5,
            11.75,
            0.75
          ],
          "texture": "#0"
        },
        "east": {
          "uv": [
            8,
            10.125,
            8.375,
            10.375
          ],
          "texture": "#0"
        },
        "south": {
          "uv": [
            8.75,
            0.75,
            11.75,
            1
          ],
          "texture": "#0"
        },
        "west": {
          "uv": [
            9.375,
            10.125,
            9.75,
            10.375
          ],
          "texture": "#0"
        },
        "up": {
          "uv": [
            8.75,
            4.875,
            5.75,
            4.5
          ],
          "texture": "#0"
        },
        "down": {
          "uv": [
            8.75,
            4.875,
            5.75,
            5.25
          ],
          "texture": "#0"
        }
      }
    },
    {
      "name": "hexadecagon",
      "from": [
        -4,
        22.06543,
        7.3846
      ],
      "to": [
        20,
        24.06543,
        10.36828
      ],
      "rotation": {
        "angle": -22.5,
        "axis": "x",
        "origin": [
          19.5,
          16.56543,
          8.87644
        ]
      },
      "faces": {
        "north": {
          "uv": [
            8.75,
            3.75,
            11.75,
            4
          ],
          "texture": "#0"
        },
        "east": {
          "uv": [
            8.5,
            10.25,
            8.875,
            10.5
          ],
          "texture": "#0"
        },
        "south": {
          "uv": [
            8.75,
            4,
            11.75,
            4.25
          ],
          "texture": "#0"
        },
        "west": {
          "uv": [
            8.875,
            10.25,
            9.25,
            10.5
          ],
          "texture": "#0"
        },
        "up": {
          "uv": [
            9,
            6.375,
            6,
            6
          ],
          "texture": "#0"
        },
        "down": {
          "uv": [
            9,
            5.25,
            6,
            5.625
          ],
          "texture": "#0"
        }
      }
    },
    {
      "name": "hexadecagon",
      "from": [
        -4,
        15.07359,
        14.37644
      ],
      "to": [
        20,
        18.05728,
        16.37644
      ],
      "rotation": {
        "angle": -22.5,
        "axis": "x",
        "origin": [
          19.5,
          16.56543,
          8.87644
        ]
      },
      "faces": {
        "north": {
          "uv": [
            6,
            5.625,
            9,
            6
          ],
          "texture": "#0"
        },
        "east": {
          "uv": [
            9.75,
            10.125,
            10,
            10.5
          ],
          "texture": "#0"
        },
        "south": {
          "uv": [
            6,
            6.375,
            9,
            6.75
          ],
          "texture": "#0"
        },
        "west": {
          "uv": [
            10,
            10.25,
            10.25,
            10.625
          ],
          "texture": "#0"
        },
        "up": {
          "uv": [
            11.75,
            4.5,
            8.75,
            4.25
          ],
          "texture": "#0"
        },
        "down": {
          "uv": [
            11.75,
            4.5,
            8.75,
            4.75
          ],
          "texture": "#0"
        }
      }
    },
    {
      "name": "hexadecagon",
      "from": [
        -4,
        15.07359,
        14.37644
      ],
      "to": [
        20,
        18.05728,
        16.37644
      ],
      "rotation": {
        "angle": 0,
        "axis": "x",
        "origin": [
          19.5,
          16.56543,
          8.87644
        ]
      },
      "faces": {
        "north": {
          "uv": [
            0,
            6.5,
            3,
            6.875
          ],
          "texture": "#0"
        },
        "east": {
          "uv": [
            10.25,
            10.25,
            10.5,
            10.625
          ],
          "texture": "#0"
        },
        "south": {
          "uv": [
            3,
            6.5,
            6,
            6.875
          ],
          "texture": "#0"
        },
        "west": {
          "uv": [
            10.25,
            1,
            10.5,
            1.375
          ],
          "texture": "#0"
        },
        "up": {
          "uv": [
            11.75,
            5,
            8.75,
            4.75
          ],
          "texture": "#0"
        },
        "down": {
          "uv": [
            11.75,
            5,
            8.75,
            5.25
          ],
          "texture": "#0"
        }
      }
    },
    {
      "name": "hexadecagon",
      "from": [
        -4,
        15.07359,
        14.37644
      ],
      "to": [
        20,
        18.05728,
        16.37644
      ],
      "rotation": {
        "angle": 22.5,
        "axis": "x",
        "origin": [
          19.5,
          16.56543,
          8.87644
        ]
      },
      "faces": {
        "north": {
          "uv": [
            6,
            6.75,
            9,
            7.125
          ],
          "texture": "#0"
        },
        "east": {
          "uv": [
            10.25,
            1.375,
            10.5,
            1.75
          ],
          "texture": "#0"
        },
        "south": {
          "uv": [
            0,
            6.875,
            3,
            7.25
          ],
          "texture": "#0"
        },
        "west": {
          "uv": [
            10.25,
            6.25,
            10.5,
            6.625
          ],
          "texture": "#0"
        },
        "up": {
          "uv": [
            3,
            9.125,
            0,
            8.875
          ],
          "texture": "#0"
        },
        "down": {
          "uv": [
            6,
            8.875,
            3,
            9.125
          ],
          "texture": "#0"
        }
      }
    },
    {
      "name": "hexadecagon",
      "from": [
        -4,
        22.06543,
        7.3846
      ],
      "to": [
        20,
        24.06543,
        10.36828
      ],
      "rotation": {
        "angle": 0,
        "axis": "x",
        "origin": [
          19.5,
          16.56543,
          8.87644
        ]
      },
      "faces": {
        "north": {
          "uv": [
            6,
            9,
            9,
            9.25
          ],
          "texture": "#0"
        },
        "east": {
          "uv": [
            10.25,
            8.75,
            10.625,
            9
          ],
          "texture": "#0"
        },
        "south": {
          "uv": [
            9,
            9,
            12,
            9.25
          ],
          "texture": "#0"
        },
        "west": {
          "uv": [
            0.625,
            10.375,
            1,
            10.625
          ],
          "texture": "#0"
        },
        "up": {
          "uv": [
            6,
            7.25,
            3,
            6.875
          ],
          "texture": "#0"
        },
        "down": {
          "uv": [
            9,
            7.125,
            6,
            7.5
          ],
          "texture": "#0"
        }
      }
    },
    {
      "name": "hexadecagon",
      "from": [
        -4,
        22.06543,
        7.3846
      ],
      "to": [
        20,
        24.06543,
        10.36828
      ],
      "rotation": {
        "angle": 22.5,
        "axis": "x",
        "origin": [
          19.5,
          16.56543,
          8.87644
        ]
      },
      "faces": {
        "north": {
          "uv": [
            9,
            5.25,
            12,
            5.5
          ],
          "texture": "#0"
        },
        "east": {
          "uv": [
            1,
            10.375,
            1.375,
            10.625
          ],
          "texture": "#0"
        },
        "south": {
          "uv": [
            9,
            5.5,
            12,
            5.75
          ],
          "texture": "#0"
        },
        "west": {
          "uv": [
            2.5,
            10.375,
            2.875,
            10.625
          ],
          "texture": "#0"
        },
        "up": {
          "uv": [
            3,
            7.625,
            0,
            7.25
          ],
          "texture": "#0"
        },
        "down": {
          "uv": [
            6,
            7.25,
            3,
            7.625
          ],
          "texture": "#0"
        }
      }
    },
    {
      "name": "hexadecagon",
      "from": [
        -4,
        15.07359,
        14.37644
      ],
      "to": [
        20,
        18.05728,
        16.37644
      ],
      "rotation": {
        "angle": -45,
        "axis": "x",
        "origin": [
          19.5,
          16.56543,
          8.87644
        ]
      },
      "faces": {
        "north": {
          "uv": [
            7.25,
            1,
            10.25,
            1.375
          ],
          "texture": "#0"
        },
        "east": {
          "uv": [
            1.375,
            10.375,
            1.625,
            10.75
          ],
          "texture": "#0"
        },
        "south": {
          "uv": [
            7.25,
            1.375,
            10.25,
            1.75
          ],
          "texture": "#0"
        },
        "west": {
          "uv": [
            2.875,
            10.375,
            3.125,
            10.75
          ],
          "texture": "#0"
        },
        "up": {
          "uv": [
            12,
            6,
            9,
            5.75
          ],
          "texture": "#0"
        },
        "down": {
          "uv": [
            12,
            6,
            9,
            6.25
          ],
          "texture": "#0"
        }
      }
    },
    {
      "name": "hexadecagon",
      "from": [
        5,
        18.77359,
        1.82644
      ],
      "to": [
        11,
        22.05728,
        3.82644
      ],
      "rotation": {
        "angle": 0,
        "axis": "x",
        "origin": [
          19.5,
          20.56543,
          9.32644
        ]
      },
      "faces": {
        "north": {
          "uv": [
            1.25,
            9.375,
            2,
            9.75
          ],
          "texture": "#0"
        },
        "east": {
          "uv": [
            3.125,
            10.375,
            3.375,
            10.75
          ],
          "texture": "#0"
        },
        "south": {
          "uv": [
            2.5,
            9.375,
            3.25,
            9.75
          ],
          "texture": "#0"
        },
        "west": {
          "uv": [
            3.375,
            10.375,
            3.625,
            10.75
          ],
          "texture": "#0"
        },
        "up": {
          "uv": [
            9.25,
            9.75,
            8.5,
            9.5
          ],
          "texture": "#0"
        },
        "down": {
          "uv": [
            10,
            9.5,
            9.25,
            9.75
          ],
          "texture": "#0"
        }
      }
    },
    {
      "name": "hexadecagon",
      "from": [
        5,
        10.095,
        0.17644
      ],
      "to": [
        11,
        13.07869,
        0.67644
      ],
      "rotation": {
        "angle": 0,
        "axis": "x",
        "origin": [
          19.5,
          11.56543,
          7.82644
        ]
      },
      "faces": {
        "north": {
          "uv": [
            3.25,
            9.375,
            4,
            9.75
          ],
          "texture": "#0"
        },
        "east": {
          "uv": [
            1.375,
            10.75,
            1.5,
            11.125
          ],
          "texture": "#0"
        },
        "south": {
          "uv": [
            4,
            9.375,
            4.75,
            9.75
          ],
          "texture": "#0"
        },
        "west": {
          "uv": [
            1.5,
            10.75,
            1.625,
            11.125
          ],
          "texture": "#0"
        },
        "up": {
          "uv": [
            11,
            6.75,
            10.25,
            6.625
          ],
          "texture": "#0"
        },
        "down": {
          "uv": [
            4.375,
            10.375,
            3.625,
            10.5
          ],
          "texture": "#0"
        }
      }
    },
    {
      "name": "hexadecagon",
      "from": [
        6,
        11.095,
        -0.32356
      ],
      "to": [
        10,
        14.57869,
        0.67644
      ],
      "rotation": {
        "angle": 0,
        "axis": "x",
        "origin": [
          19.5,
          11.56543,
          7.82644
        ]
      },
      "faces": {
        "north": {
          "uv": [
            5.5,
            7.625,
            6,
            8
          ],
          "texture": "#0"
        },
        "east": {
          "uv": [
            2,
            10.75,
            2.125,
            11.125
          ],
          "texture": "#0"
        },
        "south": {
          "uv": [
            0,
            9.75,
            0.5,
            10.125
          ],
          "texture": "#0"
        },
        "west": {
          "uv": [
            2.125,
            10.75,
            2.25,
            11.125
          ],
          "texture": "#0"
        },
        "up": {
          "uv": [
            6,
            8.125,
            5.5,
            8
          ],
          "texture": "#0"
        },
        "down": {
          "uv": [
            11,
            6.5,
            10.5,
            6.625
          ],
          "texture": "#0"
        }
      }
    },
    {
      "name": "hexadecagon",
      "from": [
        3.0369,
        27.20208,
        1.82644
      ],
      "to": [
        5.0369,
        28.28576,
        3.82644
      ],
      "rotation": {
        "angle": 45,
        "axis": "z",
        "origin": [
          11.5369,
          27.5412,
          9.32644
        ]
      },
      "faces": {
        "north": {
          "uv": [
            10.75,
            1.625,
            11,
            1.75
          ],
          "texture": "#0"
        },
        "east": {
          "uv": [
            10.75,
            6.25,
            11,
            6.375
          ],
          "texture": "#0"
        },
        "south": {
          "uv": [
            10.75,
            6.375,
            11,
            6.5
          ],
          "texture": "#0"
        },
        "west": {
          "uv": [
            10.75,
            7.25,
            11,
            7.375
          ],
          "texture": "#0"
        },
        "up": {
          "uv": [
            6.75,
            10.875,
            6.5,
            10.625
          ],
          "texture": "#0"
        },
        "down": {
          "uv": [
            8.25,
            10.625,
            8,
            10.875
          ],
          "texture": "#0"
        }
      }
    },
    {
      "name": "hexadecagon",
      "from": [
        10.9631,
        27.20208,
        1.82644
      ],
      "to": [
        12.9631,
        28.28576,
        3.82644
      ],
      "rotation": {
        "angle": -45,
        "axis": "z",
        "origin": [
          4.4631,
          27.5412,
          9.32644
        ]
      },
      "faces": {
        "north": {
          "uv": [
            10.75,
            7.375,
            11,
            7.5
          ],
          "texture": "#0"
        },
        "east": {
          "uv": [
            10.75,
            10.25,
            11,
            10.375
          ],
          "texture": "#0"
        },
        "south": {
          "uv": [
            10.75,
            10.375,
            11,
            10.5
          ],
          "texture": "#0"
        },
        "west": {
          "uv": [
            0.625,
            10.875,
            0.875,
            11
          ],
          "texture": "#0"
        },
        "up": {
          "uv": [
            9.375,
            10.875,
            9.125,
            10.625
          ],
          "texture": "#0"
        },
        "down": {
          "uv": [
            9.625,
            10.625,
            9.375,
            10.875
          ],
          "texture": "#0"
        }
      }
    },
    {
      "name": "hexadecagon",
      "from": [
        6.41421,
        22.058,
        1.82644
      ],
      "to": [
        9.58521,
        23.468,
        3.82644
      ],
      "rotation": {
        "angle": 0,
        "axis": "x",
        "origin": [
          -0.08579,
          22.72692,
          9.32644
        ]
      },
      "faces": {
        "north": {
          "uv": [
            10.5,
            9.375,
            10.875,
            9.5
          ],
          "texture": "#0"
        },
        "east": {
          "uv": [
            0.875,
            10.875,
            1.125,
            11
          ],
          "texture": "#0"
        },
        "south": {
          "uv": [
            10.625,
            10,
            11,
            10.125
          ],
          "texture": "#0"
        },
        "west": {
          "uv": [
            1.125,
            10.875,
            1.375,
            11
          ],
          "texture": "#0"
        },
        "up": {
          "uv": [
            5.125,
            10.625,
            4.75,
            10.375
          ],
          "texture": "#0"
        },
        "down": {
          "uv": [
            8.375,
            10.375,
            8,
            10.625
          ],
          "texture": "#0"
        }
      }
    },
    {
      "name": "hexadecagon",
      "from": [
        -2,
        14.32359,
        14.47644
      ],
      "to": [
        2,
        16.30728,
        17.37644
      ],
      "rotation": {
        "angle": 22.5,
        "axis": "x",
        "origin": [
          19.5,
          16.81543,
          8.87644
        ]
      },
      "faces": {
        "north": {
          "uv": [
            0.625,
            10.125,
            1.125,
            10.375
          ],
          "texture": "#0"
        },
        "east": {
          "uv": [
            9.25,
            10.375,
            9.625,
            10.625
          ],
          "texture": "#0"
        },
        "south": {
          "uv": [
            1.125,
            10.125,
            1.625,
            10.375
          ],
          "texture": "#0"
        },
        "west": {
          "uv": [
            10.375,
            7.25,
            10.75,
            7.5
          ],
          "texture": "#0"
        },
        "up": {
          "uv": [
            1.75,
            10.125,
            1.25,
            9.75
          ],
          "texture": "#0"
        },
        "down": {
          "uv": [
            3,
            9.75,
            2.5,
            10.125
          ],
          "texture": "#0"
        }
      }
    },
    {
      "name": "hexadecagon",
      "from": [
        14,
        14.32359,
        14.57644
      ],
      "to": [
        18,
        16.30728,
        17.37644
      ],
      "rotation": {
        "angle": 22.5,
        "axis": "x",
        "origin": [
          35.5,
          16.81543,
          8.87644
        ]
      },
      "faces": {
        "north": {
          "uv": [
            2.5,
            10.125,
            3,
            10.375
          ],
          "texture": "#0"
        },
        "east": {
          "uv": [
            2,
            10.5,
            2.375,
            10.75
          ],
          "texture": "#0"
        },
        "south": {
          "uv": [
            3,
            10.125,
            3.5,
            10.375
          ],
          "texture": "#0"
        },
        "west": {
          "uv": [
            3.625,
            10.5,
            4,
            10.75
          ],
          "texture": "#0"
        },
        "up": {
          "uv": [
            3.5,
            10.125,
            3,
            9.75
          ],
          "texture": "#0"
        },
        "down": {
          "uv": [
            4,
            9.75,
            3.5,
            10.125
          ],
          "texture": "#0"
        }
      }
    },
    {
      "from": [
        19,
        12,
        6.75
      ],
      "to": [
        20,
        15,
        10.75
      ],
      "rotation": {
        "angle": 22.5,
        "axis": "x",
        "origin": [
          8,
          14,
          20.75
        ]
      },
      "faces": {
        "north": {
          "uv": [
            2.25,
            10.75,
            2.375,
            11.125
          ],
          "texture": "#0"
        },
        "east": {
          "uv": [
            4,
            9.75,
            4.5,
            10.125
          ],
          "texture": "#0"
        },
        "south": {
          "uv": [
            2.875,
            10.75,
            3,
            11.125
          ],
          "texture": "#0"
        },
        "west": {
          "uv": [
            8.5,
            9.75,
            9,
            10.125
          ],
          "texture": "#0"
        },
        "up": {
          "uv": [
            2.875,
            11.125,
            2.75,
            10.625
          ],
          "texture": "#0"
        },
        "down": {
          "uv": [
            5.125,
            10.625,
            5,
            11.125
          ],
          "texture": "#0"
        }
      }
    },
    {
      "from": [
        20,
        12.5,
        7.25
      ],
      "to": [
        21,
        14.5,
        10.25
      ],
      "rotation": {
        "angle": 22.5,
        "axis": "x",
        "origin": [
          8,
          14,
          20.75
        ]
      },
      "faces": {
        "north": {
          "uv": [
            2.5,
            10.875,
            2.625,
            11.125
          ],
          "texture": "#0"
        },
        "east": {
          "uv": [
            4,
            10.5,
            4.375,
            10.75
          ],
          "texture": "#0"
        },
        "south": {
          "uv": [
            2.625,
            10.875,
            2.75,
            11.125
          ],
          "texture": "#0"
        },
        "west": {
          "uv": [
            5.125,
            10.5,
            5.5,
            10.75
          ],
          "texture": "#0"
        },
        "up": {
          "uv": [
            3.125,
            11.125,
            3,
            10.75
          ],
          "texture": "#0"
        },
        "down": {
          "uv": [
            3.25,
            10.75,
            3.125,
            11.125
          ],
          "texture": "#0"
        }
      }
    },
    {
      "from": [
        20.25,
        13,
        5.25
      ],
      "to": [
        20.75,
        14,
        12.25
      ],
      "rotation": {
        "angle": 22.5,
        "axis": "x",
        "origin": [
          8,
          14,
          20.75
        ]
      },
      "faces": {
        "north": {
          "uv": [
            10.5,
            10.875,
            10.625,
            11
          ],
          "texture": "#0"
        },
        "east": {
          "uv": [
            10,
            9.875,
            10.875,
            10
          ],
          "texture": "#0"
        },
        "south": {
          "uv": [
            10.625,
            10.875,
            10.75,
            11
          ],
          "texture": "#0"
        },
        "west": {
          "uv": [
            3.5,
            10.125,
            4.375,
            10.25
          ],
          "texture": "#0"
        },
        "up": {
          "uv": [
            0.375,
            11,
            0.25,
            10.125
          ],
          "texture": "#0"
        },
        "down": {
          "uv": [
            0.5,
            10.125,
            0.375,
            11
          ],
          "texture": "#0"
        }
      }
    },
    {
      "from": [
        20.25,
        11,
        11.25
      ],
      "to": [
        20.75,
        13,
        12.25
      ],
      "rotation": {
        "angle": 22.5,
        "axis": "x",
        "origin": [
          8,
          14,
          20.75
        ]
      },
      "faces": {
        "north": {
          "uv": [
            3.75,
            10.875,
            3.875,
            11.125
          ],
          "texture": "#0"
        },
        "east": {
          "uv": [
            3.875,
            10.875,
            4,
            11.125
          ],
          "texture": "#0"
        },
        "south": {
          "uv": [
            4,
            10.875,
            4.125,
            11.125
          ],
          "texture": "#0"
        },
        "west": {
          "uv": [
            4.75,
            10.875,
            4.875,
            11.125
          ],
          "texture": "#0"
        },
        "up": {
          "uv": [
            10.875,
            11,
            10.75,
            10.875
          ],
          "texture": "#0"
        },
        "down": {
          "uv": [
            11,
            10.875,
            10.875,
            11
          ],
          "texture": "#0"
        }
      }
    },
    {
      "from": [
        20.25,
        11,
        5.25
      ],
      "to": [
        20.75,
        13,
        6.25
      ],
      "rotation": {
        "angle": 22.5,
        "axis": "x",
        "origin": [
          8,
          14,
          20.75
        ]
      },
      "faces": {
        "north": {
          "uv": [
            4.875,
            10.875,
            5,
            11.125
          ],
          "texture": "#0"
        },
        "east": {
          "uv": [
            5.125,
            10.875,
            5.25,
            11.125
          ],
          "texture": "#0"
        },
        "south": {
          "uv": [
            5.25,
            10.875,
            5.375,
            11.125
          ],
          "texture": "#0"
        },
        "west": {
          "uv": [
            5.375,
            10.875,
            5.5,
            11.125
          ],
          "texture": "#0"
        },
        "up": {
          "uv": [
            11,
            8.875,
            10.875,
            8.75
          ],
          "texture": "#0"
        },
        "down": {
          "uv": [
            11,
            8.875,
            10.875,
            9
          ],
          "texture": "#0"
        }
      }
    },
    {
      "from": [
        -4,
        12,
        6.75
      ],
      "to": [
        -3,
        15,
        10.75
      ],
      "rotation": {
        "angle": 22.5,
        "axis": "x",
        "origin": [
          8,
          14,
          20.75
        ]
      },
      "faces": {
        "north": {
          "uv": [
            3.25,
            10.75,
            3.375,
            11.125
          ],
          "texture": "#0"
        },
        "east": {
          "uv": [
            9,
            9.75,
            9.5,
            10.125
          ],
          "texture": "#0"
        },
        "south": {
          "uv": [
            3.375,
            10.75,
            3.5,
            11.125
          ],
          "texture": "#0"
        },
        "west": {
          "uv": [
            9.5,
            9.75,
            10,
            10.125
          ],
          "texture": "#0"
        },
        "up": {
          "uv": [
            8.375,
            11.125,
            8.25,
            10.625
          ],
          "texture": "#0"
        },
        "down": {
          "uv": [
            10.125,
            10.625,
            10,
            11.125
          ],
          "texture": "#0"
        }
      }
    },
    {
      "from": [
        -5,
        12.5,
        7.25
      ],
      "to": [
        -4,
        14.5,
        10.25
      ],
      "rotation": {
        "angle": 22.5,
        "axis": "x",
        "origin": [
          8,
          14,
          20.75
        ]
      },
      "faces": {
        "north": {
          "uv": [
            5.5,
            10.875,
            5.625,
            11.125
          ],
          "texture": "#0"
        },
        "east": {
          "uv": [
            5.5,
            10.5,
            5.875,
            10.75
          ],
          "texture": "#0"
        },
        "south": {
          "uv": [
            5.625,
            10.875,
            5.75,
            11.125
          ],
          "texture": "#0"
        },
        "west": {
          "uv": [
            6.75,
            10.5,
            7.125,
            10.75
          ],
          "texture": "#0"
        },
        "up": {
          "uv": [
            3.625,
            11.125,
            3.5,
            10.75
          ],
          "texture": "#0"
        },
        "down": {
          "uv": [
            3.75,
            10.75,
            3.625,
            11.125
          ],
          "texture": "#0"
        }
      }
    },
    {
      "from": [
        -4.75,
        13,
        5.25
      ],
      "to": [
        -4.25,
        14,
        12.25
      ],
      "rotation": {
        "angle": 22.5,
        "axis": "x",
        "origin": [
          8,
          14,
          20.75
        ]
      },
      "faces": {
        "north": {
          "uv": [
            10.875,
            9.25,
            11,
            9.375
          ],
          "texture": "#0"
        },
        "east": {
          "uv": [
            8.5,
            10.125,
            9.375,
            10.25
          ],
          "texture": "#0"
        },
        "south": {
          "uv": [
            10.875,
            9.375,
            11,
            9.5
          ],
          "texture": "#0"
        },
        "west": {
          "uv": [
            3.5,
            10.25,
            4.375,
            10.375
          ],
          "texture": "#0"
        },
        "up": {
          "uv": [
            1.75,
            11,
            1.625,
            10.125
          ],
          "texture": "#0"
        },
        "down": {
          "uv": [
            4.5,
            10.125,
            4.375,
            11
          ],
          "texture": "#0"
        }
      }
    },
    {
      "from": [
        -4.75,
        11,
        11.25
      ],
      "to": [
        -4.25,
        13,
        12.25
      ],
      "rotation": {
        "angle": 22.5,
        "axis": "x",
        "origin": [
          8,
          14,
          20.75
        ]
      },
      "faces": {
        "north": {
          "uv": [
            5.75,
            10.875,
            5.875,
            11.125
          ],
          "texture": "#0"
        },
        "east": {
          "uv": [
            6,
            10.875,
            6.125,
            11.125
          ],
          "texture": "#0"
        },
        "south": {
          "uv": [
            6.125,
            10.875,
            6.25,
            11.125
          ],
          "texture": "#0"
        },
        "west": {
          "uv": [
            6.25,
            10.875,
            6.375,
            11.125
          ],
          "texture": "#0"
        },
        "up": {
          "uv": [
            11,
            10,
            10.875,
            9.875
          ],
          "texture": "#0"
        },
        "down": {
          "uv": [
            11,
            10.625,
            10.875,
            10.75
          ],
          "texture": "#0"
        }
      }
    },
    {
      "from": [
        -4.75,
        10,
        6.25
      ],
      "to": [
        -4.25,
        12,
        7.25
      ],
      "rotation": {
        "angle": 22.5,
        "axis": "x",
        "origin": [
          8,
          14,
          20.75
        ]
      },
      "faces": {
        "north": {
          "uv": [
            6.375,
            10.875,
            6.5,
            11.125
          ],
          "texture": "#0"
        },
        "east": {
          "uv": [
            6.5,
            10.875,
            6.625,
            11.125
          ],
          "texture": "#0"
        },
        "south": {
          "uv": [
            6.625,
            10.875,
            6.75,
            11.125
          ],
          "texture": "#0"
        },
        "west": {
          "uv": [
            6.875,
            10.875,
            7,
            11.125
          ],
          "texture": "#0"
        },
        "up": {
          "uv": [
            11,
            10.875,
            10.875,
            10.75
          ],
          "texture": "#0"
        },
        "down": {
          "uv": [
            0.375,
            11,
            0.25,
            11.125
          ],
          "texture": "#0"
        }
      }
    },
    {
      "from": [
        20.25,
        10,
        6.25
      ],
      "to": [
        20.75,
        12,
        7.25
      ],
      "rotation": {
        "angle": 22.5,
        "axis": "x",
        "origin": [
          8,
          14,
          20.75
        ]
      },
      "faces": {
        "north": {
          "uv": [
            7,
            10.875,
            7.125,
            11.125
          ],
          "texture": "#0"
        },
        "east": {
          "uv": [
            7.125,
            10.875,
            7.25,
            11.125
          ],
          "texture": "#0"
        },
        "south": {
          "uv": [
            7.25,
            10.875,
            7.375,
            11.125
          ],
          "texture": "#0"
        },
        "west": {
          "uv": [
            7.375,
            10.875,
            7.5,
            11.125
          ],
          "texture": "#0"
        },
        "up": {
          "uv": [
            0.5,
            11.125,
            0.375,
            11
          ],
          "texture": "#0"
        },
        "down": {
          "uv": [
            0.75,
            11,
            0.625,
            11.125
          ],
          "texture": "#0"
        }
      }
    },
    {
      "from": [
        -4.75,
        10,
        7.25
      ],
      "to": [
        -4.25,
        11,
        10.25
      ],
      "rotation": {
        "angle": 22.5,
        "axis": "x",
        "origin": [
          8,
          14,
          20.75
        ]
      },
      "faces": {
        "north": {
          "uv": [
            0.75,
            11,
            0.875,
            11.125
          ],
          "texture": "#0"
        },
        "east": {
          "uv": [
            10.625,
            10.125,
            11,
            10.25
          ],
          "texture": "#0"
        },
        "south": {
          "uv": [
            0.875,
            11,
            1,
            11.125
          ],
          "texture": "#0"
        },
        "west": {
          "uv": [
            3.75,
            10.75,
            4.125,
            10.875
          ],
          "texture": "#0"
        },
        "up": {
          "uv": [
            4.25,
            11.125,
            4.125,
            10.75
          ],
          "texture": "#0"
        },
        "down": {
          "uv": [
            4.375,
            10.75,
            4.25,
            11.125
          ],
          "texture": "#0"
        }
      }
    },
    {
      "from": [
        20.25,
        10,
        7.25
      ],
      "to": [
        20.75,
        11,
        10.25
      ],
      "rotation": {
        "angle": 22.5,
        "axis": "x",
        "origin": [
          8,
          14,
          20.75
        ]
      },
      "faces": {
        "north": {
          "uv": [
            1,
            11,
            1.125,
            11.125
          ],
          "texture": "#0"
        },
        "east": {
          "uv": [
            5.125,
            10.75,
            5.5,
            10.875
          ],
          "texture": "#0"
        },
        "south": {
          "uv": [
            1.125,
            11,
            1.25,
            11.125
          ],
          "texture": "#0"
        },
        "west": {
          "uv": [
            5.5,
            10.75,
            5.875,
            10.875
          ],
          "texture": "#0"
        },
        "up": {
          "uv": [
            4.75,
            11.125,
            4.625,
            10.75
          ],
          "texture": "#0"
        },
        "down": {
          "uv": [
            6.875,
            10.75,
            6.75,
            11.125
          ],
          "texture": "#0"
        }
      }
    },
    {
      "from": [
        -4.75,
        10,
        10.25
      ],
      "to": [
        -4.25,
        12,
        11.25
      ],
      "rotation": {
        "angle": 22.5,
        "axis": "x",
        "origin": [
          8,
          14,
          20.75
        ]
      },
      "faces": {
        "north": {
          "uv": [
            7.5,
            10.875,
            7.625,
            11.125
          ],
          "texture": "#0"
        },
        "east": {
          "uv": [
            7.625,
            10.875,
            7.75,
            11.125
          ],
          "texture": "#0"
        },
        "south": {
          "uv": [
            7.75,
            10.875,
            7.875,
            11.125
          ],
          "texture": "#0"
        },
        "west": {
          "uv": [
            8,
            10.875,
            8.125,
            11.125
          ],
          "texture": "#0"
        },
        "up": {
          "uv": [
            1.375,
            11.125,
            1.25,
            11
          ],
          "texture": "#0"
        },
        "down": {
          "uv": [
            1.75,
            11,
            1.625,
            11.125
          ],
          "texture": "#0"
        }
      }
    },
    {
      "from": [
        20.25,
        10,
        10.25
      ],
      "to": [
        20.75,
        12,
        11.25
      ],
      "rotation": {
        "angle": 22.5,
        "axis": "x",
        "origin": [
          8,
          14,
          20.75
        ]
      },
      "faces": {
        "north": {
          "uv": [
            8.125,
            10.875,
            8.25,
            11.125
          ],
          "texture": "#0"
        },
        "east": {
          "uv": [
            8.375,
            10.875,
            8.5,
            11.125
          ],
          "texture": "#0"
        },
        "south": {
          "uv": [
            8.5,
            10.875,
            8.625,
            11.125
          ],
          "texture": "#0"
        },
        "west": {
          "uv": [
            8.625,
            10.875,
            8.75,
            11.125
          ],
          "texture": "#0"
        },
        "up": {
          "uv": [
            4.5,
            11.125,
            4.375,
            11
          ],
          "texture": "#0"
        },
        "down": {
          "uv": [
            9.75,
            11,
            9.625,
            11.125
          ],
          "texture": "#0"
        }
      }
    },
    {
      "from": [
        -4.75,
        11,
        5.25
      ],
      "to": [
        -4.25,
        13,
        6.25
      ],
      "rotation": {
        "angle": 22.5,
        "axis": "x",
        "origin": [
          8,
          14,
          20.75
        ]
      },
      "faces": {
        "north": {
          "uv": [
            8.75,
            10.875,
            8.875,
            11.125
          ],
          "texture": "#0"
        },
        "east": {
          "uv": [
            8.875,
            10.875,
            9,
            11.125
          ],
          "texture": "#0"
        },
        "south": {
          "uv": [
            9.125,
            10.875,
            9.25,
            11.125
          ],
          "texture": "#0"
        },
        "west": {
          "uv": [
            9.25,
            10.875,
            9.375,
            11.125
          ],
          "texture": "#0"
        },
        "up": {
          "uv": [
            9.875,
            11.125,
            9.75,
            11
          ],
          "texture": "#0"
        },
        "down": {
          "uv": [
            10,
            11,
            9.875,
            11.125
          ],
          "texture": "#0"
        }
      }
    },
    {
      "from": [
        12,
        13.08239,
        3.61313
      ],
      "to": [
        17,
        14.08239,
        8.61313
      ],
      "rotation": {
        "angle": 0,
        "axis": "y",
        "origin": [
          -8,
          -0.16761,
          0.61313
        ]
      },
      "faces": {
        "north": {
          "uv": [
            6,
            8.875,
            6.625,
            9
          ],
          "texture": "#0"
        },
        "east": {
          "uv": [
            10.5,
            10.5,
            11.125,
            10.625
          ],
          "texture": "#0"
        },
        "south": {
          "uv": [
            10.5,
            1,
            11.125,
            1.125
          ],
          "texture": "#0"
        },
        "west": {
          "uv": [
            10.5,
            1.125,
            11.125,
            1.25
          ],
          "texture": "#0"
        },
        "up": {
          "uv": [
            7.25,
            8.75,
            6.625,
            8.125
          ],
          "texture": "#0"
        },
        "down": {
          "uv": [
            0.625,
            9.125,
            0,
            9.75
          ],
          "texture": "#0"
        }
      }
    },
    {
      "from": [
        6,
        13.08239,
        7.61313
      ],
      "to": [
        11,
        14.08239,
        12.61313
      ],
      "rotation": {
        "angle": 0,
        "axis": "y",
        "origin": [
          -8,
          -0.16761,
          0.61313
        ]
      },
      "faces": {
        "north": {
          "uv": [
            6,
            8.875,
            6.625,
            9
          ],
          "texture": "#0"
        },
        "east": {
          "uv": [
            10.5,
            10.5,
            11.125,
            10.625
          ],
          "texture": "#0"
        },
        "south": {
          "uv": [
            10.5,
            1,
            11.125,
            1.125
          ],
          "texture": "#0"
        },
        "west": {
          "uv": [
            10.5,
            1.125,
            11.125,
            1.25
          ],
          "texture": "#0"
        },
        "up": {
          "uv": [
            7.25,
            8.75,
            6.625,
            8.125
          ],
          "texture": "#0"
        },
        "down": {
          "uv": [
            0.625,
            9.125,
            0,
            9.75
          ],
          "texture": "#0"
        }
      }
    },
    {
      "from": [
        6,
        13.08239,
        1.61313
      ],
      "to": [
        11,
        14.08239,
        6.61313
      ],
      "rotation": {
        "angle": 0,
        "axis": "y",
        "origin": [
          -8,
          -0.16761,
          0.61313
        ]
      },
      "faces": {
        "north": {
          "uv": [
            6,
            8.875,
            6.625,
            9
          ],
          "texture": "#0"
        },
        "east": {
          "uv": [
            10.5,
            10.5,
            11.125,
            10.625
          ],
          "texture": "#0"
        },
        "south": {
          "uv": [
            10.5,
            1,
            11.125,
            1.125
          ],
          "texture": "#0"
        },
        "west": {
          "uv": [
            10.5,
            1.125,
            11.125,
            1.25
          ],
          "texture": "#0"
        },
        "up": {
          "uv": [
            7.25,
            8.75,
            6.625,
            8.125
          ],
          "texture": "#0"
        },
        "down": {
          "uv": [
            0.625,
            9.125,
            0,
            9.75
          ],
          "texture": "#0"
        }
      }
    },
    {
      "from": [
        8,
        14.08239,
        -10.38687
      ],
      "to": [
        13,
        15.08239,
        -5.38687
      ],
      "rotation": {
        "angle": -45,
        "axis": "y",
        "origin": [
          -8,
          -0.16761,
          0.61313
        ]
      },
      "faces": {
        "north": {
          "uv": [
            6,
            8.875,
            6.625,
            9
          ],
          "texture": "#0"
        },
        "east": {
          "uv": [
            10.5,
            10.5,
            11.125,
            10.625
          ],
          "texture": "#0"
        },
        "south": {
          "uv": [
            10.5,
            1,
            11.125,
            1.125
          ],
          "texture": "#0"
        },
        "west": {
          "uv": [
            10.5,
            1.125,
            11.125,
            1.25
          ],
          "texture": "#0"
        },
        "up": {
          "uv": [
            7.25,
            8.75,
            6.625,
            8.125
          ],
          "texture": "#0"
        },
        "down": {
          "uv": [
            0.625,
            9.125,
            0,
            9.75
          ],
          "texture": "#0"
        }
      }
    },
    {
      "from": [
        -6.5,
        13.08239,
        3.61313
      ],
      "to": [
        -1.5,
        14.08239,
        8.61313
      ],
      "rotation": {
        "angle": 22.5,
        "axis": "y",
        "origin": [
          -8,
          -0.16761,
          0.61313
        ]
      },
      "faces": {
        "north": {
          "uv": [
            10.5,
            1.125,
            11.125,
            1.25
          ],
          "texture": "#0"
        },
        "east": {
          "uv": [
            6,
            8.875,
            6.625,
            9
          ],
          "texture": "#0"
        },
        "south": {
          "uv": [
            10.5,
            10.5,
            11.125,
            10.625
          ],
          "texture": "#0"
        },
        "west": {
          "uv": [
            10.5,
            1,
            11.125,
            1.125
          ],
          "texture": "#0"
        },
        "up": {
          "uv": [
            7.25,
            8.75,
            6.625,
            8.125
          ],
          "rotation": 90,
          "texture": "#0"
        },
        "down": {
          "uv": [
            0.625,
            9.125,
            0,
            9.75
          ],
          "rotation": 270,
          "texture": "#0"
        }
      }
    },
    {
      "from": [
        -7.46761,
        0.83239,
        -2.88687
      ],
      "to": [
        -6.46761,
        5.83239,
        2.11313
      ],
      "rotation": {
        "angle": -22.5,
        "axis": "z",
        "origin": [
          -8,
          -0.16761,
          0.61313
        ]
      },
      "faces": {
        "north": {
          "uv": [
            10.5,
            1,
            11.125,
            1.125
          ],
          "rotation": 90,
          "texture": "#0"
        },
        "east": {
          "uv": [
            0.625,
            9.125,
            0,
            9.75
          ],
          "rotation": 90,
          "texture": "#0"
        },
        "south": {
          "uv": [
            6,
            8.875,
            6.625,
            9
          ],
          "rotation": 270,
          "texture": "#0"
        },
        "west": {
          "uv": [
            7.25,
            8.75,
            6.625,
            8.125
          ],
          "rotation": 90,
          "texture": "#0"
        },
        "up": {
          "uv": [
            10.5,
            1.125,
            11.125,
            1.25
          ],
          "rotation": 270,
          "texture": "#0"
        },
        "down": {
          "uv": [
            10.5,
            10.5,
            11.125,
            10.625
          ],
          "rotation": 270,
          "texture": "#0"
        }
      }
    },
    {
      "from": [
        -6,
        0,
        -5.88687
      ],
      "to": [
        -1,
        1,
        -0.88687
      ],
      "rotation": {
        "angle": 0,
        "axis": "z",
        "origin": [
          -8,
          -0.16761,
          0.61313
        ]
      },
      "faces": {
        "north": {
          "uv": [
            10.5,
            1,
            11.125,
            1.125
          ],
          "texture": "#0"
        },
        "east": {
          "uv": [
            10.5,
            1.125,
            11.125,
            1.25
          ],
          "texture": "#0"
        },
        "south": {
          "uv": [
            6,
            8.875,
            6.625,
            9
          ],
          "texture": "#0"
        },
        "west": {
          "uv": [
            10.5,
            10.5,
            11.125,
            10.625
          ],
          "texture": "#0"
        },
        "up": {
          "uv": [
            7.25,
            8.75,
            6.625,
            8.125
          ],
          "rotation": 180,
          "texture": "#0"
        },
        "down": {
          "uv": [
            0.625,
            9.125,
            0,
            9.75
          ],
          "rotation": 180,
          "texture": "#0"
        }
      }
    },
    {
      "from": [
        -8,
        0,
        17.11313
      ],
      "to": [
        -3,
        1,
        22.11313
      ],
      "rotation": {
        "angle": 0,
        "axis": "z",
        "origin": [
          -8,
          -0.16761,
          0.61313
        ]
      },
      "faces": {
        "north": {
          "uv": [
            10.5,
            1,
            11.125,
            1.125
          ],
          "texture": "#0"
        },
        "east": {
          "uv": [
            10.5,
            1.125,
            11.125,
            1.25
          ],
          "texture": "#0"
        },
        "south": {
          "uv": [
            6,
            8.875,
            6.625,
            9
          ],
          "texture": "#0"
        },
        "west": {
          "uv": [
            10.5,
            10.5,
            11.125,
            10.625
          ],
          "texture": "#0"
        },
        "up": {
          "uv": [
            7.25,
            8.75,
            6.625,
            8.125
          ],
          "rotation": 180,
          "texture": "#0"
        },
        "down": {
          "uv": [
            0.625,
            9.125,
            0,
            9.75
          ],
          "rotation": 180,
          "texture": "#0"
        }
      }
    },
    {
      "from": [
        -2,
        0,
        18.11313
      ],
      "to": [
        3,
        1,
        23.11313
      ],
      "rotation": {
        "angle": 0,
        "axis": "z",
        "origin": [
          -8,
          -0.16761,
          0.61313
        ]
      },
      "faces": {
        "north": {
          "uv": [
            10.5,
            1,
            11.125,
            1.125
          ],
          "texture": "#0"
        },
        "east": {
          "uv": [
            10.5,
            1.125,
            11.125,
            1.25
          ],
          "texture": "#0"
        },
        "south": {
          "uv": [
            6,
            8.875,
            6.625,
            9
          ],
          "texture": "#0"
        },
        "west": {
          "uv": [
            10.5,
            10.5,
            11.125,
            10.625
          ],
          "texture": "#0"
        },
        "up": {
          "uv": [
            7.25,
            8.75,
            6.625,
            8.125
          ],
          "rotation": 180,
          "texture": "#0"
        },
        "down": {
          "uv": [
            0.625,
            9.125,
            0,
            9.75
          ],
          "rotation": 180,
          "texture": "#0"
        }
      }
    },
    {
      "from": [
        15,
        0,
        -5.88687
      ],
      "to": [
        20,
        1,
        -0.88687
      ],
      "rotation": {
        "angle": 0,
        "axis": "z",
        "origin": [
          -8,
          -0.16761,
          0.61313
        ]
      },
      "faces": {
        "north": {
          "uv": [
            10.5,
            1,
            11.125,
            1.125
          ],
          "texture": "#0"
        },
        "east": {
          "uv": [
            10.5,
            1.125,
            11.125,
            1.25
          ],
          "texture": "#0"
        },
        "south": {
          "uv": [
            6,
            8.875,
            6.625,
            9
          ],
          "texture": "#0"
        },
        "west": {
          "uv": [
            10.5,
            10.5,
            11.125,
            10.625
          ],
          "texture": "#0"
        },
        "up": {
          "uv": [
            7.25,
            8.75,
            6.625,
            8.125
          ],
          "rotation": 180,
          "texture": "#0"
        },
        "down": {
          "uv": [
            0.625,
            9.125,
            0,
            9.75
          ],
          "rotation": 180,
          "texture": "#0"
        }
      }
    },
    {
      "from": [
        12.25,
        1,
        16.11313
      ],
      "to": [
        17.25,
        2,
        21.11313
      ],
      "rotation": {
        "angle": 45,
        "axis": "y",
        "origin": [
          -8,
          -0.16761,
          0.61313
        ]
      },
      "faces": {
        "north": {
          "uv": [
            10.5,
            1,
            11.125,
            1.125
          ],
          "texture": "#0"
        },
        "east": {
          "uv": [
            10.5,
            1.125,
            11.125,
            1.25
          ],
          "texture": "#0"
        },
        "south": {
          "uv": [
            6,
            8.875,
            6.625,
            9
          ],
          "texture": "#0"
        },
        "west": {
          "uv": [
            10.5,
            10.5,
            11.125,
            10.625
          ],
          "texture": "#0"
        },
        "up": {
          "uv": [
            7.25,
            8.75,
            6.625,
            8.125
          ],
          "rotation": 180,
          "texture": "#0"
        },
        "down": {
          "uv": [
            0.625,
            9.125,
            0,
            9.75
          ],
          "rotation": 180,
          "texture": "#0"
        }
      }
    },
    {
      "from": [
        21,
        0,
        -2.88687
      ],
      "to": [
        26,
        1,
        2.11313
      ],
      "rotation": {
        "angle": 0,
        "axis": "z",
        "origin": [
          -8,
          -0.16761,
          0.61313
        ]
      },
      "faces": {
        "north": {
          "uv": [
            10.5,
            1,
            11.125,
            1.125
          ],
          "texture": "#0"
        },
        "east": {
          "uv": [
            10.5,
            1.125,
            11.125,
            1.25
          ],
          "texture": "#0"
        },
        "south": {
          "uv": [
            6,
            8.875,
            6.625,
            9
          ],
          "texture": "#0"
        },
        "west": {
          "uv": [
            10.5,
            10.5,
            11.125,
            10.625
          ],
          "texture": "#0"
        },
        "up": {
          "uv": [
            7.25,
            8.75,
            6.625,
            8.125
          ],
          "rotation": 180,
          "texture": "#0"
        },
        "down": {
          "uv": [
            0.625,
            9.125,
            0,
            9.75
          ],
          "rotation": 180,
          "texture": "#0"
        }
      }
    },
    {
      "from": [
        1,
        13.08239,
        2.61313
      ],
      "to": [
        6,
        14.08239,
        7.61313
      ],
      "rotation": {
        "angle": 0,
        "axis": "y",
        "origin": [
          -8,
          -0.16761,
          0.61313
        ]
      },
      "faces": {
        "north": {
          "uv": [
            10.5,
            1.125,
            11.125,
            1.25
          ],
          "texture": "#0"
        },
        "east": {
          "uv": [
            6,
            8.875,
            6.625,
            9
          ],
          "texture": "#0"
        },
        "south": {
          "uv": [
            10.5,
            10.5,
            11.125,
            10.625
          ],
          "texture": "#0"
        },
        "west": {
          "uv": [
            10.5,
            1,
            11.125,
            1.125
          ],
          "texture": "#0"
        },
        "up": {
          "uv": [
            7.25,
            8.75,
            6.625,
            8.125
          ],
          "rotation": 90,
          "texture": "#0"
        },
        "down": {
          "uv": [
            0.625,
            9.125,
            0,
            9.75
          ],
          "rotation": 270,
          "texture": "#0"
        }
      }
    },
    {
      "from": [
        -5,
        13.08239,
        10.61313
      ],
      "to": [
        0,
        14.08239,
        15.61313
      ],
      "rotation": {
        "angle": 22.5,
        "axis": "y",
        "origin": [
          -8,
          -0.16761,
          0.61313
        ]
      },
      "faces": {
        "north": {
          "uv": [
            10.5,
            1.125,
            11.125,
            1.25
          ],
          "texture": "#0"
        },
        "east": {
          "uv": [
            6,
            8.875,
            6.625,
            9
          ],
          "texture": "#0"
        },
        "south": {
          "uv": [
            10.5,
            10.5,
            11.125,
            10.625
          ],
          "texture": "#0"
        },
        "west": {
          "uv": [
            10.5,
            1,
            11.125,
            1.125
          ],
          "texture": "#0"
        },
        "up": {
          "uv": [
            7.25,
            8.75,
            6.625,
            8.125
          ],
          "rotation": 90,
          "texture": "#0"
        },
        "down": {
          "uv": [
            0.625,
            9.125,
            0,
            9.75
          ],
          "rotation": 270,
          "texture": "#0"
        }
      }
    },
    {
      "from": [
        -1,
        14.08239,
        4.61313
      ],
      "to": [
        4,
        15.08239,
        9.61313
      ],
      "rotation": {
        "angle": 0,
        "axis": "y",
        "origin": [
          -8,
          -0.16761,
          0.61313
        ]
      },
      "faces": {
        "north": {
          "uv": [
            10.5,
            1.125,
            11.125,
            1.25
          ],
          "texture": "#0"
        },
        "east": {
          "uv": [
            6,
            8.875,
            6.625,
            9
          ],
          "texture": "#0"
        },
        "south": {
          "uv": [
            10.5,
            10.5,
            11.125,
            10.625
          ],
          "texture": "#0"
        },
        "west": {
          "uv": [
            10.5,
            1,
            11.125,
            1.125
          ],
          "texture": "#0"
        },
        "up": {
          "uv": [
            7.25,
            8.75,
            6.625,
            8.125
          ],
          "rotation": 90,
          "texture": "#0"
        },
        "down": {
          "uv": [
            0.625,
            9.125,
            0,
            9.75
          ],
          "rotation": 270,
          "texture": "#0"
        }
      }
    },
    {
      "from": [
        -1,
        24,
        4
      ],
      "to": [
        4,
        28,
        14
      ],
      "faces": {
        "north": {
          "uv": [
            4.875,
            7.625,
            5.5,
            8.125
          ],
          "texture": "#0"
        },
        "east": {
          "uv": [
            3.625,
            7.625,
            4.875,
            8.125
          ],
          "texture": "#0"
        },
        "south": {
          "uv": [
            0.625,
            9.375,
            1.25,
            9.875
          ],
          "texture": "#0"
        },
        "west": {
          "uv": [
            9,
            6.25,
            10.25,
            6.75
          ],
          "texture": "#0"
        },
        "up": {
          "uv": [
            8,
            8.75,
            7.375,
            7.5
          ],
          "texture": "#0"
        },
        "down": {
          "uv": [
            0.625,
            7.625,
            0,
            8.875
          ],
          "texture": "#0"
        }
      }
    },
    {
      "from": [
        0.5,
        24,
        1
      ],
      "to": [
        2.5,
        26,
        4
      ],
      "faces": {
        "north": {
          "uv": [
            10.125,
            10.625,
            10.375,
            10.875
          ],
          "texture": "#0"
        },
        "east": {
          "uv": [
            7.125,
            10.5,
            7.5,
            10.75
          ],
          "texture": "#0"
        },
        "south": {
          "uv": [
            10.375,
            10.625,
            10.625,
            10.875
          ],
          "texture": "#0"
        },
        "west": {
          "uv": [
            7.5,
            10.5,
            7.875,
            10.75
          ],
          "texture": "#0"
        },
        "up": {
          "uv": [
            8.75,
            10.875,
            8.5,
            10.5
          ],
          "texture": "#0"
        },
        "down": {
          "uv": [
            9,
            10.5,
            8.75,
            10.875
          ],
          "texture": "#0"
        }
      }
    },
    {
      "from": [
        0.5,
        28.5,
        2
      ],
      "to": [
        2.5,
        30.5,
        7
      ],
      "rotation": {
        "angle": 22.5,
        "axis": "x",
        "origin": [
          0,
          0,
          0
        ]
      },
      "faces": {
        "north": {
          "uv": [
            10.625,
            10.625,
            10.875,
            10.875
          ],
          "texture": "#0"
        },
        "east": {
          "uv": [
            9.625,
            8.75,
            10.25,
            9
          ],
          "texture": "#0"
        },
        "south": {
          "uv": [
            10.625,
            8.75,
            10.875,
            9
          ],
          "texture": "#0"
        },
        "west": {
          "uv": [
            0.625,
            9.875,
            1.25,
            10.125
          ],
          "texture": "#0"
        },
        "up": {
          "uv": [
            7.5,
            10.5,
            7.25,
            9.875
          ],
          "texture": "#0"
        },
        "down": {
          "uv": [
            7.75,
            9.875,
            7.5,
            10.5
          ],
          "texture": "#0"
        }
      }
    },
    {
      "from": [
        1,
        11.25,
        24.5
      ],
      "to": [
        2,
        13.25,
        29.5
      ],
      "rotation": {
        "angle": -45,
        "axis": "x",
        "origin": [
          0,
          0,
          0
        ]
      },
      "faces": {
        "north": {
          "uv": [
            9.375,
            10.875,
            9.5,
            11.125
          ],
          "texture": "#0"
        },
        "east": {
          "uv": [
            7.75,
            9.875,
            8.375,
            10.125
          ],
          "texture": "#0"
        },
        "south": {
          "uv": [
            9.5,
            10.875,
            9.625,
            11.125
          ],
          "texture": "#0"
        },
        "west": {
          "uv": [
            10,
            10,
            10.625,
            10.25
          ],
          "texture": "#0"
        },
        "up": {
          "uv": [
            8,
            11.125,
            7.875,
            10.5
          ],
          "texture": "#0"
        },
        "down": {
          "uv": [
            9.125,
            10.5,
            9,
            11.125
          ],
          "texture": "#0"
        }
      }
    },
    {
      "from": [
        -4,
        25,
        8.5
      ],
      "to": [
        7,
        26,
        10.5
      ],
      "faces": {
        "north": {
          "uv": [
            7.25,
            3.625,
            8.625,
            3.75
          ],
          "texture": "#0"
        },
        "east": {
          "uv": [
            9.75,
            10.875,
            10,
            11
          ],
          "texture": "#0"
        },
        "south": {
          "uv": [
            9.5,
            9.25,
            10.875,
            9.375
          ],
          "texture": "#0"
        },
        "west": {
          "uv": [
            10.125,
            10.875,
            10.375,
            11
          ],
          "texture": "#0"
        },
        "up": {
          "uv": [
            8.125,
            9.5,
            6.75,
            9.25
          ],
          "texture": "#0"
        },
        "down": {
          "uv": [
            9.5,
            9.25,
            8.125,
            9.5
          ],
          "texture": "#0"
        }
      }
    },
    {
      "from": [
        -1,
        29,
        6
      ],
      "to": [
        4,
        30,
        9
      ],
      "rotation": {
        "angle": 22.5,
        "axis": "x",
        "origin": [
          0,
          0,
          0
        ]
      },
      "faces": {
        "north": {
          "uv": [
            10.5,
            1.25,
            11.125,
            1.375
          ],
          "texture": "#0"
        },
        "east": {
          "uv": [
            6.875,
            10.75,
            7.25,
            10.875
          ],
          "texture": "#0"
        },
        "south": {
          "uv": [
            10.5,
            1.375,
            11.125,
            1.5
          ],
          "texture": "#0"
        },
        "west": {
          "uv": [
            7.25,
            10.75,
            7.625,
            10.875
          ],
          "texture": "#0"
        },
        "up": {
          "uv": [
            7.875,
            9.875,
            7.25,
            9.5
          ],
          "texture": "#0"
        },
        "down": {
          "uv": [
            8.5,
            9.5,
            7.875,
            9.875
          ],
          "texture": "#0"
        }
      }
    }
  ],
  "groups": [
    {
      "name": "Lobster Crate",
      "origin": [
        8,
        8,
        8
      ],
      "children": [
        {
          "name": "Body",
          "origin": [
            8,
            8,
            8
          ],
          "children": [
            0,
            1,
            2,
            3,
            4,
            5,
            6,
            7,
            8
          ]
        },
        {
          "name": "Extra",
          "origin": [
            8,
            8,
            8
          ],
          "children": [
            9,
            10,
            11,
            12,
            13
          ]
        },
        {
          "name": "Cover",
          "origin": [
            8,
            8,
            8
          ],
          "children": [
            {
              "name": "hexadecagon",
              "origin": [
                8,
                8,
                8
              ],
              "children": [
                14,
                15,
                16,
                17,
                18,
                19,
                20,
                21,
                22,
                23,
                24
              ]
            }
          ]
        },
        {
          "name": "Metal",
          "origin": [
            8,
            8,
            8
          ],
          "children": [
            25,
            26,
            27,
            28,
            29,
            30,
            31,
            32
          ]
        },
        {
          "name": "Handles",
          "origin": [
            8,
            8,
            8
          ],
          "children": [
            33,
            34,
            35,
            36,
            37,
            {
              "name": "Handles",
              "origin": [
                8,
                8,
                8
              ],
              "children": [
                38,
                39,
                40,
                41,
                42,
                43,
                44,
                45,
                46,
                47,
                48
              ]
            }
          ]
        },
        {
          "name": "Loot",
          "origin": [
            8,
            8,
            8
          ],
          "children": [
            49,
            50,
            51,
            52,
            53,
            54,
            55,
            56,
            57,
            58,
            59,
            60,
            61,
            62,
            63
          ]
        },
        {
          "name": "Dolphin",
          "origin": [
            8,
            8,
            8
          ],
          "children": [
            64,
            65,
            66,
            67,
            68,
            69
          ]
        }
      ]
    }
  ]
}