{
  "parent": "minecraft:block/stone_button",
  "texture_size": [
    128,
    128
  ],
  "textures": {
    "0": "minecraft:item/crates/vote"
  },
  "elements": [
		{
			"from": [-4, 0, 0],
			"to": [20, 2, 16],
			"faces": {
				"north": {"uv": [7.25, 3.125, 10.25, 3.375], "texture": "#0"},
				"east": {"uv": [0, 5.375, 2, 5.625], "texture": "#0"},
				"south": {"uv": [7.375, 7, 10.375, 7.25], "texture": "#0"},
				"west": {"uv": [0, 6.75, 2, 7], "texture": "#0"},
				"up": {"uv": [3, 2, 0, 0], "texture": "#0"},
				"down": {"uv": [3, 2, 0, 4], "texture": "#0"}
			}
		},
		{
			"from": [-4, 2, 0],
			"to": [20, 4, 2],
			"rotation": {"angle": 0, "axis": "y", "origin": [8, 10, 8]},
			"faces": {
				"north": {"uv": [8.625, 5.125, 11.625, 5.375], "texture": "#0"},
				"east": {"uv": [10.625, 6.625, 10.875, 6.875], "texture": "#0"},
				"south": {"uv": [7, 8.75, 10, 9], "texture": "#0"},
				"west": {"uv": [12, 1.125, 12.25, 1.375], "texture": "#0"},
				"up": {"uv": [11.75, 0.25, 8.75, 0], "texture": "#0"},
				"down": {"uv": [11.75, 0.25, 8.75, 0.5], "texture": "#0"}
			}
		},
		{
			"from": [-4, 5.08239, 0.61313],
			"to": [20, 13.08239, 2.61313],
			"rotation": {"angle": 0, "axis": "y", "origin": [8, 13.08239, 8.61313]},
			"faces": {
				"north": {"uv": [2.875, 5.625, 5.875, 6.625], "texture": "#0"},
				"east": {"uv": [10.125, 10.25, 10.375, 11.25], "texture": "#0"},
				"south": {"uv": [5.625, 4.5, 8.625, 5.5], "texture": "#0"},
				"west": {"uv": [10.25, 2, 10.5, 3], "texture": "#0"},
				"up": {"uv": [11.75, 0.75, 8.75, 0.5], "texture": "#0"},
				"down": {"uv": [11.75, 0.75, 8.75, 1], "texture": "#0"}
			}
		},
		{
			"from": [-4, 5.08239, 13.38687],
			"to": [20, 13.08239, 15.38687],
			"rotation": {"angle": 0, "axis": "y", "origin": [8, 13.08239, 21.38687]},
			"faces": {
				"north": {"uv": [5.75, 0, 8.75, 1], "texture": "#0"},
				"east": {"uv": [10.375, 10.375, 10.625, 11.375], "texture": "#0"},
				"south": {"uv": [5.75, 1, 8.75, 2], "texture": "#0"},
				"west": {"uv": [10.375, 5.875, 10.625, 6.875], "texture": "#0"},
				"up": {"uv": [11.75, 1.25, 8.75, 1], "texture": "#0"},
				"down": {"uv": [11.75, 1.25, 8.75, 1.5], "texture": "#0"}
			}
		},
		{
			"from": [18, 11.08239, 2.61313],
			"to": [20, 13.08239, 13.38313],
			"rotation": {"angle": 0, "axis": "y", "origin": [8, 13.08239, 19.38]},
			"faces": {
				"north": {"uv": [12, 1.375, 12.25, 1.625], "texture": "#0"},
				"east": {"uv": [3, 7, 4.375, 7.25], "texture": "#0"},
				"south": {"uv": [12, 1.625, 12.25, 1.875], "texture": "#0"},
				"west": {"uv": [4.375, 7, 5.75, 7.25], "texture": "#0"},
				"up": {"uv": [5.375, 11.5, 5.125, 10.125], "texture": "#0"},
				"down": {"uv": [5.625, 10.125, 5.375, 11.5], "texture": "#0"}
			}
		},
		{
			"from": [-4, 11.08239, 2.61313],
			"to": [-2, 13.08239, 13.38313],
			"rotation": {"angle": 0, "axis": "y", "origin": [-14, 13.08239, 19.38]},
			"faces": {
				"north": {"uv": [12, 2, 12.25, 2.25], "texture": "#0"},
				"east": {"uv": [0, 8.875, 1.375, 9.125], "texture": "#0"},
				"south": {"uv": [12, 2.25, 12.25, 2.5], "texture": "#0"},
				"west": {"uv": [1.375, 8.875, 2.75, 9.125], "texture": "#0"},
				"up": {"uv": [5.875, 11.5, 5.625, 10.125], "texture": "#0"},
				"down": {"uv": [6.125, 10.25, 5.875, 11.625], "texture": "#0"}
			}
		},
		{
			"from": [-4, 0.32957, 2.4525],
			"to": [20, 2.32957, 4.4525],
			"rotation": {"angle": 22.5, "axis": "x", "origin": [8, 8.32957, 10.4525]},
			"faces": {
				"north": {"uv": [8.75, 1.5, 11.75, 1.75], "texture": "#0"},
				"east": {"uv": [12, 2.5, 12.25, 2.75], "texture": "#0"},
				"south": {"uv": [8.75, 1.75, 11.75, 2], "texture": "#0"},
				"west": {"uv": [12, 2.75, 12.25, 3], "texture": "#0"},
				"up": {"uv": [11.875, 3.625, 8.875, 3.375], "texture": "#0"},
				"down": {"uv": [11.875, 3.625, 8.875, 3.875], "texture": "#0"}
			}
		},
		{
			"from": [-4, 5.68714, 10.48181],
			"to": [20, 7.68714, 12.48181],
			"rotation": {"angle": -22.5, "axis": "x", "origin": [8, 13.68714, 18.48181]},
			"faces": {
				"north": {"uv": [8.875, 3.875, 11.875, 4.125], "texture": "#0"},
				"east": {"uv": [12, 5.125, 12.25, 5.375], "texture": "#0"},
				"south": {"uv": [8.875, 4.125, 11.875, 4.375], "texture": "#0"},
				"west": {"uv": [12, 5.375, 12.25, 5.625], "texture": "#0"},
				"up": {"uv": [11.875, 8.625, 8.875, 8.375], "texture": "#0"},
				"down": {"uv": [10, 9, 7, 9.25], "texture": "#0"}
			}
		},
		{
			"from": [-4, 2, 14],
			"to": [20, 4, 16],
			"rotation": {"angle": 0, "axis": "y", "origin": [8, 10, 22]},
			"faces": {
				"north": {"uv": [9, 5.375, 12, 5.625], "texture": "#0"},
				"east": {"uv": [12, 5.625, 12.25, 5.875], "texture": "#0"},
				"south": {"uv": [9, 5.625, 12, 5.875], "texture": "#0"},
				"west": {"uv": [12, 5.875, 12.25, 6.125], "texture": "#0"},
				"up": {"uv": [12, 7.5, 9, 7.25], "texture": "#0"},
				"down": {"uv": [12, 7.5, 9, 7.75], "texture": "#0"}
			}
		},
		{
			"from": [-3, 2, 2],
			"to": [19, 13.08, 14],
			"rotation": {"angle": 0, "axis": "y", "origin": [8, 10, 20]},
			"faces": {
				"north": {"uv": [3, 1.5, 5.75, 2.875], "texture": "#0"},
				"east": {"uv": [5.75, 2, 7.25, 3.375], "texture": "#0"},
				"south": {"uv": [0, 4, 2.75, 5.375], "texture": "#0"},
				"west": {"uv": [5.875, 5.875, 7.375, 7.25], "texture": "#0"},
				"up": {"uv": [5.75, 4.5, 3, 3], "texture": "#0"},
				"down": {"uv": [5.75, 0, 3, 1.5], "texture": "#0"}
			}
		},
		{
			"name": "hexadecagon",
			"from": [-3, 16.07359, 3.37644],
			"to": [-2, 21.05728, 14.37644],
			"rotation": {"angle": 22.5, "axis": "x", "origin": [-2.5, 16.56543, 8.87644]},
			"faces": {
				"north": {"uv": [4.5, 11.75, 4.625, 12.375], "texture": "#0"},
				"east": {"uv": [8.625, 4.5, 10, 5.125], "texture": "#0"},
				"south": {"uv": [9.5, 11.875, 9.625, 12.5], "texture": "#0"},
				"west": {"uv": [2.875, 8.75, 4.25, 9.375], "texture": "#0"},
				"up": {"uv": [4.875, 12.125, 4.75, 10.75], "texture": "#0"},
				"down": {"uv": [5, 10.75, 4.875, 12.125], "texture": "#0"}
			}
		},
		{
			"name": "hexadecagon",
			"from": [18, 16.07359, 3.37644],
			"to": [19, 21.05728, 14.37644],
			"rotation": {"angle": 22.5, "axis": "x", "origin": [18.5, 16.56543, 8.87644]},
			"faces": {
				"north": {"uv": [2.5, 12, 2.625, 12.625], "texture": "#0"},
				"east": {"uv": [4.25, 8.75, 5.625, 9.375], "texture": "#0"},
				"south": {"uv": [4.375, 12, 4.5, 12.625], "texture": "#0"},
				"west": {"uv": [5.625, 8.75, 7, 9.375], "texture": "#0"},
				"up": {"uv": [5.125, 12.125, 5, 10.75], "texture": "#0"},
				"down": {"uv": [0.125, 11.25, 0, 12.625], "texture": "#0"}
			}
		},
		{
			"name": "hexadecagon",
			"from": [-3, 20.67584, 5.29408],
			"to": [-2, 21.65952, 13.29408],
			"rotation": {"angle": 22.5, "axis": "x", "origin": [-2.5, 16.16768, 9.79408]},
			"faces": {
				"north": {"uv": [6.875, 9.375, 7, 9.5], "texture": "#0"},
				"east": {"uv": [8.875, 4.375, 9.875, 4.5], "texture": "#0"},
				"south": {"uv": [9.875, 4.375, 10, 4.5], "texture": "#0"},
				"west": {"uv": [8.875, 8.625, 9.875, 8.75], "texture": "#0"},
				"up": {"uv": [0.25, 12.25, 0.125, 11.25], "texture": "#0"},
				"down": {"uv": [0.375, 11.25, 0.25, 12.25], "texture": "#0"}
			}
		},
		{
			"name": "hexadecagon",
			"from": [18, 20.67584, 5.29408],
			"to": [19, 21.65952, 13.29408],
			"rotation": {"angle": 22.5, "axis": "x", "origin": [18.5, 16.16768, 9.79408]},
			"faces": {
				"north": {"uv": [9.875, 8.625, 10, 8.75], "texture": "#0"},
				"east": {"uv": [1.375, 9.125, 2.375, 9.25], "texture": "#0"},
				"south": {"uv": [5.875, 10.125, 6, 10.25], "texture": "#0"},
				"west": {"uv": [0, 9.25, 1, 9.375], "texture": "#0"},
				"up": {"uv": [0.5, 12.25, 0.375, 11.25], "texture": "#0"},
				"down": {"uv": [0.625, 11.25, 0.5, 12.25], "texture": "#0"}
			}
		},
		{
			"name": "hexadecagon",
			"from": [-4, 15.07359, 1.37644],
			"to": [20, 18.05728, 3.37644],
			"rotation": {"angle": 22.5, "axis": "x", "origin": [19.5, 16.56543, 8.87644]},
			"faces": {
				"north": {"uv": [2.875, 6.625, 5.875, 7], "texture": "#0"},
				"east": {"uv": [10.5, 11.625, 10.75, 12], "texture": "#0"},
				"south": {"uv": [0, 7, 3, 7.375], "texture": "#0"},
				"west": {"uv": [10.75, 11.625, 11, 12], "texture": "#0"},
				"up": {"uv": [12, 8, 9, 7.75], "texture": "#0"},
				"down": {"uv": [12, 8, 9, 8.25], "texture": "#0"}
			}
		},
		{
			"name": "hexadecagon",
			"from": [18, 15.07359, 3.37644],
			"to": [20, 16.05728, 14.37644],
			"rotation": {"angle": 22.5, "axis": "x", "origin": [19.5, 16.56543, 8.87644]},
			"faces": {
				"north": {"uv": [5.625, 5.5, 5.875, 5.625], "texture": "#0"},
				"east": {"uv": [3, 2.875, 4.375, 3], "texture": "#0"},
				"south": {"uv": [10.375, 10.25, 10.625, 10.375], "texture": "#0"},
				"west": {"uv": [4.375, 2.875, 5.75, 3], "texture": "#0"},
				"up": {"uv": [6.375, 11.625, 6.125, 10.25], "texture": "#0"},
				"down": {"uv": [6.625, 10.25, 6.375, 11.625], "texture": "#0"}
			}
		},
		{
			"name": "hexadecagon",
			"from": [-4, 15.07359, 3.37644],
			"to": [-2, 16.05728, 14.37644],
			"rotation": {"angle": 22.5, "axis": "x", "origin": [-2.5, 16.56543, 8.87644]},
			"faces": {
				"north": {"uv": [10.125, 11.25, 10.375, 11.375], "texture": "#0"},
				"east": {"uv": [9, 8.25, 10.375, 8.375], "texture": "#0"},
				"south": {"uv": [5.625, 11.5, 5.875, 11.625], "texture": "#0"},
				"west": {"uv": [0, 9.125, 1.375, 9.25], "texture": "#0"},
				"up": {"uv": [6.875, 11.625, 6.625, 10.25], "texture": "#0"},
				"down": {"uv": [7.125, 10.25, 6.875, 11.625], "texture": "#0"}
			}
		},
		{
			"name": "hexadecagon",
			"from": [-4, 22.06543, 7.3846],
			"to": [20, 24.06543, 10.36828],
			"rotation": {"angle": -45, "axis": "x", "origin": [19.5, 16.56543, 8.87644]},
			"faces": {
				"north": {"uv": [7, 9.25, 10, 9.5], "texture": "#0"},
				"east": {"uv": [11.625, 11.625, 12, 11.875], "texture": "#0"},
				"south": {"uv": [0, 9.375, 3, 9.625], "texture": "#0"},
				"west": {"uv": [11.625, 5.125, 12, 5.375], "texture": "#0"},
				"up": {"uv": [6, 7.625, 3, 7.25], "texture": "#0"},
				"down": {"uv": [9, 7.25, 6, 7.625], "texture": "#0"}
			}
		},
		{
			"name": "hexadecagon",
			"from": [-4, 22.06543, 7.3846],
			"to": [20, 24.06543, 10.36828],
			"rotation": {"angle": -22.5, "axis": "x", "origin": [19.5, 16.56543, 8.87644]},
			"faces": {
				"north": {"uv": [3, 9.375, 6, 9.625], "texture": "#0"},
				"east": {"uv": [11.625, 5.875, 12, 6.125], "texture": "#0"},
				"south": {"uv": [6, 9.5, 9, 9.75], "texture": "#0"},
				"west": {"uv": [11.625, 6.125, 12, 6.375], "texture": "#0"},
				"up": {"uv": [10.25, 2.375, 7.25, 2], "texture": "#0"},
				"down": {"uv": [10.25, 2.375, 7.25, 2.75], "texture": "#0"}
			}
		},
		{
			"name": "hexadecagon",
			"from": [-4, 15.07359, 14.37644],
			"to": [20, 18.05728, 16.37644],
			"rotation": {"angle": -22.5, "axis": "x", "origin": [19.5, 16.56543, 8.87644]},
			"faces": {
				"north": {"uv": [7.25, 2.75, 10.25, 3.125], "texture": "#0"},
				"east": {"uv": [11.625, 11.125, 11.875, 11.5], "texture": "#0"},
				"south": {"uv": [0, 7.375, 3, 7.75], "texture": "#0"},
				"west": {"uv": [0.625, 11.75, 0.875, 12.125], "texture": "#0"},
				"up": {"uv": [12, 9.75, 9, 9.5], "texture": "#0"},
				"down": {"uv": [3, 9.625, 0, 9.875], "texture": "#0"}
			}
		},
		{
			"name": "hexadecagon",
			"from": [-4, 15.07359, 14.37644],
			"to": [20, 18.05728, 16.37644],
			"rotation": {"angle": 0, "axis": "x", "origin": [19.5, 16.56543, 8.87644]},
			"faces": {
				"north": {"uv": [7.375, 5.875, 10.375, 6.25], "texture": "#0"},
				"east": {"uv": [0.875, 11.75, 1.125, 12.125], "texture": "#0"},
				"south": {"uv": [7.375, 6.25, 10.375, 6.625], "texture": "#0"},
				"west": {"uv": [1.125, 11.75, 1.375, 12.125], "texture": "#0"},
				"up": {"uv": [6, 9.875, 3, 9.625], "texture": "#0"},
				"down": {"uv": [9, 9.75, 6, 10], "texture": "#0"}
			}
		},
		{
			"name": "hexadecagon",
			"from": [-4, 15.07359, 14.37644],
			"to": [20, 18.05728, 16.37644],
			"rotation": {"angle": 22.5, "axis": "x", "origin": [19.5, 16.56543, 8.87644]},
			"faces": {
				"north": {"uv": [7.375, 6.625, 10.375, 7], "texture": "#0"},
				"east": {"uv": [1.375, 11.75, 1.625, 12.125], "texture": "#0"},
				"south": {"uv": [3, 7.625, 6, 8], "texture": "#0"},
				"west": {"uv": [1.625, 11.75, 1.875, 12.125], "texture": "#0"},
				"up": {"uv": [12, 10, 9, 9.75], "texture": "#0"},
				"down": {"uv": [3, 9.875, 0, 10.125], "texture": "#0"}
			}
		},
		{
			"name": "hexadecagon",
			"from": [-4, 22.06543, 7.3846],
			"to": [20, 24.06543, 10.36828],
			"rotation": {"angle": 0, "axis": "x", "origin": [19.5, 16.56543, 8.87644]},
			"faces": {
				"north": {"uv": [3, 9.875, 6, 10.125], "texture": "#0"},
				"east": {"uv": [11.625, 6.375, 12, 6.625], "texture": "#0"},
				"south": {"uv": [6, 10, 9, 10.25], "texture": "#0"},
				"west": {"uv": [11.625, 10.75, 12, 11], "texture": "#0"},
				"up": {"uv": [9, 8, 6, 7.625], "texture": "#0"},
				"down": {"uv": [3, 7.75, 0, 8.125], "texture": "#0"}
			}
		},
		{
			"name": "hexadecagon",
			"from": [-4, 22.06543, 7.3846],
			"to": [20, 24.06543, 10.36828],
			"rotation": {"angle": 22.5, "axis": "x", "origin": [19.5, 16.56543, 8.87644]},
			"faces": {
				"north": {"uv": [9, 10, 12, 10.25], "texture": "#0"},
				"east": {"uv": [1.875, 11.75, 2.25, 12], "texture": "#0"},
				"south": {"uv": [10, 4.375, 13, 4.625], "texture": "#0"},
				"west": {"uv": [2.25, 11.75, 2.625, 12], "texture": "#0"},
				"up": {"uv": [6, 8.375, 3, 8], "texture": "#0"},
				"down": {"uv": [9, 8, 6, 8.375], "texture": "#0"}
			}
		},
		{
			"name": "hexadecagon",
			"from": [-4, 15.07359, 14.37644],
			"to": [20, 18.05728, 16.37644],
			"rotation": {"angle": -45, "axis": "x", "origin": [19.5, 16.56543, 8.87644]},
			"faces": {
				"north": {"uv": [0, 8.125, 3, 8.5], "texture": "#0"},
				"east": {"uv": [2.625, 11.75, 2.875, 12.125], "texture": "#0"},
				"south": {"uv": [3, 8.375, 6, 8.75], "texture": "#0"},
				"west": {"uv": [2.875, 11.75, 3.125, 12.125], "texture": "#0"},
				"up": {"uv": [13, 4.875, 10, 4.625], "texture": "#0"},
				"down": {"uv": [13, 4.875, 10, 5.125], "texture": "#0"}
			}
		},
		{
			"name": "hexadecagon",
			"from": [5, 18.77359, 1.82644],
			"to": [11, 22.05728, 3.82644],
			"rotation": {"angle": 0, "axis": "x", "origin": [19.5, 20.56543, 9.32644]},
			"faces": {
				"north": {"uv": [7.125, 10.25, 7.875, 10.625], "texture": "#0"},
				"east": {"uv": [3.125, 11.75, 3.375, 12.125], "texture": "#0"},
				"south": {"uv": [7.875, 10.25, 8.625, 10.625], "texture": "#0"},
				"west": {"uv": [3.375, 11.75, 3.625, 12.125], "texture": "#0"},
				"up": {"uv": [2.75, 5.625, 2, 5.375], "texture": "#0"},
				"down": {"uv": [2.75, 6.75, 2, 7], "texture": "#0"}
			}
		},
		{
			"name": "hexadecagon",
			"from": [5, 10.095, 0.17644],
			"to": [11, 13.07869, 0.67644],
			"rotation": {"angle": 0, "axis": "x", "origin": [19.5, 11.56543, 7.82644]},
			"faces": {
				"north": {"uv": [8.625, 10.25, 9.375, 10.625], "texture": "#0"},
				"east": {"uv": [12, 10.75, 12.125, 11.125], "texture": "#0"},
				"south": {"uv": [9.375, 10.25, 10.125, 10.625], "texture": "#0"},
				"west": {"uv": [0.625, 12.125, 0.75, 12.5], "texture": "#0"},
				"up": {"uv": [12.125, 9.5, 11.375, 9.375], "texture": "#0"},
				"down": {"uv": [12.375, 11.5, 11.625, 11.625], "texture": "#0"}
			}
		},
		{
			"name": "hexadecagon",
			"from": [6, 11.095, -0.32356],
			"to": [10, 14.57869, 0.67644],
			"rotation": {"angle": 0, "axis": "x", "origin": [19.5, 11.56543, 7.82644]},
			"faces": {
				"north": {"uv": [10.25, 3, 10.75, 3.375], "texture": "#0"},
				"east": {"uv": [0.75, 12.125, 0.875, 12.5], "texture": "#0"},
				"south": {"uv": [10.375, 6.875, 10.875, 7.25], "texture": "#0"},
				"west": {"uv": [0.875, 12.125, 1, 12.5], "texture": "#0"},
				"up": {"uv": [2.375, 9.375, 1.875, 9.25], "texture": "#0"},
				"down": {"uv": [12.5, 6.125, 12, 6.25], "texture": "#0"}
			}
		},
		{
			"name": "hexadecagon",
			"from": [3.0369, 27.20208, 1.82644],
			"to": [5.0369, 28.28576, 3.82644],
			"rotation": {"angle": 45, "axis": "z", "origin": [11.5369, 27.5412, 9.32644]},
			"faces": {
				"north": {"uv": [12, 8, 12.25, 8.125], "texture": "#0"},
				"east": {"uv": [12, 8.125, 12.25, 8.25], "texture": "#0"},
				"south": {"uv": [12, 9.125, 12.25, 9.25], "texture": "#0"},
				"west": {"uv": [12, 9.25, 12.25, 9.375], "texture": "#0"},
				"up": {"uv": [12.25, 6.5, 12, 6.25], "texture": "#0"},
				"down": {"uv": [12.25, 7.25, 12, 7.5], "texture": "#0"}
			}
		},
		{
			"name": "hexadecagon",
			"from": [10.9631, 27.20208, 1.82644],
			"to": [12.9631, 28.28576, 3.82644],
			"rotation": {"angle": -45, "axis": "z", "origin": [4.4631, 27.5412, 9.32644]},
			"faces": {
				"north": {"uv": [12, 10, 12.25, 10.125], "texture": "#0"},
				"east": {"uv": [12, 10.125, 12.25, 10.25], "texture": "#0"},
				"south": {"uv": [12, 11.625, 12.25, 11.75], "texture": "#0"},
				"west": {"uv": [12, 11.75, 12.25, 11.875], "texture": "#0"},
				"up": {"uv": [12.25, 7.75, 12, 7.5], "texture": "#0"},
				"down": {"uv": [12.25, 7.75, 12, 8], "texture": "#0"}
			}
		},
		{
			"name": "hexadecagon",
			"from": [6.41421, 22.058, 1.82644],
			"to": [9.58521, 23.468, 3.82644],
			"rotation": {"angle": 0, "axis": "x", "origin": [-0.08579, 22.72692, 9.32644]},
			"faces": {
				"north": {"uv": [8.625, 5.375, 9, 5.5], "texture": "#0"},
				"east": {"uv": [2.75, 12.125, 3, 12.25], "texture": "#0"},
				"south": {"uv": [12, 6.5, 12.375, 6.625], "texture": "#0"},
				"west": {"uv": [3, 12.125, 3.25, 12.25], "texture": "#0"},
				"up": {"uv": [4.5, 12, 4.125, 11.75], "texture": "#0"},
				"down": {"uv": [5.5, 11.75, 5.125, 12], "texture": "#0"}
			}
		},
		{
			"name": "hexadecagon",
			"from": [-2, 14.32359, 14.47644],
			"to": [2, 16.30728, 17.37644],
			"rotation": {"angle": 22.5, "axis": "x", "origin": [19.5, 16.81543, 8.87644]},
			"faces": {
				"north": {"uv": [2.375, 9.125, 2.875, 9.375], "texture": "#0"},
				"east": {"uv": [7.125, 11.75, 7.5, 12], "texture": "#0"},
				"south": {"uv": [10, 9.25, 10.5, 9.5], "texture": "#0"},
				"west": {"uv": [7.5, 11.75, 7.875, 12], "texture": "#0"},
				"up": {"uv": [8.625, 11, 8.125, 10.625], "texture": "#0"},
				"down": {"uv": [9.125, 10.625, 8.625, 11], "texture": "#0"}
			}
		},
		{
			"name": "hexadecagon",
			"from": [14, 14.32359, 14.57644],
			"to": [18, 16.30728, 17.37644],
			"rotation": {"angle": 22.5, "axis": "x", "origin": [35.5, 16.81543, 8.87644]},
			"faces": {
				"north": {"uv": [10.875, 7, 11.375, 7.25], "texture": "#0"},
				"east": {"uv": [11, 11.75, 11.375, 12], "texture": "#0"},
				"south": {"uv": [11, 2.75, 11.5, 3], "texture": "#0"},
				"west": {"uv": [11.75, 0, 12.125, 0.25], "texture": "#0"},
				"up": {"uv": [9.625, 11, 9.125, 10.625], "texture": "#0"},
				"down": {"uv": [10.125, 10.625, 9.625, 11], "texture": "#0"}
			}
		},
		{
			"from": [-3.5, 2, 6.5],
			"to": [19.5, 11.1, 9.5],
			"rotation": {"angle": 0, "axis": "y", "origin": [8, 10, 20]},
			"faces": {
				"north": {"uv": [2.75, 4.5, 5.625, 5.625], "texture": "#0"},
				"east": {"uv": [0, 10.125, 0.375, 11.25], "texture": "#0"},
				"south": {"uv": [0, 5.625, 2.875, 6.75], "texture": "#0"},
				"west": {"uv": [0.375, 10.125, 0.75, 11.25], "texture": "#0"},
				"up": {"uv": [8.875, 8.75, 6, 8.375], "texture": "#0"},
				"down": {"uv": [2.875, 8.5, 0, 8.875], "texture": "#0"}
			}
		},
		{
			"from": [-4.5, 0.01, 6.5],
			"to": [20.5, 2.51, 9.5],
			"rotation": {"angle": 0, "axis": "y", "origin": [8, 10, 20]},
			"faces": {
				"north": {"uv": [5.75, 3.375, 8.875, 3.75], "texture": "#0"},
				"east": {"uv": [11.125, 8.625, 11.5, 9], "texture": "#0"},
				"south": {"uv": [5.75, 3.75, 8.875, 4.125], "texture": "#0"},
				"west": {"uv": [11.125, 9, 11.5, 9.375], "texture": "#0"},
				"up": {"uv": [8.875, 4.5, 5.75, 4.125], "texture": "#0"},
				"down": {"uv": [9, 5.5, 5.875, 5.875], "texture": "#0"}
			}
		},
		{
			"name": "hexadecagon",
			"from": [14, 15.0587, 1],
			"to": [18, 18.5913, 3],
			"rotation": {"angle": 22.5, "axis": "x", "origin": [17.5, 17, 9]},
			"faces": {
				"north": {"uv": [10.5, 2, 11, 2.5], "texture": "#0"},
				"east": {"uv": [2.75, 4, 3, 4.5], "texture": "#0"},
				"south": {"uv": [10.5, 2.5, 11, 3], "texture": "#0"},
				"west": {"uv": [11.125, 10.25, 11.375, 10.75], "texture": "#0"},
				"up": {"uv": [11.625, 11, 11.125, 10.75], "texture": "#0"},
				"down": {"uv": [11.75, 3, 11.25, 3.25], "texture": "#0"}
			}
		},
		{
			"name": "hexadecagon",
			"from": [14, 15.4087, 1],
			"to": [18, 18.5913, 3],
			"rotation": {"angle": 45, "axis": "x", "origin": [17.5, 17, 9]},
			"faces": {
				"north": {"uv": [10.625, 10.625, 11.125, 11], "texture": "#0"},
				"east": {"uv": [7.875, 11.75, 8.125, 12.125], "texture": "#0"},
				"south": {"uv": [10.625, 5.875, 11.125, 6.25], "texture": "#0"},
				"west": {"uv": [11.375, 11.75, 11.625, 12.125], "texture": "#0"},
				"up": {"uv": [8.625, 11.625, 8.125, 11.375], "texture": "#0"},
				"down": {"uv": [9.125, 11.375, 8.625, 11.625], "texture": "#0"}
			}
		},
		{
			"name": "hexadecagon",
			"from": [14, 23, 7.4087],
			"to": [18, 25, 10.5913],
			"rotation": {"angle": -22.5, "axis": "x", "origin": [17.5, 17, 9]},
			"faces": {
				"north": {"uv": [9.125, 11.375, 9.625, 11.625], "texture": "#0"},
				"east": {"uv": [11.75, 0.25, 12.125, 0.5], "texture": "#0"},
				"south": {"uv": [9.625, 11.375, 10.125, 11.625], "texture": "#0"},
				"west": {"uv": [11.75, 0.5, 12.125, 0.75], "texture": "#0"},
				"up": {"uv": [11.125, 6.625, 10.625, 6.25], "texture": "#0"},
				"down": {"uv": [11.125, 8.625, 10.625, 9], "texture": "#0"}
			}
		},
		{
			"name": "hexadecagon",
			"from": [14, 15.4087, 15],
			"to": [18, 18.5913, 17],
			"rotation": {"angle": -22.5, "axis": "x", "origin": [17.5, 17, 9]},
			"faces": {
				"north": {"uv": [10.625, 9, 11.125, 9.375], "texture": "#0"},
				"east": {"uv": [11.75, 0.75, 12, 1.125], "texture": "#0"},
				"south": {"uv": [10.625, 10.25, 11.125, 10.625], "texture": "#0"},
				"west": {"uv": [11.75, 1.125, 12, 1.5], "texture": "#0"},
				"up": {"uv": [10.625, 11.625, 10.125, 11.375], "texture": "#0"},
				"down": {"uv": [11.125, 11.375, 10.625, 11.625], "texture": "#0"}
			}
		},
		{
			"name": "hexadecagon",
			"from": [14, 15.4087, 15],
			"to": [18, 18.5913, 17],
			"rotation": {"angle": 0, "axis": "x", "origin": [17.5, 17, 9]},
			"faces": {
				"north": {"uv": [0.75, 10.75, 1.25, 11.125], "texture": "#0"},
				"east": {"uv": [11.75, 1.5, 12, 1.875], "texture": "#0"},
				"south": {"uv": [1.25, 10.75, 1.75, 11.125], "texture": "#0"},
				"west": {"uv": [5.5, 11.875, 5.75, 12.25], "texture": "#0"},
				"up": {"uv": [11.875, 6.875, 11.375, 6.625], "texture": "#0"},
				"down": {"uv": [11.875, 6.875, 11.375, 7.125], "texture": "#0"}
			}
		},
		{
			"name": "hexadecagon",
			"from": [14, 15.4087, 15],
			"to": [18, 18.5913, 17],
			"rotation": {"angle": 22.5, "axis": "x", "origin": [17.5, 17, 9]},
			"faces": {
				"north": {"uv": [1.75, 10.75, 2.25, 11.125], "texture": "#0"},
				"east": {"uv": [5.75, 11.875, 6, 12.25], "texture": "#0"},
				"south": {"uv": [2.25, 10.75, 2.75, 11.125], "texture": "#0"},
				"west": {"uv": [6, 11.875, 6.25, 12.25], "texture": "#0"},
				"up": {"uv": [11.875, 10.5, 11.375, 10.25], "texture": "#0"},
				"down": {"uv": [11.875, 10.5, 11.375, 10.75], "texture": "#0"}
			}
		},
		{
			"name": "hexadecagon",
			"from": [14, 23, 7.4087],
			"to": [18, 25, 10.5913],
			"rotation": {"angle": 0, "axis": "x", "origin": [17.5, 17, 9]},
			"faces": {
				"north": {"uv": [0.625, 11.5, 1.125, 11.75], "texture": "#0"},
				"east": {"uv": [11.75, 3, 12.125, 3.25], "texture": "#0"},
				"south": {"uv": [1.125, 11.5, 1.625, 11.75], "texture": "#0"},
				"west": {"uv": [6.25, 11.875, 6.625, 12.125], "texture": "#0"},
				"up": {"uv": [3.25, 11.125, 2.75, 10.75], "texture": "#0"},
				"down": {"uv": [3.75, 10.75, 3.25, 11.125], "texture": "#0"}
			}
		},
		{
			"name": "hexadecagon",
			"from": [14, 23, 7.4087],
			"to": [18, 25, 10.5913],
			"rotation": {"angle": 22.5, "axis": "x", "origin": [17.5, 17, 9]},
			"faces": {
				"north": {"uv": [1.625, 11.5, 2.125, 11.75], "texture": "#0"},
				"east": {"uv": [6.625, 11.875, 7, 12.125], "texture": "#0"},
				"south": {"uv": [2.125, 11.5, 2.625, 11.75], "texture": "#0"},
				"west": {"uv": [8.125, 11.875, 8.5, 12.125], "texture": "#0"},
				"up": {"uv": [4.25, 11.125, 3.75, 10.75], "texture": "#0"},
				"down": {"uv": [4.75, 10.75, 4.25, 11.125], "texture": "#0"}
			}
		},
		{
			"name": "hexadecagon",
			"from": [14, 23, 7.4087],
			"to": [18, 25, 10.5913],
			"rotation": {"angle": 45, "axis": "x", "origin": [17.5, 17, 9]},
			"faces": {
				"north": {"uv": [2.625, 11.5, 3.125, 11.75], "texture": "#0"},
				"east": {"uv": [8.5, 11.875, 8.875, 12.125], "texture": "#0"},
				"south": {"uv": [3.125, 11.5, 3.625, 11.75], "texture": "#0"},
				"west": {"uv": [8.875, 11.875, 9.25, 12.125], "texture": "#0"},
				"up": {"uv": [11.25, 3.375, 10.75, 3], "texture": "#0"},
				"down": {"uv": [11.375, 6.625, 10.875, 7], "texture": "#0"}
			}
		},
		{
			"name": "hexadecagon",
			"from": [-2, 15.0587, 1],
			"to": [2, 18.5913, 3],
			"rotation": {"angle": 22.5, "axis": "x", "origin": [1.5, 17, 9]},
			"faces": {
				"north": {"uv": [7.125, 10.625, 7.625, 11.125], "texture": "#0"},
				"east": {"uv": [3.625, 11.5, 3.875, 12], "texture": "#0"},
				"south": {"uv": [7.625, 10.625, 8.125, 11.125], "texture": "#0"},
				"west": {"uv": [3.875, 11.5, 4.125, 12], "texture": "#0"},
				"up": {"uv": [4.625, 11.75, 4.125, 11.5], "texture": "#0"},
				"down": {"uv": [5.625, 11.5, 5.125, 11.75], "texture": "#0"}
			}
		},
		{
			"name": "hexadecagon",
			"from": [-2, 2.0587, -0.1],
			"to": [2, 5.5913, 1.9],
			"rotation": {"angle": 0, "axis": "x", "origin": [1.5, 17, 9]},
			"faces": {
				"north": {"uv": [7.125, 10.625, 7.625, 11.125], "texture": "#0"},
				"east": {"uv": [3.625, 11.5, 3.875, 12], "texture": "#0"},
				"south": {"uv": [7.625, 10.625, 8.125, 11.125], "texture": "#0"},
				"west": {"uv": [3.875, 11.5, 4.125, 12], "texture": "#0"},
				"up": {"uv": [4.625, 11.75, 4.125, 11.5], "texture": "#0"},
				"down": {"uv": [5.625, 11.5, 5.125, 11.75], "texture": "#0"}
			}
		},
		{
			"name": "hexadecagon",
			"from": [14, 2.0587, -0.1],
			"to": [18, 5.5913, 1.9],
			"rotation": {"angle": 0, "axis": "x", "origin": [1.5, 17, 9]},
			"faces": {
				"north": {"uv": [7.125, 10.625, 7.625, 11.125], "texture": "#0"},
				"east": {"uv": [3.625, 11.5, 3.875, 12], "texture": "#0"},
				"south": {"uv": [7.625, 10.625, 8.125, 11.125], "texture": "#0"},
				"west": {"uv": [3.875, 11.5, 4.125, 12], "texture": "#0"},
				"up": {"uv": [4.625, 11.75, 4.125, 11.5], "texture": "#0"},
				"down": {"uv": [5.625, 11.5, 5.125, 11.75], "texture": "#0"}
			}
		},
		{
			"name": "hexadecagon",
			"from": [-2, 5.5587, -0.1],
			"to": [2, 9.0913, 1.9],
			"rotation": {"angle": 0, "axis": "x", "origin": [1.5, 17, 9]},
			"faces": {
				"north": {"uv": [7.125, 10.625, 7.625, 11.125], "texture": "#0"},
				"east": {"uv": [3.625, 11.5, 3.875, 12], "texture": "#0"},
				"south": {"uv": [7.625, 10.625, 8.125, 11.125], "texture": "#0"},
				"west": {"uv": [3.875, 11.5, 4.125, 12], "texture": "#0"},
				"up": {"uv": [4.625, 11.75, 4.125, 11.5], "texture": "#0"},
				"down": {"uv": [5.625, 11.5, 5.125, 11.75], "texture": "#0"}
			}
		},
		{
			"name": "hexadecagon",
			"from": [14, 5.5587, -0.1],
			"to": [18, 9.0913, 1.9],
			"rotation": {"angle": 0, "axis": "x", "origin": [1.5, 17, 9]},
			"faces": {
				"north": {"uv": [7.125, 10.625, 7.625, 11.125], "texture": "#0"},
				"east": {"uv": [3.625, 11.5, 3.875, 12], "texture": "#0"},
				"south": {"uv": [7.625, 10.625, 8.125, 11.125], "texture": "#0"},
				"west": {"uv": [3.875, 11.5, 4.125, 12], "texture": "#0"},
				"up": {"uv": [4.625, 11.75, 4.125, 11.5], "texture": "#0"},
				"down": {"uv": [5.625, 11.5, 5.125, 11.75], "texture": "#0"}
			}
		},
		{
			"name": "hexadecagon",
			"from": [-2, 9.0587, -0.1],
			"to": [2, 12.5913, 1.9],
			"rotation": {"angle": 0, "axis": "x", "origin": [1.5, 17, 9]},
			"faces": {
				"north": {"uv": [7.125, 10.625, 7.625, 11.125], "texture": "#0"},
				"east": {"uv": [3.625, 11.5, 3.875, 12], "texture": "#0"},
				"south": {"uv": [7.625, 10.625, 8.125, 11.125], "texture": "#0"},
				"west": {"uv": [3.875, 11.5, 4.125, 12], "texture": "#0"},
				"up": {"uv": [4.625, 11.75, 4.125, 11.5], "texture": "#0"},
				"down": {"uv": [5.625, 11.5, 5.125, 11.75], "texture": "#0"}
			}
		},
		{
			"name": "hexadecagon",
			"from": [-2, 5.5587, 14.1],
			"to": [2, 9.0913, 16.1],
			"rotation": {"angle": 0, "axis": "y", "origin": [1.5, 17, 9]},
			"faces": {
				"north": {"uv": [7.625, 10.625, 8.125, 11.125], "texture": "#0"},
				"east": {"uv": [3.875, 11.5, 4.125, 12], "texture": "#0"},
				"south": {"uv": [7.125, 10.625, 7.625, 11.125], "texture": "#0"},
				"west": {"uv": [3.625, 11.5, 3.875, 12], "texture": "#0"},
				"up": {"uv": [4.625, 11.75, 4.125, 11.5], "rotation": 180, "texture": "#0"},
				"down": {"uv": [5.625, 11.5, 5.125, 11.75], "rotation": 180, "texture": "#0"}
			}
		},
		{
			"name": "hexadecagon",
			"from": [14, 5.5587, 14.1],
			"to": [18, 9.0913, 16.1],
			"rotation": {"angle": 0, "axis": "y", "origin": [1.5, 17, 9]},
			"faces": {
				"north": {"uv": [7.625, 10.625, 8.125, 11.125], "texture": "#0"},
				"east": {"uv": [3.875, 11.5, 4.125, 12], "texture": "#0"},
				"south": {"uv": [7.125, 10.625, 7.625, 11.125], "texture": "#0"},
				"west": {"uv": [3.625, 11.5, 3.875, 12], "texture": "#0"},
				"up": {"uv": [4.625, 11.75, 4.125, 11.5], "rotation": 180, "texture": "#0"},
				"down": {"uv": [5.625, 11.5, 5.125, 11.75], "rotation": 180, "texture": "#0"}
			}
		},
		{
			"name": "hexadecagon",
			"from": [-2, 9.0587, 14.1],
			"to": [2, 12.5913, 16.1],
			"rotation": {"angle": 0, "axis": "y", "origin": [1.5, 17, 9]},
			"faces": {
				"north": {"uv": [7.625, 10.625, 8.125, 11.125], "texture": "#0"},
				"east": {"uv": [3.875, 11.5, 4.125, 12], "texture": "#0"},
				"south": {"uv": [7.125, 10.625, 7.625, 11.125], "texture": "#0"},
				"west": {"uv": [3.625, 11.5, 3.875, 12], "texture": "#0"},
				"up": {"uv": [4.625, 11.75, 4.125, 11.5], "rotation": 180, "texture": "#0"},
				"down": {"uv": [5.625, 11.5, 5.125, 11.75], "rotation": 180, "texture": "#0"}
			}
		},
		{
			"name": "hexadecagon",
			"from": [14, 9.0587, 14.1],
			"to": [18, 12.5913, 16.1],
			"rotation": {"angle": 0, "axis": "y", "origin": [1.5, 17, 9]},
			"faces": {
				"north": {"uv": [7.625, 10.625, 8.125, 11.125], "texture": "#0"},
				"east": {"uv": [3.875, 11.5, 4.125, 12], "texture": "#0"},
				"south": {"uv": [7.125, 10.625, 7.625, 11.125], "texture": "#0"},
				"west": {"uv": [3.625, 11.5, 3.875, 12], "texture": "#0"},
				"up": {"uv": [4.625, 11.75, 4.125, 11.5], "rotation": 180, "texture": "#0"},
				"down": {"uv": [5.625, 11.5, 5.125, 11.75], "rotation": 180, "texture": "#0"}
			}
		},
		{
			"name": "hexadecagon",
			"from": [-2, 2.0587, 14.1],
			"to": [2, 5.5913, 16.1],
			"rotation": {"angle": 0, "axis": "y", "origin": [1.5, 17, 9]},
			"faces": {
				"north": {"uv": [7.625, 10.625, 8.125, 11.125], "texture": "#0"},
				"east": {"uv": [3.875, 11.5, 4.125, 12], "texture": "#0"},
				"south": {"uv": [7.125, 10.625, 7.625, 11.125], "texture": "#0"},
				"west": {"uv": [3.625, 11.5, 3.875, 12], "texture": "#0"},
				"up": {"uv": [4.625, 11.75, 4.125, 11.5], "rotation": 180, "texture": "#0"},
				"down": {"uv": [5.625, 11.5, 5.125, 11.75], "rotation": 180, "texture": "#0"}
			}
		},
		{
			"name": "hexadecagon",
			"from": [14, 2.0587, 14.1],
			"to": [18, 5.5913, 16.1],
			"rotation": {"angle": 0, "axis": "y", "origin": [1.5, 17, 9]},
			"faces": {
				"north": {"uv": [7.625, 10.625, 8.125, 11.125], "texture": "#0"},
				"east": {"uv": [3.875, 11.5, 4.125, 12], "texture": "#0"},
				"south": {"uv": [7.125, 10.625, 7.625, 11.125], "texture": "#0"},
				"west": {"uv": [3.625, 11.5, 3.875, 12], "texture": "#0"},
				"up": {"uv": [4.625, 11.75, 4.125, 11.5], "rotation": 180, "texture": "#0"},
				"down": {"uv": [5.625, 11.5, 5.125, 11.75], "rotation": 180, "texture": "#0"}
			}
		},
		{
			"name": "hexadecagon",
			"from": [14, 9.0587, -0.1],
			"to": [18, 12.5913, 1.9],
			"rotation": {"angle": 0, "axis": "x", "origin": [1.5, 17, 9]},
			"faces": {
				"north": {"uv": [7.125, 10.625, 7.625, 11.125], "texture": "#0"},
				"east": {"uv": [3.625, 11.5, 3.875, 12], "texture": "#0"},
				"south": {"uv": [7.625, 10.625, 8.125, 11.125], "texture": "#0"},
				"west": {"uv": [3.875, 11.5, 4.125, 12], "texture": "#0"},
				"up": {"uv": [4.625, 11.75, 4.125, 11.5], "texture": "#0"},
				"down": {"uv": [5.625, 11.5, 5.125, 11.75], "texture": "#0"}
			}
		},
		{
			"name": "hexadecagon",
			"from": [-2, 15.4087, 1],
			"to": [2, 18.5913, 3],
			"rotation": {"angle": 45, "axis": "x", "origin": [1.5, 17, 9]},
			"faces": {
				"north": {"uv": [8.125, 11, 8.625, 11.375], "texture": "#0"},
				"east": {"uv": [9.25, 11.875, 9.5, 12.25], "texture": "#0"},
				"south": {"uv": [8.625, 11, 9.125, 11.375], "texture": "#0"},
				"west": {"uv": [11.625, 11.875, 11.875, 12.25], "texture": "#0"},
				"up": {"uv": [7.625, 11.75, 7.125, 11.5], "texture": "#0"},
				"down": {"uv": [8.125, 11.5, 7.625, 11.75], "texture": "#0"}
			}
		},
		{
			"name": "hexadecagon",
			"from": [-2, 23, 7.4087],
			"to": [2, 25, 10.5913],
			"rotation": {"angle": -22.5, "axis": "x", "origin": [1.5, 17, 9]},
			"faces": {
				"north": {"uv": [11.125, 11.5, 11.625, 11.75], "texture": "#0"},
				"east": {"uv": [11.875, 11.875, 12.25, 12.125], "texture": "#0"},
				"south": {"uv": [11.5, 2, 12, 2.25], "texture": "#0"},
				"west": {"uv": [11.875, 3.375, 12.25, 3.625], "texture": "#0"},
				"up": {"uv": [9.625, 11.375, 9.125, 11], "texture": "#0"},
				"down": {"uv": [10.125, 11, 9.625, 11.375], "texture": "#0"}
			}
		},
		{
			"name": "hexadecagon",
			"from": [-2, 15.4087, 15],
			"to": [2, 18.5913, 17],
			"rotation": {"angle": -22.5, "axis": "x", "origin": [1.5, 17, 9]},
			"faces": {
				"north": {"uv": [10.625, 11, 11.125, 11.375], "texture": "#0"},
				"east": {"uv": [11.875, 3.625, 12.125, 4], "texture": "#0"},
				"south": {"uv": [11, 2, 11.5, 2.375], "texture": "#0"},
				"west": {"uv": [11.875, 4, 12.125, 4.375], "texture": "#0"},
				"up": {"uv": [12, 2.5, 11.5, 2.25], "texture": "#0"},
				"down": {"uv": [12, 2.5, 11.5, 2.75], "texture": "#0"}
			}
		},
		{
			"name": "hexadecagon",
			"from": [-2, 15.4087, 15],
			"to": [2, 18.5913, 17],
			"rotation": {"angle": 0, "axis": "x", "origin": [1.5, 17, 9]},
			"faces": {
				"north": {"uv": [11, 2.375, 11.5, 2.75], "texture": "#0"},
				"east": {"uv": [11.875, 6.625, 12.125, 7], "texture": "#0"},
				"south": {"uv": [0.75, 11.125, 1.25, 11.5], "texture": "#0"},
				"west": {"uv": [11.875, 10.25, 12.125, 10.625], "texture": "#0"},
				"up": {"uv": [12, 3, 11.5, 2.75], "texture": "#0"},
				"down": {"uv": [12, 8.625, 11.5, 8.875], "texture": "#0"}
			}
		},
		{
			"name": "hexadecagon",
			"from": [-2, 15.4087, 15],
			"to": [2, 18.5913, 17],
			"rotation": {"angle": 22.5, "axis": "x", "origin": [1.5, 17, 9]},
			"faces": {
				"north": {"uv": [1.25, 11.125, 1.75, 11.5], "texture": "#0"},
				"east": {"uv": [11.875, 11.125, 12.125, 11.5], "texture": "#0"},
				"south": {"uv": [1.75, 11.125, 2.25, 11.5], "texture": "#0"},
				"west": {"uv": [1.875, 12, 2.125, 12.375], "texture": "#0"},
				"up": {"uv": [12, 9.125, 11.5, 8.875], "texture": "#0"},
				"down": {"uv": [12, 9.125, 11.5, 9.375], "texture": "#0"}
			}
		},
		{
			"name": "hexadecagon",
			"from": [-2, 23, 7.4087],
			"to": [2, 25, 10.5913],
			"rotation": {"angle": 0, "axis": "x", "origin": [1.5, 17, 9]},
			"faces": {
				"north": {"uv": [5.625, 11.625, 6.125, 11.875], "texture": "#0"},
				"east": {"uv": [11.875, 8.375, 12.25, 8.625], "texture": "#0"},
				"south": {"uv": [6.125, 11.625, 6.625, 11.875], "texture": "#0"},
				"west": {"uv": [2.125, 12, 2.5, 12.25], "texture": "#0"},
				"up": {"uv": [2.75, 11.5, 2.25, 11.125], "texture": "#0"},
				"down": {"uv": [3.25, 11.125, 2.75, 11.5], "texture": "#0"}
			}
		},
		{
			"name": "hexadecagon",
			"from": [-2, 23, 7.4087],
			"to": [2, 25, 10.5913],
			"rotation": {"angle": 22.5, "axis": "x", "origin": [1.5, 17, 9]},
			"faces": {
				"north": {"uv": [6.625, 11.625, 7.125, 11.875], "texture": "#0"},
				"east": {"uv": [3.625, 12, 4, 12.25], "texture": "#0"},
				"south": {"uv": [8.125, 11.625, 8.625, 11.875], "texture": "#0"},
				"west": {"uv": [4, 12, 4.375, 12.25], "texture": "#0"},
				"up": {"uv": [3.75, 11.5, 3.25, 11.125], "texture": "#0"},
				"down": {"uv": [4.25, 11.125, 3.75, 11.5], "texture": "#0"}
			}
		},
		{
			"name": "hexadecagon",
			"from": [-2, 23, 7.4087],
			"to": [2, 25, 10.5913],
			"rotation": {"angle": 45, "axis": "x", "origin": [1.5, 17, 9]},
			"faces": {
				"north": {"uv": [8.625, 11.625, 9.125, 11.875], "texture": "#0"},
				"east": {"uv": [5.125, 12, 5.5, 12.25], "texture": "#0"},
				"south": {"uv": [9.125, 11.625, 9.625, 11.875], "texture": "#0"},
				"west": {"uv": [7, 12, 7.375, 12.25], "texture": "#0"},
				"up": {"uv": [4.75, 11.5, 4.25, 11.125], "texture": "#0"},
				"down": {"uv": [7.625, 11.125, 7.125, 11.5], "texture": "#0"}
			}
		},
		{
			"from": [19, 12, 6.75],
			"to": [20, 15, 10.75],
			"rotation": {"angle": 22.5, "axis": "x", "origin": [8, 14, 20.75]},
			"faces": {
				"north": {"uv": [1, 12.125, 1.125, 12.5], "texture": "#0"},
				"east": {"uv": [7.625, 11.125, 8.125, 11.5], "texture": "#0"},
				"south": {"uv": [1.125, 12.125, 1.25, 12.5], "texture": "#0"},
				"west": {"uv": [11.125, 11.125, 11.625, 11.5], "texture": "#0"},
				"up": {"uv": [7.875, 12.5, 7.75, 12], "texture": "#0"},
				"down": {"uv": [11.375, 12, 11.25, 12.5], "texture": "#0"}
			}
		},
		{
			"from": [20, 12.5, 7.25],
			"to": [21, 14.5, 10.25],
			"rotation": {"angle": 22.5, "axis": "x", "origin": [8, 14, 20.75]},
			"faces": {
				"north": {"uv": [2.75, 6.75, 2.875, 7], "texture": "#0"},
				"east": {"uv": [7.375, 12, 7.75, 12.25], "texture": "#0"},
				"south": {"uv": [5.75, 7, 5.875, 7.25], "texture": "#0"},
				"west": {"uv": [10.5, 12, 10.875, 12.25], "texture": "#0"},
				"up": {"uv": [1.375, 12.5, 1.25, 12.125], "texture": "#0"},
				"down": {"uv": [1.5, 12.125, 1.375, 12.5], "texture": "#0"}
			}
		},
		{
			"from": [20.25, 13, 5.25],
			"to": [20.75, 14, 12.25],
			"rotation": {"angle": 22.5, "axis": "x", "origin": [8, 14, 20.75]},
			"faces": {
				"north": {"uv": [10.5, 9.25, 10.625, 9.375], "texture": "#0"},
				"east": {"uv": [1, 9.25, 1.875, 9.375], "texture": "#0"},
				"south": {"uv": [11, 11.625, 11.125, 11.75], "texture": "#0"},
				"west": {"uv": [6, 9.375, 6.875, 9.5], "texture": "#0"},
				"up": {"uv": [4.75, 12.375, 4.625, 11.5], "texture": "#0"},
				"down": {"uv": [9.75, 11.625, 9.625, 12.5], "texture": "#0"}
			}
		},
		{
			"from": [20.25, 11, 11.25],
			"to": [20.75, 13, 12.25],
			"rotation": {"angle": 22.5, "axis": "x", "origin": [8, 14, 20.75]},
			"faces": {
				"north": {"uv": [2.875, 8.5, 3, 8.75], "texture": "#0"},
				"east": {"uv": [2.75, 8.875, 2.875, 9.125], "texture": "#0"},
				"south": {"uv": [0.625, 11.25, 0.75, 11.5], "texture": "#0"},
				"west": {"uv": [3.25, 12.125, 3.375, 12.375], "texture": "#0"},
				"up": {"uv": [5.625, 11.875, 5.5, 11.75], "texture": "#0"},
				"down": {"uv": [7.125, 11.875, 7, 12], "texture": "#0"}
			}
		},
		{
			"from": [20.25, 10, 5.25],
			"to": [20.75, 11, 12.25],
			"rotation": {"angle": 22.5, "axis": "x", "origin": [8, 14, 20.75]},
			"faces": {
				"north": {"uv": [8.25, 12.125, 8.375, 12.25], "texture": "#0"},
				"east": {"uv": [10.375, 8.25, 11.25, 8.375], "texture": "#0"},
				"south": {"uv": [8.375, 12.125, 8.5, 12.25], "texture": "#0"},
				"west": {"uv": [10.5, 9.375, 11.375, 9.5], "texture": "#0"},
				"up": {"uv": [9.875, 12.5, 9.75, 11.625], "texture": "#0"},
				"down": {"uv": [10, 11.625, 9.875, 12.5], "texture": "#0"}
			}
		},
		{
			"from": [20.25, 11, 5.25],
			"to": [20.75, 13, 6.25],
			"rotation": {"angle": 22.5, "axis": "x", "origin": [8, 14, 20.75]},
			"faces": {
				"north": {"uv": [3.375, 12.125, 3.5, 12.375], "texture": "#0"},
				"east": {"uv": [3.5, 12.125, 3.625, 12.375], "texture": "#0"},
				"south": {"uv": [4.75, 12.125, 4.875, 12.375], "texture": "#0"},
				"west": {"uv": [4.875, 12.125, 5, 12.375], "texture": "#0"},
				"up": {"uv": [8.625, 12.25, 8.5, 12.125], "texture": "#0"},
				"down": {"uv": [8.75, 12.125, 8.625, 12.25], "texture": "#0"}
			}
		},
		{
			"from": [-4, 12, 6.75],
			"to": [-3, 15, 10.75],
			"rotation": {"angle": 22.5, "axis": "x", "origin": [8, 14, 20.75]},
			"faces": {
				"north": {"uv": [1.5, 12.125, 1.625, 12.5], "texture": "#0"},
				"east": {"uv": [11.125, 5.875, 11.625, 6.25], "texture": "#0"},
				"south": {"uv": [1.625, 12.125, 1.75, 12.5], "texture": "#0"},
				"west": {"uv": [11.125, 6.25, 11.625, 6.625], "texture": "#0"},
				"up": {"uv": [12.125, 9.125, 12, 8.625], "texture": "#0"},
				"down": {"uv": [12.125, 9.5, 12, 10], "texture": "#0"}
			}
		},
		{
			"from": [-5, 12.5, 7.25],
			"to": [-4, 14.5, 10.25],
			"rotation": {"angle": 22.5, "axis": "x", "origin": [8, 14, 20.75]},
			"faces": {
				"north": {"uv": [5, 12.125, 5.125, 12.375], "texture": "#0"},
				"east": {"uv": [10.875, 12, 11.25, 12.25], "texture": "#0"},
				"south": {"uv": [6.25, 12.125, 6.375, 12.375], "texture": "#0"},
				"west": {"uv": [12, 0.75, 12.375, 1], "texture": "#0"},
				"up": {"uv": [1.875, 12.5, 1.75, 12.125], "texture": "#0"},
				"down": {"uv": [2.75, 12.125, 2.625, 12.5], "texture": "#0"}
			}
		},
		{
			"from": [-4.75, 13, 5.25],
			"to": [-4.25, 14, 12.25],
			"rotation": {"angle": 22.5, "axis": "x", "origin": [8, 14, 20.75]},
			"faces": {
				"north": {"uv": [8.75, 12.125, 8.875, 12.25], "texture": "#0"},
				"east": {"uv": [11.125, 11, 12, 11.125], "texture": "#0"},
				"south": {"uv": [8.875, 12.125, 9, 12.25], "texture": "#0"},
				"west": {"uv": [11.25, 3.25, 12.125, 3.375], "texture": "#0"},
				"up": {"uv": [10.125, 12.5, 10, 11.625], "texture": "#0"},
				"down": {"uv": [10.25, 11.625, 10.125, 12.5], "texture": "#0"}
			}
		},
		{
			"from": [-4.75, 11, 11.25],
			"to": [-4.25, 13, 12.25],
			"rotation": {"angle": 22.5, "axis": "x", "origin": [8, 14, 20.75]},
			"faces": {
				"north": {"uv": [6.375, 12.125, 6.5, 12.375], "texture": "#0"},
				"east": {"uv": [6.5, 12.125, 6.625, 12.375], "texture": "#0"},
				"south": {"uv": [6.625, 12.125, 6.75, 12.375], "texture": "#0"},
				"west": {"uv": [6.75, 12.125, 6.875, 12.375], "texture": "#0"},
				"up": {"uv": [9.125, 12.25, 9, 12.125], "texture": "#0"},
				"down": {"uv": [9.25, 12.125, 9.125, 12.25], "texture": "#0"}
			}
		},
		{
			"from": [-4.75, 10, 5.25],
			"to": [-4.25, 11, 12.25],
			"rotation": {"angle": 22.5, "axis": "x", "origin": [8, 14, 20.75]},
			"faces": {
				"north": {"uv": [11.375, 12.125, 11.5, 12.25], "texture": "#0"},
				"east": {"uv": [11.25, 8.25, 12.125, 8.375], "texture": "#0"},
				"south": {"uv": [11.5, 12.125, 11.625, 12.25], "texture": "#0"},
				"west": {"uv": [11.375, 7.125, 12.25, 7.25], "texture": "#0"},
				"up": {"uv": [10.375, 12.5, 10.25, 11.625], "texture": "#0"},
				"down": {"uv": [10.5, 11.625, 10.375, 12.5], "texture": "#0"}
			}
		},
		{
			"from": [-4.75, 11, 5.25],
			"to": [-4.25, 13, 6.25],
			"rotation": {"angle": 22.5, "axis": "x", "origin": [8, 14, 20.75]},
			"faces": {
				"north": {"uv": [6.875, 12.125, 7, 12.375], "texture": "#0"},
				"east": {"uv": [7.875, 12.125, 8, 12.375], "texture": "#0"},
				"south": {"uv": [8, 12.125, 8.125, 12.375], "texture": "#0"},
				"west": {"uv": [8.125, 12.125, 8.25, 12.375], "texture": "#0"},
				"up": {"uv": [12, 12.25, 11.875, 12.125], "texture": "#0"},
				"down": {"uv": [12.125, 12.125, 12, 12.25], "texture": "#0"}
			}
		},
		{
			"from": [0, 8.25, -1],
			"to": [5, 13.25, 4],
			"faces": {
				"north": {"uv": [10, 8.625, 10.625, 9.25], "texture": "#0"},
				"east": {"uv": [0.75, 10.125, 1.375, 10.75], "texture": "#0"},
				"south": {"uv": [1.375, 10.125, 2, 10.75], "texture": "#0"},
				"west": {"uv": [2, 10.125, 2.625, 10.75], "texture": "#0"},
				"up": {"uv": [3.25, 10.75, 2.625, 10.125], "texture": "#0"},
				"down": {"uv": [3.875, 10.125, 3.25, 10.75], "texture": "#0"}
			}
		},
		{
			"from": [13, 13.08239, 2.61313],
			"to": [18, 14.08239, 7.61313],
			"rotation": {"angle": 0, "axis": "y", "origin": [-8, -0.16761, 0.61313]},
			"faces": {
				"north": {"uv": [11.75, 1.875, 12.375, 2], "texture": "#0"},
				"east": {"uv": [11.875, 7, 12.5, 7.125], "texture": "#0"},
				"south": {"uv": [11.875, 10.625, 12.5, 10.75], "texture": "#0"},
				"west": {"uv": [12, 1, 12.625, 1.125], "texture": "#0"},
				"up": {"uv": [4.5, 10.75, 3.875, 10.125], "texture": "#0"},
				"down": {"uv": [5.125, 10.125, 4.5, 10.75], "texture": "#0"}
			}
		},
		{
			"from": [12, 13.08239, 8.61313],
			"to": [17, 14.08239, 13.61313],
			"rotation": {"angle": 0, "axis": "y", "origin": [-8, -0.16761, 0.61313]},
			"faces": {
				"north": {"uv": [11.75, 1.875, 12.375, 2], "texture": "#0"},
				"east": {"uv": [11.875, 7, 12.5, 7.125], "texture": "#0"},
				"south": {"uv": [11.875, 10.625, 12.5, 10.75], "texture": "#0"},
				"west": {"uv": [12, 1, 12.625, 1.125], "texture": "#0"},
				"up": {"uv": [4.5, 10.75, 3.875, 10.125], "texture": "#0"},
				"down": {"uv": [5.125, 10.125, 4.5, 10.75], "texture": "#0"}
			}
		},
		{
			"from": [7, 13.08239, 5.61313],
			"to": [12, 14.08239, 10.61313],
			"rotation": {"angle": 0, "axis": "y", "origin": [-8, -0.16761, 0.61313]},
			"faces": {
				"north": {"uv": [11.75, 1.875, 12.375, 2], "texture": "#0"},
				"east": {"uv": [11.875, 7, 12.5, 7.125], "texture": "#0"},
				"south": {"uv": [11.875, 10.625, 12.5, 10.75], "texture": "#0"},
				"west": {"uv": [12, 1, 12.625, 1.125], "texture": "#0"},
				"up": {"uv": [4.5, 10.75, 3.875, 10.125], "texture": "#0"},
				"down": {"uv": [5.125, 10.125, 4.5, 10.75], "texture": "#0"}
			}
		},
		{
			"from": [7, 13.08239, 0.61313],
			"to": [12, 14.08239, 5.61313],
			"rotation": {"angle": 0, "axis": "y", "origin": [-8, -0.16761, 0.61313]},
			"faces": {
				"north": {"uv": [11.75, 1.875, 12.375, 2], "texture": "#0"},
				"east": {"uv": [11.875, 7, 12.5, 7.125], "texture": "#0"},
				"south": {"uv": [11.875, 10.625, 12.5, 10.75], "texture": "#0"},
				"west": {"uv": [12, 1, 12.625, 1.125], "texture": "#0"},
				"up": {"uv": [4.5, 10.75, 3.875, 10.125], "texture": "#0"},
				"down": {"uv": [5.125, 10.125, 4.5, 10.75], "texture": "#0"}
			}
		},
		{
			"from": [11, 14.08239, -3.38687],
			"to": [16, 15.08239, 1.61313],
			"rotation": {"angle": -22.5, "axis": "y", "origin": [-8, -0.16761, 0.61313]},
			"faces": {
				"north": {"uv": [11.75, 1.875, 12.375, 2], "texture": "#0"},
				"east": {"uv": [11.875, 7, 12.5, 7.125], "texture": "#0"},
				"south": {"uv": [11.875, 10.625, 12.5, 10.75], "texture": "#0"},
				"west": {"uv": [12, 1, 12.625, 1.125], "texture": "#0"},
				"up": {"uv": [4.5, 10.75, 3.875, 10.125], "texture": "#0"},
				"down": {"uv": [5.125, 10.125, 4.5, 10.75], "texture": "#0"}
			}
		},
		{
			"from": [-4, 14.08239, 9.61313],
			"to": [1, 15.08239, 14.61313],
			"rotation": {"angle": 22.5, "axis": "y", "origin": [-8, -0.16761, 0.61313]},
			"faces": {
				"north": {"uv": [12, 1, 12.625, 1.125], "texture": "#0"},
				"east": {"uv": [11.75, 1.875, 12.375, 2], "texture": "#0"},
				"south": {"uv": [11.875, 7, 12.5, 7.125], "texture": "#0"},
				"west": {"uv": [11.875, 10.625, 12.5, 10.75], "texture": "#0"},
				"up": {"uv": [4.5, 10.75, 3.875, 10.125], "rotation": 90, "texture": "#0"},
				"down": {"uv": [5.125, 10.125, 4.5, 10.75], "rotation": 270, "texture": "#0"}
			}
		},
		{
			"from": [4, 14.08239, 0.61313],
			"to": [9, 15.08239, 5.61313],
			"rotation": {"angle": 0, "axis": "y", "origin": [-8, -0.16761, 0.61313]},
			"faces": {
				"north": {"uv": [12, 1, 12.625, 1.125], "texture": "#0"},
				"east": {"uv": [11.75, 1.875, 12.375, 2], "texture": "#0"},
				"south": {"uv": [11.875, 7, 12.5, 7.125], "texture": "#0"},
				"west": {"uv": [11.875, 10.625, 12.5, 10.75], "texture": "#0"},
				"up": {"uv": [4.5, 10.75, 3.875, 10.125], "rotation": 90, "texture": "#0"},
				"down": {"uv": [5.125, 10.125, 4.5, 10.75], "rotation": 270, "texture": "#0"}
			}
		},
		{
			"from": [-1, 13.08239, 2.61313],
			"to": [4, 14.08239, 7.61313],
			"rotation": {"angle": -22.5, "axis": "y", "origin": [-8, -0.16761, 0.61313]},
			"faces": {
				"north": {"uv": [11.75, 1.875, 12.375, 2], "texture": "#0"},
				"east": {"uv": [11.875, 7, 12.5, 7.125], "texture": "#0"},
				"south": {"uv": [11.875, 10.625, 12.5, 10.75], "texture": "#0"},
				"west": {"uv": [12, 1, 12.625, 1.125], "texture": "#0"},
				"up": {"uv": [4.5, 10.75, 3.875, 10.125], "texture": "#0"},
				"down": {"uv": [5.125, 10.125, 4.5, 10.75], "texture": "#0"}
			}
		},
		{
			"from": [1.75, 13.08239, 3.61313],
			"to": [6.75, 14.08239, 8.61313],
			"rotation": {"angle": 0, "axis": "y", "origin": [-8, -0.16761, 0.61313]},
			"faces": {
				"north": {"uv": [11.75, 1.875, 12.375, 2], "texture": "#0"},
				"east": {"uv": [11.875, 7, 12.5, 7.125], "texture": "#0"},
				"south": {"uv": [11.875, 10.625, 12.5, 10.75], "texture": "#0"},
				"west": {"uv": [12, 1, 12.625, 1.125], "texture": "#0"},
				"up": {"uv": [4.5, 10.75, 3.875, 10.125], "texture": "#0"},
				"down": {"uv": [5.125, 10.125, 4.5, 10.75], "texture": "#0"}
			}
		},
		{
			"from": [-10.25, 0, -0.38687],
			"to": [-5.25, 1, 4.61313],
			"rotation": {"angle": 0, "axis": "y", "origin": [-8, -0.16761, 0.61313]},
			"faces": {
				"north": {"uv": [11.75, 1.875, 12.375, 2], "texture": "#0"},
				"east": {"uv": [11.875, 7, 12.5, 7.125], "texture": "#0"},
				"south": {"uv": [11.875, 10.625, 12.5, 10.75], "texture": "#0"},
				"west": {"uv": [12, 1, 12.625, 1.125], "texture": "#0"},
				"up": {"uv": [4.5, 10.75, 3.875, 10.125], "texture": "#0"},
				"down": {"uv": [5.125, 10.125, 4.5, 10.75], "texture": "#0"}
			}
		},
		{
			"from": [-2.25, 0, 16.61313],
			"to": [2.75, 1, 21.61313],
			"rotation": {"angle": 0, "axis": "y", "origin": [-8, -0.16761, 0.61313]},
			"faces": {
				"north": {"uv": [11.75, 1.875, 12.375, 2], "texture": "#0"},
				"east": {"uv": [11.875, 7, 12.5, 7.125], "texture": "#0"},
				"south": {"uv": [11.875, 10.625, 12.5, 10.75], "texture": "#0"},
				"west": {"uv": [12, 1, 12.625, 1.125], "texture": "#0"},
				"up": {"uv": [4.5, 10.75, 3.875, 10.125], "texture": "#0"},
				"down": {"uv": [5.125, 10.125, 4.5, 10.75], "texture": "#0"}
			}
		},
		{
			"from": [14.75, 0, 1.61313],
			"to": [19.75, 1, 6.61313],
			"rotation": {"angle": -45, "axis": "y", "origin": [-8, -0.16761, 0.61313]},
			"faces": {
				"north": {"uv": [11.75, 1.875, 12.375, 2], "texture": "#0"},
				"east": {"uv": [11.875, 7, 12.5, 7.125], "texture": "#0"},
				"south": {"uv": [11.875, 10.625, 12.5, 10.75], "texture": "#0"},
				"west": {"uv": [12, 1, 12.625, 1.125], "texture": "#0"},
				"up": {"uv": [4.5, 10.75, 3.875, 10.125], "texture": "#0"},
				"down": {"uv": [5.125, 10.125, 4.5, 10.75], "texture": "#0"}
			}
		},
		{
			"from": [-5.25, 0, -6.38687],
			"to": [-0.25, 1, -1.38687],
			"rotation": {"angle": 0, "axis": "y", "origin": [-8, -0.16761, 0.61313]},
			"faces": {
				"north": {"uv": [11.75, 1.875, 12.375, 2], "texture": "#0"},
				"east": {"uv": [11.875, 7, 12.5, 7.125], "texture": "#0"},
				"south": {"uv": [11.875, 10.625, 12.5, 10.75], "texture": "#0"},
				"west": {"uv": [12, 1, 12.625, 1.125], "texture": "#0"},
				"up": {"uv": [4.5, 10.75, 3.875, 10.125], "texture": "#0"},
				"down": {"uv": [5.125, 10.125, 4.5, 10.75], "texture": "#0"}
			}
		},
		{
			"from": [20.75, 0, -0.38687],
			"to": [25.75, 1, 4.61313],
			"rotation": {"angle": 0, "axis": "y", "origin": [-8, -0.16761, 0.61313]},
			"faces": {
				"north": {"uv": [11.75, 1.875, 12.375, 2], "texture": "#0"},
				"east": {"uv": [11.875, 7, 12.5, 7.125], "texture": "#0"},
				"south": {"uv": [11.875, 10.625, 12.5, 10.75], "texture": "#0"},
				"west": {"uv": [12, 1, 12.625, 1.125], "texture": "#0"},
				"up": {"uv": [4.5, 10.75, 3.875, 10.125], "texture": "#0"},
				"down": {"uv": [5.125, 10.125, 4.5, 10.75], "texture": "#0"}
			}
		},
		{
			"from": [-12.25, 0, -6.38687],
			"to": [-7.25, 1, -1.38687],
			"rotation": {"angle": 0, "axis": "y", "origin": [-8, -0.16761, 0.61313]},
			"faces": {
				"north": {"uv": [11.75, 1.875, 12.375, 2], "texture": "#0"},
				"east": {"uv": [11.875, 7, 12.5, 7.125], "texture": "#0"},
				"south": {"uv": [11.875, 10.625, 12.5, 10.75], "texture": "#0"},
				"west": {"uv": [12, 1, 12.625, 1.125], "texture": "#0"},
				"up": {"uv": [4.5, 10.75, 3.875, 10.125], "texture": "#0"},
				"down": {"uv": [5.125, 10.125, 4.5, 10.75], "texture": "#0"}
			}
		},
		{
			"from": [18.75, 0, -6.38687],
			"to": [23.75, 1, -1.38687],
			"rotation": {"angle": 0, "axis": "y", "origin": [-8, -0.16761, 0.61313]},
			"faces": {
				"north": {"uv": [11.75, 1.875, 12.375, 2], "texture": "#0"},
				"east": {"uv": [11.875, 7, 12.5, 7.125], "texture": "#0"},
				"south": {"uv": [11.875, 10.625, 12.5, 10.75], "texture": "#0"},
				"west": {"uv": [12, 1, 12.625, 1.125], "texture": "#0"},
				"up": {"uv": [4.5, 10.75, 3.875, 10.125], "texture": "#0"},
				"down": {"uv": [5.125, 10.125, 4.5, 10.75], "texture": "#0"}
			}
		},
		{
			"from": [-11.25, 1, -5.38687],
			"to": [-6.25, 2, -0.38687],
			"rotation": {"angle": -45, "axis": "y", "origin": [-8, -0.16761, 0.61313]},
			"faces": {
				"north": {"uv": [11.75, 1.875, 12.375, 2], "texture": "#0"},
				"east": {"uv": [11.875, 7, 12.5, 7.125], "texture": "#0"},
				"south": {"uv": [11.875, 10.625, 12.5, 10.75], "texture": "#0"},
				"west": {"uv": [12, 1, 12.625, 1.125], "texture": "#0"},
				"up": {"uv": [4.5, 10.75, 3.875, 10.125], "texture": "#0"},
				"down": {"uv": [5.125, 10.125, 4.5, 10.75], "texture": "#0"}
			}
		}
	],
	"groups": [
		{
			"name": "Vote Crate",
			"origin": [8, 8, 8],
			"children": [
				{
					"name": "Body",
					"origin": [8, 8, 8],
					"children": [0, 1, 2, 3, 4, 5, 6, 7, 8]
				},
				{
					"name": "Extra",
					"origin": [8, 8, 8],
					"children": [9, 10, 11, 12, 13]
				},
				{
					"name": "Cover",
					"origin": [8, 8, 8],
					"children": [
						{
							"name": "hexadecagon",
							"origin": [8, 8, 8],
							"children": [14, 15, 16, 17, 18, 19, 20, 21, 22, 23, 24]
						}
					]
				},
				{
					"name": "Metal",
					"origin": [8, 8, 8],
					"children": [25, 26, 27, 28, 29, 30, 31, 32, 33, 34,
						{
							"name": "hexadecagon",
							"origin": [8, 8, 8],
							"children": [35, 36, 37, 38, 39, 40, 41, 42, 43]
						},
						{
							"name": "hexadecagon",
							"origin": [8, 8, 8],
							"children": [44, 45, 46, 47, 48, 49, 50, 51, 52, 53, 54, 55, 56, 57, 58, 59, 60, 61, 62, 63, 64]
						}
					]
				},
				{
					"name": "Handles",
					"origin": [8, 8, 8],
					"children": [65, 66, 67, 68, 69, 70,
						{
							"name": "Handles",
							"origin": [8, 8, 8],
							"children": [71, 72, 73, 74, 75, 76]
						}
					]
				},
				{
					"name": "Loot",
					"origin": [8, 8, 8],
					"children": [77, 78, 79, 80, 81, 82, 83, 84, 85, 86, 87, 88, 89, 90, 91, 92, 93, 94]
				}
			]
		}
	]
}