{
	"credit": "Made with Blockbench",
	"texture_size": [64, 64],
	"textures": {
		"0": "item/thanksgiving/turkey_alive",
		"particle": "item/thanksgiving/turkey_alive"
	},
	"elements": [
		{
			"from": [7.4, 0, 2],
			"to": [12.4, 0.5, 3],
			"rotation": {"angle": 0, "axis": "z", "origin": [11.75, 0.4, 8]},
			"faces": {
				"north": {"uv": [10.25, 8.75, 11.5, 8.875], "texture": "#0"},
				"east": {"uv": [11.5, 7, 11.75, 7.125], "texture": "#0"},
				"south": {"uv": [10.25, 9, 11.5, 9.125], "texture": "#0"},
				"west": {"uv": [11.5, 7.25, 11.75, 7.375], "texture": "#0"},
				"up": {"uv": [2.75, 9, 1.5, 8.75], "texture": "#0"},
				"down": {"uv": [2.75, 9, 1.5, 9.25], "texture": "#0"}
			}
		},
		{
			"from": [8.4, 0, 1],
			"to": [11.4, 0.5, 2],
			"rotation": {"angle": 0, "axis": "z", "origin": [11.75, 0.4, 8]},
			"faces": {
				"north": {"uv": [5.75, 10.75, 6.5, 10.875], "texture": "#0"},
				"east": {"uv": [11.5, 8, 11.75, 8.125], "texture": "#0"},
				"south": {"uv": [10.75, 5.75, 11.5, 5.875], "texture": "#0"},
				"west": {"uv": [11.5, 8.25, 11.75, 8.375], "texture": "#0"},
				"up": {"uv": [11, 5.25, 10.25, 5], "texture": "#0"},
				"down": {"uv": [11, 5.25, 10.25, 5.5], "texture": "#0"}
			}
		},
		{
			"from": [7.4, 0, 13],
			"to": [12.4, 0.5, 14],
			"rotation": {"angle": 0, "axis": "z", "origin": [11.75, 0.4, 8]},
			"faces": {
				"north": {"uv": [10.25, 7, 11.5, 7.125], "texture": "#0"},
				"east": {"uv": [6.75, 11.5, 7, 11.625], "texture": "#0"},
				"south": {"uv": [10.25, 7.25, 11.5, 7.375], "texture": "#0"},
				"west": {"uv": [7, 11.5, 7.25, 11.625], "texture": "#0"},
				"up": {"uv": [6.25, 3.5, 5, 3.25], "texture": "#0"},
				"down": {"uv": [8.25, 3, 7, 3.25], "texture": "#0"}
			}
		},
		{
			"from": [8.4, 0, 14],
			"to": [11.4, 0.5, 15],
			"rotation": {"angle": 0, "axis": "z", "origin": [11.75, 0.4, 8]},
			"faces": {
				"north": {"uv": [10.75, 4.75, 11.5, 4.875], "texture": "#0"},
				"east": {"uv": [7.75, 11.5, 8, 11.625], "texture": "#0"},
				"south": {"uv": [10.75, 5.5, 11.5, 5.625], "texture": "#0"},
				"west": {"uv": [8, 11.5, 8.25, 11.625], "texture": "#0"},
				"up": {"uv": [11, 4.25, 10.25, 4], "texture": "#0"},
				"down": {"uv": [11, 4.25, 10.25, 4.5], "texture": "#0"}
			}
		},
		{
			"from": [6.5, 0, 3],
			"to": [13.5, 0.5, 13],
			"rotation": {"angle": 0, "axis": "z", "origin": [11.75, 0.4, 8]},
			"faces": {
				"north": {"uv": [10, 8.5, 11.75, 8.625], "texture": "#0"},
				"east": {"uv": [9.5, 2.25, 12, 2.375], "texture": "#0"},
				"south": {"uv": [10, 9.75, 11.75, 9.875], "texture": "#0"},
				"west": {"uv": [3, 9.5, 5.5, 9.625], "texture": "#0"},
				"up": {"uv": [4.25, 6, 2.5, 3.5], "texture": "#0"},
				"down": {"uv": [1.75, 4, 0, 6.5], "texture": "#0"}
			}
		},
		{
			"from": [5.5, 0, 10],
			"to": [6.5, 0.5, 12],
			"rotation": {"angle": 0, "axis": "z", "origin": [11.75, 0.4, 8]},
			"faces": {
				"north": {"uv": [10.75, 11, 11.25, 11.125], "texture": "#0"},
				"east": {"uv": [11, 10.75, 11.5, 10.875], "texture": "#0"},
				"south": {"uv": [11.25, 0, 11.75, 0.125], "texture": "#0"},
				"west": {"uv": [11.25, 0.25, 11.75, 0.375], "texture": "#0"},
				"up": {"uv": [2.5, 10.25, 2, 9.75], "texture": "#0"},
				"down": {"uv": [3, 9.75, 2.5, 10.25], "texture": "#0"}
			}
		},
		{
			"from": [5.5, 0, 7],
			"to": [6.5, 0.5, 9],
			"rotation": {"angle": 0, "axis": "z", "origin": [11.75, 0.4, 8]},
			"faces": {
				"north": {"uv": [11.25, 1.25, 11.75, 1.375], "texture": "#0"},
				"east": {"uv": [11.25, 1.5, 11.75, 1.625], "texture": "#0"},
				"south": {"uv": [11.25, 1.75, 11.75, 1.875], "texture": "#0"},
				"west": {"uv": [2, 11.25, 2.5, 11.375], "texture": "#0"},
				"up": {"uv": [4, 10.25, 3.5, 9.75], "texture": "#0"},
				"down": {"uv": [10.25, 3.5, 9.75, 4], "texture": "#0"}
			}
		},
		{
			"from": [5.5, 0, 4],
			"to": [6.5, 0.5, 6],
			"rotation": {"angle": 0, "axis": "z", "origin": [11.75, 0.4, 8]},
			"faces": {
				"north": {"uv": [11.25, 0.5, 11.75, 0.625], "texture": "#0"},
				"east": {"uv": [11.25, 0.75, 11.75, 0.875], "texture": "#0"},
				"south": {"uv": [1, 11.25, 1.5, 11.375], "texture": "#0"},
				"west": {"uv": [11.25, 1, 11.75, 1.125], "texture": "#0"},
				"up": {"uv": [3.5, 10.25, 3, 9.75], "texture": "#0"},
				"down": {"uv": [10.25, 3, 9.75, 3.5], "texture": "#0"}
			}
		}
	],
	"display": {
		"thirdperson_righthand": {
			"rotation": [65.29, 90, 26],
			"translation": [0, -1.25, -1.75],
			"scale": [0.5, 0.5, 0.5]
		},
		"thirdperson_lefthand": {
			"rotation": [68, -90, -26],
			"translation": [0, -1.25, -1.75],
			"scale": [0.5, 0.5, 0.5]
		},
		"firstperson_righthand": {
			"rotation": [-180, -14.75, -180],
			"translation": [1.25, 2.5, 0],
			"scale": [0.5, 0.5, 0.5]
		},
		"firstperson_lefthand": {
			"rotation": [0, 14, 0],
			"translation": [1.25, 2.5, 0],
			"scale": [0.5, 0.5, 0.5]
		},
		"ground": {
			"translation": [0, 7.75, 0]
		},
		"gui": {
			"rotation": [26, -132, 0],
			"translation": [-0.5, -1.25, 0],
			"scale": [0.7, 0.7, 0.7]
		},
		"head": {
			"rotation": [0, 90, 0],
			"translation": [0, 22.4, 0],
			"scale": [2, 2, 2]
		},
		"fixed": {
			"rotation": [0, 90, 0],
			"translation": [0, -1.5, 0]
		}
	},
	"groups": [
		{
			"name": "Tail",
			"origin": [3.6, 4.65, 1],
			"color": 0,
			"nbt": "{}",
			"armAnimationEnabled": false,
			"children": [0, 1, 2, 3, 4, 5, 6, 7]
		}
	]
}