{
	"credit": "Made by ChainArts",
	"texture_size": [64, 64],
	"textures": {
		"0": "item/easter/egg1",
		"particle": "item/easter/egg1"
	},
	"elements": [
		{
			"from": [11.5, 6, -8.8],
			"to": [12.5, 9, -7.8],
			"rotation": {"angle": 45, "axis": "x", "origin": [8, 0, 0.2]},
			"faces": {
				"north": {"uv": [3.5, 8.25, 3.25, 7.5], "rotation": 180, "texture": "#0"},
				"east": {"uv": [7.5, 2.75, 8.25, 3], "rotation": 90, "texture": "#0"},
				"south": {"uv": [7.75, 3.25, 7.5, 4], "texture": "#0"},
				"west": {"uv": [7.5, 3, 8.25, 3.25], "rotation": 270, "texture": "#0"},
				"up": {"uv": [4.75, 10.25, 5, 10.5], "texture": "#0"},
				"down": {"uv": [10.25, 4.5, 10.5, 4.75], "rotation": 180, "texture": "#0"}
			}
		},
		{
			"from": [11.5, 5, -2.8],
			"to": [12.5, 9, -1.8],
			"rotation": {"angle": 45, "axis": "x", "origin": [8, 0, 0.2]},
			"faces": {
				"north": {"uv": [6, 6.5, 5.75, 5.5], "rotation": 180, "texture": "#0"},
				"east": {"uv": [5.75, 2.75, 6.75, 3], "rotation": 90, "texture": "#0"},
				"south": {"uv": [0.25, 6, 0, 7], "texture": "#0"},
				"west": {"uv": [4.25, 5.75, 5.25, 6], "rotation": 270, "texture": "#0"},
				"up": {"uv": [9.5, 0.5, 9.75, 0.75], "texture": "#0"},
				"down": {"uv": [0.5, 9.5, 0.75, 9.75], "rotation": 180, "texture": "#0"}
			}
		},
		{
			"from": [10.5, 10, -2.8],
			"to": [11.5, 11, -1.8],
			"rotation": {"angle": 45, "axis": "x", "origin": [8, 0, 0.2]},
			"faces": {
				"north": {"uv": [2.75, 10.25, 2.5, 10], "rotation": 180, "texture": "#0"},
				"east": {"uv": [10, 2, 10.25, 2.25], "rotation": 90, "texture": "#0"},
				"south": {"uv": [10.25, 2.5, 10, 2.75], "texture": "#0"},
				"west": {"uv": [10, 2.25, 10.25, 2.5], "rotation": 270, "texture": "#0"},
				"up": {"uv": [2.25, 10, 2.5, 10.25], "texture": "#0"},
				"down": {"uv": [2, 10, 2.25, 10.25], "rotation": 180, "texture": "#0"}
			}
		},
		{
			"from": [10.5, 10, -8.8],
			"to": [11.5, 11, -7.8],
			"rotation": {"angle": 45, "axis": "x", "origin": [8, 0, 0.2]},
			"faces": {
				"north": {"uv": [2, 10.25, 1.75, 10], "rotation": 180, "texture": "#0"},
				"east": {"uv": [10, 1.25, 10.25, 1.5], "rotation": 90, "texture": "#0"},
				"south": {"uv": [10.25, 1.75, 10, 2], "texture": "#0"},
				"west": {"uv": [10, 1.5, 10.25, 1.75], "rotation": 270, "texture": "#0"},
				"up": {"uv": [1.5, 10, 1.75, 10.25], "texture": "#0"},
				"down": {"uv": [1.25, 10, 1.5, 10.25], "rotation": 180, "texture": "#0"}
			}
		},
		{
			"from": [4.5, 10, -2.8],
			"to": [5.5, 11, -1.8],
			"rotation": {"angle": 45, "axis": "x", "origin": [8, 0, 0.2]},
			"faces": {
				"north": {"uv": [1.25, 10.25, 1, 10], "rotation": 180, "texture": "#0"},
				"east": {"uv": [10, 0.5, 10.25, 0.75], "rotation": 90, "texture": "#0"},
				"south": {"uv": [10.25, 1, 10, 1.25], "texture": "#0"},
				"west": {"uv": [10, 0.75, 10.25, 1], "rotation": 270, "texture": "#0"},
				"up": {"uv": [0.75, 10, 1, 10.25], "texture": "#0"},
				"down": {"uv": [0.5, 10, 0.75, 10.25], "rotation": 180, "texture": "#0"}
			}
		},
		{
			"from": [4.5, 10, -8.8],
			"to": [5.5, 11, -7.8],
			"rotation": {"angle": 45, "axis": "x", "origin": [8, 0, 0.2]},
			"faces": {
				"north": {"uv": [0.5, 10.25, 0.25, 10], "rotation": 180, "texture": "#0"},
				"east": {"uv": [9.75, 9.75, 10, 10], "rotation": 90, "texture": "#0"},
				"south": {"uv": [10.25, 0.25, 10, 0.5], "texture": "#0"},
				"west": {"uv": [10, 0, 10.25, 0.25], "rotation": 270, "texture": "#0"},
				"up": {"uv": [0, 10, 0.25, 10.25], "texture": "#0"},
				"down": {"uv": [9.75, 9.5, 10, 9.75], "rotation": 180, "texture": "#0"}
			}
		},
		{
			"from": [4.5, 11, -8.8],
			"to": [6.5, 12, -7.8],
			"rotation": {"angle": 45, "axis": "x", "origin": [8, 0, 0.2]},
			"faces": {
				"north": {"uv": [8.5, 7.5, 8, 7.25], "rotation": 180, "texture": "#0"},
				"east": {"uv": [2.75, 10, 3, 10.25], "rotation": 90, "texture": "#0"},
				"south": {"uv": [8.25, 8, 7.75, 8.25], "texture": "#0"},
				"west": {"uv": [10, 2.75, 10.25, 3], "rotation": 270, "texture": "#0"},
				"up": {"uv": [6, 8, 6.5, 8.25], "texture": "#0"},
				"down": {"uv": [8, 5.25, 8.5, 5.5], "rotation": 180, "texture": "#0"}
			}
		},
		{
			"from": [4.5, 11, -2.8],
			"to": [6.5, 12, -1.8],
			"rotation": {"angle": 45, "axis": "x", "origin": [8, 0, 0.2]},
			"faces": {
				"north": {"uv": [5.75, 8.5, 5.25, 8.25], "rotation": 180, "texture": "#0"},
				"east": {"uv": [3.5, 10, 3.75, 10.25], "rotation": 90, "texture": "#0"},
				"south": {"uv": [8.75, 5.5, 8.25, 5.75], "texture": "#0"},
				"west": {"uv": [10, 3.5, 10.25, 3.75], "rotation": 270, "texture": "#0"},
				"up": {"uv": [8.25, 5, 8.75, 5.25], "texture": "#0"},
				"down": {"uv": [8.25, 4.75, 8.75, 5], "rotation": 180, "texture": "#0"}
			}
		},
		{
			"from": [9.5, 11, -8.8],
			"to": [11.5, 12, -7.8],
			"rotation": {"angle": 45, "axis": "x", "origin": [8, 0, 0.2]},
			"faces": {
				"north": {"uv": [8.75, 1.5, 8.25, 1.25], "rotation": 180, "texture": "#0"},
				"east": {"uv": [3, 10, 3.25, 10.25], "rotation": 90, "texture": "#0"},
				"south": {"uv": [2.25, 8.25, 1.75, 8.5], "texture": "#0"},
				"west": {"uv": [10, 3, 10.25, 3.25], "rotation": 270, "texture": "#0"},
				"up": {"uv": [8.25, 1, 8.75, 1.25], "texture": "#0"},
				"down": {"uv": [8.25, 0.75, 8.75, 1], "rotation": 180, "texture": "#0"}
			}
		},
		{
			"from": [9.5, 13, -7.8],
			"to": [10.5, 14, -6.8],
			"rotation": {"angle": 45, "axis": "x", "origin": [8, 0, 0.2]},
			"faces": {
				"north": {"uv": [9.5, 10.25, 9.25, 10], "rotation": 180, "texture": "#0"},
				"east": {"uv": [10, 8.75, 10.25, 9], "rotation": 90, "texture": "#0"},
				"south": {"uv": [10.25, 9.25, 10, 9.5], "texture": "#0"},
				"west": {"uv": [10, 9, 10.25, 9.25], "rotation": 270, "texture": "#0"},
				"up": {"uv": [9, 10, 9.25, 10.25], "texture": "#0"},
				"down": {"uv": [8.75, 10, 9, 10.25], "rotation": 180, "texture": "#0"}
			}
		},
		{
			"from": [9.5, 13, -3.8],
			"to": [10.5, 14, -2.8],
			"rotation": {"angle": 45, "axis": "x", "origin": [8, 0, 0.2]},
			"faces": {
				"north": {"uv": [10.25, 10.25, 10, 10], "rotation": 180, "texture": "#0"},
				"east": {"uv": [10, 9.5, 10.25, 9.75], "rotation": 90, "texture": "#0"},
				"south": {"uv": [0.25, 10.25, 0, 10.5], "texture": "#0"},
				"west": {"uv": [10, 9.75, 10.25, 10], "rotation": 270, "texture": "#0"},
				"up": {"uv": [9.75, 10, 10, 10.25], "texture": "#0"},
				"down": {"uv": [9.5, 10, 9.75, 10.25], "rotation": 180, "texture": "#0"}
			}
		},
		{
			"from": [5.5, 13, -3.8],
			"to": [6.5, 14, -2.8],
			"rotation": {"angle": 45, "axis": "x", "origin": [8, 0, 0.2]},
			"faces": {
				"north": {"uv": [10.5, 1.5, 10.25, 1.25], "rotation": 180, "texture": "#0"},
				"east": {"uv": [1, 10.25, 1.25, 10.5], "rotation": 90, "texture": "#0"},
				"south": {"uv": [1.75, 10.25, 1.5, 10.5], "texture": "#0"},
				"west": {"uv": [1.25, 10.25, 1.5, 10.5], "rotation": 270, "texture": "#0"},
				"up": {"uv": [10.25, 1, 10.5, 1.25], "texture": "#0"},
				"down": {"uv": [10.25, 0.75, 10.5, 1], "rotation": 180, "texture": "#0"}
			}
		},
		{
			"from": [5.5, 13, -7.8],
			"to": [6.5, 14, -6.8],
			"rotation": {"angle": 45, "axis": "x", "origin": [8, 0, 0.2]},
			"faces": {
				"north": {"uv": [10.5, 0.75, 10.25, 0.5], "rotation": 180, "texture": "#0"},
				"east": {"uv": [0.25, 10.25, 0.5, 10.5], "rotation": 90, "texture": "#0"},
				"south": {"uv": [1, 10.25, 0.75, 10.5], "texture": "#0"},
				"west": {"uv": [0.5, 10.25, 0.75, 10.5], "rotation": 270, "texture": "#0"},
				"up": {"uv": [10.25, 0.25, 10.5, 0.5], "texture": "#0"},
				"down": {"uv": [10.25, 0, 10.5, 0.25], "rotation": 180, "texture": "#0"}
			}
		},
		{
			"from": [9.5, 11, -2.8],
			"to": [11.5, 12, -1.8],
			"rotation": {"angle": 45, "axis": "x", "origin": [8, 0, 0.2]},
			"faces": {
				"north": {"uv": [8.75, 4.75, 8.25, 4.5], "rotation": 180, "texture": "#0"},
				"east": {"uv": [3.25, 10, 3.5, 10.25], "rotation": 90, "texture": "#0"},
				"south": {"uv": [5.25, 8.25, 4.75, 8.5], "texture": "#0"},
				"west": {"uv": [10, 3.25, 10.25, 3.5], "rotation": 270, "texture": "#0"},
				"up": {"uv": [8.25, 3, 8.75, 3.25], "texture": "#0"},
				"down": {"uv": [8.25, 2.75, 8.75, 3], "rotation": 180, "texture": "#0"}
			}
		},
		{
			"from": [10.5, 11, -3.8],
			"to": [11.5, 12, -2.8],
			"rotation": {"angle": 45, "axis": "x", "origin": [8, 0, 0.2]},
			"faces": {
				"north": {"uv": [4.5, 10.25, 4.25, 10], "rotation": 180, "texture": "#0"},
				"east": {"uv": [10, 3.75, 10.25, 4], "rotation": 90, "texture": "#0"},
				"south": {"uv": [10.25, 4.25, 10, 4.5], "texture": "#0"},
				"west": {"uv": [10, 4, 10.25, 4.25], "rotation": 270, "texture": "#0"},
				"up": {"uv": [4, 10, 4.25, 10.25], "texture": "#0"},
				"down": {"uv": [3.75, 10, 4, 10.25], "rotation": 180, "texture": "#0"}
			}
		},
		{
			"from": [10.5, 11, -7.8],
			"to": [11.5, 12, -6.8],
			"rotation": {"angle": 45, "axis": "x", "origin": [8, 0, 0.2]},
			"faces": {
				"north": {"uv": [5.25, 10.25, 5, 10], "rotation": 180, "texture": "#0"},
				"east": {"uv": [10, 4.5, 10.25, 4.75], "rotation": 90, "texture": "#0"},
				"south": {"uv": [10.25, 5, 10, 5.25], "texture": "#0"},
				"west": {"uv": [10, 4.75, 10.25, 5], "rotation": 270, "texture": "#0"},
				"up": {"uv": [4.75, 10, 5, 10.25], "texture": "#0"},
				"down": {"uv": [4.5, 10, 4.75, 10.25], "rotation": 180, "texture": "#0"}
			}
		},
		{
			"from": [4.5, 11, -7.8],
			"to": [5.5, 12, -6.8],
			"rotation": {"angle": 45, "axis": "x", "origin": [8, 0, 0.2]},
			"faces": {
				"north": {"uv": [6.75, 10.25, 6.5, 10], "rotation": 180, "texture": "#0"},
				"east": {"uv": [10, 6, 10.25, 6.25], "rotation": 90, "texture": "#0"},
				"south": {"uv": [10.25, 6.5, 10, 6.75], "texture": "#0"},
				"west": {"uv": [10, 6.25, 10.25, 6.5], "rotation": 270, "texture": "#0"},
				"up": {"uv": [6.25, 10, 6.5, 10.25], "texture": "#0"},
				"down": {"uv": [6, 10, 6.25, 10.25], "rotation": 180, "texture": "#0"}
			}
		},
		{
			"from": [4.5, 11, -3.8],
			"to": [5.5, 12, -2.8],
			"rotation": {"angle": 45, "axis": "x", "origin": [8, 0, 0.2]},
			"faces": {
				"north": {"uv": [6, 10.25, 5.75, 10], "rotation": 180, "texture": "#0"},
				"east": {"uv": [10, 5.25, 10.25, 5.5], "rotation": 90, "texture": "#0"},
				"south": {"uv": [10.25, 5.75, 10, 6], "texture": "#0"},
				"west": {"uv": [10, 5.5, 10.25, 5.75], "rotation": 270, "texture": "#0"},
				"up": {"uv": [5.5, 10, 5.75, 10.25], "texture": "#0"},
				"down": {"uv": [5.25, 10, 5.5, 10.25], "rotation": 180, "texture": "#0"}
			}
		},
		{
			"from": [11.5, 8, -3.8],
			"to": [12.5, 9, -2.8],
			"rotation": {"angle": 45, "axis": "x", "origin": [8, 0, 0.2]},
			"faces": {
				"north": {"uv": [2.5, 9.75, 2.25, 9.5], "rotation": 180, "texture": "#0"},
				"east": {"uv": [9.5, 1.75, 9.75, 2], "rotation": 90, "texture": "#0"},
				"south": {"uv": [9.75, 2.25, 9.5, 2.5], "texture": "#0"},
				"west": {"uv": [9.5, 2, 9.75, 2.25], "rotation": 270, "texture": "#0"},
				"up": {"uv": [2, 9.5, 2.25, 9.75], "texture": "#0"},
				"down": {"uv": [1.75, 9.5, 2, 9.75], "rotation": 180, "texture": "#0"}
			}
		},
		{
			"from": [11.5, 8, -7.8],
			"to": [12.5, 9, -6.8],
			"rotation": {"angle": 45, "axis": "x", "origin": [8, 0, 0.2]},
			"faces": {
				"north": {"uv": [1.75, 9.75, 1.5, 9.5], "rotation": 180, "texture": "#0"},
				"east": {"uv": [9.5, 1, 9.75, 1.25], "rotation": 90, "texture": "#0"},
				"south": {"uv": [9.75, 1.5, 9.5, 1.75], "texture": "#0"},
				"west": {"uv": [9.5, 1.25, 9.75, 1.5], "rotation": 270, "texture": "#0"},
				"up": {"uv": [1.25, 9.5, 1.5, 9.75], "texture": "#0"},
				"down": {"uv": [1, 9.5, 1.25, 9.75], "rotation": 180, "texture": "#0"}
			}
		},
		{
			"from": [12.5, 5.5, -7.8],
			"to": [13.5, 8, -2.8],
			"rotation": {"angle": 45, "axis": "x", "origin": [8, 0, 0.2]},
			"faces": {
				"north": {"uv": [0.25, 8.625, 0, 8], "rotation": 180, "texture": "#0"},
				"east": {"uv": [1.5, 0, 2.125, 1.25], "rotation": 90, "texture": "#0"},
				"south": {"uv": [0.5, 8, 0.25, 8.625], "texture": "#0"},
				"west": {"uv": [0, 2, 0.625, 3.25], "rotation": 270, "texture": "#0"},
				"up": {"uv": [5.25, 5.5, 5.5, 6.75], "texture": "#0"},
				"down": {"uv": [4, 5.25, 4.25, 6.5], "rotation": 180, "texture": "#0"}
			}
		},
		{
			"from": [12.5, 8, -6.8],
			"to": [13.5, 9, -3.8],
			"rotation": {"angle": 45, "axis": "x", "origin": [8, 0, 0.2]},
			"faces": {
				"north": {"uv": [2.75, 9.75, 2.5, 9.5], "rotation": 180, "texture": "#0"},
				"east": {"uv": [6.25, 5.75, 6.5, 6.5], "rotation": 90, "texture": "#0"},
				"south": {"uv": [9.75, 2.5, 9.5, 2.75], "texture": "#0"},
				"west": {"uv": [0.5, 6.5, 0.75, 7.25], "rotation": 270, "texture": "#0"},
				"up": {"uv": [0.25, 6.5, 0.5, 7.25], "texture": "#0"},
				"down": {"uv": [4.75, 6.25, 5, 7], "rotation": 180, "texture": "#0"}
			}
		},
		{
			"from": [12.5, 9, -5.8],
			"to": [13.5, 10, -4.8],
			"rotation": {"angle": 45, "axis": "x", "origin": [8, 0, 0.2]},
			"faces": {
				"north": {"uv": [3.75, 9.75, 3.5, 9.5], "rotation": 180, "texture": "#0"},
				"east": {"uv": [9.5, 3, 9.75, 3.25], "rotation": 90, "texture": "#0"},
				"south": {"uv": [9.75, 3.5, 9.5, 3.75], "texture": "#0"},
				"west": {"uv": [9.5, 3.25, 9.75, 3.5], "rotation": 270, "texture": "#0"},
				"up": {"uv": [3.25, 9.5, 3.5, 9.75], "texture": "#0"},
				"down": {"uv": [3, 9.5, 3.25, 9.75], "rotation": 180, "texture": "#0"}
			}
		},
		{
			"from": [11.5, 9, -8.8],
			"to": [12.5, 10, -1.8],
			"rotation": {"angle": 45, "axis": "x", "origin": [8, 0, 0.2]},
			"faces": {
				"north": {"uv": [1, 9.75, 0.75, 9.5], "rotation": 180, "texture": "#0"},
				"east": {"uv": [2.5, 0, 2.75, 1.75], "rotation": 90, "texture": "#0"},
				"south": {"uv": [9.75, 0.75, 9.5, 1], "texture": "#0"},
				"west": {"uv": [2.75, 0, 3, 1.75], "rotation": 270, "texture": "#0"},
				"up": {"uv": [2.5, 1.75, 2.75, 3.5], "texture": "#0"},
				"down": {"uv": [2.25, 2, 2.5, 3.75], "rotation": 180, "texture": "#0"}
			}
		},
		{
			"from": [11.5, 10, -7.8],
			"to": [12.5, 11, -2.8],
			"rotation": {"angle": 45, "axis": "x", "origin": [8, 0, 0.2]},
			"faces": {
				"north": {"uv": [10, 4.75, 9.75, 4.5], "rotation": 180, "texture": "#0"},
				"east": {"uv": [4.25, 4.5, 4.5, 5.75], "rotation": 90, "texture": "#0"},
				"south": {"uv": [5, 9.75, 4.75, 10], "texture": "#0"},
				"west": {"uv": [0, 4.75, 0.25, 6], "rotation": 270, "texture": "#0"},
				"up": {"uv": [4.5, 4.5, 4.75, 5.75], "texture": "#0"},
				"down": {"uv": [1.5, 4.5, 1.75, 5.75], "rotation": 180, "texture": "#0"}
			}
		},
		{
			"from": [11.5, 11, -6.8],
			"to": [12.5, 12, -3.8],
			"rotation": {"angle": 45, "axis": "x", "origin": [8, 0, 0.2]},
			"faces": {
				"north": {"uv": [10, 5, 9.75, 4.75], "rotation": 180, "texture": "#0"},
				"east": {"uv": [1.5, 7, 1.75, 7.75], "rotation": 90, "texture": "#0"},
				"south": {"uv": [5.25, 9.75, 5, 10], "texture": "#0"},
				"west": {"uv": [2.25, 7, 2.5, 7.75], "rotation": 270, "texture": "#0"},
				"up": {"uv": [7, 2, 7.25, 2.75], "texture": "#0"},
				"down": {"uv": [1.25, 7, 1.5, 7.75], "rotation": 180, "texture": "#0"}
			}
		},
		{
			"from": [10.5, 12, -7.8],
			"to": [11.5, 13, -2.8],
			"rotation": {"angle": 45, "axis": "x", "origin": [8, 0, 0.2]},
			"faces": {
				"north": {"uv": [7, 10.25, 6.75, 10], "rotation": 180, "texture": "#0"},
				"east": {"uv": [4.75, 4.5, 5, 5.75], "rotation": 90, "texture": "#0"},
				"south": {"uv": [10.25, 6.75, 10, 7], "texture": "#0"},
				"west": {"uv": [5, 4.5, 5.25, 5.75], "rotation": 270, "texture": "#0"},
				"up": {"uv": [2.25, 5, 2.5, 6.25], "texture": "#0"},
				"down": {"uv": [2.5, 4.75, 2.75, 6], "rotation": 180, "texture": "#0"}
			}
		},
		{
			"from": [4.5, 12, -7.8],
			"to": [5.5, 13, -2.8],
			"rotation": {"angle": 45, "axis": "x", "origin": [8, 0, 0.2]},
			"faces": {
				"north": {"uv": [7.25, 10.25, 7, 10], "rotation": 180, "texture": "#0"},
				"east": {"uv": [2, 5.25, 2.25, 6.5], "rotation": 90, "texture": "#0"},
				"south": {"uv": [10.25, 7, 10, 7.25], "texture": "#0"},
				"west": {"uv": [3.75, 5.25, 4, 6.5], "rotation": 270, "texture": "#0"},
				"up": {"uv": [3.5, 5.25, 3.75, 6.5], "texture": "#0"},
				"down": {"uv": [1.75, 5.25, 2, 6.5], "rotation": 180, "texture": "#0"}
			}
		},
		{
			"from": [5.5, 12, -2.8],
			"to": [10.5, 13, -1.8],
			"rotation": {"angle": 45, "axis": "x", "origin": [8, 0, 0.2]},
			"faces": {
				"north": {"uv": [6.5, 5.5, 5.25, 5.25], "rotation": 180, "texture": "#0"},
				"east": {"uv": [7.5, 10, 7.75, 10.25], "rotation": 90, "texture": "#0"},
				"south": {"uv": [6.75, 0.75, 5.5, 1], "texture": "#0"},
				"west": {"uv": [10, 7.5, 10.25, 7.75], "rotation": 270, "texture": "#0"},
				"up": {"uv": [5.25, 5, 6.5, 5.25], "texture": "#0"},
				"down": {"uv": [5.25, 4.75, 6.5, 5], "rotation": 180, "texture": "#0"}
			}
		},
		{
			"from": [5.5, 12, -8.8],
			"to": [10.5, 13, -7.8],
			"rotation": {"angle": 45, "axis": "x", "origin": [8, 0, 0.2]},
			"faces": {
				"north": {"uv": [6, 4, 4.75, 3.75], "rotation": 180, "texture": "#0"},
				"east": {"uv": [7.25, 10, 7.5, 10.25], "rotation": 90, "texture": "#0"},
				"south": {"uv": [6.5, 4.5, 5.25, 4.75], "texture": "#0"},
				"west": {"uv": [10, 7.25, 10.25, 7.5], "rotation": 270, "texture": "#0"},
				"up": {"uv": [4.75, 3.5, 6, 3.75], "texture": "#0"},
				"down": {"uv": [4.75, 3.25, 6, 3.5], "rotation": 180, "texture": "#0"}
			}
		},
		{
			"from": [6.5, 13, -8.8],
			"to": [9.5, 14, -7.8],
			"rotation": {"angle": 45, "axis": "x", "origin": [8, 0, 0.2]},
			"faces": {
				"north": {"uv": [8, 1.75, 7.25, 1.5], "rotation": 180, "texture": "#0"},
				"east": {"uv": [7.75, 10, 8, 10.25], "rotation": 90, "texture": "#0"},
				"south": {"uv": [8, 1.75, 7.25, 2], "texture": "#0"},
				"west": {"uv": [10, 7.75, 10.25, 8], "rotation": 270, "texture": "#0"},
				"up": {"uv": [7.25, 0.25, 8, 0.5], "texture": "#0"},
				"down": {"uv": [0.25, 7.25, 1, 7.5], "rotation": 180, "texture": "#0"}
			}
		},
		{
			"from": [6.5, 13, -2.8],
			"to": [9.5, 14, -1.8],
			"rotation": {"angle": 45, "axis": "x", "origin": [8, 0, 0.2]},
			"faces": {
				"north": {"uv": [8, 2.75, 7.25, 2.5], "rotation": 180, "texture": "#0"},
				"east": {"uv": [8, 10, 8.25, 10.25], "rotation": 90, "texture": "#0"},
				"south": {"uv": [4.25, 7.25, 3.5, 7.5], "texture": "#0"},
				"west": {"uv": [10, 8, 10.25, 8.25], "rotation": 270, "texture": "#0"},
				"up": {"uv": [7.25, 2.25, 8, 2.5], "texture": "#0"},
				"down": {"uv": [7.25, 2, 8, 2.25], "rotation": 180, "texture": "#0"}
			}
		},
		{
			"from": [10.5, 13, -6.8],
			"to": [11.5, 14, -3.8],
			"rotation": {"angle": 45, "axis": "x", "origin": [8, 0, 0.2]},
			"faces": {
				"north": {"uv": [8.75, 10.25, 8.5, 10], "rotation": 180, "texture": "#0"},
				"east": {"uv": [4.5, 7.25, 4.75, 8], "rotation": 90, "texture": "#0"},
				"south": {"uv": [10.25, 8.5, 10, 8.75], "texture": "#0"},
				"west": {"uv": [5, 7.25, 5.25, 8], "rotation": 270, "texture": "#0"},
				"up": {"uv": [4.75, 7.25, 5, 8], "texture": "#0"},
				"down": {"uv": [4.25, 7.25, 4.5, 8], "rotation": 180, "texture": "#0"}
			}
		},
		{
			"from": [4.5, 13, -6.8],
			"to": [5.5, 14, -3.8],
			"rotation": {"angle": 45, "axis": "x", "origin": [8, 0, 0.2]},
			"faces": {
				"north": {"uv": [8.5, 10.25, 8.25, 10], "rotation": 180, "texture": "#0"},
				"east": {"uv": [1.75, 7.25, 2, 8], "rotation": 90, "texture": "#0"},
				"south": {"uv": [10.25, 8.25, 10, 8.5], "texture": "#0"},
				"west": {"uv": [7.25, 3.5, 7.5, 4.25], "rotation": 270, "texture": "#0"},
				"up": {"uv": [2, 7.25, 2.25, 8], "texture": "#0"},
				"down": {"uv": [1, 7.25, 1.25, 8], "rotation": 180, "texture": "#0"}
			}
		},
		{
			"from": [5.5, 14, -6.8],
			"to": [10.5, 15, -3.8],
			"rotation": {"angle": 45, "axis": "x", "origin": [8, 0, 0.2]},
			"faces": {
				"north": {"uv": [6.75, 1.25, 5.5, 1], "rotation": 180, "texture": "#0"},
				"east": {"uv": [5.25, 7.25, 5.5, 8], "rotation": 90, "texture": "#0"},
				"south": {"uv": [6.75, 1.25, 5.5, 1.5], "texture": "#0"},
				"west": {"uv": [5.5, 7.25, 5.75, 8], "rotation": 270, "texture": "#0"},
				"up": {"uv": [1.25, 1.25, 2.5, 2], "texture": "#0"},
				"down": {"uv": [0, 1.25, 1.25, 2], "rotation": 180, "texture": "#0"}
			}
		},
		{
			"from": [6.5, 14, -7.8],
			"to": [9.5, 15, -6.8],
			"rotation": {"angle": 45, "axis": "x", "origin": [8, 0, 0.2]},
			"faces": {
				"north": {"uv": [8.25, 1.25, 7.5, 1], "rotation": 180, "texture": "#0"},
				"east": {"uv": [10.25, 1.75, 10.5, 2], "rotation": 90, "texture": "#0"},
				"south": {"uv": [8.25, 1.25, 7.5, 1.5], "texture": "#0"},
				"west": {"uv": [2, 10.25, 2.25, 10.5], "rotation": 270, "texture": "#0"},
				"up": {"uv": [7.5, 0.75, 8.25, 1], "texture": "#0"},
				"down": {"uv": [0.25, 7.5, 1, 7.75], "rotation": 180, "texture": "#0"}
			}
		},
		{
			"from": [6.5, 15, -5.8],
			"to": [9.5, 16, -4.8],
			"rotation": {"angle": 45, "axis": "x", "origin": [8, 0, 0.2]},
			"faces": {
				"north": {"uv": [8.25, 5.25, 7.5, 5], "rotation": 180, "texture": "#0"},
				"east": {"uv": [10.25, 7.5, 10.5, 7.75], "rotation": 90, "texture": "#0"},
				"south": {"uv": [8.25, 5.5, 7.5, 5.75], "texture": "#0"},
				"west": {"uv": [7.75, 10.25, 8, 10.5], "rotation": 270, "texture": "#0"},
				"up": {"uv": [7.5, 4.75, 8.25, 5], "texture": "#0"},
				"down": {"uv": [7.5, 4.5, 8.25, 4.75], "rotation": 180, "texture": "#0"}
			}
		},
		{
			"from": [7.5, 15, -4.8],
			"to": [8.5, 16, -3.8],
			"rotation": {"angle": 45, "axis": "x", "origin": [8, 0, 0.2]},
			"faces": {
				"north": {"uv": [10.5, 8.5, 10.25, 8.25], "rotation": 180, "texture": "#0"},
				"east": {"uv": [8, 10.25, 8.25, 10.5], "rotation": 90, "texture": "#0"},
				"south": {"uv": [8.75, 10.25, 8.5, 10.5], "texture": "#0"},
				"west": {"uv": [8.25, 10.25, 8.5, 10.5], "rotation": 270, "texture": "#0"},
				"up": {"uv": [10.25, 8, 10.5, 8.25], "texture": "#0"},
				"down": {"uv": [10.25, 7.75, 10.5, 8], "rotation": 180, "texture": "#0"}
			}
		},
		{
			"from": [7.5, 15, -6.8],
			"to": [8.5, 16, -5.8],
			"rotation": {"angle": 45, "axis": "x", "origin": [8, 0, 0.2]},
			"faces": {
				"north": {"uv": [10.5, 9.25, 10.25, 9], "rotation": 180, "texture": "#0"},
				"east": {"uv": [8.75, 10.25, 9, 10.5], "rotation": 90, "texture": "#0"},
				"south": {"uv": [9.5, 10.25, 9.25, 10.5], "texture": "#0"},
				"west": {"uv": [9, 10.25, 9.25, 10.5], "rotation": 270, "texture": "#0"},
				"up": {"uv": [10.25, 8.75, 10.5, 9], "texture": "#0"},
				"down": {"uv": [10.25, 8.5, 10.5, 8.75], "rotation": 180, "texture": "#0"}
			}
		},
		{
			"from": [6.5, 14, -3.8],
			"to": [9.5, 15, -2.8],
			"rotation": {"angle": 45, "axis": "x", "origin": [8, 0, 0.2]},
			"faces": {
				"north": {"uv": [7.25, 7.5, 6.5, 7.25], "rotation": 180, "texture": "#0"},
				"east": {"uv": [10.25, 1.5, 10.5, 1.75], "rotation": 90, "texture": "#0"},
				"south": {"uv": [8, 7.25, 7.25, 7.5], "texture": "#0"},
				"west": {"uv": [1.75, 10.25, 2, 10.5], "rotation": 270, "texture": "#0"},
				"up": {"uv": [5.75, 7.25, 6.5, 7.5], "texture": "#0"},
				"down": {"uv": [7.25, 5.25, 8, 5.5], "rotation": 180, "texture": "#0"}
			}
		},
		{
			"from": [11.5, 12, -5.8],
			"to": [12.5, 13, -4.8],
			"rotation": {"angle": 45, "axis": "x", "origin": [8, 0, 0.2]},
			"faces": {
				"north": {"uv": [10, 5.75, 9.75, 5.5], "rotation": 180, "texture": "#0"},
				"east": {"uv": [5.25, 9.75, 5.5, 10], "rotation": 90, "texture": "#0"},
				"south": {"uv": [6, 9.75, 5.75, 10], "texture": "#0"},
				"west": {"uv": [5.5, 9.75, 5.75, 10], "rotation": 270, "texture": "#0"},
				"up": {"uv": [9.75, 5.25, 10, 5.5], "texture": "#0"},
				"down": {"uv": [9.75, 5, 10, 5.25], "rotation": 180, "texture": "#0"}
			}
		},
		{
			"from": [3.5, 12, -5.8],
			"to": [4.5, 13, -4.8],
			"rotation": {"angle": 45, "axis": "x", "origin": [8, 0, 0.2]},
			"faces": {
				"north": {"uv": [10, 7, 9.75, 6.75], "rotation": 180, "texture": "#0"},
				"east": {"uv": [6.5, 9.75, 6.75, 10], "rotation": 90, "texture": "#0"},
				"south": {"uv": [7.25, 9.75, 7, 10], "texture": "#0"},
				"west": {"uv": [6.75, 9.75, 7, 10], "rotation": 270, "texture": "#0"},
				"up": {"uv": [9.75, 6.5, 10, 6.75], "texture": "#0"},
				"down": {"uv": [9.75, 6.25, 10, 6.5], "rotation": 180, "texture": "#0"}
			}
		},
		{
			"from": [3.5, 11, -6.8],
			"to": [4.5, 12, -3.8],
			"rotation": {"angle": 45, "axis": "x", "origin": [8, 0, 0.2]},
			"faces": {
				"north": {"uv": [10, 6.25, 9.75, 6], "rotation": 180, "texture": "#0"},
				"east": {"uv": [2.75, 7, 3, 7.75], "rotation": 90, "texture": "#0"},
				"south": {"uv": [6.5, 9.75, 6.25, 10], "texture": "#0"},
				"west": {"uv": [7, 3.5, 7.25, 4.25], "rotation": 270, "texture": "#0"},
				"up": {"uv": [3, 7, 3.25, 7.75], "texture": "#0"},
				"down": {"uv": [2.5, 7, 2.75, 7.75], "rotation": 180, "texture": "#0"}
			}
		},
		{
			"from": [3.5, 10, -7.8],
			"to": [4.5, 11, -2.8],
			"rotation": {"angle": 45, "axis": "x", "origin": [8, 0, 0.2]},
			"faces": {
				"north": {"uv": [10, 6, 9.75, 5.75], "rotation": 180, "texture": "#0"},
				"east": {"uv": [0.5, 4.75, 0.75, 6], "rotation": 90, "texture": "#0"},
				"south": {"uv": [6.25, 9.75, 6, 10], "texture": "#0"},
				"west": {"uv": [1, 4.75, 1.25, 6], "rotation": 270, "texture": "#0"},
				"up": {"uv": [0.75, 4.75, 1, 6], "texture": "#0"},
				"down": {"uv": [0.25, 4.75, 0.5, 6], "rotation": 180, "texture": "#0"}
			}
		},
		{
			"from": [7.5, 12, -1.8],
			"to": [8.5, 13, -0.8],
			"rotation": {"angle": 45, "axis": "x", "origin": [8, 0, 0.2]},
			"faces": {
				"north": {"uv": [10, 9.5, 9.75, 9.25], "rotation": 180, "texture": "#0"},
				"east": {"uv": [9, 9.75, 9.25, 10], "rotation": 90, "texture": "#0"},
				"south": {"uv": [9.75, 9.75, 9.5, 10], "texture": "#0"},
				"west": {"uv": [9.25, 9.75, 9.5, 10], "rotation": 270, "texture": "#0"},
				"up": {"uv": [9.75, 9, 10, 9.25], "texture": "#0"},
				"down": {"uv": [9.75, 8.75, 10, 9], "rotation": 180, "texture": "#0"}
			}
		},
		{
			"from": [6.5, 11, -1.8],
			"to": [9.5, 12, -0.8],
			"rotation": {"angle": 45, "axis": "x", "origin": [8, 0, 0.2]},
			"faces": {
				"north": {"uv": [7.75, 7.25, 7, 7], "rotation": 180, "texture": "#0"},
				"east": {"uv": [9.75, 8.5, 10, 8.75], "rotation": 90, "texture": "#0"},
				"south": {"uv": [8, 0, 7.25, 0.25], "texture": "#0"},
				"west": {"uv": [8.75, 9.75, 9, 10], "rotation": 270, "texture": "#0"},
				"up": {"uv": [7, 6.75, 7.75, 7], "texture": "#0"},
				"down": {"uv": [7, 6.5, 7.75, 6.75], "rotation": 180, "texture": "#0"}
			}
		},
		{
			"from": [5.5, 10, -1.8],
			"to": [10.5, 11, -0.8],
			"rotation": {"angle": 45, "axis": "x", "origin": [8, 0, 0.2]},
			"faces": {
				"north": {"uv": [6, 0.75, 4.75, 0.5], "rotation": 180, "texture": "#0"},
				"east": {"uv": [9.75, 8.25, 10, 8.5], "rotation": 90, "texture": "#0"},
				"south": {"uv": [6, 3, 4.75, 3.25], "texture": "#0"},
				"west": {"uv": [8.5, 9.75, 8.75, 10], "rotation": 270, "texture": "#0"},
				"up": {"uv": [4.75, 0.25, 6, 0.5], "texture": "#0"},
				"down": {"uv": [4.75, 0, 6, 0.25], "rotation": 180, "texture": "#0"}
			}
		},
		{
			"from": [5.5, 10, -9.8],
			"to": [10.5, 11, -8.8],
			"rotation": {"angle": 45, "axis": "x", "origin": [8, 0, 0.2]},
			"faces": {
				"north": {"uv": [5.75, 2.75, 4.5, 2.5], "rotation": 180, "texture": "#0"},
				"east": {"uv": [9.75, 8, 10, 8.25], "rotation": 90, "texture": "#0"},
				"south": {"uv": [5.75, 2.75, 4.5, 3], "texture": "#0"},
				"west": {"uv": [8.25, 9.75, 8.5, 10], "rotation": 270, "texture": "#0"},
				"up": {"uv": [4.5, 2.25, 5.75, 2.5], "texture": "#0"},
				"down": {"uv": [4.5, 2, 5.75, 2.25], "rotation": 180, "texture": "#0"}
			}
		},
		{
			"from": [6.5, 11, -9.8],
			"to": [9.5, 12, -8.8],
			"rotation": {"angle": 45, "axis": "x", "origin": [8, 0, 0.2]},
			"faces": {
				"north": {"uv": [5.75, 7.25, 5, 7], "rotation": 180, "texture": "#0"},
				"east": {"uv": [9.75, 7.75, 10, 8], "rotation": 90, "texture": "#0"},
				"south": {"uv": [6.75, 7, 6, 7.25], "texture": "#0"},
				"west": {"uv": [8, 9.75, 8.25, 10], "rotation": 270, "texture": "#0"},
				"up": {"uv": [4.25, 7, 5, 7.25], "texture": "#0"},
				"down": {"uv": [7, 0.5, 7.75, 0.75], "rotation": 180, "texture": "#0"}
			}
		},
		{
			"from": [7.5, 12, -9.8],
			"to": [8.5, 13, -8.8],
			"rotation": {"angle": 45, "axis": "x", "origin": [8, 0, 0.2]},
			"faces": {
				"north": {"uv": [10, 7.75, 9.75, 7.5], "rotation": 180, "texture": "#0"},
				"east": {"uv": [7.25, 9.75, 7.5, 10], "rotation": 90, "texture": "#0"},
				"south": {"uv": [8, 9.75, 7.75, 10], "texture": "#0"},
				"west": {"uv": [7.5, 9.75, 7.75, 10], "rotation": 270, "texture": "#0"},
				"up": {"uv": [9.75, 7.25, 10, 7.5], "texture": "#0"},
				"down": {"uv": [9.75, 7, 10, 7.25], "rotation": 180, "texture": "#0"}
			}
		},
		{
			"from": [3.5, 6.5, -2.8],
			"to": [4.5, 9, -1.8],
			"rotation": {"angle": 45, "axis": "x", "origin": [8, 0, 0.2]},
			"faces": {
				"north": {"uv": [1, 8.375, 0.75, 7.75], "rotation": 180, "texture": "#0"},
				"east": {"uv": [2.25, 7.75, 2.875, 8], "rotation": 90, "texture": "#0"},
				"south": {"uv": [1.5, 7.75, 1.25, 8.375], "texture": "#0"},
				"west": {"uv": [7.75, 3.25, 8.375, 3.5], "rotation": 270, "texture": "#0"},
				"up": {"uv": [2.5, 10.25, 2.75, 10.5], "texture": "#0"},
				"down": {"uv": [10.25, 2.25, 10.5, 2.5], "rotation": 180, "texture": "#0"}
			}
		},
		{
			"from": [2.5, 6.5, -5.8],
			"to": [3.5, 8, -4.8],
			"rotation": {"angle": 45, "axis": "x", "origin": [8, 0, 0.2]},
			"faces": {
				"north": {"uv": [9, 1.375, 8.75, 1], "rotation": 180, "texture": "#0"},
				"east": {"uv": [8.75, 0.25, 9.125, 0.5], "rotation": 90, "texture": "#0"},
				"south": {"uv": [9, 1.5, 8.75, 1.875], "texture": "#0"},
				"west": {"uv": [8.75, 0.75, 9.125, 1], "rotation": 270, "texture": "#0"},
				"up": {"uv": [3, 10.25, 3.25, 10.5], "texture": "#0"},
				"down": {"uv": [10.25, 2.75, 10.5, 3], "rotation": 180, "texture": "#0"}
			}
		},
		{
			"from": [2.5, 7, -7.8],
			"to": [3.5, 8, -5.8],
			"rotation": {"angle": 45, "axis": "x", "origin": [8, 0, 0.2]},
			"faces": {
				"north": {"uv": [10.5, 3.5, 10.25, 3.25], "rotation": 180, "texture": "#0"},
				"east": {"uv": [1.5, 8.5, 1.75, 9], "rotation": 90, "texture": "#0"},
				"south": {"uv": [3.75, 10.25, 3.5, 10.5], "texture": "#0"},
				"west": {"uv": [2, 8.5, 2.25, 9], "rotation": 270, "texture": "#0"},
				"up": {"uv": [1.75, 8.5, 2, 9], "texture": "#0"},
				"down": {"uv": [1.25, 8.5, 1.5, 9], "rotation": 180, "texture": "#0"}
			}
		},
		{
			"from": [2.5, 6, -4.8],
			"to": [3.5, 8, -2.8],
			"rotation": {"angle": 45, "axis": "x", "origin": [8, 0, 0.2]},
			"faces": {
				"north": {"uv": [8, 8.75, 7.75, 8.25], "rotation": 180, "texture": "#0"},
				"east": {"uv": [6, 0, 6.5, 0.5], "rotation": 90, "texture": "#0"},
				"south": {"uv": [8.25, 8.25, 8, 8.75], "texture": "#0"},
				"west": {"uv": [0.25, 6, 0.75, 6.5], "rotation": 270, "texture": "#0"},
				"up": {"uv": [7.5, 8.25, 7.75, 8.75], "texture": "#0"},
				"down": {"uv": [7.25, 8.25, 7.5, 8.75], "rotation": 180, "texture": "#0"}
			}
		},
		{
			"from": [2.5, 8, -6.8],
			"to": [3.5, 9, -3.8],
			"rotation": {"angle": 45, "axis": "x", "origin": [8, 0, 0.2]},
			"faces": {
				"north": {"uv": [6.75, 9.75, 6.5, 9.5], "rotation": 180, "texture": "#0"},
				"east": {"uv": [3.5, 6.5, 3.75, 7.25], "rotation": 90, "texture": "#0"},
				"south": {"uv": [9.75, 6.5, 9.5, 6.75], "texture": "#0"},
				"west": {"uv": [6.5, 3.75, 6.75, 4.5], "rotation": 270, "texture": "#0"},
				"up": {"uv": [3.75, 6.5, 4, 7.25], "texture": "#0"},
				"down": {"uv": [6.5, 3, 6.75, 3.75], "rotation": 180, "texture": "#0"}
			}
		},
		{
			"from": [3.5, 9, -8.8],
			"to": [4.5, 10, -1.8],
			"rotation": {"angle": 45, "axis": "x", "origin": [8, 0, 0.2]},
			"faces": {
				"north": {"uv": [6.5, 9.75, 6.25, 9.5], "rotation": 180, "texture": "#0"},
				"east": {"uv": [1, 2.75, 1.25, 4.5], "rotation": 90, "texture": "#0"},
				"south": {"uv": [9.75, 6.25, 9.5, 6.5], "texture": "#0"},
				"west": {"uv": [1.5, 2.75, 1.75, 4.5], "rotation": 270, "texture": "#0"},
				"up": {"uv": [1.25, 2.75, 1.5, 4.5], "texture": "#0"},
				"down": {"uv": [0.75, 2.75, 1, 4.5], "rotation": 180, "texture": "#0"}
			}
		},
		{
			"from": [3.5, 8, -3.8],
			"to": [4.5, 9, -2.8],
			"rotation": {"angle": 45, "axis": "x", "origin": [8, 0, 0.2]},
			"faces": {
				"north": {"uv": [6.25, 9.75, 6, 9.5], "rotation": 180, "texture": "#0"},
				"east": {"uv": [9.5, 5.5, 9.75, 5.75], "rotation": 90, "texture": "#0"},
				"south": {"uv": [9.75, 6, 9.5, 6.25], "texture": "#0"},
				"west": {"uv": [9.5, 5.75, 9.75, 6], "rotation": 270, "texture": "#0"},
				"up": {"uv": [5.75, 9.5, 6, 9.75], "texture": "#0"},
				"down": {"uv": [5.5, 9.5, 5.75, 9.75], "rotation": 180, "texture": "#0"}
			}
		},
		{
			"from": [3.5, 8, -7.8],
			"to": [4.5, 9, -6.8],
			"rotation": {"angle": 45, "axis": "x", "origin": [8, 0, 0.2]},
			"faces": {
				"north": {"uv": [5.5, 9.75, 5.25, 9.5], "rotation": 180, "texture": "#0"},
				"east": {"uv": [9.5, 4.75, 9.75, 5], "rotation": 90, "texture": "#0"},
				"south": {"uv": [9.75, 5.25, 9.5, 5.5], "texture": "#0"},
				"west": {"uv": [9.5, 5, 9.75, 5.25], "rotation": 270, "texture": "#0"},
				"up": {"uv": [5, 9.5, 5.25, 9.75], "texture": "#0"},
				"down": {"uv": [4.75, 9.5, 5, 9.75], "rotation": 180, "texture": "#0"}
			}
		},
		{
			"from": [3.5, 7.5, -8.8],
			"to": [4.5, 9, -7.8],
			"rotation": {"angle": 45, "axis": "x", "origin": [8, 0, 0.2]},
			"faces": {
				"north": {"uv": [3.5, 9.125, 3.25, 8.75], "rotation": 180, "texture": "#0"},
				"east": {"uv": [8.75, 2.75, 9.125, 3], "rotation": 90, "texture": "#0"},
				"south": {"uv": [3.75, 8.75, 3.5, 9.125], "texture": "#0"},
				"west": {"uv": [8.75, 3, 9.125, 3.25], "rotation": 270, "texture": "#0"},
				"up": {"uv": [3.75, 10.25, 4, 10.5], "texture": "#0"},
				"down": {"uv": [10.25, 3.5, 10.5, 3.75], "rotation": 180, "texture": "#0"}
			}
		},
		{
			"from": [4.5, 7.5, -9.8],
			"to": [5.5, 9, -8.8],
			"rotation": {"angle": 45, "axis": "x", "origin": [8, 0, 0.2]},
			"faces": {
				"north": {"uv": [4.5, 9.125, 4.25, 8.75], "rotation": 180, "texture": "#0"},
				"east": {"uv": [8.75, 3.5, 9.125, 3.75], "rotation": 90, "texture": "#0"},
				"south": {"uv": [4.75, 8.75, 4.5, 9.125], "texture": "#0"},
				"west": {"uv": [3.75, 8.75, 4.125, 9], "rotation": 270, "texture": "#0"},
				"up": {"uv": [4, 10.25, 4.25, 10.5], "texture": "#0"},
				"down": {"uv": [10.25, 3.75, 10.5, 4], "rotation": 180, "texture": "#0"}
			}
		},
		{
			"from": [2.5, 9, -5.8],
			"to": [3.5, 10, -4.8],
			"rotation": {"angle": 45, "axis": "x", "origin": [8, 0, 0.2]},
			"faces": {
				"north": {"uv": [4.5, 9.75, 4.25, 9.5], "rotation": 180, "texture": "#0"},
				"east": {"uv": [9.5, 3.75, 9.75, 4], "rotation": 90, "texture": "#0"},
				"south": {"uv": [9.75, 4.25, 9.5, 4.5], "texture": "#0"},
				"west": {"uv": [9.5, 4, 9.75, 4.25], "rotation": 270, "texture": "#0"},
				"up": {"uv": [4, 9.5, 4.25, 9.75], "texture": "#0"},
				"down": {"uv": [3.75, 9.5, 4, 9.75], "rotation": 180, "texture": "#0"}
			}
		},
		{
			"from": [10.5, 6, -1.8],
			"to": [11.5, 9, -0.8],
			"rotation": {"angle": 45, "axis": "x", "origin": [8, 0, 0.2]},
			"faces": {
				"north": {"uv": [7, 7.25, 6.75, 6.5], "rotation": 180, "texture": "#0"},
				"east": {"uv": [6.75, 6, 7.5, 6.25], "rotation": 90, "texture": "#0"},
				"south": {"uv": [0.25, 7, 0, 7.75], "texture": "#0"},
				"west": {"uv": [6.75, 6.25, 7.5, 6.5], "rotation": 270, "texture": "#0"},
				"up": {"uv": [4.5, 9.75, 4.75, 10], "texture": "#0"},
				"down": {"uv": [9.75, 4.25, 10, 4.5], "rotation": 180, "texture": "#0"}
			}
		},
		{
			"from": [9, 6.5, -0.8],
			"to": [10.5, 8, 0.2],
			"rotation": {"angle": 45, "axis": "x", "origin": [8, 0, 0.2]},
			"faces": {
				"north": {"uv": [2.875, 8.375, 2.5, 8], "rotation": 180, "texture": "#0"},
				"east": {"uv": [8.25, 8.5, 8.625, 8.75], "rotation": 90, "texture": "#0"},
				"south": {"uv": [3.875, 8, 3.5, 8.375], "texture": "#0"},
				"west": {"uv": [8.75, 0, 9.125, 0.25], "rotation": 270, "texture": "#0"},
				"up": {"uv": [0, 8.75, 0.375, 9], "texture": "#0"},
				"down": {"uv": [8.5, 5.25, 8.875, 5.5], "rotation": 180, "texture": "#0"}
			}
		},
		{
			"from": [8, 7, -0.8],
			"to": [9, 8, 0.2],
			"rotation": {"angle": 45, "axis": "x", "origin": [8, 0, 0.2]},
			"faces": {
				"north": {"uv": [10.5, 6.75, 10.25, 6.5], "rotation": 180, "texture": "#0"},
				"east": {"uv": [6.25, 10.25, 6.5, 10.5], "rotation": 90, "texture": "#0"},
				"south": {"uv": [7, 10.25, 6.75, 10.5], "texture": "#0"},
				"west": {"uv": [6.5, 10.25, 6.75, 10.5], "rotation": 270, "texture": "#0"},
				"up": {"uv": [10.25, 6.25, 10.5, 6.5], "texture": "#0"},
				"down": {"uv": [10.25, 6, 10.5, 6.25], "rotation": 180, "texture": "#0"}
			}
		},
		{
			"from": [6.5, 6, -0.8],
			"to": [8, 8, 0.2],
			"rotation": {"angle": 45, "axis": "x", "origin": [8, 0, 0.2]},
			"faces": {
				"north": {"uv": [3.875, 8, 3.5, 7.5], "rotation": 180, "texture": "#0"},
				"east": {"uv": [8.5, 4.25, 9, 4.5], "rotation": 90, "texture": "#0"},
				"south": {"uv": [7.875, 4, 7.5, 4.5], "texture": "#0"},
				"west": {"uv": [5.25, 8.5, 5.75, 8.75], "rotation": 270, "texture": "#0"},
				"up": {"uv": [8.75, 6.5, 9.125, 6.75], "texture": "#0"},
				"down": {"uv": [8.75, 6.25, 9.125, 6.5], "rotation": 180, "texture": "#0"}
			}
		},
		{
			"from": [5.5, 6.5, -0.8],
			"to": [6.5, 8, 0.2],
			"rotation": {"angle": 45, "axis": "x", "origin": [8, 0, 0.2]},
			"faces": {
				"north": {"uv": [6, 9.125, 5.75, 8.75], "rotation": 180, "texture": "#0"},
				"east": {"uv": [6.75, 8.75, 7.125, 9], "rotation": 90, "texture": "#0"},
				"south": {"uv": [9, 7, 8.75, 7.375], "texture": "#0"},
				"west": {"uv": [8.75, 6.75, 9.125, 7], "rotation": 270, "texture": "#0"},
				"up": {"uv": [7.25, 10.25, 7.5, 10.5], "texture": "#0"},
				"down": {"uv": [10.25, 7, 10.5, 7.25], "rotation": 180, "texture": "#0"}
			}
		},
		{
			"from": [6.5, 8, -0.8],
			"to": [9.5, 9, 0.2],
			"rotation": {"angle": 45, "axis": "x", "origin": [8, 0, 0.2]},
			"faces": {
				"north": {"uv": [7.5, 5, 6.75, 4.75], "rotation": 180, "texture": "#0"},
				"east": {"uv": [9.75, 3.75, 10, 4], "rotation": 90, "texture": "#0"},
				"south": {"uv": [5.75, 6.75, 5, 7], "texture": "#0"},
				"west": {"uv": [4, 9.75, 4.25, 10], "rotation": 270, "texture": "#0"},
				"up": {"uv": [6.75, 4.5, 7.5, 4.75], "texture": "#0"},
				"down": {"uv": [6.75, 4.25, 7.5, 4.5], "rotation": 180, "texture": "#0"}
			}
		},
		{
			"from": [4.5, 9, -1.8],
			"to": [11.5, 10, -0.8],
			"rotation": {"angle": 45, "axis": "x", "origin": [8, 0, 0.2]},
			"faces": {
				"north": {"uv": [4.75, 0.5, 3, 0.25], "rotation": 180, "texture": "#0"},
				"east": {"uv": [9.75, 3.5, 10, 3.75], "rotation": 90, "texture": "#0"},
				"south": {"uv": [4.75, 0.5, 3, 0.75], "texture": "#0"},
				"west": {"uv": [3.75, 9.75, 4, 10], "rotation": 270, "texture": "#0"},
				"up": {"uv": [3, 0, 4.75, 0.25], "texture": "#0"},
				"down": {"uv": [2.75, 2.75, 4.5, 3], "rotation": 180, "texture": "#0"}
			}
		},
		{
			"from": [9.5, 8, -1.8],
			"to": [10.5, 9, -0.8],
			"rotation": {"angle": 45, "axis": "x", "origin": [8, 0, 0.2]},
			"faces": {
				"north": {"uv": [10, 3.5, 9.75, 3.25], "rotation": 180, "texture": "#0"},
				"east": {"uv": [3, 9.75, 3.25, 10], "rotation": 90, "texture": "#0"},
				"south": {"uv": [3.75, 9.75, 3.5, 10], "texture": "#0"},
				"west": {"uv": [3.25, 9.75, 3.5, 10], "rotation": 270, "texture": "#0"},
				"up": {"uv": [9.75, 3, 10, 3.25], "texture": "#0"},
				"down": {"uv": [9.75, 2.75, 10, 3], "rotation": 180, "texture": "#0"}
			}
		},
		{
			"from": [5.5, 8, -1.8],
			"to": [6.5, 9, -0.8],
			"rotation": {"angle": 45, "axis": "x", "origin": [8, 0, 0.2]},
			"faces": {
				"north": {"uv": [10, 2.75, 9.75, 2.5], "rotation": 180, "texture": "#0"},
				"east": {"uv": [2.25, 9.75, 2.5, 10], "rotation": 90, "texture": "#0"},
				"south": {"uv": [3, 9.75, 2.75, 10], "texture": "#0"},
				"west": {"uv": [2.5, 9.75, 2.75, 10], "rotation": 270, "texture": "#0"},
				"up": {"uv": [9.75, 2.25, 10, 2.5], "texture": "#0"},
				"down": {"uv": [9.75, 2, 10, 2.25], "rotation": 180, "texture": "#0"}
			}
		},
		{
			"from": [4.5, 7, -1.8],
			"to": [5.5, 9, -0.8],
			"rotation": {"angle": 45, "axis": "x", "origin": [8, 0, 0.2]},
			"faces": {
				"north": {"uv": [6.75, 8.5, 6.5, 8], "rotation": 180, "texture": "#0"},
				"east": {"uv": [8.25, 5.75, 8.75, 6], "rotation": 90, "texture": "#0"},
				"south": {"uv": [2.5, 8.25, 2.25, 8.75], "texture": "#0"},
				"west": {"uv": [6, 8.25, 6.5, 8.5], "rotation": 270, "texture": "#0"},
				"up": {"uv": [2.25, 10.25, 2.5, 10.5], "texture": "#0"},
				"down": {"uv": [10.25, 2, 10.5, 2.25], "rotation": 180, "texture": "#0"}
			}
		},
		{
			"from": [7.5, 9, -0.8],
			"to": [8.5, 10, 0.2],
			"rotation": {"angle": 45, "axis": "x", "origin": [8, 0, 0.2]},
			"faces": {
				"north": {"uv": [10, 1.75, 9.75, 1.5], "rotation": 180, "texture": "#0"},
				"east": {"uv": [1.25, 9.75, 1.5, 10], "rotation": 90, "texture": "#0"},
				"south": {"uv": [2, 9.75, 1.75, 10], "texture": "#0"},
				"west": {"uv": [1.5, 9.75, 1.75, 10], "rotation": 270, "texture": "#0"},
				"up": {"uv": [9.75, 1.25, 10, 1.5], "texture": "#0"},
				"down": {"uv": [9.75, 1, 10, 1.25], "rotation": 180, "texture": "#0"}
			}
		},
		{
			"from": [8, 7, -10.8],
			"to": [10.5, 8, -9.8],
			"rotation": {"angle": 45, "axis": "x", "origin": [8, 0, 0.2]},
			"faces": {
				"north": {"uv": [8.375, 7, 7.75, 6.75], "rotation": 180, "texture": "#0"},
				"east": {"uv": [10.25, 4, 10.5, 4.25], "rotation": 90, "texture": "#0"},
				"south": {"uv": [8.375, 7, 7.75, 7.25], "texture": "#0"},
				"west": {"uv": [4.25, 10.25, 4.5, 10.5], "rotation": 270, "texture": "#0"},
				"up": {"uv": [7.75, 6.5, 8.375, 6.75], "texture": "#0"},
				"down": {"uv": [6, 7.75, 6.625, 8], "rotation": 180, "texture": "#0"}
			}
		},
		{
			"from": [10.5, 6.5, -9.8],
			"to": [11.5, 9, -8.8],
			"rotation": {"angle": 45, "axis": "x", "origin": [8, 0, 0.2]},
			"faces": {
				"north": {"uv": [1.75, 8.375, 1.5, 7.75], "rotation": 180, "texture": "#0"},
				"east": {"uv": [7.75, 7.5, 8.375, 7.75], "rotation": 90, "texture": "#0"},
				"south": {"uv": [3.25, 7.75, 3, 8.375], "texture": "#0"},
				"west": {"uv": [7.75, 7.75, 8.375, 8], "rotation": 270, "texture": "#0"},
				"up": {"uv": [4.5, 10.25, 4.75, 10.5], "texture": "#0"},
				"down": {"uv": [10.25, 4.25, 10.5, 4.5], "rotation": 180, "texture": "#0"}
			}
		},
		{
			"from": [9.5, 8, -9.8],
			"to": [10.5, 9, -8.8],
			"rotation": {"angle": 45, "axis": "x", "origin": [8, 0, 0.2]},
			"faces": {
				"north": {"uv": [10, 0.5, 9.75, 0.25], "rotation": 180, "texture": "#0"},
				"east": {"uv": [0, 9.75, 0.25, 10], "rotation": 90, "texture": "#0"},
				"south": {"uv": [0.75, 9.75, 0.5, 10], "texture": "#0"},
				"west": {"uv": [0.25, 9.75, 0.5, 10], "rotation": 270, "texture": "#0"},
				"up": {"uv": [9.75, 0, 10, 0.25], "texture": "#0"},
				"down": {"uv": [9.5, 9.5, 9.75, 9.75], "rotation": 180, "texture": "#0"}
			}
		},
		{
			"from": [4.5, 9, -9.8],
			"to": [11.5, 10, -8.8],
			"rotation": {"angle": 45, "axis": "x", "origin": [8, 0, 0.2]},
			"faces": {
				"north": {"uv": [4.5, 2.5, 2.75, 2.25], "rotation": 180, "texture": "#0"},
				"east": {"uv": [9.25, 9.5, 9.5, 9.75], "rotation": 90, "texture": "#0"},
				"south": {"uv": [4.5, 2.5, 2.75, 2.75], "texture": "#0"},
				"west": {"uv": [9.5, 9.25, 9.75, 9.5], "rotation": 270, "texture": "#0"},
				"up": {"uv": [2.75, 2, 4.5, 2.25], "texture": "#0"},
				"down": {"uv": [2.75, 1.75, 4.5, 2], "rotation": 180, "texture": "#0"}
			}
		},
		{
			"from": [7.5, 9, -10.8],
			"to": [8.5, 10, -9.8],
			"rotation": {"angle": 45, "axis": "x", "origin": [8, 0, 0.2]},
			"faces": {
				"north": {"uv": [9.25, 9.75, 9, 9.5], "rotation": 180, "texture": "#0"},
				"east": {"uv": [9.5, 8.5, 9.75, 8.75], "rotation": 90, "texture": "#0"},
				"south": {"uv": [9.75, 9, 9.5, 9.25], "texture": "#0"},
				"west": {"uv": [9.5, 8.75, 9.75, 9], "rotation": 270, "texture": "#0"},
				"up": {"uv": [8.75, 9.5, 9, 9.75], "texture": "#0"},
				"down": {"uv": [8.5, 9.5, 8.75, 9.75], "rotation": 180, "texture": "#0"}
			}
		},
		{
			"from": [6.5, 8, -10.8],
			"to": [9.5, 9, -9.8],
			"rotation": {"angle": 45, "axis": "x", "origin": [8, 0, 0.2]},
			"faces": {
				"north": {"uv": [7.25, 1.75, 6.5, 1.5], "rotation": 180, "texture": "#0"},
				"east": {"uv": [8.25, 9.5, 8.5, 9.75], "rotation": 90, "texture": "#0"},
				"south": {"uv": [7.25, 1.75, 6.5, 2], "texture": "#0"},
				"west": {"uv": [9.5, 8.25, 9.75, 8.5], "rotation": 270, "texture": "#0"},
				"up": {"uv": [6.5, 0.25, 7.25, 0.5], "texture": "#0"},
				"down": {"uv": [6.5, 0, 7.25, 0.25], "rotation": 180, "texture": "#0"}
			}
		},
		{
			"from": [5.5, 8, -9.8],
			"to": [6.5, 9, -8.8],
			"rotation": {"angle": 45, "axis": "x", "origin": [8, 0, 0.2]},
			"faces": {
				"north": {"uv": [8, 9.75, 7.75, 9.5], "rotation": 180, "texture": "#0"},
				"east": {"uv": [9.5, 7.25, 9.75, 7.5], "rotation": 90, "texture": "#0"},
				"south": {"uv": [9.75, 7.75, 9.5, 8], "texture": "#0"},
				"west": {"uv": [9.5, 7.5, 9.75, 7.75], "rotation": 270, "texture": "#0"},
				"up": {"uv": [7.5, 9.5, 7.75, 9.75], "texture": "#0"},
				"down": {"uv": [7.25, 9.5, 7.5, 9.75], "rotation": 180, "texture": "#0"}
			}
		},
		{
			"from": [6.5, 0, -7.8],
			"to": [9.5, 1, -2.8],
			"rotation": {"angle": 45, "axis": "x", "origin": [8, 0, 0.2]},
			"faces": {
				"north": {"uv": [5, 6.25, 4.25, 6], "rotation": 180, "texture": "#0"},
				"east": {"uv": [2.25, 0, 2.5, 1.25], "rotation": 90, "texture": "#0"},
				"south": {"uv": [6.75, 5.5, 6, 5.75], "texture": "#0"},
				"west": {"uv": [1.75, 2.75, 2, 4], "rotation": 270, "texture": "#0"},
				"up": {"uv": [0.75, 0, 1.5, 1.25], "texture": "#0"},
				"down": {"uv": [0, 0, 0.75, 1.25], "rotation": 180, "texture": "#0"}
			}
		},
		{
			"from": [9.5, 0, -6.8],
			"to": [10.5, 1, -3.8],
			"rotation": {"angle": 45, "axis": "x", "origin": [8, 0, 0.2]},
			"faces": {
				"north": {"uv": [5.75, 1.75, 5.5, 1.5], "rotation": 180, "texture": "#0"},
				"east": {"uv": [5, 6, 5.25, 6.75], "rotation": 90, "texture": "#0"},
				"south": {"uv": [9.25, 1, 9, 1.25], "texture": "#0"},
				"west": {"uv": [2.25, 6.25, 2.5, 7], "rotation": 270, "texture": "#0"},
				"up": {"uv": [6, 5.75, 6.25, 6.5], "texture": "#0"},
				"down": {"uv": [3.25, 6, 3.5, 6.75], "rotation": 180, "texture": "#0"}
			}
		},
		{
			"from": [5.5, 0, -6.8],
			"to": [6.5, 1, -3.8],
			"rotation": {"angle": 45, "axis": "x", "origin": [8, 0, 0.2]},
			"faces": {
				"north": {"uv": [9.25, 1.5, 9, 1.25], "rotation": 180, "texture": "#0"},
				"east": {"uv": [6.25, 3.75, 6.5, 4.5], "rotation": 90, "texture": "#0"},
				"south": {"uv": [1.75, 9, 1.5, 9.25], "texture": "#0"},
				"west": {"uv": [4.5, 6.25, 4.75, 7], "rotation": 270, "texture": "#0"},
				"up": {"uv": [4.25, 6.25, 4.5, 7], "texture": "#0"},
				"down": {"uv": [6.25, 3, 6.5, 3.75], "rotation": 180, "texture": "#0"}
			}
		},
		{
			"from": [4.5, 1, -7.8],
			"to": [5.5, 2, -2.8],
			"rotation": {"angle": 45, "axis": "x", "origin": [8, 0, 0.2]},
			"faces": {
				"north": {"uv": [9.25, 1.75, 9, 1.5], "rotation": 180, "texture": "#0"},
				"east": {"uv": [2.75, 3, 3, 4.25], "rotation": 90, "texture": "#0"},
				"south": {"uv": [2, 9, 1.75, 9.25], "texture": "#0"},
				"west": {"uv": [0, 3.25, 0.25, 4.5], "rotation": 270, "texture": "#0"},
				"up": {"uv": [3, 3, 3.25, 4.25], "texture": "#0"},
				"down": {"uv": [2, 2.75, 2.25, 4], "rotation": 180, "texture": "#0"}
			}
		},
		{
			"from": [10.5, 1, -7.8],
			"to": [11.5, 2, -2.8],
			"rotation": {"angle": 45, "axis": "x", "origin": [8, 0, 0.2]},
			"faces": {
				"north": {"uv": [9.25, 2, 9, 1.75], "rotation": 180, "texture": "#0"},
				"east": {"uv": [0.5, 3.25, 0.75, 4.5], "rotation": 90, "texture": "#0"},
				"south": {"uv": [2.25, 9, 2, 9.25], "texture": "#0"},
				"west": {"uv": [2.5, 3.5, 2.75, 4.75], "rotation": 270, "texture": "#0"},
				"up": {"uv": [3.25, 3, 3.5, 4.25], "texture": "#0"},
				"down": {"uv": [0.25, 3.25, 0.5, 4.5], "rotation": 180, "texture": "#0"}
			}
		},
		{
			"from": [5.5, 1, -8.8],
			"to": [10.5, 2, -7.8],
			"rotation": {"angle": 45, "axis": "x", "origin": [8, 0, 0.2]},
			"faces": {
				"north": {"uv": [4.25, 1.5, 3, 1.25], "rotation": 180, "texture": "#0"},
				"east": {"uv": [2.25, 9, 2.5, 9.25], "rotation": 90, "texture": "#0"},
				"south": {"uv": [4.25, 1.5, 3, 1.75], "texture": "#0"},
				"west": {"uv": [9, 2.25, 9.25, 2.5], "rotation": 270, "texture": "#0"},
				"up": {"uv": [3, 1, 4.25, 1.25], "texture": "#0"},
				"down": {"uv": [3, 0.75, 4.25, 1], "rotation": 180, "texture": "#0"}
			}
		},
		{
			"from": [5.5, 1, -2.8],
			"to": [10.5, 2, -1.8],
			"rotation": {"angle": 45, "axis": "x", "origin": [8, 0, 0.2]},
			"faces": {
				"north": {"uv": [4.75, 3.75, 3.5, 3.5], "rotation": 180, "texture": "#0"},
				"east": {"uv": [2.5, 9, 2.75, 9.25], "rotation": 90, "texture": "#0"},
				"south": {"uv": [4.75, 3.75, 3.5, 4], "texture": "#0"},
				"west": {"uv": [9, 2.5, 9.25, 2.75], "rotation": 270, "texture": "#0"},
				"up": {"uv": [3.5, 3.25, 4.75, 3.5], "texture": "#0"},
				"down": {"uv": [3.5, 3, 4.75, 3.25], "rotation": 180, "texture": "#0"}
			}
		},
		{
			"from": [5.5, 1, -7.8],
			"to": [6.5, 2, -6.8],
			"rotation": {"angle": 45, "axis": "x", "origin": [8, 0, 0.2]},
			"faces": {
				"north": {"uv": [9.25, 4.25, 9, 4], "rotation": 180, "texture": "#0"},
				"east": {"uv": [9, 3.25, 9.25, 3.5], "rotation": 90, "texture": "#0"},
				"south": {"uv": [9.25, 4.25, 9, 4.5], "texture": "#0"},
				"west": {"uv": [4, 9, 4.25, 9.25], "rotation": 270, "texture": "#0"},
				"up": {"uv": [3.75, 9, 4, 9.25], "texture": "#0"},
				"down": {"uv": [3, 9, 3.25, 9.25], "rotation": 180, "texture": "#0"}
			}
		},
		{
			"from": [9.5, 1, -7.8],
			"to": [10.5, 2, -6.8],
			"rotation": {"angle": 45, "axis": "x", "origin": [8, 0, 0.2]},
			"faces": {
				"north": {"uv": [5.75, 9.25, 5.5, 9], "rotation": 180, "texture": "#0"},
				"east": {"uv": [5, 9, 5.25, 9.25], "rotation": 90, "texture": "#0"},
				"south": {"uv": [6.25, 9, 6, 9.25], "texture": "#0"},
				"west": {"uv": [9, 5.25, 9.25, 5.5], "rotation": 270, "texture": "#0"},
				"up": {"uv": [5.25, 9, 5.5, 9.25], "texture": "#0"},
				"down": {"uv": [4.75, 9, 5, 9.25], "rotation": 180, "texture": "#0"}
			}
		},
		{
			"from": [5.5, 1, -3.8],
			"to": [6.5, 2, -2.8],
			"rotation": {"angle": 45, "axis": "x", "origin": [8, 0, 0.2]},
			"faces": {
				"north": {"uv": [9.25, 7.25, 9, 7], "rotation": 180, "texture": "#0"},
				"east": {"uv": [6.5, 9, 6.75, 9.25], "rotation": 90, "texture": "#0"},
				"south": {"uv": [7.5, 9, 7.25, 9.25], "texture": "#0"},
				"west": {"uv": [7, 9, 7.25, 9.25], "rotation": 270, "texture": "#0"},
				"up": {"uv": [6.75, 9, 7, 9.25], "texture": "#0"},
				"down": {"uv": [6.25, 9, 6.5, 9.25], "rotation": 180, "texture": "#0"}
			}
		},
		{
			"from": [9.5, 1, -3.8],
			"to": [10.5, 2, -2.8],
			"rotation": {"angle": 45, "axis": "x", "origin": [8, 0, 0.2]},
			"faces": {
				"north": {"uv": [9.25, 8.25, 9, 8], "rotation": 180, "texture": "#0"},
				"east": {"uv": [7.5, 9, 7.75, 9.25], "rotation": 90, "texture": "#0"},
				"south": {"uv": [8.5, 9, 8.25, 9.25], "texture": "#0"},
				"west": {"uv": [8, 9, 8.25, 9.25], "rotation": 270, "texture": "#0"},
				"up": {"uv": [9, 7.75, 9.25, 8], "texture": "#0"},
				"down": {"uv": [9, 7.25, 9.25, 7.5], "rotation": 180, "texture": "#0"}
			}
		},
		{
			"from": [11.5, 2, -7.8],
			"to": [12.5, 3, -2.8],
			"rotation": {"angle": 45, "axis": "x", "origin": [8, 0, 0.2]},
			"faces": {
				"north": {"uv": [8.75, 9.25, 8.5, 9], "rotation": 180, "texture": "#0"},
				"east": {"uv": [1.75, 4, 2, 5.25], "rotation": 90, "texture": "#0"},
				"south": {"uv": [9, 9, 8.75, 9.25], "texture": "#0"},
				"west": {"uv": [3.5, 4, 3.75, 5.25], "rotation": 270, "texture": "#0"},
				"up": {"uv": [2, 4, 2.25, 5.25], "texture": "#0"},
				"down": {"uv": [2.25, 3.75, 2.5, 5], "rotation": 180, "texture": "#0"}
			}
		},
		{
			"from": [3.5, 2, -7.8],
			"to": [4.5, 3, -2.8],
			"rotation": {"angle": 45, "axis": "x", "origin": [8, 0, 0.2]},
			"faces": {
				"north": {"uv": [9.25, 9, 9, 8.75], "rotation": 180, "texture": "#0"},
				"east": {"uv": [4, 4, 4.25, 5.25], "rotation": 90, "texture": "#0"},
				"south": {"uv": [9.25, 9, 9, 9.25], "texture": "#0"},
				"west": {"uv": [3, 4.25, 3.25, 5.5], "rotation": 270, "texture": "#0"},
				"up": {"uv": [2.75, 4.25, 3, 5.5], "texture": "#0"},
				"down": {"uv": [3.75, 4, 4, 5.25], "rotation": 180, "texture": "#0"}
			}
		},
		{
			"from": [5.5, 2, -9.8],
			"to": [10.5, 3, -8.8],
			"rotation": {"angle": 45, "axis": "x", "origin": [8, 0, 0.2]},
			"faces": {
				"north": {"uv": [5.5, 1.5, 4.25, 1.25], "rotation": 180, "texture": "#0"},
				"east": {"uv": [0, 9.25, 0.25, 9.5], "rotation": 90, "texture": "#0"},
				"south": {"uv": [5.5, 1.5, 4.25, 1.75], "texture": "#0"},
				"west": {"uv": [9.25, 0, 9.5, 0.25], "rotation": 270, "texture": "#0"},
				"up": {"uv": [4.25, 1, 5.5, 1.25], "texture": "#0"},
				"down": {"uv": [4.25, 0.75, 5.5, 1], "rotation": 180, "texture": "#0"}
			}
		},
		{
			"from": [5.5, 2, -1.8],
			"to": [10.5, 3, -0.8],
			"rotation": {"angle": 45, "axis": "x", "origin": [8, 0, 0.2]},
			"faces": {
				"north": {"uv": [1.25, 4.75, 0, 4.5], "rotation": 180, "texture": "#0"},
				"east": {"uv": [0.25, 9.25, 0.5, 9.5], "rotation": 90, "texture": "#0"},
				"south": {"uv": [5.75, 1.75, 4.5, 2], "texture": "#0"},
				"west": {"uv": [9.25, 0.25, 9.5, 0.5], "rotation": 270, "texture": "#0"},
				"up": {"uv": [4.25, 4.25, 5.5, 4.5], "texture": "#0"},
				"down": {"uv": [4.25, 4, 5.5, 4.25], "rotation": 180, "texture": "#0"}
			}
		},
		{
			"from": [4.5, 2, -2.8],
			"to": [5.5, 3, -1.8],
			"rotation": {"angle": 45, "axis": "x", "origin": [8, 0, 0.2]},
			"faces": {
				"north": {"uv": [9.5, 1.25, 9.25, 1], "rotation": 180, "texture": "#0"},
				"east": {"uv": [0.75, 9.25, 1, 9.5], "rotation": 90, "texture": "#0"},
				"south": {"uv": [1.5, 9.25, 1.25, 9.5], "texture": "#0"},
				"west": {"uv": [1, 9.25, 1.25, 9.5], "rotation": 270, "texture": "#0"},
				"up": {"uv": [9.25, 0.75, 9.5, 1], "texture": "#0"},
				"down": {"uv": [0.5, 9.25, 0.75, 9.5], "rotation": 180, "texture": "#0"}
			}
		},
		{
			"from": [4.5, 2, -8.8],
			"to": [5.5, 3, -7.8],
			"rotation": {"angle": 45, "axis": "x", "origin": [8, 0, 0.2]},
			"faces": {
				"north": {"uv": [9.5, 2, 9.25, 1.75], "rotation": 180, "texture": "#0"},
				"east": {"uv": [1.5, 9.25, 1.75, 9.5], "rotation": 90, "texture": "#0"},
				"south": {"uv": [2.25, 9.25, 2, 9.5], "texture": "#0"},
				"west": {"uv": [1.75, 9.25, 2, 9.5], "rotation": 270, "texture": "#0"},
				"up": {"uv": [9.25, 1.5, 9.5, 1.75], "texture": "#0"},
				"down": {"uv": [9.25, 1.25, 9.5, 1.5], "rotation": 180, "texture": "#0"}
			}
		},
		{
			"from": [10.5, 2, -2.8],
			"to": [11.5, 3, -1.8],
			"rotation": {"angle": 45, "axis": "x", "origin": [8, 0, 0.2]},
			"faces": {
				"north": {"uv": [9.5, 2.75, 9.25, 2.5], "rotation": 180, "texture": "#0"},
				"east": {"uv": [2.25, 9.25, 2.5, 9.5], "rotation": 90, "texture": "#0"},
				"south": {"uv": [3, 9.25, 2.75, 9.5], "texture": "#0"},
				"west": {"uv": [2.5, 9.25, 2.75, 9.5], "rotation": 270, "texture": "#0"},
				"up": {"uv": [9.25, 2.25, 9.5, 2.5], "texture": "#0"},
				"down": {"uv": [9.25, 2, 9.5, 2.25], "rotation": 180, "texture": "#0"}
			}
		},
		{
			"from": [10.5, 2, -8.8],
			"to": [11.5, 3, -7.8],
			"rotation": {"angle": 45, "axis": "x", "origin": [8, 0, 0.2]},
			"faces": {
				"north": {"uv": [9.5, 3.5, 9.25, 3.25], "rotation": 180, "texture": "#0"},
				"east": {"uv": [3, 9.25, 3.25, 9.5], "rotation": 90, "texture": "#0"},
				"south": {"uv": [3.75, 9.25, 3.5, 9.5], "texture": "#0"},
				"west": {"uv": [3.25, 9.25, 3.5, 9.5], "rotation": 270, "texture": "#0"},
				"up": {"uv": [9.25, 3, 9.5, 3.25], "texture": "#0"},
				"down": {"uv": [9.25, 2.75, 9.5, 3], "rotation": 180, "texture": "#0"}
			}
		},
		{
			"from": [11.5, 3, -7.8],
			"to": [12.5, 4, -6.8],
			"rotation": {"angle": 45, "axis": "x", "origin": [8, 0, 0.2]},
			"faces": {
				"north": {"uv": [9.5, 4.25, 9.25, 4], "rotation": 180, "texture": "#0"},
				"east": {"uv": [3.75, 9.25, 4, 9.5], "rotation": 90, "texture": "#0"},
				"south": {"uv": [4.5, 9.25, 4.25, 9.5], "texture": "#0"},
				"west": {"uv": [4, 9.25, 4.25, 9.5], "rotation": 270, "texture": "#0"},
				"up": {"uv": [9.25, 3.75, 9.5, 4], "texture": "#0"},
				"down": {"uv": [9.25, 3.5, 9.5, 3.75], "rotation": 180, "texture": "#0"}
			}
		},
		{
			"from": [11.5, 3, -3.8],
			"to": [12.5, 4, -2.8],
			"rotation": {"angle": 45, "axis": "x", "origin": [8, 0, 0.2]},
			"faces": {
				"north": {"uv": [9.5, 5, 9.25, 4.75], "rotation": 180, "texture": "#0"},
				"east": {"uv": [4.5, 9.25, 4.75, 9.5], "rotation": 90, "texture": "#0"},
				"south": {"uv": [5.25, 9.25, 5, 9.5], "texture": "#0"},
				"west": {"uv": [4.75, 9.25, 5, 9.5], "rotation": 270, "texture": "#0"},
				"up": {"uv": [9.25, 4.5, 9.5, 4.75], "texture": "#0"},
				"down": {"uv": [9.25, 4.25, 9.5, 4.5], "rotation": 180, "texture": "#0"}
			}
		},
		{
			"from": [3.5, 3, -7.8],
			"to": [4.5, 4, -6.8],
			"rotation": {"angle": 45, "axis": "x", "origin": [8, 0, 0.2]},
			"faces": {
				"north": {"uv": [9.5, 5.75, 9.25, 5.5], "rotation": 180, "texture": "#0"},
				"east": {"uv": [5.25, 9.25, 5.5, 9.5], "rotation": 90, "texture": "#0"},
				"south": {"uv": [6, 9.25, 5.75, 9.5], "texture": "#0"},
				"west": {"uv": [5.5, 9.25, 5.75, 9.5], "rotation": 270, "texture": "#0"},
				"up": {"uv": [9.25, 5.25, 9.5, 5.5], "texture": "#0"},
				"down": {"uv": [9.25, 5, 9.5, 5.25], "rotation": 180, "texture": "#0"}
			}
		},
		{
			"from": [3.5, 3, -3.8],
			"to": [4.5, 4, -2.8],
			"rotation": {"angle": 45, "axis": "x", "origin": [8, 0, 0.2]},
			"faces": {
				"north": {"uv": [9.5, 6.5, 9.25, 6.25], "rotation": 180, "texture": "#0"},
				"east": {"uv": [6, 9.25, 6.25, 9.5], "rotation": 90, "texture": "#0"},
				"south": {"uv": [6.75, 9.25, 6.5, 9.5], "texture": "#0"},
				"west": {"uv": [6.25, 9.25, 6.5, 9.5], "rotation": 270, "texture": "#0"},
				"up": {"uv": [9.25, 6, 9.5, 6.25], "texture": "#0"},
				"down": {"uv": [9.25, 5.75, 9.5, 6], "rotation": 180, "texture": "#0"}
			}
		},
		{
			"from": [5.5, 3, -9.8],
			"to": [6.5, 4, -8.8],
			"rotation": {"angle": 45, "axis": "x", "origin": [8, 0, 0.2]},
			"faces": {
				"north": {"uv": [9.5, 7.25, 9.25, 7], "rotation": 180, "texture": "#0"},
				"east": {"uv": [6.75, 9.25, 7, 9.5], "rotation": 90, "texture": "#0"},
				"south": {"uv": [7.5, 9.25, 7.25, 9.5], "texture": "#0"},
				"west": {"uv": [7, 9.25, 7.25, 9.5], "rotation": 270, "texture": "#0"},
				"up": {"uv": [9.25, 6.75, 9.5, 7], "texture": "#0"},
				"down": {"uv": [9.25, 6.5, 9.5, 6.75], "rotation": 180, "texture": "#0"}
			}
		},
		{
			"from": [9.5, 3, -9.8],
			"to": [10.5, 4, -8.8],
			"rotation": {"angle": 45, "axis": "x", "origin": [8, 0, 0.2]},
			"faces": {
				"north": {"uv": [9.5, 8, 9.25, 7.75], "rotation": 180, "texture": "#0"},
				"east": {"uv": [7.5, 9.25, 7.75, 9.5], "rotation": 90, "texture": "#0"},
				"south": {"uv": [8.25, 9.25, 8, 9.5], "texture": "#0"},
				"west": {"uv": [7.75, 9.25, 8, 9.5], "rotation": 270, "texture": "#0"},
				"up": {"uv": [9.25, 7.5, 9.5, 7.75], "texture": "#0"},
				"down": {"uv": [9.25, 7.25, 9.5, 7.5], "rotation": 180, "texture": "#0"}
			}
		},
		{
			"from": [5.5, 3, -1.8],
			"to": [6.5, 4, -0.8],
			"rotation": {"angle": 45, "axis": "x", "origin": [8, 0, 0.2]},
			"faces": {
				"north": {"uv": [9.5, 8.75, 9.25, 8.5], "rotation": 180, "texture": "#0"},
				"east": {"uv": [8.25, 9.25, 8.5, 9.5], "rotation": 90, "texture": "#0"},
				"south": {"uv": [9, 9.25, 8.75, 9.5], "texture": "#0"},
				"west": {"uv": [8.5, 9.25, 8.75, 9.5], "rotation": 270, "texture": "#0"},
				"up": {"uv": [9.25, 8.25, 9.5, 8.5], "texture": "#0"},
				"down": {"uv": [9.25, 8, 9.5, 8.25], "rotation": 180, "texture": "#0"}
			}
		},
		{
			"from": [9.5, 3, -1.8],
			"to": [10.5, 4, -0.8],
			"rotation": {"angle": 45, "axis": "x", "origin": [8, 0, 0.2]},
			"faces": {
				"north": {"uv": [0.25, 9.75, 0, 9.5], "rotation": 180, "texture": "#0"},
				"east": {"uv": [9, 9.25, 9.25, 9.5], "rotation": 90, "texture": "#0"},
				"south": {"uv": [9.75, 0, 9.5, 0.25], "texture": "#0"},
				"west": {"uv": [9.25, 9.25, 9.5, 9.5], "rotation": 270, "texture": "#0"},
				"up": {"uv": [9.25, 9, 9.5, 9.25], "texture": "#0"},
				"down": {"uv": [9.25, 8.75, 9.5, 9], "rotation": 180, "texture": "#0"}
			}
		},
		{
			"from": [11.5, 3, -8.8],
			"to": [12.5, 5, -7.8],
			"rotation": {"angle": 45, "axis": "x", "origin": [8, 0, 0.2]},
			"faces": {
				"north": {"uv": [0.75, 8.5, 0.5, 8], "rotation": 180, "texture": "#0"},
				"east": {"uv": [4.75, 8, 5.25, 8.25], "rotation": 90, "texture": "#0"},
				"south": {"uv": [1.25, 8, 1, 8.5], "texture": "#0"},
				"west": {"uv": [5.25, 8, 5.75, 8.25], "rotation": 270, "texture": "#0"},
				"up": {"uv": [9.5, 0.25, 9.75, 0.5], "texture": "#0"},
				"down": {"uv": [0.25, 9.5, 0.5, 9.75], "rotation": 180, "texture": "#0"}
			}
		},
		{
			"from": [12.5, 4, -7.8],
			"to": [13.5, 4.5, -2.8],
			"rotation": {"angle": 45, "axis": "x", "origin": [8, 0, 0.2]},
			"faces": {
				"north": {"uv": [9.25, 10.625, 9, 10.5], "rotation": 180, "texture": "#0"},
				"east": {"uv": [4, 7.5, 4.125, 8.75], "rotation": 90, "texture": "#0"},
				"south": {"uv": [10.75, 9, 10.5, 9.125], "texture": "#0"},
				"west": {"uv": [5.75, 7.5, 5.875, 8.75], "rotation": 270, "texture": "#0"},
				"up": {"uv": [1.25, 4.5, 1.5, 5.75], "texture": "#0"},
				"down": {"uv": [3.25, 4.25, 3.5, 5.5], "rotation": 180, "texture": "#0"}
			}
		},
		{
			"from": [12.5, 3, -6.8],
			"to": [13.5, 4, -3.8],
			"rotation": {"angle": 45, "axis": "x", "origin": [8, 0, 0.2]},
			"faces": {
				"north": {"uv": [3, 9.75, 2.75, 9.5], "rotation": 180, "texture": "#0"},
				"east": {"uv": [1, 6.5, 1.25, 7.25], "rotation": 90, "texture": "#0"},
				"south": {"uv": [9.75, 2.75, 9.5, 3], "texture": "#0"},
				"west": {"uv": [2, 6.5, 2.25, 7.25], "rotation": 270, "texture": "#0"},
				"up": {"uv": [1.75, 6.5, 2, 7.25], "texture": "#0"},
				"down": {"uv": [0.75, 6.5, 1, 7.25], "rotation": 180, "texture": "#0"}
			}
		},
		{
			"from": [3.5, 3, -8.8],
			"to": [4.5, 6.5, -7.8],
			"rotation": {"angle": 45, "axis": "x", "origin": [8, 0, 0.2]},
			"faces": {
				"north": {"uv": [2.75, 6.875, 2.5, 6], "rotation": 180, "texture": "#0"},
				"east": {"uv": [6, 0.5, 6.875, 0.75], "rotation": 90, "texture": "#0"},
				"south": {"uv": [3, 6, 2.75, 6.875], "texture": "#0"},
				"west": {"uv": [6, 2, 6.875, 2.25], "rotation": 270, "texture": "#0"},
				"up": {"uv": [9.5, 4.5, 9.75, 4.75], "texture": "#0"},
				"down": {"uv": [4.5, 9.5, 4.75, 9.75], "rotation": 180, "texture": "#0"}
			}
		},
		{
			"from": [2.5, 3, -6.8],
			"to": [3.5, 4, -3.8],
			"rotation": {"angle": 45, "axis": "x", "origin": [8, 0, 0.2]},
			"faces": {
				"north": {"uv": [7, 9.75, 6.75, 9.5], "rotation": 180, "texture": "#0"},
				"east": {"uv": [6.5, 4.5, 6.75, 5.25], "rotation": 90, "texture": "#0"},
				"south": {"uv": [9.75, 6.75, 9.5, 7], "texture": "#0"},
				"west": {"uv": [6.5, 5.75, 6.75, 6.5], "rotation": 270, "texture": "#0"},
				"up": {"uv": [5.75, 6.5, 6, 7.25], "texture": "#0"},
				"down": {"uv": [4, 6.5, 4.25, 7.25], "rotation": 180, "texture": "#0"}
			}
		},
		{
			"from": [3.5, 3, -2.8],
			"to": [4.5, 5.5, -1.8],
			"rotation": {"angle": 45, "axis": "x", "origin": [8, 0, 0.2]},
			"faces": {
				"north": {"uv": [7, 8.125, 6.75, 7.5], "rotation": 180, "texture": "#0"},
				"east": {"uv": [7.5, 5.75, 8.125, 6], "rotation": 90, "texture": "#0"},
				"south": {"uv": [7.25, 7.5, 7, 8.125], "texture": "#0"},
				"west": {"uv": [6, 7.5, 6.625, 7.75], "rotation": 270, "texture": "#0"},
				"up": {"uv": [9.5, 7, 9.75, 7.25], "texture": "#0"},
				"down": {"uv": [7, 9.5, 7.25, 9.75], "rotation": 180, "texture": "#0"}
			}
		},
		{
			"from": [4.5, 3, -9.8],
			"to": [5.5, 6.5, -8.8],
			"rotation": {"angle": 45, "axis": "x", "origin": [8, 0, 0.2]},
			"faces": {
				"north": {"uv": [3.25, 6.875, 3, 6], "rotation": 180, "texture": "#0"},
				"east": {"uv": [6, 2.25, 6.875, 2.5], "rotation": 90, "texture": "#0"},
				"south": {"uv": [6.25, 3, 6, 3.875], "texture": "#0"},
				"west": {"uv": [6, 2.5, 6.875, 2.75], "rotation": 270, "texture": "#0"},
				"up": {"uv": [9.5, 8, 9.75, 8.25], "texture": "#0"},
				"down": {"uv": [8, 9.5, 8.25, 9.75], "rotation": 180, "texture": "#0"}
			}
		},
		{
			"from": [10.5, 3, -9.8],
			"to": [11.5, 5.5, -8.8],
			"rotation": {"angle": 45, "axis": "x", "origin": [8, 0, 0.2]},
			"faces": {
				"north": {"uv": [7.5, 8.125, 7.25, 7.5], "rotation": 180, "texture": "#0"},
				"east": {"uv": [7.5, 6, 8.125, 6.25], "rotation": 90, "texture": "#0"},
				"south": {"uv": [7.75, 7.5, 7.5, 8.125], "texture": "#0"},
				"west": {"uv": [7.5, 6.25, 8.125, 6.5], "rotation": 270, "texture": "#0"},
				"up": {"uv": [0.75, 9.75, 1, 10], "texture": "#0"},
				"down": {"uv": [9.75, 0.5, 10, 0.75], "rotation": 180, "texture": "#0"}
			}
		},
		{
			"from": [6.5, 3, -10.8],
			"to": [9.5, 4, -9.8],
			"rotation": {"angle": 45, "axis": "x", "origin": [8, 0, 0.2]},
			"faces": {
				"north": {"uv": [7.5, 1, 6.75, 0.75], "rotation": 180, "texture": "#0"},
				"east": {"uv": [9.75, 0.75, 10, 1], "rotation": 90, "texture": "#0"},
				"south": {"uv": [7.5, 1, 6.75, 1.25], "texture": "#0"},
				"west": {"uv": [1, 9.75, 1.25, 10], "rotation": 270, "texture": "#0"},
				"up": {"uv": [6, 6.5, 6.75, 6.75], "texture": "#0"},
				"down": {"uv": [6.5, 5.25, 7.25, 5.5], "rotation": 180, "texture": "#0"}
			}
		},
		{
			"from": [5.5, 4, -10.8],
			"to": [8, 7, -9.8],
			"rotation": {"angle": 45, "axis": "x", "origin": [8, 0, 0.2]},
			"faces": {
				"north": {"uv": [1.375, 2.75, 0.75, 2], "rotation": 180, "texture": "#0"},
				"east": {"uv": [6.75, 1.25, 7.5, 1.5], "rotation": 90, "texture": "#0"},
				"south": {"uv": [2.125, 2, 1.5, 2.75], "texture": "#0"},
				"west": {"uv": [6.75, 2.75, 7.5, 3], "rotation": 270, "texture": "#0"},
				"up": {"uv": [7.75, 0.5, 8.375, 0.75], "texture": "#0"},
				"down": {"uv": [0, 7.75, 0.625, 8], "rotation": 180, "texture": "#0"}
			}
		},
		{
			"from": [4.5, 3, -1.8],
			"to": [5.5, 6, -0.8],
			"rotation": {"angle": 45, "axis": "x", "origin": [8, 0, 0.2]},
			"faces": {
				"north": {"uv": [3.5, 7.5, 3.25, 6.75], "rotation": 180, "texture": "#0"},
				"east": {"uv": [6.75, 3, 7.5, 3.25], "rotation": 90, "texture": "#0"},
				"south": {"uv": [7, 3.5, 6.75, 4.25], "texture": "#0"},
				"west": {"uv": [6.75, 3.25, 7.5, 3.5], "rotation": 270, "texture": "#0"},
				"up": {"uv": [2, 9.75, 2.25, 10], "texture": "#0"},
				"down": {"uv": [9.75, 1.75, 10, 2], "rotation": 180, "texture": "#0"}
			}
		},
		{
			"from": [6.5, 3, -0.8],
			"to": [9.5, 4, 0.2],
			"rotation": {"angle": 45, "axis": "x", "origin": [8, 0, 0.2]},
			"faces": {
				"north": {"uv": [7.5, 6, 6.75, 5.75], "rotation": 180, "texture": "#0"},
				"east": {"uv": [9.75, 4, 10, 4.25], "rotation": 90, "texture": "#0"},
				"south": {"uv": [6.75, 6.75, 6, 7], "texture": "#0"},
				"west": {"uv": [4.25, 9.75, 4.5, 10], "rotation": 270, "texture": "#0"},
				"up": {"uv": [6.75, 5.5, 7.5, 5.75], "texture": "#0"},
				"down": {"uv": [6.75, 5, 7.5, 5.25], "rotation": 180, "texture": "#0"}
			}
		},
		{
			"from": [2.5, 4, -4.8],
			"to": [3.5, 5, -2.8],
			"rotation": {"angle": 45, "axis": "x", "origin": [8, 0, 0.2]},
			"faces": {
				"north": {"uv": [10.5, 2.75, 10.25, 2.5], "rotation": 180, "texture": "#0"},
				"east": {"uv": [8.25, 6, 8.5, 6.5], "rotation": 90, "texture": "#0"},
				"south": {"uv": [3, 10.25, 2.75, 10.5], "texture": "#0"},
				"west": {"uv": [7, 8.25, 7.25, 8.75], "rotation": 270, "texture": "#0"},
				"up": {"uv": [6.75, 8.25, 7, 8.75], "texture": "#0"},
				"down": {"uv": [3.25, 8.25, 3.5, 8.75], "rotation": 180, "texture": "#0"}
			}
		},
		{
			"from": [2.5, 4, -5.8],
			"to": [3.5, 5.5, -4.8],
			"rotation": {"angle": 45, "axis": "x", "origin": [8, 0, 0.2]},
			"faces": {
				"north": {"uv": [9, 2.625, 8.75, 2.25], "rotation": 180, "texture": "#0"},
				"east": {"uv": [8.75, 2, 9.125, 2.25], "rotation": 90, "texture": "#0"},
				"south": {"uv": [3, 8.75, 2.75, 9.125], "texture": "#0"},
				"west": {"uv": [2.25, 8.75, 2.625, 9], "rotation": 270, "texture": "#0"},
				"up": {"uv": [3.25, 10.25, 3.5, 10.5], "texture": "#0"},
				"down": {"uv": [10.25, 3, 10.5, 3.25], "rotation": 180, "texture": "#0"}
			}
		},
		{
			"from": [2.5, 4, -7.8],
			"to": [3.5, 6, -5.8],
			"rotation": {"angle": 45, "axis": "x", "origin": [8, 0, 0.2]},
			"faces": {
				"north": {"uv": [1, 9, 0.75, 8.5], "rotation": 180, "texture": "#0"},
				"east": {"uv": [0.75, 6, 1.25, 6.5], "rotation": 90, "texture": "#0"},
				"south": {"uv": [1.25, 8.5, 1, 9], "texture": "#0"},
				"west": {"uv": [6, 1.5, 6.5, 2], "rotation": 270, "texture": "#0"},
				"up": {"uv": [0.5, 8.5, 0.75, 9], "texture": "#0"},
				"down": {"uv": [8.25, 8, 8.5, 8.5], "rotation": 180, "texture": "#0"}
			}
		},
		{
			"from": [8, 4, -10.8],
			"to": [10.5, 6, -9.8],
			"rotation": {"angle": 45, "axis": "x", "origin": [8, 0, 0.2]},
			"faces": {
				"north": {"uv": [3.375, 6, 2.75, 5.5], "rotation": 180, "texture": "#0"},
				"east": {"uv": [8.5, 0.5, 9, 0.75], "rotation": 90, "texture": "#0"},
				"south": {"uv": [6.125, 4, 5.5, 4.5], "texture": "#0"},
				"west": {"uv": [2.5, 8.5, 3, 8.75], "rotation": 270, "texture": "#0"},
				"up": {"uv": [7.75, 3.75, 8.375, 4], "texture": "#0"},
				"down": {"uv": [7.75, 3.5, 8.375, 3.75], "rotation": 180, "texture": "#0"}
			}
		},
		{
			"from": [11.5, 3, -2.8],
			"to": [12.5, 4, -1.8],
			"rotation": {"angle": 45, "axis": "x", "origin": [8, 0, 0.2]},
			"faces": {
				"north": {"uv": [10.5, 5.5, 10.25, 5.25], "rotation": 180, "texture": "#0"},
				"east": {"uv": [5, 10.25, 5.25, 10.5], "rotation": 90, "texture": "#0"},
				"south": {"uv": [5.75, 10.25, 5.5, 10.5], "texture": "#0"},
				"west": {"uv": [5.25, 10.25, 5.5, 10.5], "rotation": 270, "texture": "#0"},
				"up": {"uv": [10.25, 5, 10.5, 5.25], "texture": "#0"},
				"down": {"uv": [10.25, 4.75, 10.5, 5], "rotation": 180, "texture": "#0"}
			}
		},
		{
			"from": [10.5, 3, -1.8],
			"to": [11.5, 5, -0.8],
			"rotation": {"angle": 45, "axis": "x", "origin": [8, 0, 0.2]},
			"faces": {
				"north": {"uv": [3.25, 9, 3, 8.5], "rotation": 180, "texture": "#0"},
				"east": {"uv": [8.5, 3.25, 9, 3.5], "rotation": 90, "texture": "#0"},
				"south": {"uv": [8.75, 3.5, 8.5, 4], "texture": "#0"},
				"west": {"uv": [3.5, 8.5, 4, 8.75], "rotation": 270, "texture": "#0"},
				"up": {"uv": [5.75, 10.25, 6, 10.5], "texture": "#0"},
				"down": {"uv": [10.25, 5.5, 10.5, 5.75], "rotation": 180, "texture": "#0"}
			}
		},
		{
			"from": [9, 4, -0.8],
			"to": [10.5, 5.5, 0.2],
			"rotation": {"angle": 45, "axis": "x", "origin": [8, 0, 0.2]},
			"faces": {
				"north": {"uv": [8.375, 4.375, 8, 4], "rotation": 180, "texture": "#0"},
				"east": {"uv": [8.75, 4.5, 9.125, 4.75], "rotation": 90, "texture": "#0"},
				"south": {"uv": [4.625, 8, 4.25, 8.375], "texture": "#0"},
				"west": {"uv": [8.75, 5, 9.125, 5.25], "rotation": 270, "texture": "#0"},
				"up": {"uv": [8.75, 4.75, 9.125, 5], "texture": "#0"},
				"down": {"uv": [8.75, 3.75, 9.125, 4], "rotation": 180, "texture": "#0"}
			}
		},
		{
			"from": [8, 4, -0.8],
			"to": [9, 6, 0.2],
			"rotation": {"angle": 45, "axis": "x", "origin": [8, 0, 0.2]},
			"faces": {
				"north": {"uv": [5, 9, 4.75, 8.5], "rotation": 180, "texture": "#0"},
				"east": {"uv": [8.5, 4, 9, 4.25], "rotation": 90, "texture": "#0"},
				"south": {"uv": [5.25, 8.5, 5, 9], "texture": "#0"},
				"west": {"uv": [4.25, 8.5, 4.75, 8.75], "rotation": 270, "texture": "#0"},
				"up": {"uv": [6, 10.25, 6.25, 10.5], "texture": "#0"},
				"down": {"uv": [10.25, 5.75, 10.5, 6], "rotation": 180, "texture": "#0"}
			}
		},
		{
			"from": [6.5, 4, -0.8],
			"to": [8, 5, 0.2],
			"rotation": {"angle": 45, "axis": "x", "origin": [8, 0, 0.2]},
			"faces": {
				"north": {"uv": [9.125, 6, 8.75, 5.75], "rotation": 180, "texture": "#0"},
				"east": {"uv": [10.25, 6.75, 10.5, 7], "rotation": 90, "texture": "#0"},
				"south": {"uv": [9.125, 6, 8.75, 6.25], "texture": "#0"},
				"west": {"uv": [7, 10.25, 7.25, 10.5], "rotation": 270, "texture": "#0"},
				"up": {"uv": [8.75, 5.5, 9.125, 5.75], "texture": "#0"},
				"down": {"uv": [5.25, 8.75, 5.625, 9], "rotation": 180, "texture": "#0"}
			}
		},
		{
			"from": [5.5, 4, -0.8],
			"to": [6.5, 5.5, 0.2],
			"rotation": {"angle": 45, "axis": "x", "origin": [8, 0, 0.2]},
			"faces": {
				"north": {"uv": [8, 9.125, 7.75, 8.75], "rotation": 180, "texture": "#0"},
				"east": {"uv": [7.25, 8.75, 7.625, 9], "rotation": 90, "texture": "#0"},
				"south": {"uv": [9, 7.75, 8.75, 8.125], "texture": "#0"},
				"west": {"uv": [8.75, 7.5, 9.125, 7.75], "rotation": 270, "texture": "#0"},
				"up": {"uv": [7.5, 10.25, 7.75, 10.5], "texture": "#0"},
				"down": {"uv": [10.25, 7.25, 10.5, 7.5], "rotation": 180, "texture": "#0"}
			}
		},
		{
			"from": [2.5, 6, -7.8],
			"to": [3.5, 7, -5.8],
			"rotation": {"angle": 45, "axis": "x", "origin": [8, 0, 0.2]},
			"faces": {
				"north": {"uv": [3, 10.75, 2.75, 10.5], "rotation": 180, "texture": "#0"},
				"east": {"uv": [8.5, 6, 8.75, 6.5], "rotation": 90, "texture": "#0"},
				"south": {"uv": [10.75, 2.75, 10.5, 3], "texture": "#0"},
				"west": {"uv": [6.5, 8.5, 6.75, 9], "rotation": 270, "texture": "#0"},
				"up": {"uv": [6.25, 8.5, 6.5, 9], "texture": "#0"},
				"down": {"uv": [6, 8.5, 6.25, 9], "rotation": 180, "texture": "#0"}
			}
		},
		{
			"from": [3.5, 6.5, -8.8],
			"to": [4.5, 7.5, -7.8],
			"rotation": {"angle": 45, "axis": "x", "origin": [8, 0, 0.2]},
			"faces": {
				"north": {"uv": [8, 10.75, 7.75, 10.5], "rotation": 180, "texture": "#0"},
				"east": {"uv": [10.5, 7.25, 10.75, 7.5], "rotation": 90, "texture": "#0"},
				"south": {"uv": [10.75, 7.75, 10.5, 8], "texture": "#0"},
				"west": {"uv": [10.5, 7.5, 10.75, 7.75], "rotation": 270, "texture": "#0"},
				"up": {"uv": [7.5, 10.5, 7.75, 10.75], "texture": "#0"},
				"down": {"uv": [7.25, 10.5, 7.5, 10.75], "rotation": 180, "texture": "#0"}
			}
		},
		{
			"from": [5.5, 7, -10.8],
			"to": [8, 8, -9.8],
			"rotation": {"angle": 45, "axis": "x", "origin": [8, 0, 0.2]},
			"faces": {
				"north": {"uv": [8.625, 2.5, 8, 2.25], "rotation": 180, "texture": "#0"},
				"east": {"uv": [4.75, 10.5, 5, 10.75], "rotation": 90, "texture": "#0"},
				"south": {"uv": [8.625, 2.5, 8, 2.75], "texture": "#0"},
				"west": {"uv": [10.5, 4.75, 10.75, 5], "rotation": 270, "texture": "#0"},
				"up": {"uv": [8, 2, 8.625, 2.25], "texture": "#0"},
				"down": {"uv": [8, 1.75, 8.625, 2], "rotation": 180, "texture": "#0"}
			}
		},
		{
			"from": [4.5, 6.5, -9.8],
			"to": [5.5, 7.5, -8.8],
			"rotation": {"angle": 45, "axis": "x", "origin": [8, 0, 0.2]},
			"faces": {
				"north": {"uv": [6.5, 10.75, 6.25, 10.5], "rotation": 180, "texture": "#0"},
				"east": {"uv": [10.5, 5.75, 10.75, 6], "rotation": 90, "texture": "#0"},
				"south": {"uv": [10.75, 6.25, 10.5, 6.5], "texture": "#0"},
				"west": {"uv": [10.5, 6, 10.75, 6.25], "rotation": 270, "texture": "#0"},
				"up": {"uv": [6, 10.5, 6.25, 10.75], "texture": "#0"},
				"down": {"uv": [5.75, 10.5, 6, 10.75], "rotation": 180, "texture": "#0"}
			}
		},
		{
			"from": [8, 6, -10.8],
			"to": [10.5, 7, -9.8],
			"rotation": {"angle": 45, "axis": "x", "origin": [8, 0, 0.2]},
			"faces": {
				"north": {"uv": [8.625, 1.75, 8, 1.5], "rotation": 180, "texture": "#0"},
				"east": {"uv": [2.5, 10.5, 2.75, 10.75], "rotation": 90, "texture": "#0"},
				"south": {"uv": [2.375, 8, 1.75, 8.25], "texture": "#0"},
				"west": {"uv": [10.5, 2.5, 10.75, 2.75], "rotation": 270, "texture": "#0"},
				"up": {"uv": [8, 0.25, 8.625, 0.5], "texture": "#0"},
				"down": {"uv": [8, 0, 8.625, 0.25], "rotation": 180, "texture": "#0"}
			}
		},
		{
			"from": [10.5, 5.5, -9.8],
			"to": [11.5, 6.5, -8.8],
			"rotation": {"angle": 45, "axis": "x", "origin": [8, 0, 0.2]},
			"faces": {
				"north": {"uv": [5.75, 10.75, 5.5, 10.5], "rotation": 180, "texture": "#0"},
				"east": {"uv": [10.5, 5, 10.75, 5.25], "rotation": 90, "texture": "#0"},
				"south": {"uv": [10.75, 5.5, 10.5, 5.75], "texture": "#0"},
				"west": {"uv": [10.5, 5.25, 10.75, 5.5], "rotation": 270, "texture": "#0"},
				"up": {"uv": [5.25, 10.5, 5.5, 10.75], "texture": "#0"},
				"down": {"uv": [5, 10.5, 5.25, 10.75], "rotation": 180, "texture": "#0"}
			}
		},
		{
			"from": [11.5, 5, -8.8],
			"to": [12.5, 6, -7.8],
			"rotation": {"angle": 45, "axis": "x", "origin": [8, 0, 0.2]},
			"faces": {
				"north": {"uv": [9, 10.75, 8.75, 10.5], "rotation": 180, "texture": "#0"},
				"east": {"uv": [10.5, 8.25, 10.75, 8.5], "rotation": 90, "texture": "#0"},
				"south": {"uv": [10.75, 8.75, 10.5, 9], "texture": "#0"},
				"west": {"uv": [10.5, 8.5, 10.75, 8.75], "rotation": 270, "texture": "#0"},
				"up": {"uv": [8.5, 10.5, 8.75, 10.75], "texture": "#0"},
				"down": {"uv": [8.25, 10.5, 8.5, 10.75], "rotation": 180, "texture": "#0"}
			}
		},
		{
			"from": [12.5, 4.5, -7.8],
			"to": [13.5, 5.5, -2.8],
			"rotation": {"angle": 45, "axis": "x", "origin": [8, 0, 0.2]},
			"faces": {
				"north": {"uv": [8.25, 10.75, 8, 10.5], "rotation": 180, "texture": "#0"},
				"east": {"uv": [1.25, 5.75, 1.5, 7], "rotation": 90, "texture": "#0"},
				"south": {"uv": [10.75, 8, 10.5, 8.25], "texture": "#0"},
				"west": {"uv": [5.75, 1.5, 6, 2.75], "rotation": 270, "texture": "#0"},
				"up": {"uv": [1.5, 5.75, 1.75, 7], "texture": "#0"},
				"down": {"uv": [5.5, 5.5, 5.75, 6.75], "rotation": 180, "texture": "#0"}
			}
		},
		{
			"from": [11.5, 4, -2.8],
			"to": [12.5, 5, -1.8],
			"rotation": {"angle": 45, "axis": "x", "origin": [8, 0, 0.2]},
			"faces": {
				"north": {"uv": [2.5, 10.75, 2.25, 10.5], "rotation": 180, "texture": "#0"},
				"east": {"uv": [10.5, 1.75, 10.75, 2], "rotation": 90, "texture": "#0"},
				"south": {"uv": [10.75, 2.25, 10.5, 2.5], "texture": "#0"},
				"west": {"uv": [10.5, 2, 10.75, 2.25], "rotation": 270, "texture": "#0"},
				"up": {"uv": [2, 10.5, 2.25, 10.75], "texture": "#0"},
				"down": {"uv": [1.75, 10.5, 2, 10.75], "rotation": 180, "texture": "#0"}
			}
		},
		{
			"from": [2.5, 5, -4.8],
			"to": [3.5, 6, -2.8],
			"rotation": {"angle": 45, "axis": "x", "origin": [8, 0, 0.2]},
			"faces": {
				"north": {"uv": [4, 10.75, 3.75, 10.5], "rotation": 180, "texture": "#0"},
				"east": {"uv": [8.5, 7, 8.75, 7.5], "rotation": 90, "texture": "#0"},
				"south": {"uv": [10.75, 3.75, 10.5, 4], "texture": "#0"},
				"west": {"uv": [8.5, 8, 8.75, 8.5], "rotation": 270, "texture": "#0"},
				"up": {"uv": [8.5, 7.5, 8.75, 8], "texture": "#0"},
				"down": {"uv": [8.5, 6.5, 8.75, 7], "rotation": 180, "texture": "#0"}
			}
		},
		{
			"from": [3.5, 5.5, -2.8],
			"to": [4.5, 6.5, -1.8],
			"rotation": {"angle": 45, "axis": "x", "origin": [8, 0, 0.2]},
			"faces": {
				"north": {"uv": [7.25, 10.75, 7, 10.5], "rotation": 180, "texture": "#0"},
				"east": {"uv": [10.5, 6.5, 10.75, 6.75], "rotation": 90, "texture": "#0"},
				"south": {"uv": [10.75, 7, 10.5, 7.25], "texture": "#0"},
				"west": {"uv": [10.5, 6.75, 10.75, 7], "rotation": 270, "texture": "#0"},
				"up": {"uv": [6.75, 10.5, 7, 10.75], "texture": "#0"},
				"down": {"uv": [6.5, 10.5, 6.75, 10.75], "rotation": 180, "texture": "#0"}
			}
		},
		{
			"from": [4.5, 6, -1.8],
			"to": [5.5, 7, -0.8],
			"rotation": {"angle": 45, "axis": "x", "origin": [8, 0, 0.2]},
			"faces": {
				"north": {"uv": [4.75, 10.75, 4.5, 10.5], "rotation": 180, "texture": "#0"},
				"east": {"uv": [10.5, 4, 10.75, 4.25], "rotation": 90, "texture": "#0"},
				"south": {"uv": [10.75, 4.5, 10.5, 4.75], "texture": "#0"},
				"west": {"uv": [10.5, 4.25, 10.75, 4.5], "rotation": 270, "texture": "#0"},
				"up": {"uv": [4.25, 10.5, 4.5, 10.75], "texture": "#0"},
				"down": {"uv": [4, 10.5, 4.25, 10.75], "rotation": 180, "texture": "#0"}
			}
		},
		{
			"from": [2.5, 5.5, -5.8],
			"to": [3.5, 6.5, -4.8],
			"rotation": {"angle": 45, "axis": "x", "origin": [8, 0, 0.2]},
			"faces": {
				"north": {"uv": [3.75, 10.75, 3.5, 10.5], "rotation": 180, "texture": "#0"},
				"east": {"uv": [10.5, 3, 10.75, 3.25], "rotation": 90, "texture": "#0"},
				"south": {"uv": [10.75, 3.5, 10.5, 3.75], "texture": "#0"},
				"west": {"uv": [10.5, 3.25, 10.75, 3.5], "rotation": 270, "texture": "#0"},
				"up": {"uv": [3.25, 10.5, 3.5, 10.75], "texture": "#0"},
				"down": {"uv": [3, 10.5, 3.25, 10.75], "rotation": 180, "texture": "#0"}
			}
		},
		{
			"from": [10.5, 5, -1.8],
			"to": [11.5, 6, -0.8],
			"rotation": {"angle": 45, "axis": "x", "origin": [8, 0, 0.2]},
			"faces": {
				"north": {"uv": [1.75, 10.75, 1.5, 10.5], "rotation": 180, "texture": "#0"},
				"east": {"uv": [10.5, 1, 10.75, 1.25], "rotation": 90, "texture": "#0"},
				"south": {"uv": [10.75, 1.5, 10.5, 1.75], "texture": "#0"},
				"west": {"uv": [10.5, 1.25, 10.75, 1.5], "rotation": 270, "texture": "#0"},
				"up": {"uv": [1.25, 10.5, 1.5, 10.75], "texture": "#0"},
				"down": {"uv": [1, 10.5, 1.25, 10.75], "rotation": 180, "texture": "#0"}
			}
		},
		{
			"from": [9, 5.5, -0.8],
			"to": [10.5, 6.5, 0.2],
			"rotation": {"angle": 45, "axis": "x", "origin": [8, 0, 0.2]},
			"faces": {
				"north": {"uv": [9.375, 0.75, 9, 0.5], "rotation": 180, "texture": "#0"},
				"east": {"uv": [0.75, 10.5, 1, 10.75], "rotation": 90, "texture": "#0"},
				"south": {"uv": [1.375, 9, 1, 9.25], "texture": "#0"},
				"west": {"uv": [10.5, 0.75, 10.75, 1], "rotation": 270, "texture": "#0"},
				"up": {"uv": [0.5, 9, 0.875, 9.25], "texture": "#0"},
				"down": {"uv": [0, 9, 0.375, 9.25], "rotation": 180, "texture": "#0"}
			}
		},
		{
			"from": [8, 6, -0.8],
			"to": [9, 7, 0.2],
			"rotation": {"angle": 45, "axis": "x", "origin": [8, 0, 0.2]},
			"faces": {
				"north": {"uv": [0.75, 10.75, 0.5, 10.5], "rotation": 180, "texture": "#0"},
				"east": {"uv": [10.5, 0, 10.75, 0.25], "rotation": 90, "texture": "#0"},
				"south": {"uv": [10.75, 0.5, 10.5, 0.75], "texture": "#0"},
				"west": {"uv": [10.5, 0.25, 10.75, 0.5], "rotation": 270, "texture": "#0"},
				"up": {"uv": [0.25, 10.5, 0.5, 10.75], "texture": "#0"},
				"down": {"uv": [0, 10.5, 0.25, 10.75], "rotation": 180, "texture": "#0"}
			}
		},
		{
			"from": [6.5, 5, -0.8],
			"to": [8, 6, 0.2],
			"rotation": {"angle": 45, "axis": "x", "origin": [8, 0, 0.2]},
			"faces": {
				"north": {"uv": [8.875, 9, 8.5, 8.75], "rotation": 180, "texture": "#0"},
				"east": {"uv": [10.25, 10, 10.5, 10.25], "rotation": 90, "texture": "#0"},
				"south": {"uv": [9.125, 8.5, 8.75, 8.75], "texture": "#0"},
				"west": {"uv": [10.25, 10.25, 10.5, 10.5], "rotation": 270, "texture": "#0"},
				"up": {"uv": [8.75, 8.25, 9.125, 8.5], "texture": "#0"},
				"down": {"uv": [8, 8.75, 8.375, 9], "rotation": 180, "texture": "#0"}
			}
		},
		{
			"from": [5.5, 5.5, -0.8],
			"to": [6.5, 6.5, 0.2],
			"rotation": {"angle": 45, "axis": "x", "origin": [8, 0, 0.2]},
			"faces": {
				"north": {"uv": [10.5, 10, 10.25, 9.75], "rotation": 180, "texture": "#0"},
				"east": {"uv": [9.5, 10.25, 9.75, 10.5], "rotation": 90, "texture": "#0"},
				"south": {"uv": [10.25, 10.25, 10, 10.5], "texture": "#0"},
				"west": {"uv": [9.75, 10.25, 10, 10.5], "rotation": 270, "texture": "#0"},
				"up": {"uv": [10.25, 9.5, 10.5, 9.75], "texture": "#0"},
				"down": {"uv": [10.25, 9.25, 10.5, 9.5], "rotation": 180, "texture": "#0"}
			}
		}
	],
	"display": {
		"thirdperson_righthand": {
			"translation": [0, 7.75, 0]
		},
		"head": {
			"rotation": [0, 90, 0],
			"translation": [5, -20.75, 5],
			"scale": [2.75, 2.75, 2.75]
		}
	},
	"groups": [
		{
			"name": "Top",
			"origin": [7.5, 6.5, 8.5],
			"color": 0,
			"nbt": "{}",
			"armAnimationEnabled": false,
			"children": [
				0,
				1,
				2,
				3,
				4,
				5,
				6,
				7,
				8,
				9,
				10,
				11,
				12,
				13,
				14,
				15,
				16,
				17,
				18,
				19,
				20,
				21,
				22,
				23,
				24,
				25,
				26,
				27,
				28,
				29,
				30,
				31,
				32,
				33,
				34,
				35,
				36,
				37,
				38,
				39,
				40,
				41,
				42,
				43,
				44,
				45,
				46,
				47,
				48,
				49,
				50,
				51,
				52,
				53,
				54,
				55,
				56,
				57,
				58,
				59,
				60,
				61,
				62,
				63,
				64,
				65,
				66,
				67,
				68,
				69,
				70,
				71,
				72,
				73,
				74,
				75,
				76,
				77,
				78
			]
		},
		{
			"name": "Bottom",
			"origin": [7.5, 6.5, 9],
			"color": 0,
			"nbt": "{}",
			"armAnimationEnabled": false,
			"children": [
				79,
				80,
				81,
				82,
				83,
				84,
				85,
				86,
				87,
				88,
				89,
				90,
				91,
				92,
				93,
				94,
				95,
				96,
				97,
				98,
				99,
				100,
				101,
				102,
				103,
				104,
				105,
				106,
				107,
				108,
				109,
				110,
				111,
				112,
				113,
				114,
				115,
				116,
				117,
				118,
				119,
				120,
				121,
				122,
				123,
				124,
				125,
				126,
				127
			]
		},
		{
			"name": "Crack",
			"origin": [8, 8.5, 8.5],
			"color": 1,
			"nbt": "{}",
			"armAnimationEnabled": false,
			"children": [
				{
					"name": "G1",
					"origin": [8, 8.5, 8.5],
					"color": 0,
					"nbt": "{}",
					"armAnimationEnabled": false,
					"children": [128, 129, 130, 131, 132, 133, 134]
				},
				{
					"name": "G2",
					"origin": [8, 8.5, 8.5],
					"color": 0,
					"nbt": "{}",
					"armAnimationEnabled": false,
					"children": [135, 136, 137, 138, 139]
				},
				{
					"name": "G3",
					"origin": [8, 8.5, 8.5],
					"color": 0,
					"nbt": "{}",
					"armAnimationEnabled": false,
					"children": [140, 141, 142, 143, 144, 145]
				}
			]
		}
	]
}