{
	"credit": "Made with Blockbench",
	"texture_size": [32, 32],
	"textures": {
		"0": "minecraft:item/keys/skin_key"
	},
	"elements": [
		{
			"name": "hexadecagon",
			"from": [5, 8.40326, 7],
			"to": [6, 9.59674, 8],
			"rotation": {"angle": 45, "axis": "z", "origin": [8, 9, 7.5]},
			"faces": {
				"north": {"uv": [2, 1, 2.5, 1.5], "texture": "#0"},
				"east": {"uv": [2, 1.5, 2.5, 2], "texture": "#0"},
				"south": {"uv": [2, 2, 2.5, 2.5], "texture": "#0"},
				"west": {"uv": [2.5, 0, 3, 0.5], "texture": "#0"},
				"up": {"uv": [3, 1, 2.5, 0.5], "texture": "#0"},
				"down": {"uv": [3, 1, 2.5, 1.5], "texture": "#0"}
			}
		},
		{
			"name": "hexadecagon",
			"from": [5, 8.40326, 7.001],
			"to": [6, 9.59674, 8.001],
			"rotation": {"angle": 22.5, "axis": "z", "origin": [8, 9, 7.5]},
			"faces": {
				"north": {"uv": [2.5, 1.5, 3, 2], "texture": "#0"},
				"east": {"uv": [2, 2.5, 2.5, 3], "texture": "#0"},
				"south": {"uv": [2.5, 2, 3, 2.5], "texture": "#0"},
				"west": {"uv": [2.5, 2.5, 3, 3], "texture": "#0"},
				"up": {"uv": [0.5, 3.5, 0, 3], "texture": "#0"},
				"down": {"uv": [3.5, 0, 3, 0.5], "texture": "#0"}
			}
		},
		{
			"name": "hexadecagon",
			"from": [5, 8.40326, 6.999],
			"to": [6, 9.59674, 7.999],
			"rotation": {"angle": 0, "axis": "x", "origin": [8, 9, 7.5]},
			"faces": {
				"north": {"uv": [0.5, 3, 1, 3.5], "texture": "#0"},
				"east": {"uv": [3, 0.5, 3.5, 1], "texture": "#0"},
				"south": {"uv": [1, 3, 1.5, 3.5], "texture": "#0"},
				"west": {"uv": [3, 1, 3.5, 1.5], "texture": "#0"},
				"up": {"uv": [2, 3.5, 1.5, 3], "texture": "#0"},
				"down": {"uv": [3.5, 1.5, 3, 2], "texture": "#0"}
			}
		},
		{
			"name": "hexadecagon",
			"from": [5, 8.40326, 7.001],
			"to": [6, 9.59674, 8.001],
			"rotation": {"angle": -22.5, "axis": "z", "origin": [8, 9, 7.5]},
			"faces": {
				"north": {"uv": [2, 3, 2.5, 3.5], "texture": "#0"},
				"east": {"uv": [3, 2, 3.5, 2.5], "texture": "#0"},
				"south": {"uv": [2.5, 3, 3, 3.5], "texture": "#0"},
				"west": {"uv": [3, 2.5, 3.5, 3], "texture": "#0"},
				"up": {"uv": [3.5, 3.5, 3, 3], "texture": "#0"},
				"down": {"uv": [0.5, 3.5, 0, 4], "texture": "#0"}
			}
		},
		{
			"name": "hexadecagon",
			"from": [5, 8.40326, 6.999],
			"to": [6, 9.59674, 7.999],
			"rotation": {"angle": -45, "axis": "z", "origin": [8, 9, 7.5]},
			"faces": {
				"north": {"uv": [3.5, 0, 4, 0.5], "texture": "#0"},
				"east": {"uv": [0.5, 3.5, 1, 4], "texture": "#0"},
				"south": {"uv": [3.5, 0.5, 4, 1], "texture": "#0"},
				"west": {"uv": [1, 3.5, 1.5, 4], "texture": "#0"},
				"up": {"uv": [4, 1.5, 3.5, 1], "texture": "#0"},
				"down": {"uv": [2, 3.5, 1.5, 4], "texture": "#0"}
			}
		},
		{
			"name": "hexadecagon",
			"from": [10, 8.40326, 6.999],
			"to": [11, 9.59674, 7.999],
			"rotation": {"angle": 45, "axis": "z", "origin": [8, 9, 7.5]},
			"faces": {
				"north": {"uv": [3.5, 1.5, 4, 2], "texture": "#0"},
				"east": {"uv": [2, 3.5, 2.5, 4], "texture": "#0"},
				"south": {"uv": [3.5, 2, 4, 2.5], "texture": "#0"},
				"west": {"uv": [2.5, 3.5, 3, 4], "texture": "#0"},
				"up": {"uv": [4, 3, 3.5, 2.5], "texture": "#0"},
				"down": {"uv": [3.5, 3.5, 3, 4], "texture": "#0"}
			}
		},
		{
			"name": "hexadecagon",
			"from": [10, 8.40326, 7.001],
			"to": [11, 9.59674, 8.001],
			"rotation": {"angle": 22.5, "axis": "z", "origin": [8, 9, 7.5]},
			"faces": {
				"north": {"uv": [3.5, 3, 4, 3.5], "texture": "#0"},
				"east": {"uv": [3.5, 3.5, 4, 4], "texture": "#0"},
				"south": {"uv": [0, 4, 0.5, 4.5], "texture": "#0"},
				"west": {"uv": [4, 0, 4.5, 0.5], "texture": "#0"},
				"up": {"uv": [1, 4.5, 0.5, 4], "texture": "#0"},
				"down": {"uv": [4.5, 0.5, 4, 1], "texture": "#0"}
			}
		},
		{
			"name": "hexadecagon",
			"from": [10, 8.40326, 6.999],
			"to": [11, 9.59674, 7.999],
			"rotation": {"angle": 0, "axis": "x", "origin": [8, 9, 7.5]},
			"faces": {
				"north": {"uv": [1, 4, 1.5, 4.5], "texture": "#0"},
				"east": {"uv": [4, 1, 4.5, 1.5], "texture": "#0"},
				"south": {"uv": [1.5, 4, 2, 4.5], "texture": "#0"},
				"west": {"uv": [4, 1.5, 4.5, 2], "texture": "#0"},
				"up": {"uv": [2.5, 4.5, 2, 4], "texture": "#0"},
				"down": {"uv": [4.5, 2, 4, 2.5], "texture": "#0"}
			}
		},
		{
			"name": "hexadecagon",
			"from": [7.5, 8.5, 7],
			"to": [8.5, 9.5, 8],
			"rotation": {"angle": -45, "axis": "z", "origin": [8, 9, 7.5]},
			"faces": {
				"north": {"uv": [2.5, 4, 3, 4.5], "texture": "#0"},
				"east": {"uv": [4, 2.5, 4.5, 3], "texture": "#0"},
				"south": {"uv": [3, 4, 3.5, 4.5], "texture": "#0"},
				"west": {"uv": [4, 3, 4.5, 3.5], "texture": "#0"},
				"up": {"uv": [4, 4.5, 3.5, 4], "texture": "#0"},
				"down": {"uv": [4.5, 3.5, 4, 4], "texture": "#0"}
			}
		},
		{
			"name": "hexadecagon",
			"from": [10, 8.40326, 7.001],
			"to": [11, 9.59674, 8.001],
			"rotation": {"angle": -22.5, "axis": "z", "origin": [8, 9, 7.5]},
			"faces": {
				"north": {"uv": [4, 4, 4.5, 4.5], "texture": "#0"},
				"east": {"uv": [0, 4.5, 0.5, 5], "texture": "#0"},
				"south": {"uv": [4.5, 0, 5, 0.5], "texture": "#0"},
				"west": {"uv": [0.5, 4.5, 1, 5], "texture": "#0"},
				"up": {"uv": [5, 1, 4.5, 0.5], "texture": "#0"},
				"down": {"uv": [1.5, 4.5, 1, 5], "texture": "#0"}
			}
		},
		{
			"name": "hexadecagon",
			"from": [10, 8.40326, 6.999],
			"to": [11, 9.59674, 7.999],
			"rotation": {"angle": -45, "axis": "z", "origin": [8, 9, 7.5]},
			"faces": {
				"north": {"uv": [4.5, 1, 5, 1.5], "texture": "#0"},
				"east": {"uv": [1.5, 4.5, 2, 5], "texture": "#0"},
				"south": {"uv": [4.5, 1.5, 5, 2], "texture": "#0"},
				"west": {"uv": [2, 4.5, 2.5, 5], "texture": "#0"},
				"up": {"uv": [5, 2.5, 4.5, 2], "texture": "#0"},
				"down": {"uv": [3, 4.5, 2.5, 5], "texture": "#0"}
			}
		},
		{
			"name": "hexadecagon",
			"from": [7.40326, 6, 7.001],
			"to": [8.59674, 7, 8.001],
			"rotation": {"angle": 22.5, "axis": "z", "origin": [8, 9, 7.5]},
			"faces": {
				"north": {"uv": [4.5, 2.5, 5, 3], "texture": "#0"},
				"east": {"uv": [3, 4.5, 3.5, 5], "texture": "#0"},
				"south": {"uv": [4.5, 3, 5, 3.5], "texture": "#0"},
				"west": {"uv": [3.5, 4.5, 4, 5], "texture": "#0"},
				"up": {"uv": [5, 4, 4.5, 3.5], "texture": "#0"},
				"down": {"uv": [4.5, 4.5, 4, 5], "texture": "#0"}
			}
		},
		{
			"name": "hexadecagon",
			"from": [7.40326, 6, 6.999],
			"to": [8.59674, 7, 7.999],
			"rotation": {"angle": 0, "axis": "x", "origin": [8, 9, 7.5]},
			"faces": {
				"north": {"uv": [4.5, 4, 5, 4.5], "texture": "#0"},
				"east": {"uv": [4.5, 4.5, 5, 5], "texture": "#0"},
				"south": {"uv": [0, 5, 0.5, 5.5], "texture": "#0"},
				"west": {"uv": [5, 0, 5.5, 0.5], "texture": "#0"},
				"up": {"uv": [1, 5.5, 0.5, 5], "texture": "#0"},
				"down": {"uv": [5.5, 0.5, 5, 1], "texture": "#0"}
			}
		},
		{
			"name": "hexadecagon",
			"from": [7.40326, 6, 7],
			"to": [8.59674, 7, 8],
			"rotation": {"angle": -22.5, "axis": "z", "origin": [8, 9, 7.5]},
			"faces": {
				"north": {"uv": [1, 5, 1.5, 5.5], "texture": "#0"},
				"east": {"uv": [5, 1, 5.5, 1.5], "texture": "#0"},
				"south": {"uv": [1.5, 5, 2, 5.5], "texture": "#0"},
				"west": {"uv": [5, 1.5, 5.5, 2], "texture": "#0"},
				"up": {"uv": [2.5, 5.5, 2, 5], "texture": "#0"},
				"down": {"uv": [5.5, 2, 5, 2.5], "texture": "#0"}
			}
		},
		{
			"name": "hexadecagon",
			"from": [7.40326, 11, 7.001],
			"to": [8.59674, 12, 8.001],
			"rotation": {"angle": 22.5, "axis": "z", "origin": [8, 9, 7.5]},
			"faces": {
				"north": {"uv": [2.5, 5, 3, 5.5], "texture": "#0"},
				"east": {"uv": [5, 2.5, 5.5, 3], "texture": "#0"},
				"south": {"uv": [3, 5, 3.5, 5.5], "texture": "#0"},
				"west": {"uv": [5, 3, 5.5, 3.5], "texture": "#0"},
				"up": {"uv": [4, 5.5, 3.5, 5], "texture": "#0"},
				"down": {"uv": [5.5, 3.5, 5, 4], "texture": "#0"}
			}
		},
		{
			"name": "hexadecagon",
			"from": [7.40326, 11, 7],
			"to": [8.59674, 12, 8],
			"rotation": {"angle": 0, "axis": "x", "origin": [8, 9, 7.5]},
			"faces": {
				"north": {"uv": [4, 5, 4.5, 5.5], "texture": "#0"},
				"east": {"uv": [5, 4, 5.5, 4.5], "texture": "#0"},
				"south": {"uv": [4.5, 5, 5, 5.5], "texture": "#0"},
				"west": {"uv": [5, 4.5, 5.5, 5], "texture": "#0"},
				"up": {"uv": [5.5, 5.5, 5, 5], "texture": "#0"},
				"down": {"uv": [0.5, 5.5, 0, 6], "texture": "#0"}
			}
		},
		{
			"name": "hexadecagon",
			"from": [7.50326, 10.85, 6.85],
			"to": [8.50326, 12.15, 8.15],
			"rotation": {"angle": 0, "axis": "x", "origin": [8, 9, 7.5]},
			"faces": {
				"north": {"uv": [5.5, 0, 6, 0.5], "texture": "#0"},
				"east": {"uv": [0.5, 5.5, 1, 6], "texture": "#0"},
				"south": {"uv": [5.5, 0.5, 6, 1], "texture": "#0"},
				"west": {"uv": [1, 5.5, 1.5, 6], "texture": "#0"},
				"up": {"uv": [6, 1.5, 5.5, 1], "texture": "#0"},
				"down": {"uv": [2, 5.5, 1.5, 6], "texture": "#0"}
			}
		},
		{
			"name": "hexadecagon",
			"from": [4.85, 8.50326, 6.85],
			"to": [6.15, 9.50326, 8.15],
			"rotation": {"angle": 0, "axis": "z", "origin": [8, 9, 7.5]},
			"faces": {
				"north": {"uv": [5.5, 1.5, 6, 2], "texture": "#0"},
				"east": {"uv": [2, 5.5, 2.5, 6], "texture": "#0"},
				"south": {"uv": [5.5, 2, 6, 2.5], "texture": "#0"},
				"west": {"uv": [2.5, 5.5, 3, 6], "texture": "#0"},
				"up": {"uv": [6, 3, 5.5, 2.5], "texture": "#0"},
				"down": {"uv": [3.5, 5.5, 3, 6], "texture": "#0"}
			}
		},
		{
			"name": "hexadecagon",
			"from": [7.49674, 5.85, 6.85],
			"to": [8.49674, 7.15, 8.15],
			"rotation": {"angle": 0, "axis": "z", "origin": [8, 9, 7.5]},
			"faces": {
				"north": {"uv": [5.5, 3, 6, 3.5], "texture": "#0"},
				"east": {"uv": [3.5, 5.5, 4, 6], "texture": "#0"},
				"south": {"uv": [5.5, 3.5, 6, 4], "texture": "#0"},
				"west": {"uv": [4, 5.5, 4.5, 6], "texture": "#0"},
				"up": {"uv": [6, 4.5, 5.5, 4], "texture": "#0"},
				"down": {"uv": [5, 5.5, 4.5, 6], "texture": "#0"}
			}
		},
		{
			"name": "hexadecagon",
			"from": [9.85, 8.49674, 6.85],
			"to": [11.15, 9.49674, 8.15],
			"rotation": {"angle": 0, "axis": "z", "origin": [8, 9, 7.5]},
			"faces": {
				"north": {"uv": [5.5, 4.5, 6, 5], "texture": "#0"},
				"east": {"uv": [5, 5.5, 5.5, 6], "texture": "#0"},
				"south": {"uv": [5.5, 5, 6, 5.5], "texture": "#0"},
				"west": {"uv": [5.5, 5.5, 6, 6], "texture": "#0"},
				"up": {"uv": [0.5, 6.5, 0, 6], "texture": "#0"},
				"down": {"uv": [6.5, 0, 6, 0.5], "texture": "#0"}
			}
		},
		{
			"name": "hexadecagon",
			"from": [7.40326, 11, 7.001],
			"to": [8.59674, 12, 8.001],
			"rotation": {"angle": -22.5, "axis": "z", "origin": [8, 9, 7.5]},
			"faces": {
				"north": {"uv": [0.5, 6, 1, 6.5], "texture": "#0"},
				"east": {"uv": [6, 0.5, 6.5, 1], "texture": "#0"},
				"south": {"uv": [1, 6, 1.5, 6.5], "texture": "#0"},
				"west": {"uv": [6, 1, 6.5, 1.5], "texture": "#0"},
				"up": {"uv": [2, 6.5, 1.5, 6], "texture": "#0"},
				"down": {"uv": [6.5, 1.5, 6, 2], "texture": "#0"}
			}
		},
		{
			"name": "hexadecagon",
			"from": [8.5, 8.80109, 7.251],
			"to": [9, 9.19891, 7.751],
			"rotation": {"angle": -45, "axis": "z", "origin": [8, 9, 7.5]},
			"faces": {
				"north": {"uv": [2, 6, 2.5, 6.5], "texture": "#0"},
				"east": {"uv": [6, 2, 6.5, 2.5], "texture": "#0"},
				"south": {"uv": [2.5, 6, 3, 6.5], "texture": "#0"},
				"west": {"uv": [6, 2.5, 6.5, 3], "texture": "#0"},
				"up": {"uv": [3.5, 6.5, 3, 6], "texture": "#0"},
				"down": {"uv": [6.5, 3, 6, 3.5], "texture": "#0"}
			}
		},
		{
			"name": "hexadecagon",
			"from": [8.5, 8.80109, 7.25],
			"to": [9, 9.19891, 7.75],
			"rotation": {"angle": -22.5, "axis": "z", "origin": [8, 9, 7.5]},
			"faces": {
				"north": {"uv": [3.5, 6, 4, 6.5], "texture": "#0"},
				"east": {"uv": [6, 3.5, 6.5, 4], "texture": "#0"},
				"south": {"uv": [4, 6, 4.5, 6.5], "texture": "#0"},
				"west": {"uv": [6, 4, 6.5, 4.5], "texture": "#0"},
				"up": {"uv": [5, 6.5, 4.5, 6], "texture": "#0"},
				"down": {"uv": [6.5, 4.5, 6, 5], "texture": "#0"}
			}
		},
		{
			"name": "hexadecagon",
			"from": [8.5, 8.80109, 7.251],
			"to": [9, 9.19891, 7.751],
			"rotation": {"angle": 0, "axis": "x", "origin": [8, 9, 7.5]},
			"faces": {
				"north": {"uv": [5, 6, 5.5, 6.5], "texture": "#0"},
				"east": {"uv": [6, 5, 6.5, 5.5], "texture": "#0"},
				"south": {"uv": [5.5, 6, 6, 6.5], "texture": "#0"},
				"west": {"uv": [6, 5.5, 6.5, 6], "texture": "#0"},
				"up": {"uv": [6.5, 6.5, 6, 6], "texture": "#0"},
				"down": {"uv": [0.5, 6.5, 0, 7], "texture": "#0"}
			}
		},
		{
			"name": "hexadecagon",
			"from": [9, 8.80109, 7.25],
			"to": [10, 9.19891, 7.75],
			"rotation": {"angle": 0, "axis": "x", "origin": [8, 9, 7.5]},
			"faces": {
				"north": {"uv": [6.5, 0, 7, 0.5], "texture": "#0"},
				"east": {"uv": [0.5, 6.5, 1, 7], "texture": "#0"},
				"south": {"uv": [6.5, 0.5, 7, 1], "texture": "#0"},
				"west": {"uv": [1, 6.5, 1.5, 7], "texture": "#0"},
				"up": {"uv": [7, 1.5, 6.5, 1], "texture": "#0"},
				"down": {"uv": [2, 6.5, 1.5, 7], "texture": "#0"}
			}
		},
		{
			"name": "hexadecagon",
			"from": [8.5, 8.80109, 7.25],
			"to": [9, 9.19891, 7.75],
			"rotation": {"angle": 22.5, "axis": "z", "origin": [8, 9, 7.5]},
			"faces": {
				"north": {"uv": [6.5, 1.5, 7, 2], "texture": "#0"},
				"east": {"uv": [2, 6.5, 2.5, 7], "texture": "#0"},
				"south": {"uv": [6.5, 2, 7, 2.5], "texture": "#0"},
				"west": {"uv": [2.5, 6.5, 3, 7], "texture": "#0"},
				"up": {"uv": [7, 3, 6.5, 2.5], "texture": "#0"},
				"down": {"uv": [3.5, 6.5, 3, 7], "texture": "#0"}
			}
		},
		{
			"name": "hexadecagon",
			"from": [8.5, 8.80109, 7.251],
			"to": [9, 9.19891, 7.751],
			"rotation": {"angle": 45, "axis": "z", "origin": [8, 9, 7.5]},
			"faces": {
				"north": {"uv": [6.5, 3, 7, 3.5], "texture": "#0"},
				"east": {"uv": [3.5, 6.5, 4, 7], "texture": "#0"},
				"south": {"uv": [6.5, 3.5, 7, 4], "texture": "#0"},
				"west": {"uv": [4, 6.5, 4.5, 7], "texture": "#0"},
				"up": {"uv": [7, 4.5, 6.5, 4], "texture": "#0"},
				"down": {"uv": [5, 6.5, 4.5, 7], "texture": "#0"}
			}
		},
		{
			"name": "hexadecagon",
			"from": [7, 8.80109, 7.251],
			"to": [7.5, 9.19891, 7.751],
			"rotation": {"angle": -45, "axis": "z", "origin": [8, 9, 7.5]},
			"faces": {
				"north": {"uv": [6.5, 4.5, 7, 5], "texture": "#0"},
				"east": {"uv": [5, 6.5, 5.5, 7], "texture": "#0"},
				"south": {"uv": [6.5, 5, 7, 5.5], "texture": "#0"},
				"west": {"uv": [5.5, 6.5, 6, 7], "texture": "#0"},
				"up": {"uv": [7, 6, 6.5, 5.5], "texture": "#0"},
				"down": {"uv": [6.5, 6.5, 6, 7], "texture": "#0"}
			}
		},
		{
			"name": "hexadecagon",
			"from": [7, 8.80109, 7.25],
			"to": [7.5, 9.19891, 7.75],
			"rotation": {"angle": -22.5, "axis": "z", "origin": [8, 9, 7.5]},
			"faces": {
				"north": {"uv": [6.5, 6, 7, 6.5], "texture": "#0"},
				"east": {"uv": [6.5, 6.5, 7, 7], "texture": "#0"},
				"south": {"uv": [0, 7, 0.5, 7.5], "texture": "#0"},
				"west": {"uv": [7, 0, 7.5, 0.5], "texture": "#0"},
				"up": {"uv": [1, 7.5, 0.5, 7], "texture": "#0"},
				"down": {"uv": [7.5, 0.5, 7, 1], "texture": "#0"}
			}
		},
		{
			"name": "hexadecagon",
			"from": [7, 8.80109, 7.251],
			"to": [7.5, 9.19891, 7.751],
			"rotation": {"angle": 0, "axis": "x", "origin": [8, 9, 7.5]},
			"faces": {
				"north": {"uv": [1, 7, 1.5, 7.5], "texture": "#0"},
				"east": {"uv": [7, 1, 7.5, 1.5], "texture": "#0"},
				"south": {"uv": [1.5, 7, 2, 7.5], "texture": "#0"},
				"west": {"uv": [7, 1.5, 7.5, 2], "texture": "#0"},
				"up": {"uv": [2.5, 7.5, 2, 7], "texture": "#0"},
				"down": {"uv": [7.5, 2, 7, 2.5], "texture": "#0"}
			}
		},
		{
			"name": "hexadecagon",
			"from": [6, 8.80109, 7.25],
			"to": [7, 9.19891, 7.75],
			"rotation": {"angle": 0, "axis": "x", "origin": [8, 9, 7.5]},
			"faces": {
				"north": {"uv": [2.5, 7, 3, 7.5], "texture": "#0"},
				"east": {"uv": [7, 2.5, 7.5, 3], "texture": "#0"},
				"south": {"uv": [3, 7, 3.5, 7.5], "texture": "#0"},
				"west": {"uv": [7, 3, 7.5, 3.5], "texture": "#0"},
				"up": {"uv": [4, 7.5, 3.5, 7], "texture": "#0"},
				"down": {"uv": [7.5, 3.5, 7, 4], "texture": "#0"}
			}
		},
		{
			"name": "hexadecagon",
			"from": [7, 8.80109, 7.25],
			"to": [7.5, 9.19891, 7.75],
			"rotation": {"angle": 22.5, "axis": "z", "origin": [8, 9, 7.5]},
			"faces": {
				"north": {"uv": [4, 7, 4.5, 7.5], "texture": "#0"},
				"east": {"uv": [7, 4, 7.5, 4.5], "texture": "#0"},
				"south": {"uv": [4.5, 7, 5, 7.5], "texture": "#0"},
				"west": {"uv": [7, 4.5, 7.5, 5], "texture": "#0"},
				"up": {"uv": [5.5, 7.5, 5, 7], "texture": "#0"},
				"down": {"uv": [7.5, 5, 7, 5.5], "texture": "#0"}
			}
		},
		{
			"name": "hexadecagon",
			"from": [7, 8.80109, 7.251],
			"to": [7.5, 9.19891, 7.751],
			"rotation": {"angle": 45, "axis": "z", "origin": [8, 9, 7.5]},
			"faces": {
				"north": {"uv": [5.5, 7, 6, 7.5], "texture": "#0"},
				"east": {"uv": [7, 5.5, 7.5, 6], "texture": "#0"},
				"south": {"uv": [6, 7, 6.5, 7.5], "texture": "#0"},
				"west": {"uv": [7, 6, 7.5, 6.5], "texture": "#0"},
				"up": {"uv": [7, 7.5, 6.5, 7], "texture": "#0"},
				"down": {"uv": [7.5, 6.5, 7, 7], "texture": "#0"}
			}
		},
		{
			"name": "hexadecagon",
			"from": [7.80109, 8, 7.25],
			"to": [8.19891, 8.5, 7.75],
			"rotation": {"angle": -22.5, "axis": "z", "origin": [8, 9, 7.5]},
			"faces": {
				"north": {"uv": [7, 7, 7.5, 7.5], "texture": "#0"},
				"east": {"uv": [0, 7.5, 0.5, 8], "texture": "#0"},
				"south": {"uv": [7.5, 0, 8, 0.5], "texture": "#0"},
				"west": {"uv": [0.5, 7.5, 1, 8], "texture": "#0"},
				"up": {"uv": [8, 1, 7.5, 0.5], "texture": "#0"},
				"down": {"uv": [1.5, 7.5, 1, 8], "texture": "#0"}
			}
		},
		{
			"name": "hexadecagon",
			"from": [7.80109, 7, 7.25],
			"to": [8.19891, 8, 7.75],
			"rotation": {"angle": 0, "axis": "x", "origin": [8, 9, 7.5]},
			"faces": {
				"north": {"uv": [7.5, 1, 8, 1.5], "texture": "#0"},
				"east": {"uv": [1.5, 7.5, 2, 8], "texture": "#0"},
				"south": {"uv": [7.5, 1.5, 8, 2], "texture": "#0"},
				"west": {"uv": [2, 7.5, 2.5, 8], "texture": "#0"},
				"up": {"uv": [8, 2.5, 7.5, 2], "texture": "#0"},
				"down": {"uv": [3, 7.5, 2.5, 8], "texture": "#0"}
			}
		},
		{
			"name": "hexadecagon",
			"from": [7.80109, 8, 7.251],
			"to": [8.19891, 8.5, 7.751],
			"rotation": {"angle": 0, "axis": "x", "origin": [8, 9, 7.5]},
			"faces": {
				"north": {"uv": [7.5, 2.5, 8, 3], "texture": "#0"},
				"east": {"uv": [3, 7.5, 3.5, 8], "texture": "#0"},
				"south": {"uv": [7.5, 3, 8, 3.5], "texture": "#0"},
				"west": {"uv": [3.5, 7.5, 4, 8], "texture": "#0"},
				"up": {"uv": [8, 4, 7.5, 3.5], "texture": "#0"},
				"down": {"uv": [4.5, 7.5, 4, 8], "texture": "#0"}
			}
		},
		{
			"name": "hexadecagon",
			"from": [7.80109, 8, 7.25],
			"to": [8.19891, 8.5, 7.75],
			"rotation": {"angle": 22.5, "axis": "z", "origin": [8, 9, 7.5]},
			"faces": {
				"north": {"uv": [7.5, 4, 8, 4.5], "texture": "#0"},
				"east": {"uv": [4.5, 7.5, 5, 8], "texture": "#0"},
				"south": {"uv": [7.5, 4.5, 8, 5], "texture": "#0"},
				"west": {"uv": [5, 7.5, 5.5, 8], "texture": "#0"},
				"up": {"uv": [8, 5.5, 7.5, 5], "texture": "#0"},
				"down": {"uv": [6, 7.5, 5.5, 8], "texture": "#0"}
			}
		},
		{
			"name": "hexadecagon",
			"from": [7.80109, 9.5, 7.25],
			"to": [8.19891, 10, 7.75],
			"rotation": {"angle": -22.5, "axis": "z", "origin": [8, 9, 7.5]},
			"faces": {
				"north": {"uv": [7.5, 5.5, 8, 6], "texture": "#0"},
				"east": {"uv": [6, 7.5, 6.5, 8], "texture": "#0"},
				"south": {"uv": [7.5, 6, 8, 6.5], "texture": "#0"},
				"west": {"uv": [6.5, 7.5, 7, 8], "texture": "#0"},
				"up": {"uv": [8, 7, 7.5, 6.5], "texture": "#0"},
				"down": {"uv": [7.5, 7.5, 7, 8], "texture": "#0"}
			}
		},
		{
			"name": "hexadecagon",
			"from": [7.80109, 9.5, 7.251],
			"to": [8.19891, 10, 7.751],
			"rotation": {"angle": 0, "axis": "x", "origin": [8, 9, 7.5]},
			"faces": {
				"north": {"uv": [7.5, 7, 8, 7.5], "texture": "#0"},
				"east": {"uv": [7.5, 7.5, 8, 8], "texture": "#0"},
				"south": {"uv": [0, 8, 0.5, 8.5], "texture": "#0"},
				"west": {"uv": [8, 0, 8.5, 0.5], "texture": "#0"},
				"up": {"uv": [1, 8.5, 0.5, 8], "texture": "#0"},
				"down": {"uv": [8.5, 0.5, 8, 1], "texture": "#0"}
			}
		},
		{
			"name": "hexadecagon",
			"from": [7.80109, 10, 7.25],
			"to": [8.19891, 11, 7.75],
			"rotation": {"angle": 0, "axis": "x", "origin": [8, 9, 7.5]},
			"faces": {
				"north": {"uv": [1, 8, 1.5, 8.5], "texture": "#0"},
				"east": {"uv": [8, 1, 8.5, 1.5], "texture": "#0"},
				"south": {"uv": [1.5, 8, 2, 8.5], "texture": "#0"},
				"west": {"uv": [8, 1.5, 8.5, 2], "texture": "#0"},
				"up": {"uv": [2.5, 8.5, 2, 8], "texture": "#0"},
				"down": {"uv": [8.5, 2, 8, 2.5], "texture": "#0"}
			}
		},
		{
			"name": "hexadecagon",
			"from": [7.80109, 9.5, 7.25],
			"to": [8.19891, 10, 7.75],
			"rotation": {"angle": 22.5, "axis": "z", "origin": [8, 9, 7.5]},
			"faces": {
				"north": {"uv": [2.5, 8, 3, 8.5], "texture": "#0"},
				"east": {"uv": [8, 2.5, 8.5, 3], "texture": "#0"},
				"south": {"uv": [3, 8, 3.5, 8.5], "texture": "#0"},
				"west": {"uv": [8, 3, 8.5, 3.5], "texture": "#0"},
				"up": {"uv": [4, 8.5, 3.5, 8], "texture": "#0"},
				"down": {"uv": [8.5, 3.5, 8, 4], "texture": "#0"}
			}
		},
		{
			"name": "hexadecagon",
			"from": [7.40326, 0, 7],
			"to": [8.59674, 6, 8],
			"rotation": {"angle": 0, "axis": "x", "origin": [8, 9, 7.5]},
			"faces": {
				"north": {"uv": [0, 0, 0.5, 3], "texture": "#0"},
				"east": {"uv": [0.5, 0, 1, 3], "texture": "#0"},
				"south": {"uv": [1, 0, 1.5, 3], "texture": "#0"},
				"west": {"uv": [1.5, 0, 2, 3], "texture": "#0"},
				"up": {"uv": [2.5, 0.5, 2, 0], "texture": "#0"},
				"down": {"uv": [2.5, 0.5, 2, 1], "texture": "#0"}
			}
		},
		{
			"name": "hexadecagon",
			"from": [8.59674, 2, 7],
			"to": [9.79021, 3, 8],
			"rotation": {"angle": 0, "axis": "x", "origin": [7.94347, 9, 7.5]},
			"faces": {
				"north": {"uv": [4, 8, 4.5, 8.5], "texture": "#0"},
				"east": {"uv": [8, 4, 8.5, 4.5], "texture": "#0"},
				"south": {"uv": [4.5, 8, 5, 8.5], "texture": "#0"},
				"west": {"uv": [8, 4.5, 8.5, 5], "texture": "#0"},
				"up": {"uv": [5.5, 8.5, 5, 8], "texture": "#0"},
				"down": {"uv": [8.5, 5, 8, 5.5], "texture": "#0"}
			}
		},
		{
			"name": "hexadecagon",
			"from": [8.59674, 0, 7],
			"to": [9.79021, 1, 8],
			"rotation": {"angle": 0, "axis": "x", "origin": [7.94347, 9, 7.5]},
			"faces": {
				"north": {"uv": [5.5, 8, 6, 8.5], "texture": "#0"},
				"east": {"uv": [8, 5.5, 8.5, 6], "texture": "#0"},
				"south": {"uv": [6, 8, 6.5, 8.5], "texture": "#0"},
				"west": {"uv": [8, 6, 8.5, 6.5], "texture": "#0"},
				"up": {"uv": [7, 8.5, 6.5, 8], "texture": "#0"},
				"down": {"uv": [8.5, 6.5, 8, 7], "texture": "#0"}
			}
		}
	],
	"display": {
		"thirdperson_righthand": {
			"rotation": [-90, -90, -180],
			"translation": [-0.25, 0, -0.5],
			"scale": [0.5, 0.5, 0.5]
		},
		"thirdperson_lefthand": {
			"rotation": [-90, 90, -180],
			"translation": [0.5, 0, -0.5],
			"scale": [0.5, 0.5, 0.5]
		},
		"firstperson_righthand": {
			"rotation": [145, -90, 0],
			"translation": [2.5, 3, 0],
			"scale": [0.75, 0.75, 0.75]
		},
		"firstperson_lefthand": {
			"rotation": [145, 90, 0],
			"translation": [3, 3, 0],
			"scale": [0.75, 0.75, 0.75]
		},
		"ground": {
			"translation": [0, 2, 0],
			"scale": [0.75, 0.75, 0.75]
		},
		"gui": {
			"rotation": [0, -30, 45],
			"translation": [-2.5, 1.75, 0],
			"scale": [1.5, 1.5, 1.5]
		},
		"fixed": {
			"rotation": [0, -180, 0],
			"translation": [0, 2, -1.25]
		}
	},
	"groups": [
		{
			"name": "Skin Crate",
			"origin": [8, 8, 8],
			"children": [
				{
					"name": "Ring",
					"origin": [8, 8, 8],
					"children": [
						{
							"name": "hexadecagon",
							"origin": [8, 8, 8],
							"children": [0, 1, 2, 3, 4, 5, 6, 7, 8, 9, 10, 11, 12, 13, 14, 15, 16, 17, 18, 19, 20]
						}
					]
				},
				{
					"name": "Details",
					"origin": [8, 8, 8],
					"children": [
						{
							"name": "hexadecagon",
							"origin": [8, 8, 8],
							"children": [21, 22, 23, 24, 25, 26, 27, 28, 29, 30, 31, 32, 33, 34, 35, 36, 37, 38, 39, 40]
						}
					]
				},
				{
					"name": "Bottom",
					"origin": [8, 8, 8],
					"children": [41, 42, 43]
				}
			]
		}
	]
}