{
	"credit": "Made with Blockbench",
	"texture_size": [32, 32],
	"textures": {
		"0": "item/newyears/firework_axe",
		"particle": "item/newyears/firework_axe"
	},
	"elements": [
		{
			"from": [6.7625, 11, 4.25],
			"to": [7.2625, 11.5, 10.75],
			"rotation": {"angle": 0, "axis": "y", "origin": [8.45, 11.25, 8.25]},
			"faces": {
				"north": {"uv": [11.5, 7, 11.75, 7.25], "texture": "#0"},
				"east": {"uv": [2, 3, 5.25, 3.25], "texture": "#0"},
				"south": {"uv": [7.5, 11.5, 7.75, 11.75], "texture": "#0"},
				"west": {"uv": [0, 3.5, 3.25, 3.75], "texture": "#0"},
				"up": {"uv": [3.75, 6.75, 3.5, 3.5], "texture": "#0"},
				"down": {"uv": [0.25, 4, 0, 7.25], "texture": "#0"}
			}
		},
		{
			"from": [8.2625, 10.5, 4.25],
			"to": [8.7625, 11, 10.75],
			"rotation": {"angle": 0, "axis": "y", "origin": [8.45, 11.25, 8.25]},
			"faces": {
				"north": {"uv": [11.5, 7.5, 11.75, 7.75], "texture": "#0"},
				"east": {"uv": [3.5, 0, 6.75, 0.25], "texture": "#0"},
				"south": {"uv": [8, 11.5, 8.25, 11.75], "texture": "#0"},
				"west": {"uv": [3.5, 0.5, 6.75, 0.75], "texture": "#0"},
				"up": {"uv": [0.75, 7.25, 0.5, 4], "texture": "#0"},
				"down": {"uv": [1.25, 4, 1, 7.25], "texture": "#0"}
			}
		},
		{
			"from": [7.7625, 10, 4.25],
			"to": [8.2625, 10.5, 10.75],
			"rotation": {"angle": 0, "axis": "y", "origin": [8.45, 11.25, 8.25]},
			"faces": {
				"north": {"uv": [11.5, 8, 11.75, 8.25], "texture": "#0"},
				"east": {"uv": [3.5, 1, 6.75, 1.25], "texture": "#0"},
				"south": {"uv": [8.5, 11.5, 8.75, 11.75], "texture": "#0"},
				"west": {"uv": [3.5, 1.5, 6.75, 1.75], "texture": "#0"},
				"up": {"uv": [1.75, 7.25, 1.5, 4], "texture": "#0"},
				"down": {"uv": [2.25, 4, 2, 7.25], "texture": "#0"}
			}
		},
		{
			"from": [7.2625, 10.5, 4.25],
			"to": [7.7625, 11, 10.75],
			"rotation": {"angle": 0, "axis": "y", "origin": [8.45, 11.25, 8.25]},
			"faces": {
				"north": {"uv": [11.5, 8.5, 11.75, 8.75], "texture": "#0"},
				"east": {"uv": [3.5, 2, 6.75, 2.25], "texture": "#0"},
				"south": {"uv": [9, 11.5, 9.25, 11.75], "texture": "#0"},
				"west": {"uv": [3.5, 2.5, 6.75, 2.75], "texture": "#0"},
				"up": {"uv": [2.75, 7.25, 2.5, 4], "texture": "#0"},
				"down": {"uv": [3.25, 4, 3, 7.25], "texture": "#0"}
			}
		},
		{
			"from": [8.7625, 11, 4.25],
			"to": [9.2625, 11.5, 10.75],
			"rotation": {"angle": 0, "axis": "y", "origin": [8.45, 11.25, 8.25]},
			"faces": {
				"north": {"uv": [11.5, 9, 11.75, 9.25], "texture": "#0"},
				"east": {"uv": [4, 3.5, 7.25, 3.75], "texture": "#0"},
				"south": {"uv": [9.5, 11.5, 9.75, 11.75], "texture": "#0"},
				"west": {"uv": [4, 4, 7.25, 4.25], "texture": "#0"},
				"up": {"uv": [4.25, 7.75, 4, 4.5], "texture": "#0"},
				"down": {"uv": [4.75, 4.5, 4.5, 7.75], "texture": "#0"}
			}
		},
		{
			"from": [8.2625, 11.5, 4.25],
			"to": [8.7625, 12, 10.75],
			"rotation": {"angle": 0, "axis": "y", "origin": [8.45, 11.25, 8.25]},
			"faces": {
				"north": {"uv": [11.5, 9.5, 11.75, 9.75], "texture": "#0"},
				"east": {"uv": [5, 4.5, 8.25, 4.75], "texture": "#0"},
				"south": {"uv": [10, 11.5, 10.25, 11.75], "texture": "#0"},
				"west": {"uv": [5, 5, 8.25, 5.25], "texture": "#0"},
				"up": {"uv": [5.25, 8.75, 5, 5.5], "texture": "#0"},
				"down": {"uv": [5.75, 5.5, 5.5, 8.75], "texture": "#0"}
			}
		},
		{
			"from": [7.2625, 11.5, 4.25],
			"to": [7.7625, 12, 10.75],
			"rotation": {"angle": 0, "axis": "y", "origin": [8.45, 11.25, 8.25]},
			"faces": {
				"north": {"uv": [11.5, 10, 11.75, 10.25], "texture": "#0"},
				"east": {"uv": [5.5, 3, 8.75, 3.25], "texture": "#0"},
				"south": {"uv": [10.5, 11.5, 10.75, 11.75], "texture": "#0"},
				"west": {"uv": [6, 5.5, 9.25, 5.75], "texture": "#0"},
				"up": {"uv": [6.25, 9.25, 6, 6], "texture": "#0"},
				"down": {"uv": [6.75, 6, 6.5, 9.25], "texture": "#0"}
			}
		},
		{
			"from": [7.7625, 12, 4.25],
			"to": [8.2625, 12.5, 10.75],
			"rotation": {"angle": 0, "axis": "y", "origin": [8.45, 11.25, 8.25]},
			"faces": {
				"north": {"uv": [11.5, 10.5, 11.75, 10.75], "texture": "#0"},
				"east": {"uv": [7, 0, 10.25, 0.25], "texture": "#0"},
				"south": {"uv": [11, 11.5, 11.25, 11.75], "texture": "#0"},
				"west": {"uv": [7, 0.5, 10.25, 0.75], "texture": "#0"},
				"up": {"uv": [3.75, 10.25, 3.5, 7], "texture": "#0"},
				"down": {"uv": [7.25, 6, 7, 9.25], "texture": "#0"}
			}
		},
		{
			"from": [7.3125, 10.55, 12.25],
			"to": [8.7125, 11.95, 12.75],
			"rotation": {"angle": 0, "axis": "y", "origin": [8.45, 11.25, 8.25]},
			"faces": {
				"north": {"uv": [2.5, 8, 3.25, 8.75], "texture": "#0"},
				"east": {"uv": [7.5, 10, 7.75, 10.75], "texture": "#0"},
				"south": {"uv": [4, 8, 4.75, 8.75], "texture": "#0"},
				"west": {"uv": [10, 7.5, 10.25, 8.25], "texture": "#0"},
				"up": {"uv": [8.75, 10.25, 8, 10], "texture": "#0"},
				"down": {"uv": [10.75, 8.5, 10, 8.75], "texture": "#0"}
			}
		},
		{
			"from": [7.5125, 10.75, 12.75],
			"to": [8.5125, 11.75, 13.25],
			"rotation": {"angle": 0, "axis": "y", "origin": [8.45, 11.25, 8.25]},
			"faces": {
				"north": {"uv": [9.5, 1, 10, 1.5], "texture": "#0"},
				"east": {"uv": [3.5, 11, 3.75, 11.5], "texture": "#0"},
				"south": {"uv": [2, 9.5, 2.5, 10], "texture": "#0"},
				"west": {"uv": [11, 3.5, 11.25, 4], "texture": "#0"},
				"up": {"uv": [4.5, 11.25, 4, 11], "texture": "#0"},
				"down": {"uv": [11.5, 4, 11, 4.25], "texture": "#0"}
			}
		},
		{
			"from": [7.7125, 10.95, 13.25],
			"to": [8.3125, 11.55, 13.75],
			"rotation": {"angle": 0, "axis": "y", "origin": [8.45, 11.25, 8.25]},
			"faces": {
				"north": {"uv": [9.5, 13, 9.75, 13.25], "texture": "#0"},
				"east": {"uv": [13, 9.5, 13.25, 9.75], "texture": "#0"},
				"south": {"uv": [10, 13, 10.25, 13.25], "texture": "#0"},
				"west": {"uv": [13, 10, 13.25, 10.25], "texture": "#0"},
				"up": {"uv": [10.75, 13.25, 10.5, 13], "texture": "#0"},
				"down": {"uv": [13.25, 10.5, 13, 10.75], "texture": "#0"}
			}
		},
		{
			"from": [7.0125, 10.25, 11.75],
			"to": [9.0125, 12.25, 12.25],
			"rotation": {"angle": 0, "axis": "y", "origin": [8.45, 11.25, 8.25]},
			"faces": {
				"north": {"uv": [0, 2.5, 1, 3.5], "texture": "#0"},
				"east": {"uv": [2.5, 9, 2.75, 10], "texture": "#0"},
				"south": {"uv": [1, 2.5, 2, 3.5], "texture": "#0"},
				"west": {"uv": [3, 9, 3.25, 10], "texture": "#0"},
				"up": {"uv": [10, 3.25, 9, 3], "texture": "#0"},
				"down": {"uv": [5, 9, 4, 9.25], "texture": "#0"}
			}
		},
		{
			"from": [9.0125, 10.75, 11.75],
			"to": [9.2625, 11.75, 12.25],
			"rotation": {"angle": 0, "axis": "y", "origin": [8.45, 11.25, 8.25]},
			"faces": {
				"north": {"uv": [1, 10.5, 1.25, 11], "texture": "#0"},
				"east": {"uv": [10.5, 1, 10.75, 1.5], "texture": "#0"},
				"south": {"uv": [1.5, 10.5, 1.75, 11], "texture": "#0"},
				"west": {"uv": [10.5, 1.5, 10.75, 2], "texture": "#0"},
				"up": {"uv": [11.75, 11.25, 11.5, 11], "texture": "#0"},
				"down": {"uv": [11.75, 11.5, 11.5, 11.75], "texture": "#0"}
			}
		},
		{
			"from": [8.7125, 10.85, 12.25],
			"to": [8.9625, 11.65, 12.75],
			"rotation": {"angle": 0, "axis": "y", "origin": [8.45, 11.25, 8.25]},
			"faces": {
				"north": {"uv": [4.5, 11, 4.75, 11.5], "texture": "#0"},
				"east": {"uv": [11, 4.5, 11.25, 5], "texture": "#0"},
				"south": {"uv": [5, 11, 5.25, 11.5], "texture": "#0"},
				"west": {"uv": [11, 5, 11.25, 5.5], "texture": "#0"},
				"up": {"uv": [11.25, 13.25, 11, 13], "texture": "#0"},
				"down": {"uv": [13.25, 11, 13, 11.25], "texture": "#0"}
			}
		},
		{
			"from": [7.0625, 10.85, 12.25],
			"to": [7.3125, 11.65, 12.75],
			"rotation": {"angle": 0, "axis": "y", "origin": [8.45, 11.25, 8.25]},
			"faces": {
				"north": {"uv": [5.5, 11, 5.75, 11.5], "texture": "#0"},
				"east": {"uv": [11, 5.5, 11.25, 6], "texture": "#0"},
				"south": {"uv": [6, 11, 6.25, 11.5], "texture": "#0"},
				"west": {"uv": [11, 6, 11.25, 6.5], "texture": "#0"},
				"up": {"uv": [11.75, 13.25, 11.5, 13], "texture": "#0"},
				"down": {"uv": [13.25, 11.5, 13, 11.75], "texture": "#0"}
			}
		},
		{
			"from": [7.6125, 10.3, 12.25],
			"to": [8.4125, 10.55, 12.75],
			"rotation": {"angle": 0, "axis": "z", "origin": [8.45, 11.25, 8.25]},
			"faces": {
				"north": {"uv": [7.5, 11, 8, 11.25], "texture": "#0"},
				"east": {"uv": [12.5, 13, 12.75, 13.25], "texture": "#0"},
				"south": {"uv": [11, 7.5, 11.5, 7.75], "texture": "#0"},
				"west": {"uv": [13, 12.5, 13.25, 12.75], "texture": "#0"},
				"up": {"uv": [8.5, 11.25, 8, 11], "texture": "#0"},
				"down": {"uv": [11.5, 8, 11, 8.25], "texture": "#0"}
			}
		},
		{
			"from": [7.6125, 11.95, 12.25],
			"to": [8.4125, 12.2, 12.75],
			"rotation": {"angle": 0, "axis": "z", "origin": [8.45, 11.25, 8.25]},
			"faces": {
				"north": {"uv": [6.5, 11, 7, 11.25], "texture": "#0"},
				"east": {"uv": [12, 13, 12.25, 13.25], "texture": "#0"},
				"south": {"uv": [11, 6.5, 11.5, 6.75], "texture": "#0"},
				"west": {"uv": [13, 12, 13.25, 12.25], "texture": "#0"},
				"up": {"uv": [7.5, 11.25, 7, 11], "texture": "#0"},
				"down": {"uv": [11.5, 7, 11, 7.25], "texture": "#0"}
			}
		},
		{
			"from": [6.7625, 10.75, 11.75],
			"to": [7.0125, 11.75, 12.25],
			"rotation": {"angle": 0, "axis": "y", "origin": [8.45, 11.25, 8.25]},
			"faces": {
				"north": {"uv": [2, 10.5, 2.25, 11], "texture": "#0"},
				"east": {"uv": [10.5, 2, 10.75, 2.5], "texture": "#0"},
				"south": {"uv": [2.5, 10.5, 2.75, 11], "texture": "#0"},
				"west": {"uv": [10.5, 2.5, 10.75, 3], "texture": "#0"},
				"up": {"uv": [0.25, 12.25, 0, 12], "texture": "#0"},
				"down": {"uv": [12.25, 0, 12, 0.25], "texture": "#0"}
			}
		},
		{
			"from": [7.5125, 10, 11.75],
			"to": [8.5125, 10.25, 12.25],
			"rotation": {"angle": 0, "axis": "y", "origin": [8.45, 11.25, 8.25]},
			"faces": {
				"north": {"uv": [3, 10.5, 3.5, 10.75], "texture": "#0"},
				"east": {"uv": [0.5, 12, 0.75, 12.25], "texture": "#0"},
				"south": {"uv": [10.5, 3, 11, 3.25], "texture": "#0"},
				"west": {"uv": [12, 0.5, 12.25, 0.75], "texture": "#0"},
				"up": {"uv": [4, 10.75, 3.5, 10.5], "texture": "#0"},
				"down": {"uv": [11, 3.5, 10.5, 3.75], "texture": "#0"}
			}
		},
		{
			"from": [7.5125, 12.25, 11.75],
			"to": [8.5125, 12.5, 12.25],
			"rotation": {"angle": 0, "axis": "y", "origin": [8.45, 11.25, 8.25]},
			"faces": {
				"north": {"uv": [4, 10.5, 4.5, 10.75], "texture": "#0"},
				"east": {"uv": [1, 12, 1.25, 12.25], "texture": "#0"},
				"south": {"uv": [10.5, 4, 11, 4.25], "texture": "#0"},
				"west": {"uv": [12, 1, 12.25, 1.25], "texture": "#0"},
				"up": {"uv": [5, 10.75, 4.5, 10.5], "texture": "#0"},
				"down": {"uv": [11, 4.5, 10.5, 4.75], "texture": "#0"}
			}
		},
		{
			"from": [7.2625, 11, 4.75],
			"to": [8.7625, 11.5, 5.25],
			"rotation": {"angle": 0, "axis": "y", "origin": [8.45, 11.25, 8.25]},
			"faces": {
				"north": {"uv": [5.5, 10, 6.25, 10.25], "texture": "#0"},
				"east": {"uv": [1.5, 12, 1.75, 12.25], "texture": "#0"},
				"south": {"uv": [10, 5.5, 10.75, 5.75], "texture": "#0"},
				"west": {"uv": [12, 1.5, 12.25, 1.75], "texture": "#0"},
				"up": {"uv": [10.75, 6.25, 10, 6], "texture": "#0"},
				"down": {"uv": [7.25, 10, 6.5, 10.25], "texture": "#0"}
			}
		},
		{
			"from": [7.7625, 11.5, 4.75],
			"to": [8.2625, 12, 5.25],
			"rotation": {"angle": 0, "axis": "y", "origin": [8.45, 11.25, 8.25]},
			"faces": {
				"north": {"uv": [2, 12, 2.25, 12.25], "texture": "#0"},
				"east": {"uv": [12, 2, 12.25, 2.25], "texture": "#0"},
				"south": {"uv": [2.5, 12, 2.75, 12.25], "texture": "#0"},
				"west": {"uv": [12, 2.5, 12.25, 2.75], "texture": "#0"},
				"up": {"uv": [3.25, 12.25, 3, 12], "texture": "#0"},
				"down": {"uv": [12.25, 3, 12, 3.25], "texture": "#0"}
			}
		},
		{
			"from": [7.7625, 10.5, 4.75],
			"to": [8.2625, 11, 5.25],
			"rotation": {"angle": 0, "axis": "y", "origin": [8.45, 11.25, 8.25]},
			"faces": {
				"north": {"uv": [3.5, 12, 3.75, 12.25], "texture": "#0"},
				"east": {"uv": [12, 3.5, 12.25, 3.75], "texture": "#0"},
				"south": {"uv": [4, 12, 4.25, 12.25], "texture": "#0"},
				"west": {"uv": [12, 4, 12.25, 4.25], "texture": "#0"},
				"up": {"uv": [4.75, 12.25, 4.5, 12], "texture": "#0"},
				"down": {"uv": [12.25, 4.5, 12, 4.75], "texture": "#0"}
			}
		},
		{
			"from": [7.81, 11.05, 3.55],
			"to": [8.21, 11.45, 4.75],
			"rotation": {"angle": 0, "axis": "y", "origin": [8.36, 11.25, 7.55]},
			"faces": {
				"north": {"uv": [5, 12, 5.25, 12.25], "texture": "#0"},
				"east": {"uv": [5, 10.5, 5.5, 10.75], "texture": "#0"},
				"south": {"uv": [12, 5, 12.25, 5.25], "texture": "#0"},
				"west": {"uv": [10.5, 5, 11, 5.25], "texture": "#0"},
				"up": {"uv": [5.75, 11, 5.5, 10.5], "texture": "#0"},
				"down": {"uv": [6.25, 10.5, 6, 11], "texture": "#0"}
			}
		},
		{
			"from": [7.81, 10.25, 3.15],
			"to": [8.21, 11.05, 3.55],
			"rotation": {"angle": 0, "axis": "z", "origin": [8.01, 10.65, 3.35]},
			"faces": {
				"north": {"uv": [8.5, 11, 8.75, 11.5], "texture": "#0"},
				"east": {"uv": [11, 8.5, 11.25, 9], "texture": "#0"},
				"south": {"uv": [9, 11, 9.25, 11.5], "texture": "#0"},
				"west": {"uv": [11, 9, 11.25, 9.5], "texture": "#0"},
				"up": {"uv": [13.75, 1.25, 13.5, 1], "texture": "#0"},
				"down": {"uv": [1.75, 13.5, 1.5, 13.75], "texture": "#0"}
			}
		},
		{
			"from": [7.81, 11.05, 3.35],
			"to": [8.21, 11.25, 3.55],
			"rotation": {"angle": 0, "axis": "y", "origin": [8.01, 10.81, 3.59]},
			"faces": {
				"north": {"uv": [13.5, 2, 13.75, 2.25], "texture": "#0"},
				"east": {"uv": [2.5, 13.5, 2.75, 13.75], "texture": "#0"},
				"south": {"uv": [13.5, 2.5, 13.75, 2.75], "texture": "#0"},
				"west": {"uv": [3, 13.5, 3.25, 13.75], "texture": "#0"},
				"up": {"uv": [13.75, 3.25, 13.5, 3], "texture": "#0"},
				"down": {"uv": [3.75, 13.5, 3.5, 13.75], "texture": "#0"}
			}
		},
		{
			"from": [7.61, 10.25, 3.15],
			"to": [7.81, 10.45, 3.55],
			"rotation": {"angle": 0, "axis": "y", "origin": [7.71, 10.35, 3.35]},
			"faces": {
				"north": {"uv": [13.5, 3.5, 13.75, 3.75], "texture": "#0"},
				"east": {"uv": [4, 13.5, 4.25, 13.75], "texture": "#0"},
				"south": {"uv": [13.5, 4, 13.75, 4.25], "texture": "#0"},
				"west": {"uv": [4.5, 13.5, 4.75, 13.75], "texture": "#0"},
				"up": {"uv": [13.75, 4.75, 13.5, 4.5], "texture": "#0"},
				"down": {"uv": [5.25, 13.5, 5, 13.75], "texture": "#0"}
			}
		},
		{
			"from": [7.41, 9.85, 2.95],
			"to": [7.81, 10.05, 3.15],
			"rotation": {"angle": 0, "axis": "y", "origin": [7.61, 9.95, 3.05]},
			"faces": {
				"north": {"uv": [13.5, 5, 13.75, 5.25], "texture": "#0"},
				"east": {"uv": [5.5, 13.5, 5.75, 13.75], "texture": "#0"},
				"south": {"uv": [13.5, 5.5, 13.75, 5.75], "texture": "#0"},
				"west": {"uv": [6, 13.5, 6.25, 13.75], "texture": "#0"},
				"up": {"uv": [13.75, 6.25, 13.5, 6], "texture": "#0"},
				"down": {"uv": [6.75, 13.5, 6.5, 13.75], "texture": "#0"}
			}
		},
		{
			"from": [7.41, 9.05, 2.75],
			"to": [7.81, 9.85, 3.15],
			"rotation": {"angle": 0, "axis": "y", "origin": [7.61, 9.45, 2.95]},
			"faces": {
				"north": {"uv": [9.5, 11, 9.75, 11.5], "texture": "#0"},
				"east": {"uv": [11, 9.5, 11.25, 10], "texture": "#0"},
				"south": {"uv": [10, 11, 10.25, 11.5], "texture": "#0"},
				"west": {"uv": [11, 10, 11.25, 10.5], "texture": "#0"},
				"up": {"uv": [13.75, 1.75, 13.5, 1.5], "texture": "#0"},
				"down": {"uv": [2.25, 13.5, 2, 13.75], "texture": "#0"}
			}
		},
		{
			"from": [7.41, 9.85, 3.15],
			"to": [7.81, 10.25, 3.55],
			"rotation": {"angle": 0, "axis": "y", "origin": [7.61, 9.85, 3.35]},
			"faces": {
				"north": {"uv": [13, 13, 13.25, 13.25], "texture": "#0"},
				"east": {"uv": [0, 13.5, 0.25, 13.75], "texture": "#0"},
				"south": {"uv": [13.5, 0, 13.75, 0.25], "texture": "#0"},
				"west": {"uv": [0.5, 13.5, 0.75, 13.75], "texture": "#0"},
				"up": {"uv": [13.75, 0.75, 13.5, 0.5], "texture": "#0"},
				"down": {"uv": [1.25, 13.5, 1, 13.75], "texture": "#0"}
			}
		},
		{
			"from": [6.7625, 10, 10.75],
			"to": [9.2625, 12.5, 11.75],
			"rotation": {"angle": 0, "axis": "y", "origin": [8.45, 11.25, 8.25]},
			"faces": {
				"north": {"uv": [2, 0, 3.25, 1.25], "texture": "#0"},
				"east": {"uv": [7, 1, 7.5, 2.25], "texture": "#0"},
				"south": {"uv": [2, 1.5, 3.25, 2.75], "texture": "#0"},
				"west": {"uv": [7.5, 1, 8, 2.25], "texture": "#0"},
				"up": {"uv": [8.25, 3, 7, 2.5], "texture": "#0"},
				"down": {"uv": [3.25, 7.5, 2, 8], "texture": "#0"}
			}
		},
		{
			"from": [9.2625, 10.25, 10.75],
			"to": [9.5125, 12.25, 11.75],
			"rotation": {"angle": 0, "axis": "y", "origin": [8.45, 11.25, 8.25]},
			"faces": {
				"north": {"uv": [9, 4.5, 9.25, 5.5], "texture": "#0"},
				"east": {"uv": [8, 6, 8.5, 7], "texture": "#0"},
				"south": {"uv": [5, 9, 5.25, 10], "texture": "#0"},
				"west": {"uv": [8, 7, 8.5, 8], "texture": "#0"},
				"up": {"uv": [6.75, 11, 6.5, 10.5], "texture": "#0"},
				"down": {"uv": [7.25, 10.5, 7, 11], "texture": "#0"}
			}
		},
		{
			"from": [7.0125, 12.5, 10.75],
			"to": [9.0125, 12.75, 11.75],
			"rotation": {"angle": 0, "axis": "y", "origin": [8.45, 11.25, 8.25]},
			"faces": {
				"north": {"uv": [9, 6.5, 10, 6.75], "texture": "#0"},
				"east": {"uv": [10.5, 7.5, 11, 7.75], "texture": "#0"},
				"south": {"uv": [9, 7, 10, 7.25], "texture": "#0"},
				"west": {"uv": [8, 10.5, 8.5, 10.75], "texture": "#0"},
				"up": {"uv": [9, 8.5, 8, 8], "texture": "#0"},
				"down": {"uv": [9.5, 1, 8.5, 1.5], "texture": "#0"}
			}
		},
		{
			"from": [6.5125, 10.25, 10.75],
			"to": [6.7625, 12.25, 11.75],
			"rotation": {"angle": 0, "axis": "y", "origin": [8.45, 11.25, 8.25]},
			"faces": {
				"north": {"uv": [5.5, 9, 5.75, 10], "texture": "#0"},
				"east": {"uv": [8.5, 1.5, 9, 2.5], "texture": "#0"},
				"south": {"uv": [7.5, 9, 7.75, 10], "texture": "#0"},
				"west": {"uv": [8.5, 4.5, 9, 5.5], "texture": "#0"},
				"up": {"uv": [10.75, 8.5, 10.5, 8], "texture": "#0"},
				"down": {"uv": [8.75, 10.5, 8.5, 11], "texture": "#0"}
			}
		},
		{
			"from": [7.0125, 9.75, 10.75],
			"to": [9.0125, 10, 11.75],
			"rotation": {"angle": 0, "axis": "y", "origin": [8.45, 11.25, 8.25]},
			"faces": {
				"north": {"uv": [9, 8, 10, 8.25], "texture": "#0"},
				"east": {"uv": [9, 10.5, 9.5, 10.75], "texture": "#0"},
				"south": {"uv": [8.5, 9, 9.5, 9.25], "texture": "#0"},
				"west": {"uv": [9.5, 10.5, 10, 10.75], "texture": "#0"},
				"up": {"uv": [9.5, 3, 8.5, 2.5], "texture": "#0"},
				"down": {"uv": [9.5, 6, 8.5, 6.5], "texture": "#0"}
			}
		},
		{
			"from": [7.7, 0.875, 7.5875],
			"to": [8.3, 7, 7.9875],
			"rotation": {"angle": 0, "axis": "y", "origin": [0.95, -1.125, 0.3375]},
			"faces": {
				"north": {"uv": [0, 7.5, 0.25, 10.5], "texture": "#0"},
				"east": {"uv": [0.5, 7.5, 0.75, 10.5], "texture": "#0"},
				"south": {"uv": [1, 7.5, 1.25, 10.5], "texture": "#0"},
				"west": {"uv": [1.5, 7.5, 1.75, 10.5], "texture": "#0"},
				"up": {"uv": [15.25, 15.25, 15, 15], "texture": "#0"},
				"down": {"uv": [0.25, 15.5, 0, 15.75], "texture": "#0"}
			}
		},
		{
			"from": [7.4, 7.0375, 7.2],
			"to": [8.6, 8.2375, 8.4],
			"rotation": {"angle": 45, "axis": "x", "origin": [8, 7.6375, 7.8]},
			"faces": {
				"north": {"uv": [9.5, 4.5, 10, 5], "texture": "#0"},
				"east": {"uv": [9.5, 5, 10, 5.5], "texture": "#0"},
				"south": {"uv": [9.5, 5.5, 10, 6], "texture": "#0"},
				"west": {"uv": [6, 9.5, 6.5, 10], "texture": "#0"},
				"up": {"uv": [10, 6.5, 9.5, 6], "texture": "#0"},
				"down": {"uv": [7, 9.5, 6.5, 10], "texture": "#0"}
			}
		},
		{
			"from": [7.3, 7.0375, 7.6],
			"to": [8.7, 7.6375, 8.2],
			"rotation": {"angle": 45, "axis": "x", "origin": [8, 7.6375, 8.2]},
			"faces": {
				"north": {"uv": [9, 10, 9.75, 10.25], "texture": "#0"},
				"east": {"uv": [15.5, 0, 15.75, 0.25], "texture": "#0"},
				"south": {"uv": [10, 9, 10.75, 9.25], "texture": "#0"},
				"west": {"uv": [0.5, 15.5, 0.75, 15.75], "texture": "#0"},
				"up": {"uv": [10.75, 9.75, 10, 9.5], "texture": "#0"},
				"down": {"uv": [10.75, 10, 10, 10.25], "texture": "#0"}
			}
		},
		{
			"from": [7.6, 2.6375, 7.3875],
			"to": [8.4, 3.4375, 8.1875],
			"rotation": {"angle": 45, "axis": "x", "origin": [8, 3.0375, 7.7875]},
			"faces": {
				"north": {"uv": [7, 9.5, 7.5, 10], "texture": "#0"},
				"east": {"uv": [8, 9.5, 8.5, 10], "texture": "#0"},
				"south": {"uv": [8.5, 9.5, 9, 10], "texture": "#0"},
				"west": {"uv": [9, 9.5, 9.5, 10], "texture": "#0"},
				"up": {"uv": [10, 9.5, 9.5, 9], "texture": "#0"},
				"down": {"uv": [10, 9.5, 9.5, 10], "texture": "#0"}
			}
		},
		{
			"from": [7.6, 4.7375, 7.3875],
			"to": [8.4, 5.5375, 8.1875],
			"rotation": {"angle": 45, "axis": "x", "origin": [8, 5.1375, 7.7875]},
			"faces": {
				"north": {"uv": [4, 10, 4.5, 10.5], "texture": "#0"},
				"east": {"uv": [10, 4, 10.5, 4.5], "texture": "#0"},
				"south": {"uv": [4.5, 10, 5, 10.5], "texture": "#0"},
				"west": {"uv": [10, 4.5, 10.5, 5], "texture": "#0"},
				"up": {"uv": [5.5, 10.5, 5, 10], "texture": "#0"},
				"down": {"uv": [10.5, 5, 10, 5.5], "texture": "#0"}
			}
		},
		{
			"from": [7.5, 4.7375, 7.6875],
			"to": [8.5, 5.1375, 8.0875],
			"rotation": {"angle": 45, "axis": "x", "origin": [8, 5.1375, 8.0875]},
			"faces": {
				"north": {"uv": [11.5, 0.5, 12, 0.75], "texture": "#0"},
				"east": {"uv": [15.5, 0.5, 15.75, 0.75], "texture": "#0"},
				"south": {"uv": [1, 11.5, 1.5, 11.75], "texture": "#0"},
				"west": {"uv": [1, 15.5, 1.25, 15.75], "texture": "#0"},
				"up": {"uv": [12, 1.25, 11.5, 1], "texture": "#0"},
				"down": {"uv": [2, 11.5, 1.5, 11.75], "texture": "#0"}
			}
		},
		{
			"from": [7.5, 2.6375, 7.6875],
			"to": [8.5, 3.0375, 8.0875],
			"rotation": {"angle": 45, "axis": "x", "origin": [8, 3.0375, 8.0875]},
			"faces": {
				"north": {"uv": [11.5, 1.5, 12, 1.75], "texture": "#0"},
				"east": {"uv": [15.5, 1, 15.75, 1.25], "texture": "#0"},
				"south": {"uv": [2, 11.5, 2.5, 11.75], "texture": "#0"},
				"west": {"uv": [1.5, 15.5, 1.75, 15.75], "texture": "#0"},
				"up": {"uv": [12, 2.25, 11.5, 2], "texture": "#0"},
				"down": {"uv": [3, 11.5, 2.5, 11.75], "texture": "#0"}
			}
		},
		{
			"from": [7.5, 0.1375, 7.6875],
			"to": [8.5, 0.5375, 8.0875],
			"rotation": {"angle": 45, "axis": "x", "origin": [8, 0.5375, 8.0875]},
			"faces": {
				"north": {"uv": [11.5, 2.5, 12, 2.75], "texture": "#0"},
				"east": {"uv": [15.5, 1.5, 15.75, 1.75], "texture": "#0"},
				"south": {"uv": [3, 11.5, 3.5, 11.75], "texture": "#0"},
				"west": {"uv": [2, 15.5, 2.25, 15.75], "texture": "#0"},
				"up": {"uv": [12, 3.25, 11.5, 3], "texture": "#0"},
				"down": {"uv": [4, 11.5, 3.5, 11.75], "texture": "#0"}
			}
		},
		{
			"from": [7.6, 0.175, 7.3875],
			"to": [8.4, 0.975, 8.1875],
			"rotation": {"angle": 45, "axis": "x", "origin": [8, 0.575, 7.7875]},
			"faces": {
				"north": {"uv": [10, 1, 10.5, 1.5], "texture": "#0"},
				"east": {"uv": [2, 10, 2.5, 10.5], "texture": "#0"},
				"south": {"uv": [2.5, 10, 3, 10.5], "texture": "#0"},
				"west": {"uv": [3, 10, 3.5, 10.5], "texture": "#0"},
				"up": {"uv": [10.5, 3.5, 10, 3], "texture": "#0"},
				"down": {"uv": [10.5, 3.5, 10, 4], "texture": "#0"}
			}
		},
		{
			"from": [7.8, 8.125, 7.6875],
			"to": [8.2, 8.825, 7.8875],
			"rotation": {"angle": 0, "axis": "y", "origin": [0.95, 1, 0.3375]},
			"faces": {
				"north": {"uv": [13.5, 6.5, 13.75, 6.75], "texture": "#0"},
				"east": {"uv": [7, 13.5, 7.25, 13.75], "texture": "#0"},
				"south": {"uv": [13.5, 7, 13.75, 7.25], "texture": "#0"},
				"west": {"uv": [7.5, 13.5, 7.75, 13.75], "texture": "#0"},
				"up": {"uv": [13.75, 7.75, 13.5, 7.5], "texture": "#0"},
				"down": {"uv": [8.25, 13.5, 8, 13.75], "texture": "#0"}
			}
		},
		{
			"from": [7.6, 8.825, 6.7875],
			"to": [8.4, 8.95, 8.7875],
			"rotation": {"angle": 0, "axis": "y", "origin": [0.95, 1, 0.3375]},
			"faces": {
				"north": {"uv": [11.5, 0, 12, 0.25], "texture": "#0"},
				"east": {"uv": [9.5, 2.5, 10.5, 2.75], "texture": "#0"},
				"south": {"uv": [0.5, 11.5, 1, 11.75], "texture": "#0"},
				"west": {"uv": [4, 9.5, 5, 9.75], "texture": "#0"},
				"up": {"uv": [9, 7.5, 8.5, 6.5], "texture": "#0"},
				"down": {"uv": [8.5, 8.5, 8, 9.5], "texture": "#0"}
			}
		},
		{
			"from": [9.25, 11.1, 9.6375],
			"to": [9.75, 11.4, 9.9375],
			"rotation": {"angle": 0, "axis": "y", "origin": [0.45, 0, -0.0625]},
			"faces": {
				"north": {"uv": [5.5, 12, 5.75, 12.25], "texture": "#0"},
				"east": {"uv": [12, 5.5, 12.25, 5.75], "texture": "#0"},
				"south": {"uv": [6, 12, 6.25, 12.25], "texture": "#0"},
				"west": {"uv": [12, 6, 12.25, 6.25], "texture": "#0"},
				"up": {"uv": [6.75, 12.25, 6.5, 12], "texture": "#0"},
				"down": {"uv": [12.25, 6.5, 12, 6.75], "texture": "#0"}
			}
		},
		{
			"from": [9.75, 10.8, 9.4375],
			"to": [9.95, 11.6, 10.1375],
			"rotation": {"angle": 0, "axis": "y", "origin": [0.45, 0, -0.0625]},
			"faces": {
				"north": {"uv": [10, 10.5, 10.25, 11], "texture": "#0"},
				"east": {"uv": [10.5, 10.5, 10.75, 11], "texture": "#0"},
				"south": {"uv": [0, 11, 0.25, 11.5], "texture": "#0"},
				"west": {"uv": [11, 0, 11.25, 0.5], "texture": "#0"},
				"up": {"uv": [8.75, 12.25, 8.5, 12], "texture": "#0"},
				"down": {"uv": [12.25, 8.5, 12, 8.75], "texture": "#0"}
			}
		},
		{
			"from": [9.75, 10.8, 5.4375],
			"to": [9.95, 11.6, 6.1375],
			"rotation": {"angle": 0, "axis": "y", "origin": [0.45, 0, -0.0625]},
			"faces": {
				"north": {"uv": [0.5, 11, 0.75, 11.5], "texture": "#0"},
				"east": {"uv": [11, 0.5, 11.25, 1], "texture": "#0"},
				"south": {"uv": [1, 11, 1.25, 11.5], "texture": "#0"},
				"west": {"uv": [11, 1, 11.25, 1.5], "texture": "#0"},
				"up": {"uv": [9.25, 12.25, 9, 12], "texture": "#0"},
				"down": {"uv": [12.25, 9, 12, 9.25], "texture": "#0"}
			}
		},
		{
			"from": [9.75, 11.5, 5.3375],
			"to": [10.05, 11.8, 6.2375],
			"rotation": {"angle": 45, "axis": "z", "origin": [9.85, 11.6, 5.6875]},
			"faces": {
				"north": {"uv": [15.5, 2, 15.75, 2.25], "texture": "#0"},
				"east": {"uv": [11.5, 3.5, 12, 3.75], "texture": "#0"},
				"south": {"uv": [2.5, 15.5, 2.75, 15.75], "texture": "#0"},
				"west": {"uv": [4, 11.5, 4.5, 11.75], "texture": "#0"},
				"up": {"uv": [11.75, 4.5, 11.5, 4], "texture": "#0"},
				"down": {"uv": [4.75, 11.5, 4.5, 12], "texture": "#0"}
			}
		},
		{
			"from": [9.75, 11.5, 9.3375],
			"to": [10.05, 11.8, 10.2375],
			"rotation": {"angle": 45, "axis": "z", "origin": [9.85, 11.6, 9.6875]},
			"faces": {
				"north": {"uv": [11.5, 6.5, 11.75, 6.75], "texture": "#0"},
				"east": {"uv": [0, 10.5, 0.5, 10.75], "texture": "#0"},
				"south": {"uv": [7, 11.5, 7.25, 11.75], "texture": "#0"},
				"west": {"uv": [10.5, 0, 11, 0.25], "texture": "#0"},
				"up": {"uv": [0.75, 11, 0.5, 10.5], "texture": "#0"},
				"down": {"uv": [10.75, 0.5, 10.5, 1], "texture": "#0"}
			}
		},
		{
			"from": [6.05, 11.5, 5.3375],
			"to": [6.35, 11.8, 6.2375],
			"rotation": {"angle": 45, "axis": "z", "origin": [6.15, 11.6, 5.6875]},
			"faces": {
				"north": {"uv": [15.5, 3, 15.75, 3.25], "texture": "#0"},
				"east": {"uv": [11.5, 5.5, 12, 5.75], "texture": "#0"},
				"south": {"uv": [3.5, 15.5, 3.75, 15.75], "texture": "#0"},
				"west": {"uv": [6, 11.5, 6.5, 11.75], "texture": "#0"},
				"up": {"uv": [11.75, 6.5, 11.5, 6], "texture": "#0"},
				"down": {"uv": [6.75, 11.5, 6.5, 12], "texture": "#0"}
			}
		},
		{
			"from": [6.05, 11.5, 9.3375],
			"to": [6.35, 11.8, 10.2375],
			"rotation": {"angle": 45, "axis": "z", "origin": [6.15, 11.6, 9.6875]},
			"faces": {
				"north": {"uv": [15.5, 2.5, 15.75, 2.75], "texture": "#0"},
				"east": {"uv": [11.5, 4.5, 12, 4.75], "texture": "#0"},
				"south": {"uv": [3, 15.5, 3.25, 15.75], "texture": "#0"},
				"west": {"uv": [5, 11.5, 5.5, 11.75], "texture": "#0"},
				"up": {"uv": [11.75, 5.5, 11.5, 5], "texture": "#0"},
				"down": {"uv": [5.75, 11.5, 5.5, 12], "texture": "#0"}
			}
		},
		{
			"from": [6.05, 10.8, 5.4375],
			"to": [6.25, 11.6, 6.1375],
			"rotation": {"angle": 0, "axis": "y", "origin": [0.45, 0, -0.0625]},
			"faces": {
				"north": {"uv": [2.5, 11, 2.75, 11.5], "texture": "#0"},
				"east": {"uv": [11, 2.5, 11.25, 3], "texture": "#0"},
				"south": {"uv": [3, 11, 3.25, 11.5], "texture": "#0"},
				"west": {"uv": [11, 3, 11.25, 3.5], "texture": "#0"},
				"up": {"uv": [12.75, 5.25, 12.5, 5], "texture": "#0"},
				"down": {"uv": [5.75, 12.5, 5.5, 12.75], "texture": "#0"}
			}
		},
		{
			"from": [6.05, 10.8, 9.4375],
			"to": [6.25, 11.6, 10.1375],
			"rotation": {"angle": 0, "axis": "y", "origin": [0.45, 0, -0.0625]},
			"faces": {
				"north": {"uv": [1.5, 11, 1.75, 11.5], "texture": "#0"},
				"east": {"uv": [11, 1.5, 11.25, 2], "texture": "#0"},
				"south": {"uv": [2, 11, 2.25, 11.5], "texture": "#0"},
				"west": {"uv": [11, 2, 11.25, 2.5], "texture": "#0"},
				"up": {"uv": [12.75, 4.75, 12.5, 4.5], "texture": "#0"},
				"down": {"uv": [5.25, 12.5, 5, 12.75], "texture": "#0"}
			}
		},
		{
			"from": [9.60454, 10.26872, 5.4375],
			"to": [9.80454, 10.86872, 6.1375],
			"rotation": {"angle": -22.5, "axis": "z", "origin": [9.70454, 10.46872, 5.7875]},
			"faces": {
				"north": {"uv": [9.5, 12, 9.75, 12.25], "texture": "#0"},
				"east": {"uv": [12, 9.5, 12.25, 9.75], "texture": "#0"},
				"south": {"uv": [10, 12, 10.25, 12.25], "texture": "#0"},
				"west": {"uv": [12, 10, 12.25, 10.25], "texture": "#0"},
				"up": {"uv": [10.75, 12.25, 10.5, 12], "texture": "#0"},
				"down": {"uv": [12.25, 10.5, 12, 10.75], "texture": "#0"}
			}
		},
		{
			"from": [8.68069, 9.69899, 9.4375],
			"to": [9.28069, 9.89899, 10.1375],
			"rotation": {"angle": 22.5, "axis": "z", "origin": [8.98069, 9.79899, 9.7875]},
			"faces": {
				"north": {"uv": [12.5, 8.5, 12.75, 8.75], "texture": "#0"},
				"east": {"uv": [9, 12.5, 9.25, 12.75], "texture": "#0"},
				"south": {"uv": [12.5, 9, 12.75, 9.25], "texture": "#0"},
				"west": {"uv": [9.5, 12.5, 9.75, 12.75], "texture": "#0"},
				"up": {"uv": [12.75, 9.75, 12.5, 9.5], "texture": "#0"},
				"down": {"uv": [10.25, 12.5, 10, 12.75], "texture": "#0"}
			}
		},
		{
			"from": [8.87394, 10.64065, 9.4375],
			"to": [9.47394, 10.84065, 10.1375],
			"rotation": {"angle": 45, "axis": "z", "origin": [10.07394, 10.74065, 9.7875]},
			"faces": {
				"north": {"uv": [12.5, 7, 12.75, 7.25], "texture": "#0"},
				"east": {"uv": [7.5, 12.5, 7.75, 12.75], "texture": "#0"},
				"south": {"uv": [12.5, 7.5, 12.75, 7.75], "texture": "#0"},
				"west": {"uv": [8, 12.5, 8.25, 12.75], "texture": "#0"},
				"up": {"uv": [12.75, 8.25, 12.5, 8], "texture": "#0"},
				"down": {"uv": [8.75, 12.5, 8.5, 12.75], "texture": "#0"}
			}
		},
		{
			"from": [9.60454, 10.26872, 9.4375],
			"to": [9.80454, 10.86872, 10.1375],
			"rotation": {"angle": -22.5, "axis": "z", "origin": [9.70454, 10.46872, 9.7875]},
			"faces": {
				"north": {"uv": [12.5, 5.5, 12.75, 5.75], "texture": "#0"},
				"east": {"uv": [6, 12.5, 6.25, 12.75], "texture": "#0"},
				"south": {"uv": [12.5, 6, 12.75, 6.25], "texture": "#0"},
				"west": {"uv": [6.5, 12.5, 6.75, 12.75], "texture": "#0"},
				"up": {"uv": [12.75, 6.75, 12.5, 6.5], "texture": "#0"},
				"down": {"uv": [7.25, 12.5, 7, 12.75], "texture": "#0"}
			}
		},
		{
			"from": [6.19546, 10.26872, 5.4375],
			"to": [6.39546, 10.86872, 6.1375],
			"rotation": {"angle": 22.5, "axis": "z", "origin": [6.29546, 10.46872, 5.7875]},
			"faces": {
				"north": {"uv": [12.5, 11.5, 12.75, 11.75], "texture": "#0"},
				"east": {"uv": [12, 12.5, 12.25, 12.75], "texture": "#0"},
				"south": {"uv": [12.5, 12, 12.75, 12.25], "texture": "#0"},
				"west": {"uv": [12.5, 12.5, 12.75, 12.75], "texture": "#0"},
				"up": {"uv": [0.25, 13.25, 0, 13], "texture": "#0"},
				"down": {"uv": [13.25, 0, 13, 0.25], "texture": "#0"}
			}
		},
		{
			"from": [6.19546, 10.26872, 9.4375],
			"to": [6.39546, 10.86872, 10.1375],
			"rotation": {"angle": 22.5, "axis": "z", "origin": [6.29546, 10.46872, 9.7875]},
			"faces": {
				"north": {"uv": [12.5, 10, 12.75, 10.25], "texture": "#0"},
				"east": {"uv": [10.5, 12.5, 10.75, 12.75], "texture": "#0"},
				"south": {"uv": [12.5, 10.5, 12.75, 10.75], "texture": "#0"},
				"west": {"uv": [11, 12.5, 11.25, 12.75], "texture": "#0"},
				"up": {"uv": [12.75, 11.25, 12.5, 11], "texture": "#0"},
				"down": {"uv": [11.75, 12.5, 11.5, 12.75], "texture": "#0"}
			}
		},
		{
			"from": [8.87394, 10.64065, 5.4375],
			"to": [9.47394, 10.84065, 6.1375],
			"rotation": {"angle": 45, "axis": "z", "origin": [10.07394, 10.74065, 5.7875]},
			"faces": {
				"north": {"uv": [11, 12, 11.25, 12.25], "texture": "#0"},
				"east": {"uv": [12, 11, 12.25, 11.25], "texture": "#0"},
				"south": {"uv": [11.5, 12, 11.75, 12.25], "texture": "#0"},
				"west": {"uv": [12, 11.5, 12.25, 11.75], "texture": "#0"},
				"up": {"uv": [12.25, 12.25, 12, 12], "texture": "#0"},
				"down": {"uv": [0.25, 12.5, 0, 12.75], "texture": "#0"}
			}
		},
		{
			"from": [5.82606, 9.54065, 9.4375],
			"to": [6.02606, 10.14065, 10.1375],
			"rotation": {"angle": 45, "axis": "z", "origin": [5.92606, 10.74065, 9.7875]},
			"faces": {
				"north": {"uv": [2, 13, 2.25, 13.25], "texture": "#0"},
				"east": {"uv": [13, 2, 13.25, 2.25], "texture": "#0"},
				"south": {"uv": [2.5, 13, 2.75, 13.25], "texture": "#0"},
				"west": {"uv": [13, 2.5, 13.25, 2.75], "texture": "#0"},
				"up": {"uv": [3.25, 13.25, 3, 13], "texture": "#0"},
				"down": {"uv": [13.25, 3, 13, 3.25], "texture": "#0"}
			}
		},
		{
			"from": [5.82606, 9.54065, 5.4375],
			"to": [6.02606, 10.14065, 6.1375],
			"rotation": {"angle": 45, "axis": "z", "origin": [5.92606, 10.74065, 5.7875]},
			"faces": {
				"north": {"uv": [0.5, 13, 0.75, 13.25], "texture": "#0"},
				"east": {"uv": [13, 0.5, 13.25, 0.75], "texture": "#0"},
				"south": {"uv": [1, 13, 1.25, 13.25], "texture": "#0"},
				"west": {"uv": [13, 1, 13.25, 1.25], "texture": "#0"},
				"up": {"uv": [1.75, 13.25, 1.5, 13], "texture": "#0"},
				"down": {"uv": [13.25, 1.5, 13, 1.75], "texture": "#0"}
			}
		},
		{
			"from": [8.68069, 9.69899, 5.4375],
			"to": [9.28069, 9.89899, 6.1375],
			"rotation": {"angle": 22.5, "axis": "z", "origin": [8.98069, 9.79899, 5.7875]},
			"faces": {
				"north": {"uv": [12.5, 0, 12.75, 0.25], "texture": "#0"},
				"east": {"uv": [0.5, 12.5, 0.75, 12.75], "texture": "#0"},
				"south": {"uv": [12.5, 0.5, 12.75, 0.75], "texture": "#0"},
				"west": {"uv": [1, 12.5, 1.25, 12.75], "texture": "#0"},
				"up": {"uv": [12.75, 1.25, 12.5, 1], "texture": "#0"},
				"down": {"uv": [1.75, 12.5, 1.5, 12.75], "texture": "#0"}
			}
		},
		{
			"from": [6.71931, 9.69899, 9.4375],
			"to": [7.31931, 9.89899, 10.1375],
			"rotation": {"angle": -22.5, "axis": "z", "origin": [7.01931, 9.79899, 9.7875]},
			"faces": {
				"north": {"uv": [5, 13, 5.25, 13.25], "texture": "#0"},
				"east": {"uv": [13, 5, 13.25, 5.25], "texture": "#0"},
				"south": {"uv": [5.5, 13, 5.75, 13.25], "texture": "#0"},
				"west": {"uv": [13, 5.5, 13.25, 5.75], "texture": "#0"},
				"up": {"uv": [6.25, 13.25, 6, 13], "texture": "#0"},
				"down": {"uv": [13.25, 6, 13, 6.25], "texture": "#0"}
			}
		},
		{
			"from": [6.71931, 9.69899, 5.4375],
			"to": [7.31931, 9.89899, 6.1375],
			"rotation": {"angle": -22.5, "axis": "z", "origin": [7.01931, 9.79899, 5.7875]},
			"faces": {
				"north": {"uv": [3.5, 13, 3.75, 13.25], "texture": "#0"},
				"east": {"uv": [13, 3.5, 13.25, 3.75], "texture": "#0"},
				"south": {"uv": [4, 13, 4.25, 13.25], "texture": "#0"},
				"west": {"uv": [13, 4, 13.25, 4.25], "texture": "#0"},
				"up": {"uv": [4.75, 13.25, 4.5, 13], "texture": "#0"},
				"down": {"uv": [13.25, 4.5, 13, 4.75], "texture": "#0"}
			}
		},
		{
			"from": [7.2538, 9.5918, 5.4375],
			"to": [8.7418, 9.7918, 10.1375],
			"rotation": {"angle": 0, "axis": "y", "origin": [8.4288, 9.6918, 9.7875]},
			"faces": {
				"north": {"uv": [10, 6.5, 10.75, 6.75], "texture": "#0"},
				"east": {"uv": [7.5, 3.5, 9.75, 3.75], "texture": "#0"},
				"south": {"uv": [10, 7, 10.75, 7.25], "texture": "#0"},
				"west": {"uv": [7.5, 4, 9.75, 4.25], "texture": "#0"},
				"up": {"uv": [0.75, 2.25, 0, 0], "texture": "#0"},
				"down": {"uv": [1.75, 0, 1, 2.25], "texture": "#0"}
			}
		},
		{
			"from": [7.4538, 8.62448, 5.51362],
			"to": [8.5418, 8.82448, 8.26362],
			"rotation": {"angle": 45, "axis": "x", "origin": [7.9978, 8.72448, 6.86362]},
			"faces": {
				"north": {"uv": [10.5, 11, 11, 11.25], "texture": "#0"},
				"east": {"uv": [8.5, 7.5, 9.75, 7.75], "texture": "#0"},
				"south": {"uv": [11, 10.5, 11.5, 10.75], "texture": "#0"},
				"west": {"uv": [8.5, 8.5, 9.75, 8.75], "texture": "#0"},
				"up": {"uv": [8, 7.25, 7.5, 6], "texture": "#0"},
				"down": {"uv": [8, 7.5, 7.5, 8.75], "texture": "#0"}
			}
		},
		{
			"from": [7.4538, 8.62448, 7.30112],
			"to": [8.5418, 8.82448, 10.05112],
			"rotation": {"angle": -45, "axis": "x", "origin": [7.9978, 8.72448, 8.70112]},
			"faces": {
				"north": {"uv": [11, 11, 11.5, 11.25], "texture": "#0"},
				"east": {"uv": [9, 1.5, 10.25, 1.75], "texture": "#0"},
				"south": {"uv": [0, 11.5, 0.5, 11.75], "texture": "#0"},
				"west": {"uv": [9, 2, 10.25, 2.25], "texture": "#0"},
				"up": {"uv": [8.5, 2.25, 8, 1], "texture": "#0"},
				"down": {"uv": [2.5, 8, 2, 9.25], "texture": "#0"}
			}
		},
		{
			"from": [7.75, 9.7918, 5.6375],
			"to": [8.25, 10.0043, 6.1375],
			"rotation": {"angle": 0, "axis": "y", "origin": [8, 9.89805, 5.8875]},
			"faces": {
				"north": {"uv": [6.5, 13, 6.75, 13.25], "texture": "#0"},
				"east": {"uv": [13, 6.5, 13.25, 6.75], "texture": "#0"},
				"south": {"uv": [7, 13, 7.25, 13.25], "texture": "#0"},
				"west": {"uv": [13, 7, 13.25, 7.25], "texture": "#0"},
				"up": {"uv": [7.75, 13.25, 7.5, 13], "texture": "#0"},
				"down": {"uv": [13.25, 7.5, 13, 7.75], "texture": "#0"}
			}
		},
		{
			"from": [7.75, 9.7918, 9.6375],
			"to": [8.25, 10.0043, 10.1375],
			"rotation": {"angle": 0, "axis": "y", "origin": [8, 9.89805, 9.8875]},
			"faces": {
				"north": {"uv": [8, 13, 8.25, 13.25], "texture": "#0"},
				"east": {"uv": [13, 8, 13.25, 8.25], "texture": "#0"},
				"south": {"uv": [8.5, 13, 8.75, 13.25], "texture": "#0"},
				"west": {"uv": [13, 8.5, 13.25, 8.75], "texture": "#0"},
				"up": {"uv": [9.25, 13.25, 9, 13], "texture": "#0"},
				"down": {"uv": [13.25, 9, 13, 9.25], "texture": "#0"}
			}
		},
		{
			"from": [9.25, 11.1, 5.6375],
			"to": [9.75, 11.4, 5.9375],
			"rotation": {"angle": 0, "axis": "y", "origin": [0.45, 0, -0.0625]},
			"faces": {
				"north": {"uv": [7, 12, 7.25, 12.25], "texture": "#0"},
				"east": {"uv": [12, 7, 12.25, 7.25], "texture": "#0"},
				"south": {"uv": [7.5, 12, 7.75, 12.25], "texture": "#0"},
				"west": {"uv": [12, 7.5, 12.25, 7.75], "texture": "#0"},
				"up": {"uv": [8.25, 12.25, 8, 12], "texture": "#0"},
				"down": {"uv": [12.25, 8, 12, 8.25], "texture": "#0"}
			}
		},
		{
			"from": [6.25, 11.1, 9.6375],
			"to": [6.75, 11.4, 9.9375],
			"rotation": {"angle": 0, "axis": "y", "origin": [0.45, 0, -0.0625]},
			"faces": {
				"north": {"uv": [12.5, 3, 12.75, 3.25], "texture": "#0"},
				"east": {"uv": [3.5, 12.5, 3.75, 12.75], "texture": "#0"},
				"south": {"uv": [12.5, 3.5, 12.75, 3.75], "texture": "#0"},
				"west": {"uv": [4, 12.5, 4.25, 12.75], "texture": "#0"},
				"up": {"uv": [12.75, 4.25, 12.5, 4], "texture": "#0"},
				"down": {"uv": [4.75, 12.5, 4.5, 12.75], "texture": "#0"}
			}
		},
		{
			"from": [6.25, 11.1, 5.6375],
			"to": [6.75, 11.4, 5.9375],
			"rotation": {"angle": 0, "axis": "y", "origin": [0.45, 0, -0.0625]},
			"faces": {
				"north": {"uv": [12.5, 1.5, 12.75, 1.75], "texture": "#0"},
				"east": {"uv": [2, 12.5, 2.25, 12.75], "texture": "#0"},
				"south": {"uv": [12.5, 2, 12.75, 2.25], "texture": "#0"},
				"west": {"uv": [2.5, 12.5, 2.75, 12.75], "texture": "#0"},
				"up": {"uv": [12.75, 2.75, 12.5, 2.5], "texture": "#0"},
				"down": {"uv": [3.25, 12.5, 3, 12.75], "texture": "#0"}
			}
		},
		{
			"from": [7.88, 9.35, 7.002],
			"to": [8.12, 9.39, 7.322],
			"rotation": {"angle": 0, "axis": "y", "origin": [8, 9.17, 7.8]},
			"faces": {
				"north": {"uv": [13.5, 8, 13.75, 8.25], "texture": "#0"},
				"east": {"uv": [8.5, 13.5, 8.75, 13.75], "texture": "#0"},
				"south": {"uv": [13.5, 8.5, 13.75, 8.75], "texture": "#0"},
				"west": {"uv": [9, 13.5, 9.25, 13.75], "texture": "#0"},
				"up": {"uv": [13.75, 9.25, 13.5, 9], "texture": "#0"},
				"down": {"uv": [9.75, 13.5, 9.5, 13.75], "texture": "#0"}
			}
		},
		{
			"from": [7.88, 8.95, 7.002],
			"to": [8.12, 8.99, 7.322],
			"rotation": {"angle": 0, "axis": "y", "origin": [8, 9.17, 7.8]},
			"faces": {
				"north": {"uv": [13.5, 9.5, 13.75, 9.75], "texture": "#0"},
				"east": {"uv": [10, 13.5, 10.25, 13.75], "texture": "#0"},
				"south": {"uv": [13.5, 10, 13.75, 10.25], "texture": "#0"},
				"west": {"uv": [10.5, 13.5, 10.75, 13.75], "texture": "#0"},
				"up": {"uv": [13.75, 10.75, 13.5, 10.5], "texture": "#0"},
				"down": {"uv": [11.25, 13.5, 11, 13.75], "texture": "#0"}
			}
		},
		{
			"from": [7.88, 9.15, 7.002],
			"to": [8.12, 9.19, 7.322],
			"rotation": {"angle": 0, "axis": "y", "origin": [8, 9.17, 7.8]},
			"faces": {
				"north": {"uv": [13.5, 11, 13.75, 11.25], "texture": "#0"},
				"east": {"uv": [11.5, 13.5, 11.75, 13.75], "texture": "#0"},
				"south": {"uv": [13.5, 11.5, 13.75, 11.75], "texture": "#0"},
				"west": {"uv": [12, 13.5, 12.25, 13.75], "texture": "#0"},
				"up": {"uv": [13.75, 12.25, 13.5, 12], "texture": "#0"},
				"down": {"uv": [12.75, 13.5, 12.5, 13.75], "texture": "#0"}
			}
		},
		{
			"from": [7.88, 9.03, 6.962],
			"to": [8.12, 9.07, 7.322],
			"rotation": {"angle": 0, "axis": "y", "origin": [8, 9.17, 7.8]},
			"faces": {
				"north": {"uv": [13.5, 12.5, 13.75, 12.75], "texture": "#0"},
				"east": {"uv": [13, 13.5, 13.25, 13.75], "texture": "#0"},
				"south": {"uv": [13.5, 13, 13.75, 13.25], "texture": "#0"},
				"west": {"uv": [13.5, 13.5, 13.75, 13.75], "texture": "#0"},
				"up": {"uv": [0.25, 14.25, 0, 14], "texture": "#0"},
				"down": {"uv": [14.25, 0, 14, 0.25], "texture": "#0"}
			}
		},
		{
			"from": [7.88, 8.99, 6.962],
			"to": [8.12, 9.03, 7.322],
			"rotation": {"angle": 0, "axis": "y", "origin": [8, 9.17, 7.8]},
			"faces": {
				"north": {"uv": [0.5, 14, 0.75, 14.25], "texture": "#0"},
				"east": {"uv": [14, 0.5, 14.25, 0.75], "texture": "#0"},
				"south": {"uv": [1, 14, 1.25, 14.25], "texture": "#0"},
				"west": {"uv": [14, 1, 14.25, 1.25], "texture": "#0"},
				"up": {"uv": [1.75, 14.25, 1.5, 14], "texture": "#0"},
				"down": {"uv": [14.25, 1.5, 14, 1.75], "texture": "#0"}
			}
		},
		{
			"from": [7.88, 9.27, 6.962],
			"to": [8.12, 9.31, 7.322],
			"rotation": {"angle": 0, "axis": "y", "origin": [8, 9.17, 7.8]},
			"faces": {
				"north": {"uv": [2, 14, 2.25, 14.25], "texture": "#0"},
				"east": {"uv": [14, 2, 14.25, 2.25], "texture": "#0"},
				"south": {"uv": [2.5, 14, 2.75, 14.25], "texture": "#0"},
				"west": {"uv": [14, 2.5, 14.25, 2.75], "texture": "#0"},
				"up": {"uv": [3.25, 14.25, 3, 14], "texture": "#0"},
				"down": {"uv": [14.25, 3, 14, 3.25], "texture": "#0"}
			}
		},
		{
			"from": [7.88, 9.31, 6.962],
			"to": [8.12, 9.35, 7.322],
			"rotation": {"angle": 0, "axis": "y", "origin": [8, 9.17, 7.8]},
			"faces": {
				"north": {"uv": [3.5, 14, 3.75, 14.25], "texture": "#0"},
				"east": {"uv": [14, 3.5, 14.25, 3.75], "texture": "#0"},
				"south": {"uv": [4, 14, 4.25, 14.25], "texture": "#0"},
				"west": {"uv": [14, 4, 14.25, 4.25], "texture": "#0"},
				"up": {"uv": [4.75, 14.25, 4.5, 14], "texture": "#0"},
				"down": {"uv": [14.25, 4.5, 14, 4.75], "texture": "#0"}
			}
		},
		{
			"from": [7.88, 9.19, 6.962],
			"to": [8.12, 9.23, 7.322],
			"rotation": {"angle": 0, "axis": "y", "origin": [8, 9.17, 7.8]},
			"faces": {
				"north": {"uv": [5, 14, 5.25, 14.25], "texture": "#0"},
				"east": {"uv": [14, 5, 14.25, 5.25], "texture": "#0"},
				"south": {"uv": [5.5, 14, 5.75, 14.25], "texture": "#0"},
				"west": {"uv": [14, 5.5, 14.25, 5.75], "texture": "#0"},
				"up": {"uv": [6.25, 14.25, 6, 14], "texture": "#0"},
				"down": {"uv": [14.25, 6, 14, 6.25], "texture": "#0"}
			}
		},
		{
			"from": [7.88, 9.11, 6.962],
			"to": [8.12, 9.15, 7.322],
			"rotation": {"angle": 0, "axis": "y", "origin": [8, 9.17, 7.8]},
			"faces": {
				"north": {"uv": [6.5, 14, 6.75, 14.25], "texture": "#0"},
				"east": {"uv": [14, 6.5, 14.25, 6.75], "texture": "#0"},
				"south": {"uv": [7, 14, 7.25, 14.25], "texture": "#0"},
				"west": {"uv": [14, 7, 14.25, 7.25], "texture": "#0"},
				"up": {"uv": [7.75, 14.25, 7.5, 14], "texture": "#0"},
				"down": {"uv": [14.25, 7.5, 14, 7.75], "texture": "#0"}
			}
		},
		{
			"from": [7.88, 9.23, 6.962],
			"to": [8.12, 9.27, 7.122],
			"rotation": {"angle": 0, "axis": "y", "origin": [8, 9.17, 7.8]},
			"faces": {
				"north": {"uv": [8, 14, 8.25, 14.25], "texture": "#0"},
				"east": {"uv": [14, 8, 14.25, 8.25], "texture": "#0"},
				"south": {"uv": [8.5, 14, 8.75, 14.25], "texture": "#0"},
				"west": {"uv": [14, 8.5, 14.25, 8.75], "texture": "#0"},
				"up": {"uv": [9.25, 14.25, 9, 14], "texture": "#0"},
				"down": {"uv": [14.25, 9, 14, 9.25], "texture": "#0"}
			}
		},
		{
			"from": [7.88, 9.07, 6.962],
			"to": [8.12, 9.11, 7.122],
			"rotation": {"angle": 0, "axis": "y", "origin": [8, 9.17, 7.8]},
			"faces": {
				"north": {"uv": [9.5, 14, 9.75, 14.25], "texture": "#0"},
				"east": {"uv": [14, 9.5, 14.25, 9.75], "texture": "#0"},
				"south": {"uv": [10, 14, 10.25, 14.25], "texture": "#0"},
				"west": {"uv": [14, 10, 14.25, 10.25], "texture": "#0"},
				"up": {"uv": [10.75, 14.25, 10.5, 14], "texture": "#0"},
				"down": {"uv": [14.25, 10.5, 14, 10.75], "texture": "#0"}
			}
		},
		{
			"from": [7.88, 9.35, 7.442],
			"to": [8.12, 9.39, 7.762],
			"rotation": {"angle": 0, "axis": "y", "origin": [8, 9.17, 7.8]},
			"faces": {
				"north": {"uv": [11, 14, 11.25, 14.25], "texture": "#0"},
				"east": {"uv": [14, 11, 14.25, 11.25], "texture": "#0"},
				"south": {"uv": [11.5, 14, 11.75, 14.25], "texture": "#0"},
				"west": {"uv": [14, 11.5, 14.25, 11.75], "texture": "#0"},
				"up": {"uv": [12.25, 14.25, 12, 14], "texture": "#0"},
				"down": {"uv": [14.25, 12, 14, 12.25], "texture": "#0"}
			}
		},
		{
			"from": [7.88, 9.19, 7.402],
			"to": [8.12, 9.23, 7.722],
			"rotation": {"angle": 0, "axis": "y", "origin": [8, 9.17, 7.8]},
			"faces": {
				"north": {"uv": [12.5, 14, 12.75, 14.25], "texture": "#0"},
				"east": {"uv": [14, 12.5, 14.25, 12.75], "texture": "#0"},
				"south": {"uv": [13, 14, 13.25, 14.25], "texture": "#0"},
				"west": {"uv": [14, 13, 14.25, 13.25], "texture": "#0"},
				"up": {"uv": [13.75, 14.25, 13.5, 14], "texture": "#0"},
				"down": {"uv": [14.25, 13.5, 14, 13.75], "texture": "#0"}
			}
		},
		{
			"from": [7.88, 9.11, 7.442],
			"to": [8.12, 9.15, 7.762],
			"rotation": {"angle": 0, "axis": "y", "origin": [8, 9.17, 7.8]},
			"faces": {
				"north": {"uv": [14, 14, 14.25, 14.25], "texture": "#0"},
				"east": {"uv": [0, 14.5, 0.25, 14.75], "texture": "#0"},
				"south": {"uv": [14.5, 0, 14.75, 0.25], "texture": "#0"},
				"west": {"uv": [0.5, 14.5, 0.75, 14.75], "texture": "#0"},
				"up": {"uv": [14.75, 0.75, 14.5, 0.5], "texture": "#0"},
				"down": {"uv": [1.25, 14.5, 1, 14.75], "texture": "#0"}
			}
		},
		{
			"from": [7.88, 9.31, 7.402],
			"to": [8.12, 9.35, 7.762],
			"rotation": {"angle": 0, "axis": "y", "origin": [8, 9.17, 7.8]},
			"faces": {
				"north": {"uv": [14.5, 1, 14.75, 1.25], "texture": "#0"},
				"east": {"uv": [1.5, 14.5, 1.75, 14.75], "texture": "#0"},
				"south": {"uv": [14.5, 1.5, 14.75, 1.75], "texture": "#0"},
				"west": {"uv": [2, 14.5, 2.25, 14.75], "texture": "#0"},
				"up": {"uv": [14.75, 2.25, 14.5, 2], "texture": "#0"},
				"down": {"uv": [2.75, 14.5, 2.5, 14.75], "texture": "#0"}
			}
		},
		{
			"from": [7.88, 9.27, 7.402],
			"to": [8.12, 9.31, 7.762],
			"rotation": {"angle": 0, "axis": "y", "origin": [8, 9.17, 7.8]},
			"faces": {
				"north": {"uv": [14.5, 2.5, 14.75, 2.75], "texture": "#0"},
				"east": {"uv": [3, 14.5, 3.25, 14.75], "texture": "#0"},
				"south": {"uv": [14.5, 3, 14.75, 3.25], "texture": "#0"},
				"west": {"uv": [3.5, 14.5, 3.75, 14.75], "texture": "#0"},
				"up": {"uv": [14.75, 3.75, 14.5, 3.5], "texture": "#0"},
				"down": {"uv": [4.25, 14.5, 4, 14.75], "texture": "#0"}
			}
		},
		{
			"from": [7.88, 9.15, 7.402],
			"to": [8.12, 9.19, 7.762],
			"rotation": {"angle": 0, "axis": "y", "origin": [8, 9.17, 7.8]},
			"faces": {
				"north": {"uv": [14.5, 4, 14.75, 4.25], "texture": "#0"},
				"east": {"uv": [4.5, 14.5, 4.75, 14.75], "texture": "#0"},
				"south": {"uv": [14.5, 4.5, 14.75, 4.75], "texture": "#0"},
				"west": {"uv": [5, 14.5, 5.25, 14.75], "texture": "#0"},
				"up": {"uv": [14.75, 5.25, 14.5, 5], "texture": "#0"},
				"down": {"uv": [5.75, 14.5, 5.5, 14.75], "texture": "#0"}
			}
		},
		{
			"from": [7.88, 8.95, 7.402],
			"to": [8.12, 9.07, 7.762],
			"rotation": {"angle": 0, "axis": "y", "origin": [8, 9.17, 7.8]},
			"faces": {
				"north": {"uv": [14.5, 5.5, 14.75, 5.75], "texture": "#0"},
				"east": {"uv": [6, 14.5, 6.25, 14.75], "texture": "#0"},
				"south": {"uv": [14.5, 6, 14.75, 6.25], "texture": "#0"},
				"west": {"uv": [6.5, 14.5, 6.75, 14.75], "texture": "#0"},
				"up": {"uv": [14.75, 6.75, 14.5, 6.5], "texture": "#0"},
				"down": {"uv": [7.25, 14.5, 7, 14.75], "texture": "#0"}
			}
		},
		{
			"from": [7.88, 9.23, 7.402],
			"to": [8.12, 9.27, 7.562],
			"rotation": {"angle": 0, "axis": "y", "origin": [8, 9.17, 7.8]},
			"faces": {
				"north": {"uv": [14.5, 7, 14.75, 7.25], "texture": "#0"},
				"east": {"uv": [7.5, 14.5, 7.75, 14.75], "texture": "#0"},
				"south": {"uv": [14.5, 7.5, 14.75, 7.75], "texture": "#0"},
				"west": {"uv": [8, 14.5, 8.25, 14.75], "texture": "#0"},
				"up": {"uv": [14.75, 8.25, 14.5, 8], "texture": "#0"},
				"down": {"uv": [8.75, 14.5, 8.5, 14.75], "texture": "#0"}
			}
		},
		{
			"from": [7.88, 9.07, 7.602],
			"to": [8.12, 9.11, 7.762],
			"rotation": {"angle": 0, "axis": "y", "origin": [8, 9.17, 7.8]},
			"faces": {
				"north": {"uv": [14.5, 8.5, 14.75, 8.75], "texture": "#0"},
				"east": {"uv": [9, 14.5, 9.25, 14.75], "texture": "#0"},
				"south": {"uv": [14.5, 9, 14.75, 9.25], "texture": "#0"},
				"west": {"uv": [9.5, 14.5, 9.75, 14.75], "texture": "#0"},
				"up": {"uv": [14.75, 9.75, 14.5, 9.5], "texture": "#0"},
				"down": {"uv": [10.25, 14.5, 10, 14.75], "texture": "#0"}
			}
		},
		{
			"from": [7.88, 8.95, 8.042],
			"to": [8.12, 9.39, 8.202],
			"rotation": {"angle": 0, "axis": "y", "origin": [8, 9.17, 7.8]},
			"faces": {
				"north": {"uv": [14.5, 10, 14.75, 10.25], "texture": "#0"},
				"east": {"uv": [10.5, 14.5, 10.75, 14.75], "texture": "#0"},
				"south": {"uv": [14.5, 10.5, 14.75, 10.75], "texture": "#0"},
				"west": {"uv": [11, 14.5, 11.25, 14.75], "texture": "#0"},
				"up": {"uv": [14.75, 11.25, 14.5, 11], "texture": "#0"},
				"down": {"uv": [11.75, 14.5, 11.5, 14.75], "texture": "#0"}
			}
		},
		{
			"from": [7.88, 8.95, 7.842],
			"to": [8.12, 9.39, 8.002],
			"rotation": {"angle": 0, "axis": "y", "origin": [8, 9.17, 7.8]},
			"faces": {
				"north": {"uv": [14.5, 11.5, 14.75, 11.75], "texture": "#0"},
				"east": {"uv": [12, 14.5, 12.25, 14.75], "texture": "#0"},
				"south": {"uv": [14.5, 12, 14.75, 12.25], "texture": "#0"},
				"west": {"uv": [12.5, 14.5, 12.75, 14.75], "texture": "#0"},
				"up": {"uv": [14.75, 12.75, 14.5, 12.5], "texture": "#0"},
				"down": {"uv": [13.25, 14.5, 13, 14.75], "texture": "#0"}
			}
		},
		{
			"from": [7.88, 8.95, 8.002],
			"to": [8.12, 9.07, 8.042],
			"rotation": {"angle": 0, "axis": "y", "origin": [8, 9.17, 7.8]},
			"faces": {
				"north": {"uv": [14.5, 13, 14.75, 13.25], "texture": "#0"},
				"east": {"uv": [13.5, 14.5, 13.75, 14.75], "texture": "#0"},
				"south": {"uv": [14.5, 13.5, 14.75, 13.75], "texture": "#0"},
				"west": {"uv": [14, 14.5, 14.25, 14.75], "texture": "#0"},
				"up": {"uv": [14.75, 14.25, 14.5, 14], "texture": "#0"},
				"down": {"uv": [14.75, 14.5, 14.5, 14.75], "texture": "#0"}
			}
		},
		{
			"from": [7.88, 9.27, 8.002],
			"to": [8.12, 9.39, 8.042],
			"rotation": {"angle": 0, "axis": "y", "origin": [8, 9.17, 7.8]},
			"faces": {
				"north": {"uv": [0, 15, 0.25, 15.25], "texture": "#0"},
				"east": {"uv": [15, 0, 15.25, 0.25], "texture": "#0"},
				"south": {"uv": [0.5, 15, 0.75, 15.25], "texture": "#0"},
				"west": {"uv": [15, 0.5, 15.25, 0.75], "texture": "#0"},
				"up": {"uv": [1.25, 15.25, 1, 15], "texture": "#0"},
				"down": {"uv": [15.25, 1, 15, 1.25], "texture": "#0"}
			}
		},
		{
			"from": [7.88, 9.35, 8.318],
			"to": [8.12, 9.39, 8.638],
			"rotation": {"angle": 0, "axis": "y", "origin": [8, 9.17, 7.8]},
			"faces": {
				"north": {"uv": [1.5, 15, 1.75, 15.25], "texture": "#0"},
				"east": {"uv": [15, 1.5, 15.25, 1.75], "texture": "#0"},
				"south": {"uv": [2, 15, 2.25, 15.25], "texture": "#0"},
				"west": {"uv": [15, 2, 15.25, 2.25], "texture": "#0"},
				"up": {"uv": [2.75, 15.25, 2.5, 15], "texture": "#0"},
				"down": {"uv": [15.25, 2.5, 15, 2.75], "texture": "#0"}
			}
		},
		{
			"from": [7.88, 9.19, 8.278],
			"to": [8.12, 9.23, 8.598],
			"rotation": {"angle": 0, "axis": "y", "origin": [8, 9.17, 7.8]},
			"faces": {
				"north": {"uv": [3, 15, 3.25, 15.25], "texture": "#0"},
				"east": {"uv": [15, 3, 15.25, 3.25], "texture": "#0"},
				"south": {"uv": [3.5, 15, 3.75, 15.25], "texture": "#0"},
				"west": {"uv": [15, 3.5, 15.25, 3.75], "texture": "#0"},
				"up": {"uv": [4.25, 15.25, 4, 15], "texture": "#0"},
				"down": {"uv": [15.25, 4, 15, 4.25], "texture": "#0"}
			}
		},
		{
			"from": [7.88, 9.11, 8.318],
			"to": [8.12, 9.15, 8.638],
			"rotation": {"angle": 0, "axis": "y", "origin": [8, 9.17, 7.8]},
			"faces": {
				"north": {"uv": [4.5, 15, 4.75, 15.25], "texture": "#0"},
				"east": {"uv": [15, 4.5, 15.25, 4.75], "texture": "#0"},
				"south": {"uv": [5, 15, 5.25, 15.25], "texture": "#0"},
				"west": {"uv": [15, 5, 15.25, 5.25], "texture": "#0"},
				"up": {"uv": [5.75, 15.25, 5.5, 15], "texture": "#0"},
				"down": {"uv": [15.25, 5.5, 15, 5.75], "texture": "#0"}
			}
		},
		{
			"from": [7.88, 9.31, 8.278],
			"to": [8.12, 9.35, 8.638],
			"rotation": {"angle": 0, "axis": "y", "origin": [8, 9.17, 7.8]},
			"faces": {
				"north": {"uv": [6, 15, 6.25, 15.25], "texture": "#0"},
				"east": {"uv": [15, 6, 15.25, 6.25], "texture": "#0"},
				"south": {"uv": [6.5, 15, 6.75, 15.25], "texture": "#0"},
				"west": {"uv": [15, 6.5, 15.25, 6.75], "texture": "#0"},
				"up": {"uv": [7.25, 15.25, 7, 15], "texture": "#0"},
				"down": {"uv": [15.25, 7, 15, 7.25], "texture": "#0"}
			}
		},
		{
			"from": [7.88, 9.27, 8.278],
			"to": [8.12, 9.31, 8.638],
			"rotation": {"angle": 0, "axis": "y", "origin": [8, 9.17, 7.8]},
			"faces": {
				"north": {"uv": [7.5, 15, 7.75, 15.25], "texture": "#0"},
				"east": {"uv": [15, 7.5, 15.25, 7.75], "texture": "#0"},
				"south": {"uv": [8, 15, 8.25, 15.25], "texture": "#0"},
				"west": {"uv": [15, 8, 15.25, 8.25], "texture": "#0"},
				"up": {"uv": [8.75, 15.25, 8.5, 15], "texture": "#0"},
				"down": {"uv": [15.25, 8.5, 15, 8.75], "texture": "#0"}
			}
		},
		{
			"from": [7.88, 9.15, 8.278],
			"to": [8.12, 9.19, 8.638],
			"rotation": {"angle": 0, "axis": "y", "origin": [8, 9.17, 7.8]},
			"faces": {
				"north": {"uv": [9, 15, 9.25, 15.25], "texture": "#0"},
				"east": {"uv": [15, 9, 15.25, 9.25], "texture": "#0"},
				"south": {"uv": [9.5, 15, 9.75, 15.25], "texture": "#0"},
				"west": {"uv": [15, 9.5, 15.25, 9.75], "texture": "#0"},
				"up": {"uv": [10.25, 15.25, 10, 15], "texture": "#0"},
				"down": {"uv": [15.25, 10, 15, 10.25], "texture": "#0"}
			}
		},
		{
			"from": [7.88, 8.95, 8.278],
			"to": [8.12, 9.07, 8.638],
			"rotation": {"angle": 0, "axis": "y", "origin": [8, 9.17, 7.8]},
			"faces": {
				"north": {"uv": [10.5, 15, 10.75, 15.25], "texture": "#0"},
				"east": {"uv": [15, 10.5, 15.25, 10.75], "texture": "#0"},
				"south": {"uv": [11, 15, 11.25, 15.25], "texture": "#0"},
				"west": {"uv": [15, 11, 15.25, 11.25], "texture": "#0"},
				"up": {"uv": [11.75, 15.25, 11.5, 15], "texture": "#0"},
				"down": {"uv": [15.25, 11.5, 15, 11.75], "texture": "#0"}
			}
		},
		{
			"from": [7.88, 9.23, 8.278],
			"to": [8.12, 9.27, 8.438],
			"rotation": {"angle": 0, "axis": "y", "origin": [8, 9.17, 7.8]},
			"faces": {
				"north": {"uv": [12, 15, 12.25, 15.25], "texture": "#0"},
				"east": {"uv": [15, 12, 15.25, 12.25], "texture": "#0"},
				"south": {"uv": [12.5, 15, 12.75, 15.25], "texture": "#0"},
				"west": {"uv": [15, 12.5, 15.25, 12.75], "texture": "#0"},
				"up": {"uv": [13.25, 15.25, 13, 15], "texture": "#0"},
				"down": {"uv": [15.25, 13, 15, 13.25], "texture": "#0"}
			}
		},
		{
			"from": [7.88, 9.07, 8.478],
			"to": [8.12, 9.11, 8.638],
			"rotation": {"angle": 0, "axis": "y", "origin": [8, 9.17, 7.8]},
			"faces": {
				"north": {"uv": [13.5, 15, 13.75, 15.25], "texture": "#0"},
				"east": {"uv": [15, 13.5, 15.25, 13.75], "texture": "#0"},
				"south": {"uv": [14, 15, 14.25, 15.25], "texture": "#0"},
				"west": {"uv": [15, 14, 15.25, 14.25], "texture": "#0"},
				"up": {"uv": [14.75, 15.25, 14.5, 15], "texture": "#0"},
				"down": {"uv": [15.25, 14.5, 15, 14.75], "texture": "#0"}
			}
		}
	],
	"display": {
		"thirdperson_righthand": {
			"rotation": [0, 180, 0],
			"translation": [0, 4, 0.25],
			"scale": [1.5, 1.5, 1.5]
		},
		"thirdperson_lefthand": {
			"rotation": [0, 180, 0],
			"translation": [0, 4, 0.25],
			"scale": [1.5, 1.5, 1.5]
		},
		"firstperson_righthand": {
			"rotation": [-180, -3, 180],
			"translation": [-0.75, 4.75, 0]
		},
		"ground": {
			"rotation": [-35, 0, 0],
			"translation": [0, 5.75, 0],
			"scale": [1.25, 1.25, 1.25]
		},
		"gui": {
			"rotation": [-72.06, -46.27, -89.88],
			"translation": [-0.25, 0, 0],
			"scale": [1.25, 1.25, 1.25]
		},
		"head": {
			"rotation": [0, 180, 0],
			"translation": [0, 5.5, 0],
			"scale": [3, 3, 3]
		}
	},
	"groups": [
		{
			"name": "Rocket",
			"origin": [8, 8, 8],
			"color": 0,
			"children": [0, 1, 2, 3, 4, 5, 6, 7, 8, 9, 10, 11, 12, 13, 14, 15, 16, 17, 18, 19, 20, 21, 22, 23, 24, 25, 26, 27, 28, 29, 30, 31, 32, 33, 34]
		},
		35,
		36,
		37,
		38,
		39,
		40,
		41,
		42,
		43,
		44,
		45,
		46,
		47,
		48,
		49,
		50,
		51,
		52,
		53,
		54,
		55,
		56,
		57,
		58,
		59,
		60,
		61,
		62,
		63,
		64,
		65,
		66,
		67,
		68,
		69,
		70,
		71,
		72,
		73,
		74,
		{
			"name": "2023",
			"origin": [7.19, 8, 8.7],
			"color": 0,
			"children": [
				{
					"name": "3",
					"origin": [8.69, 4.5, 13.2],
					"color": 0,
					"children": [75, 76, 77, 78, 79, 80, 81, 82, 83, 84, 85]
				},
				{
					"name": "2",
					"origin": [8.69, 4.5, 13.2],
					"color": 0,
					"children": [86, 87, 88, 89, 90, 91, 92, 93, 94]
				},
				{
					"name": "0",
					"origin": [-3.31, 6.5, 10.2],
					"color": 0,
					"children": [95, 96, 97, 98]
				},
				{
					"name": "2",
					"origin": [8.69, 4.5, 13.2],
					"color": 0,
					"children": [99, 100, 101, 102, 103, 104, 105, 106, 107]
				}
			]
		}
	]
}