{
	"credit": "Made with Blockbench",
	"texture_size": [64, 64],
	"textures": {
		"1": "item/newyears/newyearsbox2023"
	},
	"elements": [
		{
			"from": [6.9, 3.15, 10],
			"to": [9.1, 4.25, 12],
			"rotation": {"angle": 0, "axis": "y", "origin": [8, 31.85, 8]},
			"faces": {
				"north": {"uv": [8.25, 7.25, 8.5, 7.375], "texture": "#1"},
				"east": {"uv": [7.5, 8.25, 7.75, 8.375], "texture": "#1"},
				"south": {"uv": [7.75, 8.25, 8, 8.375], "texture": "#1"},
				"west": {"uv": [8, 8.25, 8.25, 8.375], "texture": "#1"},
				"up": {"uv": [6.25, 6, 6, 5.75], "texture": "#1"},
				"down": {"uv": [6.25, 6, 6, 6.25], "texture": "#1"}
			}
		},
		{
			"from": [6.9, 2.05, 6],
			"to": [9.1, 3.15, 10],
			"rotation": {"angle": 0, "axis": "y", "origin": [8, 31.85, 8]},
			"faces": {
				"north": {"uv": [8.25, 1.75, 8.5, 1.875], "texture": "#1"},
				"east": {"uv": [6, 4.25, 6.5, 4.375], "texture": "#1"},
				"south": {"uv": [2, 8.25, 2.25, 8.375], "texture": "#1"},
				"west": {"uv": [4.5, 6, 5, 6.125], "texture": "#1"},
				"up": {"uv": [3.75, 4.25, 3.5, 3.75], "texture": "#1"},
				"down": {"uv": [4, 3.75, 3.75, 4.25], "texture": "#1"}
			}
		},
		{
			"from": [5.8, 2.05, 7],
			"to": [6.9, 3.15, 9],
			"rotation": {"angle": 0, "axis": "y", "origin": [8, 31.85, 8]},
			"faces": {
				"north": {"uv": [1.25, 9.5, 1.375, 9.625], "texture": "#1"},
				"east": {"uv": [2.25, 8.25, 2.5, 8.375], "texture": "#1"},
				"south": {"uv": [9.5, 1.25, 9.625, 1.375], "texture": "#1"},
				"west": {"uv": [8.25, 2.25, 8.5, 2.375], "texture": "#1"},
				"up": {"uv": [2.625, 8.5, 2.5, 8.25], "texture": "#1"},
				"down": {"uv": [8.375, 2.5, 8.25, 2.75], "texture": "#1"}
			}
		},
		{
			"from": [9.1, 2.05, 7],
			"to": [10.2, 3.15, 9],
			"rotation": {"angle": 0, "axis": "y", "origin": [8, 31.85, 8]},
			"faces": {
				"north": {"uv": [1.5, 9.5, 1.625, 9.625], "texture": "#1"},
				"east": {"uv": [2.75, 8.25, 3, 8.375], "texture": "#1"},
				"south": {"uv": [9.5, 1.5, 9.625, 1.625], "texture": "#1"},
				"west": {"uv": [3, 8.25, 3.25, 8.375], "texture": "#1"},
				"up": {"uv": [3.375, 8.5, 3.25, 8.25], "texture": "#1"},
				"down": {"uv": [3.625, 8.25, 3.5, 8.5], "texture": "#1"}
			}
		},
		{
			"from": [9.1, 3.15, 9],
			"to": [11.3, 4.25, 11],
			"rotation": {"angle": 0, "axis": "y", "origin": [8, 31.85, 8]},
			"faces": {
				"north": {"uv": [3.75, 8.25, 4, 8.375], "texture": "#1"},
				"east": {"uv": [4, 8.25, 4.25, 8.375], "texture": "#1"},
				"south": {"uv": [4.25, 8.25, 4.5, 8.375], "texture": "#1"},
				"west": {"uv": [4.5, 8.25, 4.75, 8.375], "texture": "#1"},
				"up": {"uv": [4.75, 5.75, 4.5, 5.5], "texture": "#1"},
				"down": {"uv": [4.75, 5.75, 4.5, 6], "texture": "#1"}
			}
		},
		{
			"from": [9.1, 3.15, 5],
			"to": [11.3, 4.25, 7],
			"rotation": {"angle": 0, "axis": "y", "origin": [8, 31.85, 8]},
			"faces": {
				"north": {"uv": [4.75, 8.25, 5, 8.375], "texture": "#1"},
				"east": {"uv": [5, 8.25, 5.25, 8.375], "texture": "#1"},
				"south": {"uv": [5.25, 8.25, 5.5, 8.375], "texture": "#1"},
				"west": {"uv": [8.25, 5.25, 8.5, 5.375], "texture": "#1"},
				"up": {"uv": [6.25, 4.75, 6, 4.5], "texture": "#1"},
				"down": {"uv": [6.25, 4.75, 6, 5], "texture": "#1"}
			}
		},
		{
			"from": [4.7, 3.15, 9],
			"to": [6.9, 4.25, 11],
			"rotation": {"angle": 0, "axis": "y", "origin": [8, 31.85, 8]},
			"faces": {
				"north": {"uv": [5.5, 8.25, 5.75, 8.375], "texture": "#1"},
				"east": {"uv": [8.25, 5.5, 8.5, 5.625], "texture": "#1"},
				"south": {"uv": [5.75, 8.25, 6, 8.375], "texture": "#1"},
				"west": {"uv": [6, 8.25, 6.25, 8.375], "texture": "#1"},
				"up": {"uv": [5.25, 6.25, 5, 6], "texture": "#1"},
				"down": {"uv": [6.25, 5, 6, 5.25], "texture": "#1"}
			}
		},
		{
			"from": [4.7, 3.15, 5],
			"to": [6.9, 4.25, 7],
			"rotation": {"angle": 0, "axis": "y", "origin": [8, 31.85, 8]},
			"faces": {
				"north": {"uv": [8.25, 6, 8.5, 6.125], "texture": "#1"},
				"east": {"uv": [6.25, 8.25, 6.5, 8.375], "texture": "#1"},
				"south": {"uv": [8.25, 6.25, 8.5, 6.375], "texture": "#1"},
				"west": {"uv": [6.5, 8.25, 6.75, 8.375], "texture": "#1"},
				"up": {"uv": [5.5, 6.25, 5.25, 6], "texture": "#1"},
				"down": {"uv": [6.25, 5.25, 6, 5.5], "texture": "#1"}
			}
		},
		{
			"from": [6.9, 3.15, 4],
			"to": [9.1, 4.25, 6],
			"rotation": {"angle": 0, "axis": "y", "origin": [8, 31.85, 8]},
			"faces": {
				"north": {"uv": [8.25, 6.5, 8.5, 6.625], "texture": "#1"},
				"east": {"uv": [6.75, 8.25, 7, 8.375], "texture": "#1"},
				"south": {"uv": [7, 8.25, 7.25, 8.375], "texture": "#1"},
				"west": {"uv": [7.25, 8.25, 7.5, 8.375], "texture": "#1"},
				"up": {"uv": [5.75, 6.25, 5.5, 6], "texture": "#1"},
				"down": {"uv": [6, 6, 5.75, 6.25], "texture": "#1"}
			}
		},
		{
			"from": [3.6, 3.15, 7],
			"to": [5.8, 4.25, 9],
			"rotation": {"angle": 0, "axis": "y", "origin": [8, 31.85, 8]},
			"faces": {
				"north": {"uv": [8.25, 8.25, 8.5, 8.375], "texture": "#1"},
				"east": {"uv": [0, 8.5, 0.25, 8.625], "texture": "#1"},
				"south": {"uv": [0.25, 8.5, 0.5, 8.625], "texture": "#1"},
				"west": {"uv": [8.5, 0.25, 8.75, 0.375], "texture": "#1"},
				"up": {"uv": [0.25, 6.5, 0, 6.25], "texture": "#1"},
				"down": {"uv": [6.5, 0, 6.25, 0.25], "texture": "#1"}
			}
		},
		{
			"from": [10.2, 3.15, 7],
			"to": [12.4, 4.25, 9],
			"rotation": {"angle": 0, "axis": "y", "origin": [8, 31.85, 8]},
			"faces": {
				"north": {"uv": [0.5, 8.5, 0.75, 8.625], "texture": "#1"},
				"east": {"uv": [8.5, 0.5, 8.75, 0.625], "texture": "#1"},
				"south": {"uv": [0.75, 8.5, 1, 8.625], "texture": "#1"},
				"west": {"uv": [8.5, 0.75, 8.75, 0.875], "texture": "#1"},
				"up": {"uv": [0.5, 6.5, 0.25, 6.25], "texture": "#1"},
				"down": {"uv": [6.5, 0.25, 6.25, 0.5], "texture": "#1"}
			}
		},
		{
			"from": [5.8, 3.15, 11],
			"to": [6.9, 4.25, 12],
			"rotation": {"angle": 0, "axis": "y", "origin": [8, 31.85, 8]},
			"faces": {
				"north": {"uv": [1.75, 9.5, 1.875, 9.625], "texture": "#1"},
				"east": {"uv": [9.5, 1.75, 9.625, 1.875], "texture": "#1"},
				"south": {"uv": [2, 9.5, 2.125, 9.625], "texture": "#1"},
				"west": {"uv": [9.5, 2, 9.625, 2.125], "texture": "#1"},
				"up": {"uv": [2.375, 9.625, 2.25, 9.5], "texture": "#1"},
				"down": {"uv": [9.625, 2.25, 9.5, 2.375], "texture": "#1"}
			}
		},
		{
			"from": [9.1, 3.15, 11],
			"to": [10.2, 4.25, 12],
			"rotation": {"angle": 0, "axis": "y", "origin": [8, 31.85, 8]},
			"faces": {
				"north": {"uv": [2.5, 9.5, 2.625, 9.625], "texture": "#1"},
				"east": {"uv": [9.5, 2.5, 9.625, 2.625], "texture": "#1"},
				"south": {"uv": [2.75, 9.5, 2.875, 9.625], "texture": "#1"},
				"west": {"uv": [9.5, 2.75, 9.625, 2.875], "texture": "#1"},
				"up": {"uv": [3.125, 9.625, 3, 9.5], "texture": "#1"},
				"down": {"uv": [9.625, 3, 9.5, 3.125], "texture": "#1"}
			}
		},
		{
			"from": [5.8, 3.15, 4],
			"to": [6.9, 4.25, 5],
			"rotation": {"angle": 0, "axis": "y", "origin": [8, 31.85, 8]},
			"faces": {
				"north": {"uv": [3.25, 9.5, 3.375, 9.625], "texture": "#1"},
				"east": {"uv": [9.5, 3.25, 9.625, 3.375], "texture": "#1"},
				"south": {"uv": [3.5, 9.5, 3.625, 9.625], "texture": "#1"},
				"west": {"uv": [9.5, 3.5, 9.625, 3.625], "texture": "#1"},
				"up": {"uv": [3.875, 9.625, 3.75, 9.5], "texture": "#1"},
				"down": {"uv": [9.625, 3.75, 9.5, 3.875], "texture": "#1"}
			}
		},
		{
			"from": [9.1, 3.15, 4],
			"to": [10.2, 4.25, 5],
			"rotation": {"angle": 0, "axis": "y", "origin": [8, 31.85, 8]},
			"faces": {
				"north": {"uv": [4, 9.5, 4.125, 9.625], "texture": "#1"},
				"east": {"uv": [9.5, 4, 9.625, 4.125], "texture": "#1"},
				"south": {"uv": [4.25, 9.5, 4.375, 9.625], "texture": "#1"},
				"west": {"uv": [9.5, 4.25, 9.625, 4.375], "texture": "#1"},
				"up": {"uv": [4.625, 9.625, 4.5, 9.5], "texture": "#1"},
				"down": {"uv": [9.625, 4.5, 9.5, 4.625], "texture": "#1"}
			}
		},
		{
			"from": [11.3, 3.15, 9],
			"to": [12.4, 4.25, 10],
			"rotation": {"angle": 0, "axis": "y", "origin": [8, 31.85, 8]},
			"faces": {
				"north": {"uv": [4.75, 9.5, 4.875, 9.625], "texture": "#1"},
				"east": {"uv": [9.5, 4.75, 9.625, 4.875], "texture": "#1"},
				"south": {"uv": [5, 9.5, 5.125, 9.625], "texture": "#1"},
				"west": {"uv": [9.5, 5, 9.625, 5.125], "texture": "#1"},
				"up": {"uv": [5.375, 9.625, 5.25, 9.5], "texture": "#1"},
				"down": {"uv": [9.625, 5.25, 9.5, 5.375], "texture": "#1"}
			}
		},
		{
			"from": [11.3, 3.15, 6],
			"to": [12.4, 4.25, 7],
			"rotation": {"angle": 0, "axis": "y", "origin": [8, 31.85, 8]},
			"faces": {
				"north": {"uv": [5.5, 9.5, 5.625, 9.625], "texture": "#1"},
				"east": {"uv": [9.5, 5.5, 9.625, 5.625], "texture": "#1"},
				"south": {"uv": [5.75, 9.5, 5.875, 9.625], "texture": "#1"},
				"west": {"uv": [9.5, 5.75, 9.625, 5.875], "texture": "#1"},
				"up": {"uv": [6.125, 9.625, 6, 9.5], "texture": "#1"},
				"down": {"uv": [9.625, 6, 9.5, 6.125], "texture": "#1"}
			}
		},
		{
			"from": [3.6, 3.15, 9],
			"to": [4.7, 4.25, 10],
			"rotation": {"angle": 0, "axis": "y", "origin": [8, 31.85, 8]},
			"faces": {
				"north": {"uv": [6.25, 9.5, 6.375, 9.625], "texture": "#1"},
				"east": {"uv": [9.5, 6.25, 9.625, 6.375], "texture": "#1"},
				"south": {"uv": [6.5, 9.5, 6.625, 9.625], "texture": "#1"},
				"west": {"uv": [9.5, 6.5, 9.625, 6.625], "texture": "#1"},
				"up": {"uv": [6.875, 9.625, 6.75, 9.5], "texture": "#1"},
				"down": {"uv": [9.625, 6.75, 9.5, 6.875], "texture": "#1"}
			}
		},
		{
			"from": [3.6, 3.15, 6],
			"to": [4.7, 4.25, 7],
			"rotation": {"angle": 0, "axis": "y", "origin": [8, 31.85, 8]},
			"faces": {
				"north": {"uv": [7, 9.5, 7.125, 9.625], "texture": "#1"},
				"east": {"uv": [9.5, 7, 9.625, 7.125], "texture": "#1"},
				"south": {"uv": [7.25, 9.5, 7.375, 9.625], "texture": "#1"},
				"west": {"uv": [9.5, 7.25, 9.625, 7.375], "texture": "#1"},
				"up": {"uv": [7.625, 9.625, 7.5, 9.5], "texture": "#1"},
				"down": {"uv": [9.625, 7.5, 9.5, 7.625], "texture": "#1"}
			}
		},
		{
			"from": [5.8, 4.25, 12],
			"to": [10.2, 5.35, 13],
			"rotation": {"angle": 0, "axis": "y", "origin": [8, 31.85, 8]},
			"faces": {
				"north": {"uv": [0.5, 6.25, 1, 6.375], "texture": "#1"},
				"east": {"uv": [7.75, 9.5, 7.875, 9.625], "texture": "#1"},
				"south": {"uv": [1, 6.25, 1.5, 6.375], "texture": "#1"},
				"west": {"uv": [9.5, 7.75, 9.625, 7.875], "texture": "#1"},
				"up": {"uv": [2, 6.375, 1.5, 6.25], "texture": "#1"},
				"down": {"uv": [6.75, 1.5, 6.25, 1.625], "texture": "#1"}
			}
		},
		{
			"from": [5.8, 4.25, 3],
			"to": [10.2, 5.35, 4],
			"rotation": {"angle": 0, "axis": "y", "origin": [8, 31.85, 8]},
			"faces": {
				"north": {"uv": [6.25, 1.75, 6.75, 1.875], "texture": "#1"},
				"east": {"uv": [8, 9.5, 8.125, 9.625], "texture": "#1"},
				"south": {"uv": [2, 6.25, 2.5, 6.375], "texture": "#1"},
				"west": {"uv": [9.5, 8, 9.625, 8.125], "texture": "#1"},
				"up": {"uv": [6.75, 2.125, 6.25, 2], "texture": "#1"},
				"down": {"uv": [6.75, 2.25, 6.25, 2.375], "texture": "#1"}
			}
		},
		{
			"from": [12.4, 4.25, 6],
			"to": [13.5, 5.35, 10],
			"rotation": {"angle": 0, "axis": "y", "origin": [8, 31.85, 8]},
			"faces": {
				"north": {"uv": [8.25, 9.5, 8.375, 9.625], "texture": "#1"},
				"east": {"uv": [2.5, 6.25, 3, 6.375], "texture": "#1"},
				"south": {"uv": [9.5, 8.25, 9.625, 8.375], "texture": "#1"},
				"west": {"uv": [6.25, 2.5, 6.75, 2.625], "texture": "#1"},
				"up": {"uv": [3.125, 6.75, 3, 6.25], "texture": "#1"},
				"down": {"uv": [3.375, 6.25, 3.25, 6.75], "texture": "#1"}
			}
		},
		{
			"from": [2.5, 4.25, 6],
			"to": [3.6, 5.35, 10],
			"rotation": {"angle": 0, "axis": "y", "origin": [8, 31.85, 8]},
			"faces": {
				"north": {"uv": [8.5, 9.5, 8.625, 9.625], "texture": "#1"},
				"east": {"uv": [3.5, 6.25, 4, 6.375], "texture": "#1"},
				"south": {"uv": [9.5, 8.5, 9.625, 8.625], "texture": "#1"},
				"west": {"uv": [4, 6.25, 4.5, 6.375], "texture": "#1"},
				"up": {"uv": [4.625, 6.75, 4.5, 6.25], "texture": "#1"},
				"down": {"uv": [6.375, 4.5, 6.25, 5], "texture": "#1"}
			}
		},
		{
			"from": [3.6, 4.25, 10],
			"to": [4.7, 5.35, 11],
			"rotation": {"angle": 0, "axis": "y", "origin": [8, 31.85, 8]},
			"faces": {
				"north": {"uv": [8.75, 9.5, 8.875, 9.625], "texture": "#1"},
				"east": {"uv": [9.5, 8.75, 9.625, 8.875], "texture": "#1"},
				"south": {"uv": [9, 9.5, 9.125, 9.625], "texture": "#1"},
				"west": {"uv": [9.5, 9, 9.625, 9.125], "texture": "#1"},
				"up": {"uv": [9.375, 9.625, 9.25, 9.5], "texture": "#1"},
				"down": {"uv": [9.625, 9.25, 9.5, 9.375], "texture": "#1"}
			}
		},
		{
			"from": [4.7, 4.25, 11],
			"to": [5.8, 5.35, 12],
			"rotation": {"angle": 0, "axis": "y", "origin": [8, 31.85, 8]},
			"faces": {
				"north": {"uv": [9.5, 9.5, 9.625, 9.625], "texture": "#1"},
				"east": {"uv": [0, 9.75, 0.125, 9.875], "texture": "#1"},
				"south": {"uv": [9.75, 0, 9.875, 0.125], "texture": "#1"},
				"west": {"uv": [0.25, 9.75, 0.375, 9.875], "texture": "#1"},
				"up": {"uv": [9.875, 0.375, 9.75, 0.25], "texture": "#1"},
				"down": {"uv": [0.625, 9.75, 0.5, 9.875], "texture": "#1"}
			}
		},
		{
			"from": [3.6, 4.25, 5],
			"to": [4.7, 5.35, 6],
			"rotation": {"angle": 0, "axis": "y", "origin": [8, 31.85, 8]},
			"faces": {
				"north": {"uv": [9.75, 0.5, 9.875, 0.625], "texture": "#1"},
				"east": {"uv": [0.75, 9.75, 0.875, 9.875], "texture": "#1"},
				"south": {"uv": [9.75, 0.75, 9.875, 0.875], "texture": "#1"},
				"west": {"uv": [1, 9.75, 1.125, 9.875], "texture": "#1"},
				"up": {"uv": [9.875, 1.125, 9.75, 1], "texture": "#1"},
				"down": {"uv": [1.375, 9.75, 1.25, 9.875], "texture": "#1"}
			}
		},
		{
			"from": [4.7, 4.25, 4],
			"to": [5.8, 5.35, 5],
			"rotation": {"angle": 0, "axis": "y", "origin": [8, 31.85, 8]},
			"faces": {
				"north": {"uv": [9.75, 1.25, 9.875, 1.375], "texture": "#1"},
				"east": {"uv": [1.5, 9.75, 1.625, 9.875], "texture": "#1"},
				"south": {"uv": [9.75, 1.5, 9.875, 1.625], "texture": "#1"},
				"west": {"uv": [1.75, 9.75, 1.875, 9.875], "texture": "#1"},
				"up": {"uv": [9.875, 1.875, 9.75, 1.75], "texture": "#1"},
				"down": {"uv": [2.125, 9.75, 2, 9.875], "texture": "#1"}
			}
		},
		{
			"from": [10.2, 4.25, 11],
			"to": [11.3, 5.35, 12],
			"rotation": {"angle": 0, "axis": "y", "origin": [8, 31.85, 8]},
			"faces": {
				"north": {"uv": [9.75, 2, 9.875, 2.125], "texture": "#1"},
				"east": {"uv": [2.25, 9.75, 2.375, 9.875], "texture": "#1"},
				"south": {"uv": [9.75, 2.25, 9.875, 2.375], "texture": "#1"},
				"west": {"uv": [2.5, 9.75, 2.625, 9.875], "texture": "#1"},
				"up": {"uv": [9.875, 2.625, 9.75, 2.5], "texture": "#1"},
				"down": {"uv": [2.875, 9.75, 2.75, 9.875], "texture": "#1"}
			}
		},
		{
			"from": [10.2, 4.25, 4],
			"to": [11.3, 5.35, 5],
			"rotation": {"angle": 0, "axis": "y", "origin": [8, 31.85, 8]},
			"faces": {
				"north": {"uv": [9.75, 2.75, 9.875, 2.875], "texture": "#1"},
				"east": {"uv": [3, 9.75, 3.125, 9.875], "texture": "#1"},
				"south": {"uv": [9.75, 3, 9.875, 3.125], "texture": "#1"},
				"west": {"uv": [3.25, 9.75, 3.375, 9.875], "texture": "#1"},
				"up": {"uv": [9.875, 3.375, 9.75, 3.25], "texture": "#1"},
				"down": {"uv": [3.625, 9.75, 3.5, 9.875], "texture": "#1"}
			}
		},
		{
			"from": [11.3, 4.25, 5],
			"to": [12.4, 5.35, 6],
			"rotation": {"angle": 0, "axis": "y", "origin": [8, 31.85, 8]},
			"faces": {
				"north": {"uv": [9.75, 3.5, 9.875, 3.625], "texture": "#1"},
				"east": {"uv": [3.75, 9.75, 3.875, 9.875], "texture": "#1"},
				"south": {"uv": [9.75, 3.75, 9.875, 3.875], "texture": "#1"},
				"west": {"uv": [4, 9.75, 4.125, 9.875], "texture": "#1"},
				"up": {"uv": [9.875, 4.125, 9.75, 4], "texture": "#1"},
				"down": {"uv": [4.375, 9.75, 4.25, 9.875], "texture": "#1"}
			}
		},
		{
			"from": [11.3, 4.25, 10],
			"to": [12.4, 5.35, 11],
			"rotation": {"angle": 0, "axis": "y", "origin": [8, 31.85, 8]},
			"faces": {
				"north": {"uv": [9.75, 4.25, 9.875, 4.375], "texture": "#1"},
				"east": {"uv": [4.5, 9.75, 4.625, 9.875], "texture": "#1"},
				"south": {"uv": [9.75, 4.5, 9.875, 4.625], "texture": "#1"},
				"west": {"uv": [4.75, 9.75, 4.875, 9.875], "texture": "#1"},
				"up": {"uv": [9.875, 4.875, 9.75, 4.75], "texture": "#1"},
				"down": {"uv": [5.125, 9.75, 5, 9.875], "texture": "#1"}
			}
		},
		{
			"from": [2.5, 5.35, 5],
			"to": [3.6, 6.45, 11],
			"rotation": {"angle": 0, "axis": "y", "origin": [8, 31.85, 8]},
			"faces": {
				"north": {"uv": [9.75, 5, 9.875, 5.125], "texture": "#1"},
				"east": {"uv": [3.5, 5, 4.25, 5.125], "texture": "#1"},
				"south": {"uv": [5.25, 9.75, 5.375, 9.875], "texture": "#1"},
				"west": {"uv": [4.25, 5, 5, 5.125], "texture": "#1"},
				"up": {"uv": [5.125, 5, 5, 4.25], "texture": "#1"},
				"down": {"uv": [5.125, 5, 5, 5.75], "texture": "#1"}
			}
		},
		{
			"from": [12.4, 5.35, 5],
			"to": [13.5, 6.45, 11],
			"rotation": {"angle": 0, "axis": "y", "origin": [8, 31.85, 8]},
			"faces": {
				"north": {"uv": [9.75, 5.25, 9.875, 5.375], "texture": "#1"},
				"east": {"uv": [5.25, 0.5, 6, 0.625], "texture": "#1"},
				"south": {"uv": [5.5, 9.75, 5.625, 9.875], "texture": "#1"},
				"west": {"uv": [5.25, 0.75, 6, 0.875], "texture": "#1"},
				"up": {"uv": [2.125, 6, 2, 5.25], "texture": "#1"},
				"down": {"uv": [2.375, 5.25, 2.25, 6], "texture": "#1"}
			}
		},
		{
			"from": [4.7, 5.35, 12],
			"to": [11.3, 6.45, 13],
			"rotation": {"angle": 0, "axis": "y", "origin": [8, 31.85, 8]},
			"faces": {
				"north": {"uv": [5.25, 1, 6, 1.125], "texture": "#1"},
				"east": {"uv": [9.75, 5.5, 9.875, 5.625], "texture": "#1"},
				"south": {"uv": [5.25, 1.25, 6, 1.375], "texture": "#1"},
				"west": {"uv": [5.75, 9.75, 5.875, 9.875], "texture": "#1"},
				"up": {"uv": [3.25, 5.375, 2.5, 5.25], "texture": "#1"},
				"down": {"uv": [4, 5.25, 3.25, 5.375], "texture": "#1"}
			}
		},
		{
			"from": [4.7, 5.35, 3],
			"to": [11.3, 6.45, 4],
			"rotation": {"angle": 0, "axis": "y", "origin": [8, 31.85, 8]},
			"faces": {
				"north": {"uv": [5.25, 3.25, 6, 3.375], "texture": "#1"},
				"east": {"uv": [9.75, 5.75, 9.875, 5.875], "texture": "#1"},
				"south": {"uv": [5.25, 3.5, 6, 3.625], "texture": "#1"},
				"west": {"uv": [6, 9.75, 6.125, 9.875], "texture": "#1"},
				"up": {"uv": [6, 3.875, 5.25, 3.75], "texture": "#1"},
				"down": {"uv": [4.75, 5.25, 4, 5.375], "texture": "#1"}
			}
		},
		{
			"from": [11.3, 5.35, 11],
			"to": [12.4, 6.45, 12],
			"rotation": {"angle": 0, "axis": "y", "origin": [8, 31.85, 8]},
			"faces": {
				"north": {"uv": [9.75, 6, 9.875, 6.125], "texture": "#1"},
				"east": {"uv": [6.25, 9.75, 6.375, 9.875], "texture": "#1"},
				"south": {"uv": [9.75, 6.25, 9.875, 6.375], "texture": "#1"},
				"west": {"uv": [6.5, 9.75, 6.625, 9.875], "texture": "#1"},
				"up": {"uv": [9.875, 6.625, 9.75, 6.5], "texture": "#1"},
				"down": {"uv": [6.875, 9.75, 6.75, 9.875], "texture": "#1"}
			}
		},
		{
			"from": [3.6, 5.35, 11],
			"to": [4.7, 6.45, 12],
			"rotation": {"angle": 0, "axis": "y", "origin": [8, 31.85, 8]},
			"faces": {
				"north": {"uv": [9.75, 6.75, 9.875, 6.875], "texture": "#1"},
				"east": {"uv": [7, 9.75, 7.125, 9.875], "texture": "#1"},
				"south": {"uv": [9.75, 7, 9.875, 7.125], "texture": "#1"},
				"west": {"uv": [7.25, 9.75, 7.375, 9.875], "texture": "#1"},
				"up": {"uv": [9.875, 7.375, 9.75, 7.25], "texture": "#1"},
				"down": {"uv": [7.625, 9.75, 7.5, 9.875], "texture": "#1"}
			}
		},
		{
			"from": [11.3, 5.35, 4],
			"to": [12.4, 6.45, 5],
			"rotation": {"angle": 0, "axis": "y", "origin": [8, 31.85, 8]},
			"faces": {
				"north": {"uv": [9.75, 7.5, 9.875, 7.625], "texture": "#1"},
				"east": {"uv": [7.75, 9.75, 7.875, 9.875], "texture": "#1"},
				"south": {"uv": [9.75, 7.75, 9.875, 7.875], "texture": "#1"},
				"west": {"uv": [8, 9.75, 8.125, 9.875], "texture": "#1"},
				"up": {"uv": [9.875, 8.125, 9.75, 8], "texture": "#1"},
				"down": {"uv": [8.375, 9.75, 8.25, 9.875], "texture": "#1"}
			}
		},
		{
			"from": [3.6, 5.35, 4],
			"to": [4.7, 6.45, 5],
			"rotation": {"angle": 0, "axis": "y", "origin": [8, 31.85, 8]},
			"faces": {
				"north": {"uv": [9.75, 8.25, 9.875, 8.375], "texture": "#1"},
				"east": {"uv": [8.5, 9.75, 8.625, 9.875], "texture": "#1"},
				"south": {"uv": [9.75, 8.5, 9.875, 8.625], "texture": "#1"},
				"west": {"uv": [8.75, 9.75, 8.875, 9.875], "texture": "#1"},
				"up": {"uv": [9.875, 8.875, 9.75, 8.75], "texture": "#1"},
				"down": {"uv": [9.125, 9.75, 9, 9.875], "texture": "#1"}
			}
		},
		{
			"from": [3.6, 6.45, 12],
			"to": [6.9, 7.55, 13],
			"rotation": {"angle": 0, "axis": "y", "origin": [8, 31.85, 8]},
			"faces": {
				"north": {"uv": [7.5, 1.25, 7.875, 1.375], "texture": "#1"},
				"east": {"uv": [9.75, 9, 9.875, 9.125], "texture": "#1"},
				"south": {"uv": [1.5, 7.5, 1.875, 7.625], "texture": "#1"},
				"west": {"uv": [9.25, 9.75, 9.375, 9.875], "texture": "#1"},
				"up": {"uv": [2.375, 7.625, 2, 7.5], "texture": "#1"},
				"down": {"uv": [7.875, 2, 7.5, 2.125], "texture": "#1"}
			}
		},
		{
			"from": [9.1, 6.45, 12],
			"to": [12.4, 7.55, 13],
			"rotation": {"angle": 0, "axis": "y", "origin": [8, 31.85, 8]},
			"faces": {
				"north": {"uv": [2.5, 7.5, 2.875, 7.625], "texture": "#1"},
				"east": {"uv": [9.75, 9.25, 9.875, 9.375], "texture": "#1"},
				"south": {"uv": [7.5, 2.75, 7.875, 2.875], "texture": "#1"},
				"west": {"uv": [9.5, 9.75, 9.625, 9.875], "texture": "#1"},
				"up": {"uv": [3.375, 7.625, 3, 7.5], "texture": "#1"},
				"down": {"uv": [7.875, 3, 7.5, 3.125], "texture": "#1"}
			}
		},
		{
			"from": [3.6, 6.45, 3],
			"to": [6.9, 7.55, 4],
			"rotation": {"angle": 0, "axis": "y", "origin": [8, 31.85, 8]},
			"faces": {
				"north": {"uv": [7.5, 3.25, 7.875, 3.375], "texture": "#1"},
				"east": {"uv": [9.75, 9.5, 9.875, 9.625], "texture": "#1"},
				"south": {"uv": [3.5, 7.5, 3.875, 7.625], "texture": "#1"},
				"west": {"uv": [9.75, 9.75, 9.875, 9.875], "texture": "#1"},
				"up": {"uv": [7.875, 3.625, 7.5, 3.5], "texture": "#1"},
				"down": {"uv": [7.875, 3.75, 7.5, 3.875], "texture": "#1"}
			}
		},
		{
			"from": [9.1, 6.45, 3],
			"to": [12.4, 7.55, 4],
			"rotation": {"angle": 0, "axis": "y", "origin": [8, 31.85, 8]},
			"faces": {
				"north": {"uv": [4, 7.5, 4.375, 7.625], "texture": "#1"},
				"east": {"uv": [0, 10, 0.125, 10.125], "texture": "#1"},
				"south": {"uv": [4.5, 7.5, 4.875, 7.625], "texture": "#1"},
				"west": {"uv": [10, 0, 10.125, 0.125], "texture": "#1"},
				"up": {"uv": [7.875, 4.625, 7.5, 4.5], "texture": "#1"},
				"down": {"uv": [7.875, 4.75, 7.5, 4.875], "texture": "#1"}
			}
		},
		{
			"from": [2.5, 6.45, 4],
			"to": [3.6, 7.55, 7],
			"rotation": {"angle": 0, "axis": "y", "origin": [8, 31.85, 8]},
			"faces": {
				"north": {"uv": [0.25, 10, 0.375, 10.125], "texture": "#1"},
				"east": {"uv": [5, 7.5, 5.375, 7.625], "texture": "#1"},
				"south": {"uv": [10, 0.25, 10.125, 0.375], "texture": "#1"},
				"west": {"uv": [7.5, 5, 7.875, 5.125], "texture": "#1"},
				"up": {"uv": [7.625, 5.625, 7.5, 5.25], "texture": "#1"},
				"down": {"uv": [5.625, 7.5, 5.5, 7.875], "texture": "#1"}
			}
		},
		{
			"from": [12.4, 6.45, 4],
			"to": [13.5, 7.55, 7],
			"rotation": {"angle": 0, "axis": "y", "origin": [8, 31.85, 8]},
			"faces": {
				"north": {"uv": [0.5, 10, 0.625, 10.125], "texture": "#1"},
				"east": {"uv": [5.75, 7.5, 6.125, 7.625], "texture": "#1"},
				"south": {"uv": [10, 0.5, 10.125, 0.625], "texture": "#1"},
				"west": {"uv": [7.5, 5.75, 7.875, 5.875], "texture": "#1"},
				"up": {"uv": [6.375, 7.875, 6.25, 7.5], "texture": "#1"},
				"down": {"uv": [6.625, 7.5, 6.5, 7.875], "texture": "#1"}
			}
		},
		{
			"from": [12.4, 6.45, 9],
			"to": [13.5, 7.55, 12],
			"rotation": {"angle": 0, "axis": "y", "origin": [8, 31.85, 8]},
			"faces": {
				"north": {"uv": [0.75, 10, 0.875, 10.125], "texture": "#1"},
				"east": {"uv": [6.75, 7.5, 7.125, 7.625], "texture": "#1"},
				"south": {"uv": [10, 0.75, 10.125, 0.875], "texture": "#1"},
				"west": {"uv": [7.5, 6.75, 7.875, 6.875], "texture": "#1"},
				"up": {"uv": [7.375, 7.875, 7.25, 7.5], "texture": "#1"},
				"down": {"uv": [7.625, 7.5, 7.5, 7.875], "texture": "#1"}
			}
		},
		{
			"from": [2.5, 6.45, 9],
			"to": [3.6, 7.55, 12],
			"rotation": {"angle": 0, "axis": "y", "origin": [8, 31.85, 8]},
			"faces": {
				"north": {"uv": [1, 10, 1.125, 10.125], "texture": "#1"},
				"east": {"uv": [7.5, 7, 7.875, 7.125], "texture": "#1"},
				"south": {"uv": [10, 1, 10.125, 1.125], "texture": "#1"},
				"west": {"uv": [0, 7.75, 0.375, 7.875], "texture": "#1"},
				"up": {"uv": [0.625, 8.125, 0.5, 7.75], "texture": "#1"},
				"down": {"uv": [7.875, 0.5, 7.75, 0.875], "texture": "#1"}
			}
		},
		{
			"from": [6.9, 6.45, 2],
			"to": [9.1, 7.55, 3],
			"rotation": {"angle": 0, "axis": "y", "origin": [8, 31.85, 8]},
			"faces": {
				"north": {"uv": [1, 8.5, 1.25, 8.625], "texture": "#1"},
				"east": {"uv": [1.25, 10, 1.375, 10.125], "texture": "#1"},
				"south": {"uv": [1.25, 8.5, 1.5, 8.625], "texture": "#1"},
				"west": {"uv": [10, 1.25, 10.125, 1.375], "texture": "#1"},
				"up": {"uv": [8.75, 1.375, 8.5, 1.25], "texture": "#1"},
				"down": {"uv": [1.75, 8.5, 1.5, 8.625], "texture": "#1"}
			}
		},
		{
			"from": [6.9, 6.45, 13],
			"to": [9.1, 7.55, 14],
			"rotation": {"angle": 0, "axis": "y", "origin": [8, 31.85, 8]},
			"faces": {
				"north": {"uv": [1.75, 8.5, 2, 8.625], "texture": "#1"},
				"east": {"uv": [1.5, 10, 1.625, 10.125], "texture": "#1"},
				"south": {"uv": [8.5, 1.75, 8.75, 1.875], "texture": "#1"},
				"west": {"uv": [10, 1.5, 10.125, 1.625], "texture": "#1"},
				"up": {"uv": [2.25, 8.625, 2, 8.5], "texture": "#1"},
				"down": {"uv": [8.75, 2, 8.5, 2.125], "texture": "#1"}
			}
		},
		{
			"from": [1.4, 6.45, 7],
			"to": [2.5, 7.55, 9],
			"rotation": {"angle": 0, "axis": "y", "origin": [8, 31.85, 8]},
			"faces": {
				"north": {"uv": [1.75, 10, 1.875, 10.125], "texture": "#1"},
				"east": {"uv": [2.25, 8.5, 2.5, 8.625], "texture": "#1"},
				"south": {"uv": [10, 1.75, 10.125, 1.875], "texture": "#1"},
				"west": {"uv": [8.5, 2.25, 8.75, 2.375], "texture": "#1"},
				"up": {"uv": [2.625, 8.75, 2.5, 8.5], "texture": "#1"},
				"down": {"uv": [8.625, 2.5, 8.5, 2.75], "texture": "#1"}
			}
		},
		{
			"from": [13.5, 6.45, 7],
			"to": [14.6, 7.55, 9],
			"rotation": {"angle": 0, "axis": "y", "origin": [8, 31.85, 8]},
			"faces": {
				"north": {"uv": [2, 10, 2.125, 10.125], "texture": "#1"},
				"east": {"uv": [2.75, 8.5, 3, 8.625], "texture": "#1"},
				"south": {"uv": [10, 2, 10.125, 2.125], "texture": "#1"},
				"west": {"uv": [8.5, 2.75, 8.75, 2.875], "texture": "#1"},
				"up": {"uv": [3.125, 8.75, 3, 8.5], "texture": "#1"},
				"down": {"uv": [8.625, 3, 8.5, 3.25], "texture": "#1"}
			}
		},
		{
			"from": [5.8, 7.55, 2],
			"to": [10.2, 8.65, 3],
			"rotation": {"angle": 0, "axis": "y", "origin": [8, 31.85, 8]},
			"faces": {
				"north": {"uv": [4.75, 6.25, 5.25, 6.375], "texture": "#1"},
				"east": {"uv": [2.25, 10, 2.375, 10.125], "texture": "#1"},
				"south": {"uv": [6.25, 5, 6.75, 5.125], "texture": "#1"},
				"west": {"uv": [10, 2.25, 10.125, 2.375], "texture": "#1"},
				"up": {"uv": [5.75, 6.375, 5.25, 6.25], "texture": "#1"},
				"down": {"uv": [6.75, 5.25, 6.25, 5.375], "texture": "#1"}
			}
		},
		{
			"from": [5.8, 7.55, 13],
			"to": [10.2, 8.65, 14],
			"rotation": {"angle": 0, "axis": "y", "origin": [8, 31.85, 8]},
			"faces": {
				"north": {"uv": [6.25, 5.5, 6.75, 5.625], "texture": "#1"},
				"east": {"uv": [2.5, 10, 2.625, 10.125], "texture": "#1"},
				"south": {"uv": [5.75, 6.25, 6.25, 6.375], "texture": "#1"},
				"west": {"uv": [10, 2.5, 10.125, 2.625], "texture": "#1"},
				"up": {"uv": [6.75, 5.875, 6.25, 5.75], "texture": "#1"},
				"down": {"uv": [6.75, 6, 6.25, 6.125], "texture": "#1"}
			}
		},
		{
			"from": [1.4, 7.55, 6],
			"to": [2.5, 8.65, 10],
			"rotation": {"angle": 0, "axis": "y", "origin": [8, 31.85, 8]},
			"faces": {
				"north": {"uv": [2.75, 10, 2.875, 10.125], "texture": "#1"},
				"east": {"uv": [6.25, 6.25, 6.75, 6.375], "texture": "#1"},
				"south": {"uv": [10, 2.75, 10.125, 2.875], "texture": "#1"},
				"west": {"uv": [0, 6.5, 0.5, 6.625], "texture": "#1"},
				"up": {"uv": [6.625, 0.5, 6.5, 0], "texture": "#1"},
				"down": {"uv": [0.625, 6.5, 0.5, 7], "texture": "#1"}
			}
		},
		{
			"from": [13.5, 7.55, 6],
			"to": [14.6, 8.65, 10],
			"rotation": {"angle": 0, "axis": "y", "origin": [8, 31.85, 8]},
			"faces": {
				"north": {"uv": [3, 10, 3.125, 10.125], "texture": "#1"},
				"east": {"uv": [6.5, 0.5, 7, 0.625], "texture": "#1"},
				"south": {"uv": [10, 3, 10.125, 3.125], "texture": "#1"},
				"west": {"uv": [0.75, 6.5, 1.25, 6.625], "texture": "#1"},
				"up": {"uv": [6.625, 1.25, 6.5, 0.75], "texture": "#1"},
				"down": {"uv": [1.375, 6.5, 1.25, 7], "texture": "#1"}
			}
		},
		{
			"from": [10.2, 7.55, 12],
			"to": [12.4, 8.65, 13],
			"rotation": {"angle": 0, "axis": "y", "origin": [8, 31.85, 8]},
			"faces": {
				"north": {"uv": [3.25, 8.5, 3.5, 8.625], "texture": "#1"},
				"east": {"uv": [3.25, 10, 3.375, 10.125], "texture": "#1"},
				"south": {"uv": [8.5, 3.25, 8.75, 3.375], "texture": "#1"},
				"west": {"uv": [10, 3.25, 10.125, 3.375], "texture": "#1"},
				"up": {"uv": [3.75, 8.625, 3.5, 8.5], "texture": "#1"},
				"down": {"uv": [8.75, 3.5, 8.5, 3.625], "texture": "#1"}
			}
		},
		{
			"from": [3.6, 7.55, 12],
			"to": [5.8, 8.65, 13],
			"rotation": {"angle": 0, "axis": "y", "origin": [8, 31.85, 8]},
			"faces": {
				"north": {"uv": [3.75, 8.5, 4, 8.625], "texture": "#1"},
				"east": {"uv": [3.5, 10, 3.625, 10.125], "texture": "#1"},
				"south": {"uv": [8.5, 3.75, 8.75, 3.875], "texture": "#1"},
				"west": {"uv": [10, 3.5, 10.125, 3.625], "texture": "#1"},
				"up": {"uv": [4.25, 8.625, 4, 8.5], "texture": "#1"},
				"down": {"uv": [8.75, 4, 8.5, 4.125], "texture": "#1"}
			}
		},
		{
			"from": [10.2, 7.55, 3],
			"to": [12.4, 8.65, 4],
			"rotation": {"angle": 0, "axis": "y", "origin": [8, 31.85, 8]},
			"faces": {
				"north": {"uv": [4.25, 8.5, 4.5, 8.625], "texture": "#1"},
				"east": {"uv": [3.75, 10, 3.875, 10.125], "texture": "#1"},
				"south": {"uv": [8.5, 4.25, 8.75, 4.375], "texture": "#1"},
				"west": {"uv": [10, 3.75, 10.125, 3.875], "texture": "#1"},
				"up": {"uv": [4.75, 8.625, 4.5, 8.5], "texture": "#1"},
				"down": {"uv": [8.75, 4.5, 8.5, 4.625], "texture": "#1"}
			}
		},
		{
			"from": [3.6, 7.55, 3],
			"to": [5.8, 8.65, 4],
			"rotation": {"angle": 0, "axis": "y", "origin": [8, 31.85, 8]},
			"faces": {
				"north": {"uv": [4.75, 8.5, 5, 8.625], "texture": "#1"},
				"east": {"uv": [4, 10, 4.125, 10.125], "texture": "#1"},
				"south": {"uv": [8.5, 4.75, 8.75, 4.875], "texture": "#1"},
				"west": {"uv": [10, 4, 10.125, 4.125], "texture": "#1"},
				"up": {"uv": [5.25, 8.625, 5, 8.5], "texture": "#1"},
				"down": {"uv": [8.75, 5, 8.5, 5.125], "texture": "#1"}
			}
		},
		{
			"from": [12.4, 7.55, 4],
			"to": [13.5, 8.65, 6],
			"rotation": {"angle": 0, "axis": "y", "origin": [8, 31.85, 8]},
			"faces": {
				"north": {"uv": [4.25, 10, 4.375, 10.125], "texture": "#1"},
				"east": {"uv": [5.25, 8.5, 5.5, 8.625], "texture": "#1"},
				"south": {"uv": [10, 4.25, 10.125, 4.375], "texture": "#1"},
				"west": {"uv": [8.5, 5.25, 8.75, 5.375], "texture": "#1"},
				"up": {"uv": [5.625, 8.75, 5.5, 8.5], "texture": "#1"},
				"down": {"uv": [8.625, 5.5, 8.5, 5.75], "texture": "#1"}
			}
		},
		{
			"from": [12.4, 7.55, 10],
			"to": [13.5, 8.65, 12],
			"rotation": {"angle": 0, "axis": "y", "origin": [8, 31.85, 8]},
			"faces": {
				"north": {"uv": [4.5, 10, 4.625, 10.125], "texture": "#1"},
				"east": {"uv": [5.75, 8.5, 6, 8.625], "texture": "#1"},
				"south": {"uv": [10, 4.5, 10.125, 4.625], "texture": "#1"},
				"west": {"uv": [8.5, 5.75, 8.75, 5.875], "texture": "#1"},
				"up": {"uv": [6.125, 8.75, 6, 8.5], "texture": "#1"},
				"down": {"uv": [8.625, 6, 8.5, 6.25], "texture": "#1"}
			}
		},
		{
			"from": [2.5, 7.55, 4],
			"to": [3.6, 8.65, 6],
			"rotation": {"angle": 0, "axis": "y", "origin": [8, 31.85, 8]},
			"faces": {
				"north": {"uv": [4.75, 10, 4.875, 10.125], "texture": "#1"},
				"east": {"uv": [6.25, 8.5, 6.5, 8.625], "texture": "#1"},
				"south": {"uv": [10, 4.75, 10.125, 4.875], "texture": "#1"},
				"west": {"uv": [8.5, 6.25, 8.75, 6.375], "texture": "#1"},
				"up": {"uv": [6.625, 8.75, 6.5, 8.5], "texture": "#1"},
				"down": {"uv": [8.625, 6.5, 8.5, 6.75], "texture": "#1"}
			}
		},
		{
			"from": [2.5, 7.55, 10],
			"to": [3.6, 8.65, 12],
			"rotation": {"angle": 0, "axis": "y", "origin": [8, 31.85, 8]},
			"faces": {
				"north": {"uv": [5, 10, 5.125, 10.125], "texture": "#1"},
				"east": {"uv": [6.75, 8.5, 7, 8.625], "texture": "#1"},
				"south": {"uv": [10, 5, 10.125, 5.125], "texture": "#1"},
				"west": {"uv": [8.5, 6.75, 8.75, 6.875], "texture": "#1"},
				"up": {"uv": [7.125, 8.75, 7, 8.5], "texture": "#1"},
				"down": {"uv": [8.625, 7, 8.5, 7.25], "texture": "#1"}
			}
		},
		{
			"from": [10.2, 8.65, 3],
			"to": [12.4, 9.75, 4],
			"rotation": {"angle": 0, "axis": "y", "origin": [8, 31.85, 8]},
			"faces": {
				"north": {"uv": [7.25, 8.5, 7.5, 8.625], "texture": "#1"},
				"east": {"uv": [5.25, 10, 5.375, 10.125], "texture": "#1"},
				"south": {"uv": [8.5, 7.25, 8.75, 7.375], "texture": "#1"},
				"west": {"uv": [10, 5.25, 10.125, 5.375], "texture": "#1"},
				"up": {"uv": [7.75, 8.625, 7.5, 8.5], "texture": "#1"},
				"down": {"uv": [8.75, 7.5, 8.5, 7.625], "texture": "#1"}
			}
		},
		{
			"from": [13.5, 8.65, 6],
			"to": [14.6, 9.75, 10],
			"rotation": {"angle": 0, "axis": "y", "origin": [8, 31.85, 8]},
			"faces": {
				"north": {"uv": [5.5, 10, 5.625, 10.125], "texture": "#1"},
				"east": {"uv": [6.5, 1.25, 7, 1.375], "texture": "#1"},
				"south": {"uv": [10, 5.5, 10.125, 5.625], "texture": "#1"},
				"west": {"uv": [1.5, 6.5, 2, 6.625], "texture": "#1"},
				"up": {"uv": [2.125, 7, 2, 6.5], "texture": "#1"},
				"down": {"uv": [2.375, 6.5, 2.25, 7], "texture": "#1"}
			}
		},
		{
			"from": [10.2, 8.65, 12],
			"to": [12.4, 9.75, 13],
			"rotation": {"angle": 0, "axis": "y", "origin": [8, 31.85, 8]},
			"faces": {
				"north": {"uv": [7.75, 8.5, 8, 8.625], "texture": "#1"},
				"east": {"uv": [5.75, 10, 5.875, 10.125], "texture": "#1"},
				"south": {"uv": [8.5, 7.75, 8.75, 7.875], "texture": "#1"},
				"west": {"uv": [10, 5.75, 10.125, 5.875], "texture": "#1"},
				"up": {"uv": [8.25, 8.625, 8, 8.5], "texture": "#1"},
				"down": {"uv": [8.75, 8, 8.5, 8.125], "texture": "#1"}
			}
		},
		{
			"from": [5.8, 8.65, 13],
			"to": [10.2, 9.75, 14],
			"rotation": {"angle": 0, "axis": "y", "origin": [8, 31.85, 8]},
			"faces": {
				"north": {"uv": [2.5, 6.5, 3, 6.625], "texture": "#1"},
				"east": {"uv": [6, 10, 6.125, 10.125], "texture": "#1"},
				"south": {"uv": [6.5, 2.75, 7, 2.875], "texture": "#1"},
				"west": {"uv": [10, 6, 10.125, 6.125], "texture": "#1"},
				"up": {"uv": [7, 3.125, 6.5, 3], "texture": "#1"},
				"down": {"uv": [7, 3.25, 6.5, 3.375], "texture": "#1"}
			}
		},
		{
			"from": [3.6, 8.65, 12],
			"to": [5.8, 9.75, 13],
			"rotation": {"angle": 0, "axis": "y", "origin": [8, 31.85, 8]},
			"faces": {
				"north": {"uv": [8.25, 8.5, 8.5, 8.625], "texture": "#1"},
				"east": {"uv": [6.25, 10, 6.375, 10.125], "texture": "#1"},
				"south": {"uv": [8.5, 8.25, 8.75, 8.375], "texture": "#1"},
				"west": {"uv": [10, 6.25, 10.125, 6.375], "texture": "#1"},
				"up": {"uv": [8.75, 8.625, 8.5, 8.5], "texture": "#1"},
				"down": {"uv": [0.25, 8.75, 0, 8.875], "texture": "#1"}
			}
		},
		{
			"from": [1.4, 8.65, 6],
			"to": [2.5, 9.75, 10],
			"rotation": {"angle": 0, "axis": "y", "origin": [8, 31.85, 8]},
			"faces": {
				"north": {"uv": [6.5, 10, 6.625, 10.125], "texture": "#1"},
				"east": {"uv": [3.5, 6.5, 4, 6.625], "texture": "#1"},
				"south": {"uv": [10, 6.5, 10.125, 6.625], "texture": "#1"},
				"west": {"uv": [6.5, 3.5, 7, 3.625], "texture": "#1"},
				"up": {"uv": [6.625, 4.25, 6.5, 3.75], "texture": "#1"},
				"down": {"uv": [4.125, 6.5, 4, 7], "texture": "#1"}
			}
		},
		{
			"from": [5.8, 8.65, 2],
			"to": [10.2, 9.75, 3],
			"rotation": {"angle": 0, "axis": "y", "origin": [8, 31.85, 8]},
			"faces": {
				"north": {"uv": [6.5, 4.25, 7, 4.375], "texture": "#1"},
				"east": {"uv": [6.75, 10, 6.875, 10.125], "texture": "#1"},
				"south": {"uv": [6.5, 4.5, 7, 4.625], "texture": "#1"},
				"west": {"uv": [10, 6.75, 10.125, 6.875], "texture": "#1"},
				"up": {"uv": [5.25, 6.625, 4.75, 6.5], "texture": "#1"},
				"down": {"uv": [7, 4.75, 6.5, 4.875], "texture": "#1"}
			}
		},
		{
			"from": [3.6, 8.65, 3],
			"to": [5.8, 9.75, 4],
			"rotation": {"angle": 0, "axis": "y", "origin": [8, 31.85, 8]},
			"faces": {
				"north": {"uv": [8.75, 0, 9, 0.125], "texture": "#1"},
				"east": {"uv": [7, 10, 7.125, 10.125], "texture": "#1"},
				"south": {"uv": [0.25, 8.75, 0.5, 8.875], "texture": "#1"},
				"west": {"uv": [10, 7, 10.125, 7.125], "texture": "#1"},
				"up": {"uv": [9, 0.375, 8.75, 0.25], "texture": "#1"},
				"down": {"uv": [0.75, 8.75, 0.5, 8.875], "texture": "#1"}
			}
		},
		{
			"from": [12.4, 8.65, 4],
			"to": [13.5, 9.75, 6],
			"rotation": {"angle": 0, "axis": "y", "origin": [8, 31.85, 8]},
			"faces": {
				"north": {"uv": [7.25, 10, 7.375, 10.125], "texture": "#1"},
				"east": {"uv": [8.75, 0.5, 9, 0.625], "texture": "#1"},
				"south": {"uv": [10, 7.25, 10.125, 7.375], "texture": "#1"},
				"west": {"uv": [0.75, 8.75, 1, 8.875], "texture": "#1"},
				"up": {"uv": [8.875, 1, 8.75, 0.75], "texture": "#1"},
				"down": {"uv": [1.125, 8.75, 1, 9], "texture": "#1"}
			}
		},
		{
			"from": [12.4, 8.65, 10],
			"to": [13.5, 9.75, 12],
			"rotation": {"angle": 0, "axis": "y", "origin": [8, 31.85, 8]},
			"faces": {
				"north": {"uv": [7.5, 10, 7.625, 10.125], "texture": "#1"},
				"east": {"uv": [8.75, 1, 9, 1.125], "texture": "#1"},
				"south": {"uv": [10, 7.5, 10.125, 7.625], "texture": "#1"},
				"west": {"uv": [1.25, 8.75, 1.5, 8.875], "texture": "#1"},
				"up": {"uv": [8.875, 1.5, 8.75, 1.25], "texture": "#1"},
				"down": {"uv": [1.625, 8.75, 1.5, 9], "texture": "#1"}
			}
		},
		{
			"from": [2.5, 8.65, 4],
			"to": [3.6, 9.75, 6],
			"rotation": {"angle": 0, "axis": "y", "origin": [8, 31.85, 8]},
			"faces": {
				"north": {"uv": [7.75, 10, 7.875, 10.125], "texture": "#1"},
				"east": {"uv": [8.75, 1.5, 9, 1.625], "texture": "#1"},
				"south": {"uv": [10, 7.75, 10.125, 7.875], "texture": "#1"},
				"west": {"uv": [1.75, 8.75, 2, 8.875], "texture": "#1"},
				"up": {"uv": [8.875, 2, 8.75, 1.75], "texture": "#1"},
				"down": {"uv": [2.125, 8.75, 2, 9], "texture": "#1"}
			}
		},
		{
			"from": [2.5, 8.65, 10],
			"to": [3.6, 9.75, 12],
			"rotation": {"angle": 0, "axis": "y", "origin": [8, 31.85, 8]},
			"faces": {
				"north": {"uv": [8, 10, 8.125, 10.125], "texture": "#1"},
				"east": {"uv": [8.75, 2, 9, 2.125], "texture": "#1"},
				"south": {"uv": [10, 8, 10.125, 8.125], "texture": "#1"},
				"west": {"uv": [2.25, 8.75, 2.5, 8.875], "texture": "#1"},
				"up": {"uv": [8.875, 2.5, 8.75, 2.25], "texture": "#1"},
				"down": {"uv": [2.625, 8.75, 2.5, 9], "texture": "#1"}
			}
		},
		{
			"from": [3.6, 9.75, 3],
			"to": [6.9, 10.85, 4],
			"rotation": {"angle": 0, "axis": "y", "origin": [8, 31.85, 8]},
			"faces": {
				"north": {"uv": [7.75, 0, 8.125, 0.125], "texture": "#1"},
				"east": {"uv": [8.25, 10, 8.375, 10.125], "texture": "#1"},
				"south": {"uv": [0.75, 7.75, 1.125, 7.875], "texture": "#1"},
				"west": {"uv": [10, 8.25, 10.125, 8.375], "texture": "#1"},
				"up": {"uv": [8.125, 1.125, 7.75, 1], "texture": "#1"},
				"down": {"uv": [1.625, 7.75, 1.25, 7.875], "texture": "#1"}
			}
		},
		{
			"from": [6.9, 9.75, 2],
			"to": [9.1, 10.85, 3],
			"rotation": {"angle": 0, "axis": "y", "origin": [8, 31.85, 8]},
			"faces": {
				"north": {"uv": [8.75, 2.5, 9, 2.625], "texture": "#1"},
				"east": {"uv": [8.5, 10, 8.625, 10.125], "texture": "#1"},
				"south": {"uv": [2.75, 8.75, 3, 8.875], "texture": "#1"},
				"west": {"uv": [10, 8.5, 10.125, 8.625], "texture": "#1"},
				"up": {"uv": [9, 2.875, 8.75, 2.75], "texture": "#1"},
				"down": {"uv": [3.25, 8.75, 3, 8.875], "texture": "#1"}
			}
		},
		{
			"from": [9.1, 9.75, 3],
			"to": [12.4, 10.85, 4],
			"rotation": {"angle": 0, "axis": "y", "origin": [8, 31.85, 8]},
			"faces": {
				"north": {"uv": [7.75, 1.5, 8.125, 1.625], "texture": "#1"},
				"east": {"uv": [8.75, 10, 8.875, 10.125], "texture": "#1"},
				"south": {"uv": [1.75, 7.75, 2.125, 7.875], "texture": "#1"},
				"west": {"uv": [10, 8.75, 10.125, 8.875], "texture": "#1"},
				"up": {"uv": [8.125, 1.875, 7.75, 1.75], "texture": "#1"},
				"down": {"uv": [2.625, 7.75, 2.25, 7.875], "texture": "#1"}
			}
		},
		{
			"from": [12.4, 9.75, 4],
			"to": [13.5, 10.85, 7],
			"rotation": {"angle": 0, "axis": "y", "origin": [8, 31.85, 8]},
			"faces": {
				"north": {"uv": [9, 10, 9.125, 10.125], "texture": "#1"},
				"east": {"uv": [7.75, 2.25, 8.125, 2.375], "texture": "#1"},
				"south": {"uv": [10, 9, 10.125, 9.125], "texture": "#1"},
				"west": {"uv": [7.75, 2.5, 8.125, 2.625], "texture": "#1"},
				"up": {"uv": [2.875, 8.125, 2.75, 7.75], "texture": "#1"},
				"down": {"uv": [3.125, 7.75, 3, 8.125], "texture": "#1"}
			}
		},
		{
			"from": [13.5, 9.75, 7],
			"to": [14.6, 10.85, 9],
			"rotation": {"angle": 0, "axis": "y", "origin": [8, 31.85, 8]},
			"faces": {
				"north": {"uv": [9.25, 10, 9.375, 10.125], "texture": "#1"},
				"east": {"uv": [8.75, 3, 9, 3.125], "texture": "#1"},
				"south": {"uv": [10, 9.25, 10.125, 9.375], "texture": "#1"},
				"west": {"uv": [3.25, 8.75, 3.5, 8.875], "texture": "#1"},
				"up": {"uv": [8.875, 3.5, 8.75, 3.25], "texture": "#1"},
				"down": {"uv": [3.625, 8.75, 3.5, 9], "texture": "#1"}
			}
		},
		{
			"from": [12.4, 9.75, 9],
			"to": [13.5, 10.85, 12],
			"rotation": {"angle": 0, "axis": "y", "origin": [8, 31.85, 8]},
			"faces": {
				"north": {"uv": [9.5, 10, 9.625, 10.125], "texture": "#1"},
				"east": {"uv": [3.25, 7.75, 3.625, 7.875], "texture": "#1"},
				"south": {"uv": [10, 9.5, 10.125, 9.625], "texture": "#1"},
				"west": {"uv": [3.75, 7.75, 4.125, 7.875], "texture": "#1"},
				"up": {"uv": [7.875, 4.375, 7.75, 4], "texture": "#1"},
				"down": {"uv": [4.375, 7.75, 4.25, 8.125], "texture": "#1"}
			}
		},
		{
			"from": [9.1, 9.75, 12],
			"to": [12.4, 10.85, 13],
			"rotation": {"angle": 0, "axis": "y", "origin": [8, 31.85, 8]},
			"faces": {
				"north": {"uv": [4.5, 7.75, 4.875, 7.875], "texture": "#1"},
				"east": {"uv": [9.75, 10, 9.875, 10.125], "texture": "#1"},
				"south": {"uv": [5, 7.75, 5.375, 7.875], "texture": "#1"},
				"west": {"uv": [10, 9.75, 10.125, 9.875], "texture": "#1"},
				"up": {"uv": [8.125, 5.375, 7.75, 5.25], "texture": "#1"},
				"down": {"uv": [8.125, 5.5, 7.75, 5.625], "texture": "#1"}
			}
		},
		{
			"from": [6.9, 9.75, 13],
			"to": [9.1, 10.85, 14],
			"rotation": {"angle": 0, "axis": "y", "origin": [8, 31.85, 8]},
			"faces": {
				"north": {"uv": [8.75, 3.5, 9, 3.625], "texture": "#1"},
				"east": {"uv": [10, 10, 10.125, 10.125], "texture": "#1"},
				"south": {"uv": [3.75, 8.75, 4, 8.875], "texture": "#1"},
				"west": {"uv": [0, 10.25, 0.125, 10.375], "texture": "#1"},
				"up": {"uv": [9, 3.875, 8.75, 3.75], "texture": "#1"},
				"down": {"uv": [4.25, 8.75, 4, 8.875], "texture": "#1"}
			}
		},
		{
			"from": [3.6, 9.75, 12],
			"to": [6.9, 10.85, 13],
			"rotation": {"angle": 0, "axis": "y", "origin": [8, 31.85, 8]},
			"faces": {
				"north": {"uv": [5.75, 7.75, 6.125, 7.875], "texture": "#1"},
				"east": {"uv": [10.25, 0, 10.375, 0.125], "texture": "#1"},
				"south": {"uv": [7.75, 6, 8.125, 6.125], "texture": "#1"},
				"west": {"uv": [0.25, 10.25, 0.375, 10.375], "texture": "#1"},
				"up": {"uv": [8.125, 6.375, 7.75, 6.25], "texture": "#1"},
				"down": {"uv": [8.125, 6.5, 7.75, 6.625], "texture": "#1"}
			}
		},
		{
			"from": [2.5, 9.75, 9],
			"to": [3.6, 10.85, 12],
			"rotation": {"angle": 0, "axis": "y", "origin": [8, 31.85, 8]},
			"faces": {
				"north": {"uv": [10.25, 0.25, 10.375, 0.375], "texture": "#1"},
				"east": {"uv": [6.75, 7.75, 7.125, 7.875], "texture": "#1"},
				"south": {"uv": [0.5, 10.25, 0.625, 10.375], "texture": "#1"},
				"west": {"uv": [7.75, 7.25, 8.125, 7.375], "texture": "#1"},
				"up": {"uv": [7.875, 7.875, 7.75, 7.5], "texture": "#1"},
				"down": {"uv": [0.125, 8, 0, 8.375], "texture": "#1"}
			}
		},
		{
			"from": [1.4, 9.75, 7],
			"to": [2.5, 10.85, 9],
			"rotation": {"angle": 0, "axis": "y", "origin": [8, 31.85, 8]},
			"faces": {
				"north": {"uv": [10.25, 0.5, 10.375, 0.625], "texture": "#1"},
				"east": {"uv": [8.75, 4, 9, 4.125], "texture": "#1"},
				"south": {"uv": [0.75, 10.25, 0.875, 10.375], "texture": "#1"},
				"west": {"uv": [4.25, 8.75, 4.5, 8.875], "texture": "#1"},
				"up": {"uv": [8.875, 4.5, 8.75, 4.25], "texture": "#1"},
				"down": {"uv": [4.625, 8.75, 4.5, 9], "texture": "#1"}
			}
		},
		{
			"from": [2.5, 9.75, 4],
			"to": [3.6, 10.85, 7],
			"rotation": {"angle": 0, "axis": "y", "origin": [8, 31.85, 8]},
			"faces": {
				"north": {"uv": [10.25, 0.75, 10.375, 0.875], "texture": "#1"},
				"east": {"uv": [8, 0.25, 8.375, 0.375], "texture": "#1"},
				"south": {"uv": [1, 10.25, 1.125, 10.375], "texture": "#1"},
				"west": {"uv": [8, 0.5, 8.375, 0.625], "texture": "#1"},
				"up": {"uv": [0.375, 8.375, 0.25, 8], "texture": "#1"},
				"down": {"uv": [0.875, 8, 0.75, 8.375], "texture": "#1"}
			}
		},
		{
			"from": [3.6, 10.85, 11],
			"to": [4.7, 11.95, 12],
			"rotation": {"angle": 0, "axis": "y", "origin": [8, 31.85, 8]},
			"faces": {
				"north": {"uv": [10.25, 1, 10.375, 1.125], "texture": "#1"},
				"east": {"uv": [1.25, 10.25, 1.375, 10.375], "texture": "#1"},
				"south": {"uv": [10.25, 1.25, 10.375, 1.375], "texture": "#1"},
				"west": {"uv": [1.5, 10.25, 1.625, 10.375], "texture": "#1"},
				"up": {"uv": [10.375, 1.625, 10.25, 1.5], "texture": "#1"},
				"down": {"uv": [1.875, 10.25, 1.75, 10.375], "texture": "#1"}
			}
		},
		{
			"from": [4.7, 10.85, 12],
			"to": [11.3, 11.95, 13],
			"rotation": {"angle": 0, "axis": "y", "origin": [8, 31.85, 8]},
			"faces": {
				"north": {"uv": [5.25, 4, 6, 4.125], "texture": "#1"},
				"east": {"uv": [10.25, 1.75, 10.375, 1.875], "texture": "#1"},
				"south": {"uv": [5.25, 4.25, 6, 4.375], "texture": "#1"},
				"west": {"uv": [2, 10.25, 2.125, 10.375], "texture": "#1"},
				"up": {"uv": [6, 4.625, 5.25, 4.5], "texture": "#1"},
				"down": {"uv": [6, 4.75, 5.25, 4.875], "texture": "#1"}
			}
		},
		{
			"from": [11.3, 10.85, 11],
			"to": [12.4, 11.95, 12],
			"rotation": {"angle": 0, "axis": "y", "origin": [8, 31.85, 8]},
			"faces": {
				"north": {"uv": [10.25, 2, 10.375, 2.125], "texture": "#1"},
				"east": {"uv": [2.25, 10.25, 2.375, 10.375], "texture": "#1"},
				"south": {"uv": [10.25, 2.25, 10.375, 2.375], "texture": "#1"},
				"west": {"uv": [2.5, 10.25, 2.625, 10.375], "texture": "#1"},
				"up": {"uv": [10.375, 2.625, 10.25, 2.5], "texture": "#1"},
				"down": {"uv": [2.875, 10.25, 2.75, 10.375], "texture": "#1"}
			}
		},
		{
			"from": [12.4, 10.85, 5],
			"to": [13.5, 11.95, 11],
			"rotation": {"angle": 0, "axis": "y", "origin": [8, 31.85, 8]},
			"faces": {
				"north": {"uv": [10.25, 2.75, 10.375, 2.875], "texture": "#1"},
				"east": {"uv": [5.25, 5, 6, 5.125], "texture": "#1"},
				"south": {"uv": [3, 10.25, 3.125, 10.375], "texture": "#1"},
				"west": {"uv": [5.25, 5.25, 6, 5.375], "texture": "#1"},
				"up": {"uv": [4.875, 6, 4.75, 5.25], "texture": "#1"},
				"down": {"uv": [0.125, 5.5, 0, 6.25], "texture": "#1"}
			}
		},
		{
			"from": [11.3, 10.85, 4],
			"to": [12.4, 11.95, 5],
			"rotation": {"angle": 0, "axis": "y", "origin": [8, 31.85, 8]},
			"faces": {
				"north": {"uv": [10.25, 3, 10.375, 3.125], "texture": "#1"},
				"east": {"uv": [3.25, 10.25, 3.375, 10.375], "texture": "#1"},
				"south": {"uv": [10.25, 3.25, 10.375, 3.375], "texture": "#1"},
				"west": {"uv": [3.5, 10.25, 3.625, 10.375], "texture": "#1"},
				"up": {"uv": [10.375, 3.625, 10.25, 3.5], "texture": "#1"},
				"down": {"uv": [3.875, 10.25, 3.75, 10.375], "texture": "#1"}
			}
		},
		{
			"from": [4.7, 10.85, 3],
			"to": [11.3, 11.95, 4],
			"rotation": {"angle": 0, "axis": "y", "origin": [8, 31.85, 8]},
			"faces": {
				"north": {"uv": [5.5, 0, 6.25, 0.125], "texture": "#1"},
				"east": {"uv": [10.25, 3.75, 10.375, 3.875], "texture": "#1"},
				"south": {"uv": [0.25, 5.5, 1, 5.625], "texture": "#1"},
				"west": {"uv": [4, 10.25, 4.125, 10.375], "texture": "#1"},
				"up": {"uv": [6.25, 0.375, 5.5, 0.25], "texture": "#1"},
				"down": {"uv": [1.75, 5.5, 1, 5.625], "texture": "#1"}
			}
		},
		{
			"from": [3.6, 10.85, 4],
			"to": [4.7, 11.95, 5],
			"rotation": {"angle": 0, "axis": "y", "origin": [8, 31.85, 8]},
			"faces": {
				"north": {"uv": [10.25, 4, 10.375, 4.125], "texture": "#1"},
				"east": {"uv": [4.25, 10.25, 4.375, 10.375], "texture": "#1"},
				"south": {"uv": [10.25, 4.25, 10.375, 4.375], "texture": "#1"},
				"west": {"uv": [4.5, 10.25, 4.625, 10.375], "texture": "#1"},
				"up": {"uv": [10.375, 4.625, 10.25, 4.5], "texture": "#1"},
				"down": {"uv": [4.875, 10.25, 4.75, 10.375], "texture": "#1"}
			}
		},
		{
			"from": [2.5, 10.85, 5],
			"to": [3.6, 11.95, 11],
			"rotation": {"angle": 0, "axis": "y", "origin": [8, 31.85, 8]},
			"faces": {
				"north": {"uv": [10.25, 4.75, 10.375, 4.875], "texture": "#1"},
				"east": {"uv": [5.5, 1.5, 6.25, 1.625], "texture": "#1"},
				"south": {"uv": [5, 10.25, 5.125, 10.375], "texture": "#1"},
				"west": {"uv": [5.5, 1.75, 6.25, 1.875], "texture": "#1"},
				"up": {"uv": [1.875, 6.25, 1.75, 5.5], "texture": "#1"},
				"down": {"uv": [5.625, 2, 5.5, 2.75], "texture": "#1"}
			}
		},
		{
			"from": [11.3, 11.95, 5],
			"to": [12.4, 13.05, 6],
			"rotation": {"angle": 0, "axis": "y", "origin": [8, 31.85, 8]},
			"faces": {
				"north": {"uv": [10.25, 5, 10.375, 5.125], "texture": "#1"},
				"east": {"uv": [5.25, 10.25, 5.375, 10.375], "texture": "#1"},
				"south": {"uv": [10.25, 5.25, 10.375, 5.375], "texture": "#1"},
				"west": {"uv": [5.5, 10.25, 5.625, 10.375], "texture": "#1"},
				"up": {"uv": [10.375, 5.625, 10.25, 5.5], "texture": "#1"},
				"down": {"uv": [5.875, 10.25, 5.75, 10.375], "texture": "#1"}
			}
		},
		{
			"from": [10.2, 11.95, 4],
			"to": [11.3, 13.05, 5],
			"rotation": {"angle": 0, "axis": "y", "origin": [8, 31.85, 8]},
			"faces": {
				"north": {"uv": [10.25, 5.75, 10.375, 5.875], "texture": "#1"},
				"east": {"uv": [6, 10.25, 6.125, 10.375], "texture": "#1"},
				"south": {"uv": [10.25, 6, 10.375, 6.125], "texture": "#1"},
				"west": {"uv": [6.25, 10.25, 6.375, 10.375], "texture": "#1"},
				"up": {"uv": [10.375, 6.375, 10.25, 6.25], "texture": "#1"},
				"down": {"uv": [6.625, 10.25, 6.5, 10.375], "texture": "#1"}
			}
		},
		{
			"from": [5.8, 11.95, 3],
			"to": [10.2, 13.05, 4],
			"rotation": {"angle": 0, "axis": "y", "origin": [8, 31.85, 8]},
			"faces": {
				"north": {"uv": [5.25, 6.5, 5.75, 6.625], "texture": "#1"},
				"east": {"uv": [10.25, 6.5, 10.375, 6.625], "texture": "#1"},
				"south": {"uv": [5.75, 6.5, 6.25, 6.625], "texture": "#1"},
				"west": {"uv": [6.75, 10.25, 6.875, 10.375], "texture": "#1"},
				"up": {"uv": [6.75, 6.625, 6.25, 6.5], "texture": "#1"},
				"down": {"uv": [0.5, 6.75, 0, 6.875], "texture": "#1"}
			}
		},
		{
			"from": [3.6, 11.95, 5],
			"to": [4.7, 13.05, 6],
			"rotation": {"angle": 0, "axis": "y", "origin": [8, 31.85, 8]},
			"faces": {
				"north": {"uv": [10.25, 6.75, 10.375, 6.875], "texture": "#1"},
				"east": {"uv": [7, 10.25, 7.125, 10.375], "texture": "#1"},
				"south": {"uv": [10.25, 7, 10.375, 7.125], "texture": "#1"},
				"west": {"uv": [7.25, 10.25, 7.375, 10.375], "texture": "#1"},
				"up": {"uv": [10.375, 7.375, 10.25, 7.25], "texture": "#1"},
				"down": {"uv": [7.625, 10.25, 7.5, 10.375], "texture": "#1"}
			}
		},
		{
			"from": [4.7, 11.95, 4],
			"to": [5.8, 13.05, 5],
			"rotation": {"angle": 0, "axis": "y", "origin": [8, 31.85, 8]},
			"faces": {
				"north": {"uv": [10.25, 7.5, 10.375, 7.625], "texture": "#1"},
				"east": {"uv": [7.75, 10.25, 7.875, 10.375], "texture": "#1"},
				"south": {"uv": [10.25, 7.75, 10.375, 7.875], "texture": "#1"},
				"west": {"uv": [8, 10.25, 8.125, 10.375], "texture": "#1"},
				"up": {"uv": [10.375, 8.125, 10.25, 8], "texture": "#1"},
				"down": {"uv": [8.375, 10.25, 8.25, 10.375], "texture": "#1"}
			}
		},
		{
			"from": [2.5, 11.95, 6],
			"to": [3.6, 13.05, 10],
			"rotation": {"angle": 0, "axis": "y", "origin": [8, 31.85, 8]},
			"faces": {
				"north": {"uv": [10.25, 8.25, 10.375, 8.375], "texture": "#1"},
				"east": {"uv": [6.75, 0, 7.25, 0.125], "texture": "#1"},
				"south": {"uv": [8.5, 10.25, 8.625, 10.375], "texture": "#1"},
				"west": {"uv": [6.75, 0.25, 7.25, 0.375], "texture": "#1"},
				"up": {"uv": [4.375, 7, 4.25, 6.5], "texture": "#1"},
				"down": {"uv": [0.875, 6.75, 0.75, 7.25], "texture": "#1"}
			}
		},
		{
			"from": [3.6, 11.95, 10],
			"to": [4.7, 13.05, 11],
			"rotation": {"angle": 0, "axis": "y", "origin": [8, 31.85, 8]},
			"faces": {
				"north": {"uv": [10.25, 8.5, 10.375, 8.625], "texture": "#1"},
				"east": {"uv": [8.75, 10.25, 8.875, 10.375], "texture": "#1"},
				"south": {"uv": [10.25, 8.75, 10.375, 8.875], "texture": "#1"},
				"west": {"uv": [9, 10.25, 9.125, 10.375], "texture": "#1"},
				"up": {"uv": [10.375, 9.125, 10.25, 9], "texture": "#1"},
				"down": {"uv": [9.375, 10.25, 9.25, 10.375], "texture": "#1"}
			}
		},
		{
			"from": [4.7, 11.95, 11],
			"to": [5.8, 13.05, 12],
			"rotation": {"angle": 0, "axis": "y", "origin": [8, 31.85, 8]},
			"faces": {
				"north": {"uv": [10.25, 9.25, 10.375, 9.375], "texture": "#1"},
				"east": {"uv": [9.5, 10.25, 9.625, 10.375], "texture": "#1"},
				"south": {"uv": [10.25, 9.5, 10.375, 9.625], "texture": "#1"},
				"west": {"uv": [9.75, 10.25, 9.875, 10.375], "texture": "#1"},
				"up": {"uv": [10.375, 9.875, 10.25, 9.75], "texture": "#1"},
				"down": {"uv": [10.125, 10.25, 10, 10.375], "texture": "#1"}
			}
		},
		{
			"from": [5.8, 11.95, 12],
			"to": [10.2, 13.05, 13],
			"rotation": {"angle": 0, "axis": "y", "origin": [8, 31.85, 8]},
			"faces": {
				"north": {"uv": [6.75, 0.75, 7.25, 0.875], "texture": "#1"},
				"east": {"uv": [10.25, 10, 10.375, 10.125], "texture": "#1"},
				"south": {"uv": [6.75, 1, 7.25, 1.125], "texture": "#1"},
				"west": {"uv": [10.25, 10.25, 10.375, 10.375], "texture": "#1"},
				"up": {"uv": [2, 6.875, 1.5, 6.75], "texture": "#1"},
				"down": {"uv": [7.25, 1.5, 6.75, 1.625], "texture": "#1"}
			}
		},
		{
			"from": [10.2, 11.95, 11],
			"to": [11.3, 13.05, 12],
			"rotation": {"angle": 0, "axis": "y", "origin": [8, 31.85, 8]},
			"faces": {
				"north": {"uv": [0, 10.5, 0.125, 10.625], "texture": "#1"},
				"east": {"uv": [10.5, 0, 10.625, 0.125], "texture": "#1"},
				"south": {"uv": [0.25, 10.5, 0.375, 10.625], "texture": "#1"},
				"west": {"uv": [10.5, 0.25, 10.625, 0.375], "texture": "#1"},
				"up": {"uv": [0.625, 10.625, 0.5, 10.5], "texture": "#1"},
				"down": {"uv": [10.625, 0.5, 10.5, 0.625], "texture": "#1"}
			}
		},
		{
			"from": [11.3, 11.95, 10],
			"to": [12.4, 13.05, 11],
			"rotation": {"angle": 0, "axis": "y", "origin": [8, 31.85, 8]},
			"faces": {
				"north": {"uv": [0.75, 10.5, 0.875, 10.625], "texture": "#1"},
				"east": {"uv": [10.5, 0.75, 10.625, 0.875], "texture": "#1"},
				"south": {"uv": [1, 10.5, 1.125, 10.625], "texture": "#1"},
				"west": {"uv": [10.5, 1, 10.625, 1.125], "texture": "#1"},
				"up": {"uv": [1.375, 10.625, 1.25, 10.5], "texture": "#1"},
				"down": {"uv": [10.625, 1.25, 10.5, 1.375], "texture": "#1"}
			}
		},
		{
			"from": [12.4, 11.95, 6],
			"to": [13.5, 13.05, 10],
			"rotation": {"angle": 0, "axis": "y", "origin": [8, 31.85, 8]},
			"faces": {
				"north": {"uv": [1.5, 10.5, 1.625, 10.625], "texture": "#1"},
				"east": {"uv": [6.75, 1.75, 7.25, 1.875], "texture": "#1"},
				"south": {"uv": [10.5, 1.5, 10.625, 1.625], "texture": "#1"},
				"west": {"uv": [6.75, 2, 7.25, 2.125], "texture": "#1"},
				"up": {"uv": [1.125, 7.25, 1, 6.75], "texture": "#1"},
				"down": {"uv": [6.875, 2.25, 6.75, 2.75], "texture": "#1"}
			}
		},
		{
			"from": [11.3, 13.05, 9],
			"to": [12.4, 14.15, 10],
			"rotation": {"angle": 0, "axis": "y", "origin": [8, 31.85, 8]},
			"faces": {
				"north": {"uv": [1.75, 10.5, 1.875, 10.625], "texture": "#1"},
				"east": {"uv": [10.5, 1.75, 10.625, 1.875], "texture": "#1"},
				"south": {"uv": [2, 10.5, 2.125, 10.625], "texture": "#1"},
				"west": {"uv": [10.5, 2, 10.625, 2.125], "texture": "#1"},
				"up": {"uv": [2.375, 10.625, 2.25, 10.5], "texture": "#1"},
				"down": {"uv": [10.625, 2.25, 10.5, 2.375], "texture": "#1"}
			}
		},
		{
			"from": [11.3, 13.05, 6],
			"to": [12.4, 14.15, 7],
			"rotation": {"angle": 0, "axis": "y", "origin": [8, 31.85, 8]},
			"faces": {
				"north": {"uv": [2.5, 10.5, 2.625, 10.625], "texture": "#1"},
				"east": {"uv": [10.5, 2.5, 10.625, 2.625], "texture": "#1"},
				"south": {"uv": [2.75, 10.5, 2.875, 10.625], "texture": "#1"},
				"west": {"uv": [10.5, 2.75, 10.625, 2.875], "texture": "#1"},
				"up": {"uv": [3.125, 10.625, 3, 10.5], "texture": "#1"},
				"down": {"uv": [10.625, 3, 10.5, 3.125], "texture": "#1"}
			}
		},
		{
			"from": [9.1, 13.05, 5],
			"to": [11.3, 14.15, 7],
			"rotation": {"angle": 0, "axis": "y", "origin": [8, 31.85, 8]},
			"faces": {
				"north": {"uv": [8.75, 4.5, 9, 4.625], "texture": "#1"},
				"east": {"uv": [4.75, 8.75, 5, 8.875], "texture": "#1"},
				"south": {"uv": [8.75, 4.75, 9, 4.875], "texture": "#1"},
				"west": {"uv": [5, 8.75, 5.25, 8.875], "texture": "#1"},
				"up": {"uv": [2.75, 7, 2.5, 6.75], "texture": "#1"},
				"down": {"uv": [3, 6.75, 2.75, 7], "texture": "#1"}
			}
		},
		{
			"from": [10.2, 13.05, 7],
			"to": [12.4, 14.15, 9],
			"rotation": {"angle": 0, "axis": "y", "origin": [8, 31.85, 8]},
			"faces": {
				"north": {"uv": [8.75, 5, 9, 5.125], "texture": "#1"},
				"east": {"uv": [5.25, 8.75, 5.5, 8.875], "texture": "#1"},
				"south": {"uv": [8.75, 5.25, 9, 5.375], "texture": "#1"},
				"west": {"uv": [5.5, 8.75, 5.75, 8.875], "texture": "#1"},
				"up": {"uv": [3.25, 7, 3, 6.75], "texture": "#1"},
				"down": {"uv": [3.5, 6.75, 3.25, 7], "texture": "#1"}
			}
		},
		{
			"from": [9.1, 13.05, 9],
			"to": [11.3, 14.15, 11],
			"rotation": {"angle": 0, "axis": "y", "origin": [8, 31.85, 8]},
			"faces": {
				"north": {"uv": [8.75, 5.5, 9, 5.625], "texture": "#1"},
				"east": {"uv": [5.75, 8.75, 6, 8.875], "texture": "#1"},
				"south": {"uv": [8.75, 5.75, 9, 5.875], "texture": "#1"},
				"west": {"uv": [6, 8.75, 6.25, 8.875], "texture": "#1"},
				"up": {"uv": [3.75, 7, 3.5, 6.75], "texture": "#1"},
				"down": {"uv": [4, 6.75, 3.75, 7], "texture": "#1"}
			}
		},
		{
			"from": [9.1, 13.05, 11],
			"to": [10.2, 14.15, 12],
			"rotation": {"angle": 0, "axis": "y", "origin": [8, 31.85, 8]},
			"faces": {
				"north": {"uv": [3.25, 10.5, 3.375, 10.625], "texture": "#1"},
				"east": {"uv": [10.5, 3.25, 10.625, 3.375], "texture": "#1"},
				"south": {"uv": [3.5, 10.5, 3.625, 10.625], "texture": "#1"},
				"west": {"uv": [10.5, 3.5, 10.625, 3.625], "texture": "#1"},
				"up": {"uv": [3.875, 10.625, 3.75, 10.5], "texture": "#1"},
				"down": {"uv": [10.625, 3.75, 10.5, 3.875], "texture": "#1"}
			}
		},
		{
			"from": [5.8, 13.05, 11],
			"to": [6.9, 14.15, 12],
			"rotation": {"angle": 0, "axis": "y", "origin": [8, 31.85, 8]},
			"faces": {
				"north": {"uv": [4, 10.5, 4.125, 10.625], "texture": "#1"},
				"east": {"uv": [10.5, 4, 10.625, 4.125], "texture": "#1"},
				"south": {"uv": [4.25, 10.5, 4.375, 10.625], "texture": "#1"},
				"west": {"uv": [10.5, 4.25, 10.625, 4.375], "texture": "#1"},
				"up": {"uv": [4.625, 10.625, 4.5, 10.5], "texture": "#1"},
				"down": {"uv": [10.625, 4.5, 10.5, 4.625], "texture": "#1"}
			}
		},
		{
			"from": [6.9, 13.05, 10],
			"to": [9.1, 14.15, 12],
			"rotation": {"angle": 0, "axis": "y", "origin": [8, 31.85, 8]},
			"faces": {
				"north": {"uv": [8.75, 6, 9, 6.125], "texture": "#1"},
				"east": {"uv": [6.25, 8.75, 6.5, 8.875], "texture": "#1"},
				"south": {"uv": [8.75, 6.25, 9, 6.375], "texture": "#1"},
				"west": {"uv": [6.5, 8.75, 6.75, 8.875], "texture": "#1"},
				"up": {"uv": [7, 4, 6.75, 3.75], "texture": "#1"},
				"down": {"uv": [7, 4, 6.75, 4.25], "texture": "#1"}
			}
		},
		{
			"from": [4.7, 13.05, 9],
			"to": [6.9, 14.15, 11],
			"rotation": {"angle": 0, "axis": "y", "origin": [8, 31.85, 8]},
			"faces": {
				"north": {"uv": [8.75, 6.5, 9, 6.625], "texture": "#1"},
				"east": {"uv": [6.75, 8.75, 7, 8.875], "texture": "#1"},
				"south": {"uv": [8.75, 6.75, 9, 6.875], "texture": "#1"},
				"west": {"uv": [7, 8.75, 7.25, 8.875], "texture": "#1"},
				"up": {"uv": [4.75, 7, 4.5, 6.75], "texture": "#1"},
				"down": {"uv": [5, 6.75, 4.75, 7], "texture": "#1"}
			}
		},
		{
			"from": [3.6, 13.05, 9],
			"to": [4.7, 14.15, 10],
			"rotation": {"angle": 0, "axis": "y", "origin": [8, 31.85, 8]},
			"faces": {
				"north": {"uv": [4.75, 10.5, 4.875, 10.625], "texture": "#1"},
				"east": {"uv": [10.5, 4.75, 10.625, 4.875], "texture": "#1"},
				"south": {"uv": [5, 10.5, 5.125, 10.625], "texture": "#1"},
				"west": {"uv": [10.5, 5, 10.625, 5.125], "texture": "#1"},
				"up": {"uv": [5.375, 10.625, 5.25, 10.5], "texture": "#1"},
				"down": {"uv": [10.625, 5.25, 10.5, 5.375], "texture": "#1"}
			}
		},
		{
			"from": [3.6, 13.05, 6],
			"to": [4.7, 14.15, 7],
			"rotation": {"angle": 0, "axis": "y", "origin": [8, 31.85, 8]},
			"faces": {
				"north": {"uv": [5.5, 10.5, 5.625, 10.625], "texture": "#1"},
				"east": {"uv": [10.5, 5.5, 10.625, 5.625], "texture": "#1"},
				"south": {"uv": [5.75, 10.5, 5.875, 10.625], "texture": "#1"},
				"west": {"uv": [10.5, 5.75, 10.625, 5.875], "texture": "#1"},
				"up": {"uv": [6.125, 10.625, 6, 10.5], "texture": "#1"},
				"down": {"uv": [10.625, 6, 10.5, 6.125], "texture": "#1"}
			}
		},
		{
			"from": [3.6, 13.05, 7],
			"to": [5.8, 14.15, 9],
			"rotation": {"angle": 0, "axis": "y", "origin": [8, 31.85, 8]},
			"faces": {
				"north": {"uv": [8.75, 7, 9, 7.125], "texture": "#1"},
				"east": {"uv": [7.25, 8.75, 7.5, 8.875], "texture": "#1"},
				"south": {"uv": [8.75, 7.25, 9, 7.375], "texture": "#1"},
				"west": {"uv": [7.5, 8.75, 7.75, 8.875], "texture": "#1"},
				"up": {"uv": [5.25, 7, 5, 6.75], "texture": "#1"},
				"down": {"uv": [7, 5, 6.75, 5.25], "texture": "#1"}
			}
		},
		{
			"from": [4.7, 13.05, 5],
			"to": [6.9, 14.15, 7],
			"rotation": {"angle": 0, "axis": "y", "origin": [8, 31.85, 8]},
			"faces": {
				"north": {"uv": [8.75, 7.5, 9, 7.625], "texture": "#1"},
				"east": {"uv": [7.75, 8.75, 8, 8.875], "texture": "#1"},
				"south": {"uv": [8.75, 7.75, 9, 7.875], "texture": "#1"},
				"west": {"uv": [8, 8.75, 8.25, 8.875], "texture": "#1"},
				"up": {"uv": [5.5, 7, 5.25, 6.75], "texture": "#1"},
				"down": {"uv": [7, 5.25, 6.75, 5.5], "texture": "#1"}
			}
		},
		{
			"from": [5.8, 13.05, 4],
			"to": [6.9, 14.15, 5],
			"rotation": {"angle": 0, "axis": "y", "origin": [8, 31.85, 8]},
			"faces": {
				"north": {"uv": [6.25, 10.5, 6.375, 10.625], "texture": "#1"},
				"east": {"uv": [10.5, 6.25, 10.625, 6.375], "texture": "#1"},
				"south": {"uv": [6.5, 10.5, 6.625, 10.625], "texture": "#1"},
				"west": {"uv": [10.5, 6.5, 10.625, 6.625], "texture": "#1"},
				"up": {"uv": [6.875, 10.625, 6.75, 10.5], "texture": "#1"},
				"down": {"uv": [10.625, 6.75, 10.5, 6.875], "texture": "#1"}
			}
		},
		{
			"from": [9.1, 13.05, 4],
			"to": [10.2, 14.15, 5],
			"rotation": {"angle": 0, "axis": "y", "origin": [8, 31.85, 8]},
			"faces": {
				"north": {"uv": [7, 10.5, 7.125, 10.625], "texture": "#1"},
				"east": {"uv": [10.5, 7, 10.625, 7.125], "texture": "#1"},
				"south": {"uv": [7.25, 10.5, 7.375, 10.625], "texture": "#1"},
				"west": {"uv": [10.5, 7.25, 10.625, 7.375], "texture": "#1"},
				"up": {"uv": [7.625, 10.625, 7.5, 10.5], "texture": "#1"},
				"down": {"uv": [10.625, 7.5, 10.5, 7.625], "texture": "#1"}
			}
		},
		{
			"from": [6.9, 13.05, 4],
			"to": [9.1, 14.15, 6],
			"rotation": {"angle": 0, "axis": "y", "origin": [8, 31.85, 8]},
			"faces": {
				"north": {"uv": [8.75, 8, 9, 8.125], "texture": "#1"},
				"east": {"uv": [8.25, 8.75, 8.5, 8.875], "texture": "#1"},
				"south": {"uv": [8.75, 8.25, 9, 8.375], "texture": "#1"},
				"west": {"uv": [8.5, 8.75, 8.75, 8.875], "texture": "#1"},
				"up": {"uv": [5.75, 7, 5.5, 6.75], "texture": "#1"},
				"down": {"uv": [7, 5.5, 6.75, 5.75], "texture": "#1"}
			}
		},
		{
			"from": [5.8, 14.15, 7],
			"to": [6.9, 15.25, 9],
			"rotation": {"angle": 0, "axis": "y", "origin": [8, 31.85, 8]},
			"faces": {
				"north": {"uv": [7.75, 10.5, 7.875, 10.625], "texture": "#1"},
				"east": {"uv": [8.75, 8.5, 9, 8.625], "texture": "#1"},
				"south": {"uv": [10.5, 7.75, 10.625, 7.875], "texture": "#1"},
				"west": {"uv": [8.75, 8.75, 9, 8.875], "texture": "#1"},
				"up": {"uv": [0.125, 9.25, 0, 9], "texture": "#1"},
				"down": {"uv": [9.125, 0, 9, 0.25], "texture": "#1"}
			}
		},
		{
			"from": [9.1, 14.15, 7],
			"to": [10.2, 15.25, 9],
			"rotation": {"angle": 0, "axis": "y", "origin": [8, 31.85, 8]},
			"faces": {
				"north": {"uv": [8, 10.5, 8.125, 10.625], "texture": "#1"},
				"east": {"uv": [0.25, 9, 0.5, 9.125], "texture": "#1"},
				"south": {"uv": [10.5, 8, 10.625, 8.125], "texture": "#1"},
				"west": {"uv": [9, 0.25, 9.25, 0.375], "texture": "#1"},
				"up": {"uv": [0.625, 9.25, 0.5, 9], "texture": "#1"},
				"down": {"uv": [9.125, 0.5, 9, 0.75], "texture": "#1"}
			}
		},
		{
			"from": [6.9, 14.15, 6],
			"to": [9.1, 15.25, 10],
			"rotation": {"angle": 0, "axis": "y", "origin": [8, 31.85, 8]},
			"faces": {
				"north": {"uv": [0.75, 9, 1, 9.125], "texture": "#1"},
				"east": {"uv": [5.75, 6.75, 6.25, 6.875], "texture": "#1"},
				"south": {"uv": [9, 0.75, 9.25, 0.875], "texture": "#1"},
				"west": {"uv": [6.75, 5.75, 7.25, 5.875], "texture": "#1"},
				"up": {"uv": [0.75, 4.5, 0.5, 4], "texture": "#1"},
				"down": {"uv": [1, 4, 0.75, 4.5], "texture": "#1"}
			}
		},
		{
			"from": [-2, 14.925, 4],
			"to": [18, 16.925, 12],
			"rotation": {"angle": 0, "axis": "y", "origin": [-8, -0.5, -8]},
			"faces": {
				"north": {"uv": [2.5, 1, 5, 1.25], "texture": "#1"},
				"east": {"uv": [3.5, 2.5, 4.5, 2.75], "texture": "#1"},
				"south": {"uv": [2.5, 1.25, 5, 1.5], "texture": "#1"},
				"west": {"uv": [3.5, 2.75, 4.5, 3], "texture": "#1"},
				"up": {"uv": [2.5, 1, 0, 0], "texture": "#1"},
				"down": {"uv": [2.5, 1, 0, 2], "texture": "#1"}
			}
		},
		{
			"from": [-2, 0, 4],
			"to": [18, 2, 12],
			"rotation": {"angle": 0, "axis": "y", "origin": [-8, -0.5, -8]},
			"faces": {
				"north": {"uv": [2.5, 1, 5, 1.25], "texture": "#1"},
				"east": {"uv": [3.5, 2.5, 4.5, 2.75], "texture": "#1"},
				"south": {"uv": [2.5, 1.25, 5, 1.5], "texture": "#1"},
				"west": {"uv": [3.5, 2.75, 4.5, 3], "texture": "#1"},
				"up": {"uv": [2.5, 1, 0, 0], "texture": "#1"},
				"down": {"uv": [2.5, 1, 0, 2], "texture": "#1"}
			}
		},
		{
			"from": [12.78, 20.8, 6.8],
			"to": [15.98, 21.2, 9.2],
			"rotation": {"angle": 0, "axis": "y", "origin": [16.62, 9.3, 18.8]},
			"faces": {
				"north": {"uv": [5, 8, 5.375, 8.125], "texture": "#1"},
				"east": {"uv": [9.25, 0.75, 9.5, 0.875], "texture": "#1"},
				"south": {"uv": [8, 5, 8.375, 5.125], "texture": "#1"},
				"west": {"uv": [1, 9.25, 1.25, 9.375], "texture": "#1"},
				"up": {"uv": [5.875, 6, 5.5, 5.75], "texture": "#1"},
				"down": {"uv": [6.125, 5.5, 5.75, 5.75], "texture": "#1"}
			}
		},
		{
			"from": [12.78, 16.8, 6.8],
			"to": [15.98, 17.2, 9.2],
			"rotation": {"angle": 0, "axis": "y", "origin": [16.62, 9.3, 18.8]},
			"faces": {
				"north": {"uv": [6, 8, 6.375, 8.125], "texture": "#1"},
				"east": {"uv": [9.25, 3.75, 9.5, 3.875], "texture": "#1"},
				"south": {"uv": [6.5, 8, 6.875, 8.125], "texture": "#1"},
				"west": {"uv": [4, 9.25, 4.25, 9.375], "texture": "#1"},
				"up": {"uv": [1.125, 6.25, 0.75, 6], "texture": "#1"},
				"down": {"uv": [6.375, 0.75, 6, 1], "texture": "#1"}
			}
		},
		{
			"from": [12.78, 18.8, 6.8],
			"to": [15.98, 19.2, 9.2],
			"rotation": {"angle": 0, "axis": "y", "origin": [16.62, 9.3, 18.8]},
			"faces": {
				"north": {"uv": [5.5, 8, 5.875, 8.125], "texture": "#1"},
				"east": {"uv": [9.25, 2.25, 9.5, 2.375], "texture": "#1"},
				"south": {"uv": [8, 5.75, 8.375, 5.875], "texture": "#1"},
				"west": {"uv": [2.5, 9.25, 2.75, 9.375], "texture": "#1"},
				"up": {"uv": [0.625, 6.25, 0.25, 6], "texture": "#1"},
				"down": {"uv": [6.375, 0.5, 6, 0.75], "texture": "#1"}
			}
		},
		{
			"from": [12.78, 17.6, 6.8],
			"to": [16.38, 18, 9.2],
			"rotation": {"angle": 0, "axis": "y", "origin": [16.62, 9.3, 18.8]},
			"faces": {
				"north": {"uv": [7, 6.75, 7.5, 6.875], "texture": "#1"},
				"east": {"uv": [9.25, 1, 9.5, 1.125], "texture": "#1"},
				"south": {"uv": [7, 7, 7.5, 7.125], "texture": "#1"},
				"west": {"uv": [1.25, 9.25, 1.5, 9.375], "texture": "#1"},
				"up": {"uv": [5, 3.25, 4.5, 3], "texture": "#1"},
				"down": {"uv": [4, 4.5, 3.5, 4.75], "texture": "#1"}
			}
		},
		{
			"from": [12.78, 17.2, 6.8],
			"to": [16.38, 17.6, 9.2],
			"rotation": {"angle": 0, "axis": "y", "origin": [16.62, 9.3, 18.8]},
			"faces": {
				"north": {"uv": [0, 7.25, 0.5, 7.375], "texture": "#1"},
				"east": {"uv": [9.25, 1.25, 9.5, 1.375], "texture": "#1"},
				"south": {"uv": [7.25, 0, 7.75, 0.125], "texture": "#1"},
				"west": {"uv": [1.5, 9.25, 1.75, 9.375], "texture": "#1"},
				"up": {"uv": [4.5, 4.75, 4, 4.5], "texture": "#1"},
				"down": {"uv": [5, 4.25, 4.5, 4.5], "texture": "#1"}
			}
		},
		{
			"from": [12.78, 20, 6.8],
			"to": [16.38, 20.4, 9.2],
			"rotation": {"angle": 0, "axis": "y", "origin": [16.62, 9.3, 18.8]},
			"faces": {
				"north": {"uv": [1.75, 7.25, 2.25, 7.375], "texture": "#1"},
				"east": {"uv": [9.25, 3, 9.5, 3.125], "texture": "#1"},
				"south": {"uv": [7.25, 1.75, 7.75, 1.875], "texture": "#1"},
				"west": {"uv": [3.25, 9.25, 3.5, 9.375], "texture": "#1"},
				"up": {"uv": [3.5, 5, 3, 4.75], "texture": "#1"},
				"down": {"uv": [5.25, 3.25, 4.75, 3.5], "texture": "#1"}
			}
		},
		{
			"from": [12.78, 20.4, 6.8],
			"to": [16.38, 20.8, 9.2],
			"rotation": {"angle": 0, "axis": "y", "origin": [16.62, 9.3, 18.8]},
			"faces": {
				"north": {"uv": [1.25, 7.25, 1.75, 7.375], "texture": "#1"},
				"east": {"uv": [9.25, 2.75, 9.5, 2.875], "texture": "#1"},
				"south": {"uv": [7.25, 1.5, 7.75, 1.625], "texture": "#1"},
				"west": {"uv": [3, 9.25, 3.25, 9.375], "texture": "#1"},
				"up": {"uv": [2.5, 5, 2, 4.75], "texture": "#1"},
				"down": {"uv": [3, 4.75, 2.5, 5], "texture": "#1"}
			}
		},
		{
			"from": [12.78, 19.2, 6.8],
			"to": [16.38, 19.6, 9.2],
			"rotation": {"angle": 0, "axis": "y", "origin": [16.62, 9.3, 18.8]},
			"faces": {
				"north": {"uv": [7.25, 0.5, 7.75, 0.625], "texture": "#1"},
				"east": {"uv": [9.25, 2, 9.5, 2.125], "texture": "#1"},
				"south": {"uv": [0.75, 7.25, 1.25, 7.375], "texture": "#1"},
				"west": {"uv": [2.25, 9.25, 2.5, 9.375], "texture": "#1"},
				"up": {"uv": [5, 4.75, 4.5, 4.5], "texture": "#1"},
				"down": {"uv": [1, 4.75, 0.5, 5], "texture": "#1"}
			}
		},
		{
			"from": [12.78, 18.4, 6.8],
			"to": [16.38, 18.8, 9.2],
			"rotation": {"angle": 0, "axis": "y", "origin": [16.62, 9.3, 18.8]},
			"faces": {
				"north": {"uv": [7.25, 0.75, 7.75, 0.875], "texture": "#1"},
				"east": {"uv": [9.25, 2.5, 9.5, 2.625], "texture": "#1"},
				"south": {"uv": [7.25, 1, 7.75, 1.125], "texture": "#1"},
				"west": {"uv": [2.75, 9.25, 3, 9.375], "texture": "#1"},
				"up": {"uv": [1.5, 5, 1, 4.75], "texture": "#1"},
				"down": {"uv": [2, 4.75, 1.5, 5], "texture": "#1"}
			}
		},
		{
			"from": [14.78, 19.6, 6.8],
			"to": [16.38, 20, 9.2],
			"rotation": {"angle": 0, "axis": "y", "origin": [16.62, 9.3, 18.8]},
			"faces": {
				"north": {"uv": [9.25, 1.5, 9.5, 1.625], "texture": "#1"},
				"east": {"uv": [1.75, 9.25, 2, 9.375], "texture": "#1"},
				"south": {"uv": [9.25, 1.75, 9.5, 1.875], "texture": "#1"},
				"west": {"uv": [2, 9.25, 2.25, 9.375], "texture": "#1"},
				"up": {"uv": [7.5, 0.5, 7.25, 0.25], "texture": "#1"},
				"down": {"uv": [0.75, 7.25, 0.5, 7.5], "texture": "#1"}
			}
		},
		{
			"from": [14.78, 18, 6.8],
			"to": [16.38, 18.4, 9.2],
			"rotation": {"angle": 0, "axis": "y", "origin": [16.62, 9.3, 18.8]},
			"faces": {
				"north": {"uv": [9.25, 3.25, 9.5, 3.375], "texture": "#1"},
				"east": {"uv": [3.5, 9.25, 3.75, 9.375], "texture": "#1"},
				"south": {"uv": [9.25, 3.5, 9.5, 3.625], "texture": "#1"},
				"west": {"uv": [3.75, 9.25, 4, 9.375], "texture": "#1"},
				"up": {"uv": [7.5, 2.25, 7.25, 2], "texture": "#1"},
				"down": {"uv": [2.5, 7.25, 2.25, 7.5], "texture": "#1"}
			}
		},
		{
			"from": [8.38, 20.8, 6.8],
			"to": [11.58, 21.2, 9.2],
			"rotation": {"angle": 0, "axis": "y", "origin": [9.38, 8.5, 18.4]},
			"faces": {
				"north": {"uv": [8, 8, 8.375, 8.125], "texture": "#1"},
				"east": {"uv": [9.25, 7.75, 9.5, 7.875], "texture": "#1"},
				"south": {"uv": [8.25, 0, 8.625, 0.125], "texture": "#1"},
				"west": {"uv": [8, 9.25, 8.25, 9.375], "texture": "#1"},
				"up": {"uv": [3.375, 6.25, 3, 6], "texture": "#1"},
				"down": {"uv": [6.375, 3, 6, 3.25], "texture": "#1"}
			}
		},
		{
			"from": [8.78, 19.2, 6.8],
			"to": [11.98, 19.6, 9.2],
			"rotation": {"angle": 0, "axis": "y", "origin": [9.38, 8.5, 18.4]},
			"faces": {
				"north": {"uv": [1, 8.25, 1.375, 8.375], "texture": "#1"},
				"east": {"uv": [9.25, 8, 9.5, 8.125], "texture": "#1"},
				"south": {"uv": [8.25, 1, 8.625, 1.125], "texture": "#1"},
				"west": {"uv": [8.25, 9.25, 8.5, 9.375], "texture": "#1"},
				"up": {"uv": [6.375, 3.5, 6, 3.25], "texture": "#1"},
				"down": {"uv": [3.875, 6, 3.5, 6.25], "texture": "#1"}
			}
		},
		{
			"from": [8.38, 18.4, 6.8],
			"to": [11.58, 18.8, 9.2],
			"rotation": {"angle": 0, "axis": "y", "origin": [9.38, 8.5, 18.4]},
			"faces": {
				"north": {"uv": [1.5, 8.25, 1.875, 8.375], "texture": "#1"},
				"east": {"uv": [9.25, 8.25, 9.5, 8.375], "texture": "#1"},
				"south": {"uv": [8.25, 1.5, 8.625, 1.625], "texture": "#1"},
				"west": {"uv": [8.5, 9.25, 8.75, 9.375], "texture": "#1"},
				"up": {"uv": [6.375, 3.75, 6, 3.5], "texture": "#1"},
				"down": {"uv": [6.375, 3.75, 6, 4], "texture": "#1"}
			}
		},
		{
			"from": [8.38, 20.4, 6.8],
			"to": [11.98, 20.8, 9.2],
			"rotation": {"angle": 0, "axis": "y", "origin": [9.38, 8.5, 18.4]},
			"faces": {
				"north": {"uv": [7.25, 6, 7.75, 6.125], "texture": "#1"},
				"east": {"uv": [9.25, 8.5, 9.5, 8.625], "texture": "#1"},
				"south": {"uv": [6.25, 7.25, 6.75, 7.375], "texture": "#1"},
				"west": {"uv": [8.75, 9.25, 9, 9.375], "texture": "#1"},
				"up": {"uv": [2.5, 5.25, 2, 5], "texture": "#1"},
				"down": {"uv": [5.5, 2, 5, 2.25], "texture": "#1"}
			}
		},
		{
			"from": [8.38, 20, 6.8],
			"to": [11.98, 20.4, 9.2],
			"rotation": {"angle": 0, "axis": "y", "origin": [9.38, 8.5, 18.4]},
			"faces": {
				"north": {"uv": [7.25, 6.25, 7.75, 6.375], "texture": "#1"},
				"east": {"uv": [9.25, 8.75, 9.5, 8.875], "texture": "#1"},
				"south": {"uv": [7.25, 6.5, 7.75, 6.625], "texture": "#1"},
				"west": {"uv": [9, 9.25, 9.25, 9.375], "texture": "#1"},
				"up": {"uv": [5.5, 2.5, 5, 2.25], "texture": "#1"},
				"down": {"uv": [3, 5, 2.5, 5.25], "texture": "#1"}
			}
		},
		{
			"from": [8.38, 18.8, 6.8],
			"to": [11.98, 19.2, 9.2],
			"rotation": {"angle": 0, "axis": "y", "origin": [9.38, 8.5, 18.4]},
			"faces": {
				"north": {"uv": [6.75, 7.25, 7.25, 7.375], "texture": "#1"},
				"east": {"uv": [9.25, 9, 9.5, 9.125], "texture": "#1"},
				"south": {"uv": [7.25, 7.25, 7.75, 7.375], "texture": "#1"},
				"west": {"uv": [9.25, 9.25, 9.5, 9.375], "texture": "#1"},
				"up": {"uv": [5.5, 2.75, 5, 2.5], "texture": "#1"},
				"down": {"uv": [5.5, 2.75, 5, 3], "texture": "#1"}
			}
		},
		{
			"from": [8.38, 16.8, 6.8],
			"to": [11.98, 18, 9.2],
			"rotation": {"angle": 0, "axis": "y", "origin": [9.38, 8.5, 18.4]},
			"faces": {
				"north": {"uv": [0, 7.5, 0.5, 7.625], "texture": "#1"},
				"east": {"uv": [0, 9.5, 0.25, 9.625], "texture": "#1"},
				"south": {"uv": [7.5, 0.25, 8, 0.375], "texture": "#1"},
				"west": {"uv": [9.5, 0, 9.75, 0.125], "texture": "#1"},
				"up": {"uv": [3.5, 5.25, 3, 5], "texture": "#1"},
				"down": {"uv": [5.5, 3, 5, 3.25], "texture": "#1"}
			}
		},
		{
			"from": [10.38, 19.6, 6.8],
			"to": [11.98, 20, 9.2],
			"rotation": {"angle": 0, "axis": "y", "origin": [9.38, 8.5, 18.4]},
			"faces": {
				"north": {"uv": [0.25, 9.5, 0.5, 9.625], "texture": "#1"},
				"east": {"uv": [9.5, 0.25, 9.75, 0.375], "texture": "#1"},
				"south": {"uv": [0.5, 9.5, 0.75, 9.625], "texture": "#1"},
				"west": {"uv": [9.5, 0.5, 9.75, 0.625], "texture": "#1"},
				"up": {"uv": [0.75, 7.75, 0.5, 7.5], "texture": "#1"},
				"down": {"uv": [1, 7.5, 0.75, 7.75], "texture": "#1"}
			}
		},
		{
			"from": [8.38, 18, 6.8],
			"to": [9.98, 18.4, 9.2],
			"rotation": {"angle": 0, "axis": "y", "origin": [9.38, 8.5, 18.4]},
			"faces": {
				"north": {"uv": [0.75, 9.5, 1, 9.625], "texture": "#1"},
				"east": {"uv": [9.5, 0.75, 9.75, 0.875], "texture": "#1"},
				"south": {"uv": [1, 9.5, 1.25, 9.625], "texture": "#1"},
				"west": {"uv": [9.5, 1, 9.75, 1.125], "texture": "#1"},
				"up": {"uv": [1.25, 7.75, 1, 7.5], "texture": "#1"},
				"down": {"uv": [1.5, 7.5, 1.25, 7.75], "texture": "#1"}
			}
		},
		{
			"from": [3.98, 16.8, 6.8],
			"to": [5.58, 21.2, 9.2],
			"rotation": {"angle": 0, "axis": "y", "origin": [9.38, 8.5, 18.4]},
			"faces": {
				"north": {"uv": [0.5, 5, 0.75, 5.5], "texture": "#1"},
				"east": {"uv": [5, 0.5, 5.25, 1], "texture": "#1"},
				"south": {"uv": [0.75, 5, 1, 5.5], "texture": "#1"},
				"west": {"uv": [1, 5, 1.25, 5.5], "texture": "#1"},
				"up": {"uv": [5.75, 7.5, 5.5, 7.25], "texture": "#1"},
				"down": {"uv": [6, 7.25, 5.75, 7.5], "texture": "#1"}
			}
		},
		{
			"from": [5.98, 16.8, 6.8],
			"to": [7.58, 21.2, 9.2],
			"rotation": {"angle": 0, "axis": "y", "origin": [9.38, 8.5, 18.4]},
			"faces": {
				"north": {"uv": [5, 1, 5.25, 1.5], "texture": "#1"},
				"east": {"uv": [1.25, 5, 1.5, 5.5], "texture": "#1"},
				"south": {"uv": [1.5, 5, 1.75, 5.5], "texture": "#1"},
				"west": {"uv": [1.75, 5, 2, 5.5], "texture": "#1"},
				"up": {"uv": [7.5, 6, 7.25, 5.75], "texture": "#1"},
				"down": {"uv": [6.25, 7.25, 6, 7.5], "texture": "#1"}
			}
		},
		{
			"from": [5.58, 16.8, 6.8],
			"to": [5.98, 18, 9.2],
			"rotation": {"angle": 0, "axis": "y", "origin": [4.58, 9.3, 17.2]},
			"faces": {
				"north": {"uv": [8.75, 10.5, 8.875, 10.625], "texture": "#1"},
				"east": {"uv": [9.25, 6.75, 9.5, 6.875], "texture": "#1"},
				"south": {"uv": [10.5, 8.75, 10.625, 8.875], "texture": "#1"},
				"west": {"uv": [7, 9.25, 7.25, 9.375], "texture": "#1"},
				"up": {"uv": [9.375, 7.25, 9.25, 7], "texture": "#1"},
				"down": {"uv": [7.375, 9.25, 7.25, 9.5], "texture": "#1"}
			}
		},
		{
			"from": [5.58, 20, 6.8],
			"to": [5.98, 21.2, 9.2],
			"rotation": {"angle": 0, "axis": "y", "origin": [4.58, 9.3, 17.2]},
			"faces": {
				"north": {"uv": [9, 10.5, 9.125, 10.625], "texture": "#1"},
				"east": {"uv": [9.25, 7.25, 9.5, 7.375], "texture": "#1"},
				"south": {"uv": [10.5, 9, 10.625, 9.125], "texture": "#1"},
				"west": {"uv": [7.5, 9.25, 7.75, 9.375], "texture": "#1"},
				"up": {"uv": [9.375, 7.75, 9.25, 7.5], "texture": "#1"},
				"down": {"uv": [7.875, 9.25, 7.75, 9.5], "texture": "#1"}
			}
		},
		{
			"from": [-0.38, 20.8, 6.8],
			"to": [2.82, 21.2, 9.2],
			"rotation": {"angle": 0, "axis": "y", "origin": [9.38, 8.5, 18.4]},
			"faces": {
				"north": {"uv": [8, 6.75, 8.375, 6.875], "texture": "#1"},
				"east": {"uv": [9.25, 4, 9.5, 4.125], "texture": "#1"},
				"south": {"uv": [7, 8, 7.375, 8.125], "texture": "#1"},
				"west": {"uv": [4.25, 9.25, 4.5, 9.375], "texture": "#1"},
				"up": {"uv": [6.375, 1.25, 6, 1], "texture": "#1"},
				"down": {"uv": [1.625, 6, 1.25, 6.25], "texture": "#1"}
			}
		},
		{
			"from": [0.02, 19.2, 6.8],
			"to": [3.22, 19.6, 9.2],
			"rotation": {"angle": 0, "axis": "y", "origin": [9.38, 8.5, 18.4]},
			"faces": {
				"north": {"uv": [8, 7, 8.375, 7.125], "texture": "#1"},
				"east": {"uv": [9.25, 4.25, 9.5, 4.375], "texture": "#1"},
				"south": {"uv": [7.5, 8, 7.875, 8.125], "texture": "#1"},
				"west": {"uv": [4.5, 9.25, 4.75, 9.375], "texture": "#1"},
				"up": {"uv": [6.375, 1.5, 6, 1.25], "texture": "#1"},
				"down": {"uv": [2.375, 6, 2, 6.25], "texture": "#1"}
			}
		},
		{
			"from": [-0.38, 18.4, 6.8],
			"to": [2.82, 18.8, 9.2],
			"rotation": {"angle": 0, "axis": "y", "origin": [9.38, 8.5, 18.4]},
			"faces": {
				"north": {"uv": [8, 7.5, 8.375, 7.625], "texture": "#1"},
				"east": {"uv": [9.25, 4.5, 9.5, 4.625], "texture": "#1"},
				"south": {"uv": [8, 7.75, 8.375, 7.875], "texture": "#1"},
				"west": {"uv": [4.75, 9.25, 5, 9.375], "texture": "#1"},
				"up": {"uv": [2.875, 6.25, 2.5, 6], "texture": "#1"},
				"down": {"uv": [6.375, 2.75, 6, 3], "texture": "#1"}
			}
		},
		{
			"from": [-0.38, 20.4, 6.8],
			"to": [3.22, 20.8, 9.2],
			"rotation": {"angle": 0, "axis": "y", "origin": [9.38, 8.5, 18.4]},
			"faces": {
				"north": {"uv": [7.25, 2.25, 7.75, 2.375], "texture": "#1"},
				"east": {"uv": [9.25, 4.75, 9.5, 4.875], "texture": "#1"},
				"south": {"uv": [2.5, 7.25, 3, 7.375], "texture": "#1"},
				"west": {"uv": [5, 9.25, 5.25, 9.375], "texture": "#1"},
				"up": {"uv": [4, 5, 3.5, 4.75], "texture": "#1"},
				"down": {"uv": [5.25, 3.5, 4.75, 3.75], "texture": "#1"}
			}
		},
		{
			"from": [-0.38, 20, 6.8],
			"to": [3.22, 20.4, 9.2],
			"rotation": {"angle": 0, "axis": "y", "origin": [9.38, 8.5, 18.4]},
			"faces": {
				"north": {"uv": [7.25, 2.5, 7.75, 2.625], "texture": "#1"},
				"east": {"uv": [9.25, 5, 9.5, 5.125], "texture": "#1"},
				"south": {"uv": [3, 7.25, 3.5, 7.375], "texture": "#1"},
				"west": {"uv": [5.25, 9.25, 5.5, 9.375], "texture": "#1"},
				"up": {"uv": [5.25, 4, 4.75, 3.75], "texture": "#1"},
				"down": {"uv": [4.5, 4.75, 4, 5], "texture": "#1"}
			}
		},
		{
			"from": [-0.38, 18.8, 6.8],
			"to": [3.22, 19.2, 9.2],
			"rotation": {"angle": 0, "axis": "y", "origin": [9.38, 8.5, 18.4]},
			"faces": {
				"north": {"uv": [3.5, 7.25, 4, 7.375], "texture": "#1"},
				"east": {"uv": [9.25, 5.25, 9.5, 5.375], "texture": "#1"},
				"south": {"uv": [4, 7.25, 4.5, 7.375], "texture": "#1"},
				"west": {"uv": [5.5, 9.25, 5.75, 9.375], "texture": "#1"},
				"up": {"uv": [5.25, 4.25, 4.75, 4], "texture": "#1"},
				"down": {"uv": [5, 4.75, 4.5, 5], "texture": "#1"}
			}
		},
		{
			"from": [-0.38, 16.8, 6.8],
			"to": [3.22, 18, 9.2],
			"rotation": {"angle": 0, "axis": "y", "origin": [9.38, 8.5, 18.4]},
			"faces": {
				"north": {"uv": [7.25, 4, 7.75, 4.125], "texture": "#1"},
				"east": {"uv": [9.25, 5.5, 9.5, 5.625], "texture": "#1"},
				"south": {"uv": [7.25, 4.25, 7.75, 4.375], "texture": "#1"},
				"west": {"uv": [5.75, 9.25, 6, 9.375], "texture": "#1"},
				"up": {"uv": [5.5, 0.25, 5, 0], "texture": "#1"},
				"down": {"uv": [5.5, 0.25, 5, 0.5], "texture": "#1"}
			}
		},
		{
			"from": [1.62, 19.6, 6.8],
			"to": [3.22, 20, 9.2],
			"rotation": {"angle": 0, "axis": "y", "origin": [9.38, 8.5, 18.4]},
			"faces": {
				"north": {"uv": [9.25, 5.75, 9.5, 5.875], "texture": "#1"},
				"east": {"uv": [6, 9.25, 6.25, 9.375], "texture": "#1"},
				"south": {"uv": [9.25, 6, 9.5, 6.125], "texture": "#1"},
				"west": {"uv": [6.25, 9.25, 6.5, 9.375], "texture": "#1"},
				"up": {"uv": [4.75, 7.5, 4.5, 7.25], "texture": "#1"},
				"down": {"uv": [5, 7.25, 4.75, 7.5], "texture": "#1"}
			}
		},
		{
			"from": [-0.38, 18, 6.8],
			"to": [1.22, 18.4, 9.2],
			"rotation": {"angle": 0, "axis": "y", "origin": [9.38, 8.5, 18.4]},
			"faces": {
				"north": {"uv": [9.25, 6.25, 9.5, 6.375], "texture": "#1"},
				"east": {"uv": [6.5, 9.25, 6.75, 9.375], "texture": "#1"},
				"south": {"uv": [9.25, 6.5, 9.5, 6.625], "texture": "#1"},
				"west": {"uv": [6.75, 9.25, 7, 9.375], "texture": "#1"},
				"up": {"uv": [5.25, 7.5, 5, 7.25], "texture": "#1"},
				"down": {"uv": [5.5, 7.25, 5.25, 7.5], "texture": "#1"}
			}
		}
	],
	"display": {
		"ground": {
			"translation": [0, 4, 0]
		},
		"head": {
			"rotation": [0, 180, 0],
			"translation": [0, -19, 0],
			"scale": [3, 3, 3]
		}
	},
	"groups": [
		{
			"name": "Ball",
			"origin": [8, 0.5, 8],
			"color": 0,
			"children": [
				0,
				1,
				2,
				3,
				4,
				5,
				6,
				7,
				8,
				9,
				10,
				11,
				12,
				13,
				14,
				15,
				16,
				17,
				18,
				19,
				20,
				21,
				22,
				23,
				24,
				25,
				26,
				27,
				28,
				29,
				30,
				31,
				32,
				33,
				34,
				35,
				36,
				37,
				38,
				39,
				40,
				41,
				42,
				43,
				44,
				45,
				46,
				47,
				48,
				49,
				50,
				51,
				52,
				53,
				54,
				55,
				56,
				57,
				58,
				59,
				60,
				61,
				62,
				63,
				64,
				65,
				66,
				67,
				68,
				69,
				70,
				71,
				72,
				73,
				74,
				75,
				76,
				77,
				78,
				79,
				80,
				81,
				82,
				83,
				84,
				85,
				86,
				87,
				88,
				89,
				90,
				91,
				92,
				93,
				94,
				95,
				96,
				97,
				98,
				99,
				100,
				101,
				102,
				103,
				104,
				105,
				106,
				107,
				108,
				109,
				110,
				111,
				112,
				113,
				114,
				115,
				116,
				117,
				118,
				119,
				120,
				121,
				122,
				123,
				124,
				125
			]
		},
		{
			"name": "Pole",
			"origin": [0, 0, 0],
			"color": 0,
			"children": [126, 127]
		},
		{
			"name": "2023",
			"origin": [7.19, 8, 8.7],
			"color": 0,
			"children": [
				{
					"name": "3",
					"origin": [8.69, 4.5, 13.2],
					"color": 0,
					"children": [128, 129, 130, 131, 132, 133, 134, 135, 136, 137, 138]
				},
				{
					"name": "2",
					"origin": [8.69, 4.5, 13.2],
					"color": 0,
					"children": [139, 140, 141, 142, 143, 144, 145, 146, 147]
				},
				{
					"name": "0",
					"origin": [-3.31, 6.5, 10.2],
					"color": 0,
					"children": [148, 149, 150, 151]
				},
				{
					"name": "2",
					"origin": [8.69, 4.5, 13.2],
					"color": 0,
					"children": [152, 153, 154, 155, 156, 157, 158, 159, 160]
				}
			]
		}
	]
}