{
	"parent": "minecraft:block/stone_button",
	"texture_size": [
		128,
		128
	],
	"textures": {
		"0": "minecraft:item/crates/robot"
	},
	"elements": [
		{
			"from": [14, 0, 12],
			"to": [18, 4, 16],
			"faces": {
				"north": {"uv": [5.375, 8.75, 5.875, 9.25], "texture": "#0"},
				"east": {"uv": [2.125, 9, 2.625, 9.5], "texture": "#0"},
				"south": {"uv": [0.875, 9.25, 1.375, 9.75], "texture": "#0"},
				"west": {"uv": [1.375, 9.25, 1.875, 9.75], "texture": "#0"},
				"up": {"uv": [3.125, 9.75, 2.625, 9.25], "texture": "#0"},
				"down": {"uv": [9.75, 4.125, 9.25, 4.625], "texture": "#0"}
			}
		},
		{
			"from": [-2, 0, 12],
			"to": [2, 4, 16],
			"faces": {
				"north": {"uv": [5.375, 9.25, 5.875, 9.75], "texture": "#0"},
				"east": {"uv": [5.875, 9.25, 6.375, 9.75], "texture": "#0"},
				"south": {"uv": [6.375, 9.25, 6.875, 9.75], "texture": "#0"},
				"west": {"uv": [6.875, 9.25, 7.375, 9.75], "texture": "#0"},
				"up": {"uv": [0.5, 9.875, 0, 9.375], "texture": "#0"},
				"down": {"uv": [7.875, 9.375, 7.375, 9.875], "texture": "#0"}
			}
		},
		{
			"from": [14, 0, 0],
			"to": [18, 4, 4],
			"faces": {
				"north": {"uv": [7.875, 9.375, 8.375, 9.875], "texture": "#0"},
				"east": {"uv": [8.375, 9.375, 8.875, 9.875], "texture": "#0"},
				"south": {"uv": [8.875, 9.375, 9.375, 9.875], "texture": "#0"},
				"west": {"uv": [9.375, 9.375, 9.875, 9.875], "texture": "#0"},
				"up": {"uv": [10, 1.875, 9.5, 1.375], "texture": "#0"},
				"down": {"uv": [2.375, 9.5, 1.875, 10], "texture": "#0"}
			}
		},
		{
			"from": [-2, 0, 0],
			"to": [2, 4, 4],
			"faces": {
				"north": {"uv": [9.5, 1.875, 10, 2.375], "texture": "#0"},
				"east": {"uv": [9.5, 3, 10, 3.5], "texture": "#0"},
				"south": {"uv": [3.125, 9.5, 3.625, 10], "texture": "#0"},
				"west": {"uv": [9.5, 3.5, 10, 4], "texture": "#0"},
				"up": {"uv": [4.125, 10, 3.625, 9.5], "texture": "#0"},
				"down": {"uv": [4.625, 9.5, 4.125, 10], "texture": "#0"}
			}
		},
		{
			"from": [14, 6, 12],
			"to": [18, 10, 16],
			"faces": {
				"north": {"uv": [4.625, 9.5, 5.125, 10], "texture": "#0"},
				"east": {"uv": [9.5, 8.25, 10, 8.75], "texture": "#0"},
				"south": {"uv": [9.625, 0, 10.125, 0.5], "texture": "#0"},
				"west": {"uv": [0.5, 9.75, 1, 10.25], "texture": "#0"},
				"up": {"uv": [1.5, 10.25, 1, 9.75], "texture": "#0"},
				"down": {"uv": [2.875, 9.75, 2.375, 10.25], "texture": "#0"}
			}
		},
		{
			"from": [-2, 6, 12],
			"to": [2, 10, 16],
			"faces": {
				"north": {"uv": [9.75, 4, 10.25, 4.5], "texture": "#0"},
				"east": {"uv": [5.125, 9.75, 5.625, 10.25], "texture": "#0"},
				"south": {"uv": [5.625, 9.75, 6.125, 10.25], "texture": "#0"},
				"west": {"uv": [9.75, 6, 10.25, 6.5], "texture": "#0"},
				"up": {"uv": [6.625, 10.25, 6.125, 9.75], "texture": "#0"},
				"down": {"uv": [10.25, 6.5, 9.75, 7], "texture": "#0"}
			}
		},
		{
			"from": [14, 6, 0],
			"to": [18, 10, 4],
			"faces": {
				"north": {"uv": [6.625, 9.75, 7.125, 10.25], "texture": "#0"},
				"east": {"uv": [9.75, 7, 10.25, 7.5], "texture": "#0"},
				"south": {"uv": [0, 9.875, 0.5, 10.375], "texture": "#0"},
				"west": {"uv": [7.125, 9.875, 7.625, 10.375], "texture": "#0"},
				"up": {"uv": [8.125, 10.375, 7.625, 9.875], "texture": "#0"},
				"down": {"uv": [8.625, 9.875, 8.125, 10.375], "texture": "#0"}
			}
		},
		{
			"from": [-2, 6, 0],
			"to": [2, 10, 4],
			"faces": {
				"north": {"uv": [8.625, 9.875, 9.125, 10.375], "texture": "#0"},
				"east": {"uv": [9.125, 9.875, 9.625, 10.375], "texture": "#0"},
				"south": {"uv": [9.875, 9.375, 10.375, 9.875], "texture": "#0"},
				"west": {"uv": [9.625, 9.875, 10.125, 10.375], "texture": "#0"},
				"up": {"uv": [10.5, 1.875, 10, 1.375], "texture": "#0"},
				"down": {"uv": [2, 10, 1.5, 10.5], "texture": "#0"}
			}
		},
		{
			"from": [-1, 1, 1],
			"to": [17, 3, 15],
			"faces": {
				"north": {"uv": [6.25, 8.25, 8.5, 8.5], "texture": "#0"},
				"east": {"uv": [8.75, 0.625, 10.5, 0.875], "texture": "#0"},
				"south": {"uv": [0, 8.5, 2.25, 8.75], "texture": "#0"},
				"west": {"uv": [0.875, 8.75, 2.625, 9], "texture": "#0"},
				"up": {"uv": [2.25, 1.75, 0, 0], "texture": "#0"},
				"down": {"uv": [2.25, 1.75, 0, 3.5], "texture": "#0"}
			}
		},
		{
			"from": [-1, 7, 1],
			"to": [17, 9, 15],
			"faces": {
				"north": {"uv": [8.5, 2.5, 10.75, 2.75], "texture": "#0"},
				"east": {"uv": [8.75, 0.875, 10.5, 1.125], "texture": "#0"},
				"south": {"uv": [8.5, 2.75, 10.75, 3], "texture": "#0"},
				"west": {"uv": [8.75, 1.125, 10.5, 1.375], "texture": "#0"},
				"up": {"uv": [4.5, 1.75, 2.25, 0], "texture": "#0"},
				"down": {"uv": [4.5, 1.75, 2.25, 3.5], "texture": "#0"}
			}
		},
		{
			"from": [2, 0, 0],
			"to": [14, 1, 1],
			"faces": {
				"north": {"uv": [8.75, 2.375, 10.25, 2.5], "texture": "#0"},
				"east": {"uv": [1.375, 11.125, 1.5, 11.25], "texture": "#0"},
				"south": {"uv": [10.25, 2.375, 11.75, 2.5], "texture": "#0"},
				"west": {"uv": [10, 11.375, 10.125, 11.5], "texture": "#0"},
				"up": {"uv": [11.875, 9.875, 10.375, 9.75], "texture": "#0"},
				"down": {"uv": [12, 2.25, 10.5, 2.375], "texture": "#0"}
			}
		},
		{
			"from": [2, 9, 0],
			"to": [14, 10, 1],
			"faces": {
				"north": {"uv": [2.75, 10.5, 4.25, 10.625], "texture": "#0"},
				"east": {"uv": [11.625, 10.125, 11.75, 10.25], "texture": "#0"},
				"south": {"uv": [10.5, 3, 12, 3.125], "texture": "#0"},
				"west": {"uv": [11.75, 0.875, 11.875, 1], "texture": "#0"},
				"up": {"uv": [12, 3.25, 10.5, 3.125], "texture": "#0"},
				"down": {"uv": [12, 3.25, 10.5, 3.375], "texture": "#0"}
			}
		},
		{
			"from": [2, 0, 15],
			"to": [14, 1, 16],
			"faces": {
				"north": {"uv": [10.5, 3.375, 12, 3.5], "texture": "#0"},
				"east": {"uv": [11.75, 1.875, 11.875, 2], "texture": "#0"},
				"south": {"uv": [10.5, 3.5, 12, 3.625], "texture": "#0"},
				"west": {"uv": [11.75, 2.375, 11.875, 2.5], "texture": "#0"},
				"up": {"uv": [12, 3.75, 10.5, 3.625], "texture": "#0"},
				"down": {"uv": [12, 3.75, 10.5, 3.875], "texture": "#0"}
			}
		},
		{
			"from": [2, 9, 15],
			"to": [14, 10, 16],
			"faces": {
				"north": {"uv": [10.5, 3.875, 12, 4], "texture": "#0"},
				"east": {"uv": [11.75, 2.875, 11.875, 3], "texture": "#0"},
				"south": {"uv": [10.5, 4.5, 12, 4.625], "texture": "#0"},
				"west": {"uv": [11.75, 4.375, 11.875, 4.5], "texture": "#0"},
				"up": {"uv": [12, 4.75, 10.5, 4.625], "texture": "#0"},
				"down": {"uv": [12, 4.75, 10.5, 4.875], "texture": "#0"}
			}
		},
		{
			"from": [17, 0, 4],
			"to": [18, 1, 12],
			"faces": {
				"north": {"uv": [6.25, 11.75, 6.375, 11.875], "texture": "#0"},
				"east": {"uv": [10.75, 2.875, 11.75, 3], "texture": "#0"},
				"south": {"uv": [6.375, 11.75, 6.5, 11.875], "texture": "#0"},
				"west": {"uv": [10.75, 4.375, 11.75, 4.5], "texture": "#0"},
				"up": {"uv": [0.5, 12.25, 0.375, 11.25], "texture": "#0"},
				"down": {"uv": [5.5, 11.25, 5.375, 12.25], "texture": "#0"}
			}
		},
		{
			"from": [17, 9, 4],
			"to": [18, 10, 12],
			"faces": {
				"north": {"uv": [11.75, 7.5, 11.875, 7.625], "texture": "#0"},
				"east": {"uv": [10.875, 9.375, 11.875, 9.5], "texture": "#0"},
				"south": {"uv": [11.75, 7.625, 11.875, 7.75], "texture": "#0"},
				"west": {"uv": [11, 8.875, 12, 9], "texture": "#0"},
				"up": {"uv": [7, 12.25, 6.875, 11.25], "texture": "#0"},
				"down": {"uv": [7.125, 11.25, 7, 12.25], "texture": "#0"}
			}
		},
		{
			"from": [-2, 0, 4],
			"to": [-1, 1, 12],
			"faces": {
				"north": {"uv": [8, 11.75, 8.125, 11.875], "texture": "#0"},
				"east": {"uv": [11.25, 1.375, 12.25, 1.5], "texture": "#0"},
				"south": {"uv": [8.125, 11.75, 8.25, 11.875], "texture": "#0"},
				"west": {"uv": [11.25, 6.875, 12.25, 7], "texture": "#0"},
				"up": {"uv": [7.25, 12.25, 7.125, 11.25], "texture": "#0"},
				"down": {"uv": [7.375, 11.25, 7.25, 12.25], "texture": "#0"}
			}
		},
		{
			"from": [-2, 9, 4],
			"to": [-1, 10, 12],
			"faces": {
				"north": {"uv": [8.25, 11.75, 8.375, 11.875], "texture": "#0"},
				"east": {"uv": [11.25, 7, 12.25, 7.125], "texture": "#0"},
				"south": {"uv": [11.75, 8.25, 11.875, 8.375], "texture": "#0"},
				"west": {"uv": [11.25, 7.125, 12.25, 7.25], "texture": "#0"},
				"up": {"uv": [7.5, 12.25, 7.375, 11.25], "texture": "#0"},
				"down": {"uv": [7.625, 11.25, 7.5, 12.25], "texture": "#0"}
			}
		},
		{
			"from": [-1, 4, 1],
			"to": [1, 6, 3],
			"faces": {
				"north": {"uv": [1.875, 9.25, 2.125, 9.5], "texture": "#0"},
				"east": {"uv": [3.125, 9.25, 3.375, 9.5], "texture": "#0"},
				"south": {"uv": [2.375, 9.5, 2.625, 9.75], "texture": "#0"},
				"west": {"uv": [5.125, 9.5, 5.375, 9.75], "texture": "#0"},
				"up": {"uv": [3.125, 10, 2.875, 9.75], "texture": "#0"},
				"down": {"uv": [5.125, 10, 4.875, 10.25], "texture": "#0"}
			}
		},
		{
			"from": [-1, 4, 13],
			"to": [1, 6, 15],
			"faces": {
				"north": {"uv": [11, 5.75, 11.25, 6], "texture": "#0"},
				"east": {"uv": [9.75, 11.375, 10, 11.625], "texture": "#0"},
				"south": {"uv": [11.375, 10.625, 11.625, 10.875], "texture": "#0"},
				"west": {"uv": [11.375, 10.875, 11.625, 11.125], "texture": "#0"},
				"up": {"uv": [1.125, 11.75, 0.875, 11.5], "texture": "#0"},
				"down": {"uv": [1.375, 11.5, 1.125, 11.75], "texture": "#0"}
			}
		},
		{
			"from": [15, 4, 13],
			"to": [17, 6, 15],
			"faces": {
				"north": {"uv": [11.5, 5.375, 11.75, 5.625], "texture": "#0"},
				"east": {"uv": [5.5, 11.5, 5.75, 11.75], "texture": "#0"},
				"south": {"uv": [5.75, 11.5, 6, 11.75], "texture": "#0"},
				"west": {"uv": [6, 11.5, 6.25, 11.75], "texture": "#0"},
				"up": {"uv": [6.5, 11.75, 6.25, 11.5], "texture": "#0"},
				"down": {"uv": [11.75, 7.5, 11.5, 7.75], "texture": "#0"}
			}
		},
		{
			"from": [15, 4, 1],
			"to": [17, 6, 3],
			"faces": {
				"north": {"uv": [10, 11.5, 10.25, 11.75], "texture": "#0"},
				"east": {"uv": [10.25, 11.5, 10.5, 11.75], "texture": "#0"},
				"south": {"uv": [11.5, 10.25, 11.75, 10.5], "texture": "#0"},
				"west": {"uv": [10.5, 11.5, 10.75, 11.75], "texture": "#0"},
				"up": {"uv": [11, 11.75, 10.75, 11.5], "texture": "#0"},
				"down": {"uv": [11.25, 11.5, 11, 11.75], "texture": "#0"}
			}
		},
		{
			"from": [0, 3, 2],
			"to": [16, 7, 14],
			"faces": {
				"north": {"uv": [6.5, 2.5, 8.5, 3], "texture": "#0"},
				"east": {"uv": [2.25, 7.75, 3.75, 8.25], "texture": "#0"},
				"south": {"uv": [4.5, 6.5, 6.5, 7], "texture": "#0"},
				"west": {"uv": [2.25, 8.25, 3.75, 8.75], "texture": "#0"},
				"up": {"uv": [6.5, 1.5, 4.5, 0], "texture": "#0"},
				"down": {"uv": [6.5, 1.5, 4.5, 3], "texture": "#0"}
			}
		},
		{
			"from": [-1, 10, 1],
			"to": [17, 10, 15],
			"faces": {
				"north": {"uv": [0, 0, 2.25, 0], "texture": "#0"},
				"east": {"uv": [0, 0, 1.75, 0], "texture": "#0"},
				"south": {"uv": [0, 0, 2.25, 0], "texture": "#0"},
				"west": {"uv": [0, 0, 1.75, 0], "texture": "#0"},
				"up": {"uv": [2.25, 5.25, 0, 3.5], "texture": "#0"},
				"down": {"uv": [4.5, 3.5, 2.25, 5.25], "texture": "#0"}
			}
		},
		{
			"name": "hexadecagon",
			"from": [-2, 12.94034, 1.21793],
			"to": [18, 16.12293, 5.21793],
			"rotation": {"angle": 22.5, "axis": "x", "origin": [-1, 14.53164, 9.21793]},
			"faces": {
				"north": {"uv": [6.75, 6, 9.25, 6.375], "texture": "#0"},
				"east": {"uv": [9.25, 6, 9.75, 6.375], "texture": "#0"},
				"south": {"uv": [7, 3, 9.5, 3.375], "texture": "#0"},
				"west": {"uv": [1.5, 10.5, 2, 10.875], "texture": "#0"},
				"up": {"uv": [7, 3.5, 4.5, 3], "texture": "#0"},
				"down": {"uv": [7, 3.5, 4.5, 4], "texture": "#0"}
			}
		},
		{
			"name": "hexadecagon",
			"from": [5, 11.94034, 0.21793],
			"to": [11, 16.12293, 1.21793],
			"rotation": {"angle": 22.5, "axis": "x", "origin": [-1, 14.53164, 9.21793]},
			"faces": {
				"north": {"uv": [5.5, 7, 6.25, 7.5], "texture": "#0"},
				"east": {"uv": [2.375, 10.75, 2.5, 11.25], "texture": "#0"},
				"south": {"uv": [8.75, 1.375, 9.5, 1.875], "texture": "#0"},
				"west": {"uv": [11.25, 11.5, 11.375, 12], "texture": "#0"},
				"up": {"uv": [7.5, 6.5, 6.75, 6.375], "texture": "#0"},
				"down": {"uv": [7.75, 4.875, 7, 5], "texture": "#0"}
			}
		},
		{
			"name": "hexadecagon",
			"from": [17, 12.94034, 5.21793],
			"to": [18, 14.12293, 13.21793],
			"rotation": {"angle": 22.5, "axis": "x", "origin": [-1, 14.53164, 9.21793]},
			"faces": {
				"north": {"uv": [8.375, 11.75, 8.5, 11.875], "texture": "#0"},
				"east": {"uv": [11.25, 7.25, 12.25, 7.375], "texture": "#0"},
				"south": {"uv": [11.75, 8.375, 11.875, 8.5], "texture": "#0"},
				"west": {"uv": [11.25, 7.375, 12.25, 7.5], "texture": "#0"},
				"up": {"uv": [7.75, 12.25, 7.625, 11.25], "texture": "#0"},
				"down": {"uv": [7.875, 11.25, 7.75, 12.25], "texture": "#0"}
			}
		},
		{
			"name": "hexadecagon",
			"from": [-2, 12.94034, 5.21793],
			"to": [-1, 14.12293, 13.21793],
			"rotation": {"angle": 22.5, "axis": "x", "origin": [-1, 14.53164, 9.21793]},
			"faces": {
				"north": {"uv": [11.75, 8.5, 11.875, 8.625], "texture": "#0"},
				"east": {"uv": [11.25, 9.5, 12.25, 9.625], "texture": "#0"},
				"south": {"uv": [11.75, 8.625, 11.875, 8.75], "texture": "#0"},
				"west": {"uv": [11.25, 9.625, 12.25, 9.75], "texture": "#0"},
				"up": {"uv": [8, 12.25, 7.875, 11.25], "texture": "#0"},
				"down": {"uv": [9.25, 11.25, 9.125, 12.25], "texture": "#0"}
			}
		},
		{
			"name": "hexadecagon",
			"from": [-2, 12.94034, 1.21793],
			"to": [2, 16.12293, 5.21793],
			"rotation": {"angle": 45, "axis": "x", "origin": [-1, 14.53164, 9.21793]},
			"faces": {
				"north": {"uv": [4.25, 10.5, 4.75, 10.875], "texture": "#0"},
				"east": {"uv": [10.5, 4.875, 11, 5.25], "texture": "#0"},
				"south": {"uv": [10.5, 5.25, 11, 5.625], "texture": "#0"},
				"west": {"uv": [10.5, 5.625, 11, 6], "texture": "#0"},
				"up": {"uv": [10.5, 2.375, 10, 1.875], "texture": "#0"},
				"down": {"uv": [3.375, 10, 2.875, 10.5], "texture": "#0"}
			}
		},
		{
			"name": "hexadecagon",
			"from": [-2, 12.94034, 13.21793],
			"to": [2, 16.12293, 17.21793],
			"rotation": {"angle": -45, "axis": "x", "origin": [-1, 14.53164, 9.21793]},
			"faces": {
				"north": {"uv": [10.5, 7.5, 11, 7.875], "texture": "#0"},
				"east": {"uv": [10.5, 7.875, 11, 8.25], "texture": "#0"},
				"south": {"uv": [10.5, 8.25, 11, 8.625], "texture": "#0"},
				"west": {"uv": [10.5, 8.625, 11, 9], "texture": "#0"},
				"up": {"uv": [10.5, 3.5, 10, 3], "texture": "#0"},
				"down": {"uv": [3.875, 10, 3.375, 10.5], "texture": "#0"}
			}
		},
		{
			"name": "hexadecagon",
			"from": [-2, 12.94034, 13.21793],
			"to": [2, 16.12293, 17.21793],
			"rotation": {"angle": -22.5, "axis": "x", "origin": [-1, 14.53164, 9.21793]},
			"faces": {
				"north": {"uv": [10.5, 10.375, 11, 10.75], "texture": "#0"},
				"east": {"uv": [10.625, 0, 11.125, 0.375], "texture": "#0"},
				"south": {"uv": [2.75, 10.625, 3.25, 11], "texture": "#0"},
				"west": {"uv": [3.25, 10.625, 3.75, 11], "texture": "#0"},
				"up": {"uv": [10.5, 4, 10, 3.5], "texture": "#0"},
				"down": {"uv": [4.375, 10, 3.875, 10.5], "texture": "#0"}
			}
		},
		{
			"name": "hexadecagon",
			"from": [-2, 12.94034, 13.21793],
			"to": [2, 16.12293, 17.21793],
			"rotation": {"angle": 0, "axis": "x", "origin": [-1, 14.53164, 9.21793]},
			"faces": {
				"north": {"uv": [3.75, 10.625, 4.25, 11], "texture": "#0"},
				"east": {"uv": [9.625, 10.625, 10.125, 11], "texture": "#0"},
				"south": {"uv": [10.625, 9.875, 11.125, 10.25], "texture": "#0"},
				"west": {"uv": [10.75, 0.375, 11.25, 0.75], "texture": "#0"},
				"up": {"uv": [4.875, 10.5, 4.375, 10], "texture": "#0"},
				"down": {"uv": [10.5, 4.5, 10, 5], "texture": "#0"}
			}
		},
		{
			"name": "hexadecagon",
			"from": [-2, 12.94034, 13.21793],
			"to": [18, 16.12293, 17.21793],
			"rotation": {"angle": 22.5, "axis": "x", "origin": [-1, 14.53164, 9.21793]},
			"faces": {
				"north": {"uv": [7, 3.375, 9.5, 3.75], "texture": "#0"},
				"east": {"uv": [0.5, 10.75, 1, 11.125], "texture": "#0"},
				"south": {"uv": [7, 3.75, 9.5, 4.125], "texture": "#0"},
				"west": {"uv": [10.75, 0.75, 11.25, 1.125], "texture": "#0"},
				"up": {"uv": [7, 4.5, 4.5, 4], "texture": "#0"},
				"down": {"uv": [7, 4.5, 4.5, 5], "texture": "#0"}
			}
		},
		{
			"name": "hexadecagon",
			"from": [-1, 12.44034, 17.21793],
			"to": [3, 13.62293, 18.21793],
			"rotation": {"angle": 22.5, "axis": "x", "origin": [-1, 14.53164, 9.21793]},
			"faces": {
				"north": {"uv": [9.5, 8.75, 10, 8.875], "texture": "#0"},
				"east": {"uv": [11.75, 9, 11.875, 9.125], "texture": "#0"},
				"south": {"uv": [9.875, 9, 10.375, 9.125], "texture": "#0"},
				"west": {"uv": [11.75, 9.125, 11.875, 9.25], "texture": "#0"},
				"up": {"uv": [12, 5.75, 11.5, 5.625], "texture": "#0"},
				"down": {"uv": [12, 7.75, 11.5, 7.875], "texture": "#0"}
			}
		},
		{
			"name": "hexadecagon",
			"from": [13, 12.44034, 17.21793],
			"to": [17, 13.62293, 18.21793],
			"rotation": {"angle": 22.5, "axis": "x", "origin": [-1, 14.53164, 9.21793]},
			"faces": {
				"north": {"uv": [11.5, 10.5, 12, 10.625], "texture": "#0"},
				"east": {"uv": [9.25, 11.75, 9.375, 11.875], "texture": "#0"},
				"south": {"uv": [11.375, 11.5, 11.875, 11.625], "texture": "#0"},
				"west": {"uv": [9.375, 11.75, 9.5, 11.875], "texture": "#0"},
				"up": {"uv": [12.125, 0.125, 11.625, 0], "texture": "#0"},
				"down": {"uv": [12.125, 0.125, 11.625, 0.25], "texture": "#0"}
			}
		},
		{
			"name": "hexadecagon",
			"from": [-2, 18.53164, 7.62663],
			"to": [2, 22.53164, 10.80923],
			"rotation": {"angle": -22.5, "axis": "x", "origin": [-1, 14.53164, 9.21793]},
			"faces": {
				"north": {"uv": [10, 5, 10.5, 5.5], "texture": "#0"},
				"east": {"uv": [5.875, 8.75, 6.25, 9.25], "texture": "#0"},
				"south": {"uv": [10, 5.5, 10.5, 6], "texture": "#0"},
				"west": {"uv": [10.125, 10.625, 10.5, 11.125], "texture": "#0"},
				"up": {"uv": [1.5, 11.125, 1, 10.75], "texture": "#0"},
				"down": {"uv": [11.25, 1.125, 10.75, 1.5], "texture": "#0"}
			}
		},
		{
			"name": "hexadecagon",
			"from": [-2, 18.53164, 7.62663],
			"to": [2, 22.53164, 10.80923],
			"rotation": {"angle": 0, "axis": "x", "origin": [-1, 14.53164, 9.21793]},
			"faces": {
				"north": {"uv": [10, 7.5, 10.5, 8], "texture": "#0"},
				"east": {"uv": [10.75, 1.5, 11.125, 2], "texture": "#0"},
				"south": {"uv": [10, 8, 10.5, 8.5], "texture": "#0"},
				"west": {"uv": [2, 10.75, 2.375, 11.25], "texture": "#0"},
				"up": {"uv": [11.25, 2.875, 10.75, 2.5], "texture": "#0"},
				"down": {"uv": [11.25, 4, 10.75, 4.375], "texture": "#0"}
			}
		},
		{
			"name": "hexadecagon",
			"from": [-2, 18.53164, 7.62663],
			"to": [2, 22.53164, 10.80923],
			"rotation": {"angle": 22.5, "axis": "x", "origin": [-1, 14.53164, 9.21793]},
			"faces": {
				"north": {"uv": [10, 8.5, 10.5, 9], "texture": "#0"},
				"east": {"uv": [4.75, 10.75, 5.125, 11.25], "texture": "#0"},
				"south": {"uv": [10.125, 0, 10.625, 0.5], "texture": "#0"},
				"west": {"uv": [5.125, 10.75, 5.5, 11.25], "texture": "#0"},
				"up": {"uv": [6, 11.125, 5.5, 10.75], "texture": "#0"},
				"down": {"uv": [6.5, 10.75, 6, 11.125], "texture": "#0"}
			}
		},
		{
			"name": "hexadecagon",
			"from": [14, 12.94034, 1.21793],
			"to": [18, 16.12293, 5.21793],
			"rotation": {"angle": 45, "axis": "x", "origin": [15, 14.53164, 9.21793]},
			"faces": {
				"north": {"uv": [10.75, 6, 11.25, 6.375], "texture": "#0"},
				"east": {"uv": [10.75, 6.375, 11.25, 6.75], "texture": "#0"},
				"south": {"uv": [10.75, 6.75, 11.25, 7.125], "texture": "#0"},
				"west": {"uv": [10.75, 7.125, 11.25, 7.5], "texture": "#0"},
				"up": {"uv": [10.625, 10.375, 10.125, 9.875], "texture": "#0"},
				"down": {"uv": [1, 10.25, 0.5, 10.75], "texture": "#0"}
			}
		},
		{
			"name": "hexadecagon",
			"from": [14, 12.94034, 13.21793],
			"to": [18, 16.12293, 17.21793],
			"rotation": {"angle": -45, "axis": "x", "origin": [15, 14.53164, 9.21793]},
			"faces": {
				"north": {"uv": [10.5, 10.75, 11, 11.125], "texture": "#0"},
				"east": {"uv": [0, 10.875, 0.5, 11.25], "texture": "#0"},
				"south": {"uv": [1.5, 10.875, 2, 11.25], "texture": "#0"},
				"west": {"uv": [4.25, 10.875, 4.75, 11.25], "texture": "#0"},
				"up": {"uv": [1.5, 10.75, 1, 10.25], "texture": "#0"},
				"down": {"uv": [2.5, 10.25, 2, 10.75], "texture": "#0"}
			}
		},
		{
			"name": "hexadecagon",
			"from": [14, 12.94034, 13.21793],
			"to": [18, 16.12293, 17.21793],
			"rotation": {"angle": -22.5, "axis": "x", "origin": [15, 14.53164, 9.21793]},
			"faces": {
				"north": {"uv": [6.5, 10.875, 7, 11.25], "texture": "#0"},
				"east": {"uv": [7, 10.875, 7.5, 11.25], "texture": "#0"},
				"south": {"uv": [7.5, 10.875, 8, 11.25], "texture": "#0"},
				"west": {"uv": [10.875, 9, 11.375, 9.375], "texture": "#0"},
				"up": {"uv": [10.75, 4.5, 10.25, 4], "texture": "#0"},
				"down": {"uv": [5.375, 10.25, 4.875, 10.75], "texture": "#0"}
			}
		},
		{
			"name": "hexadecagon",
			"from": [14, 12.94034, 13.21793],
			"to": [18, 16.12293, 17.21793],
			"rotation": {"angle": 0, "axis": "x", "origin": [15, 14.53164, 9.21793]},
			"faces": {
				"north": {"uv": [9.125, 10.875, 9.625, 11.25], "texture": "#0"},
				"east": {"uv": [2.75, 11, 3.25, 11.375], "texture": "#0"},
				"south": {"uv": [3.25, 11, 3.75, 11.375], "texture": "#0"},
				"west": {"uv": [3.75, 11, 4.25, 11.375], "texture": "#0"},
				"up": {"uv": [5.875, 10.75, 5.375, 10.25], "texture": "#0"},
				"down": {"uv": [6.375, 10.25, 5.875, 10.75], "texture": "#0"}
			}
		},
		{
			"name": "hexadecagon",
			"from": [14, 18.53164, 7.62663],
			"to": [18, 22.53164, 10.80923],
			"rotation": {"angle": -22.5, "axis": "x", "origin": [15, 14.53164, 9.21793]},
			"faces": {
				"north": {"uv": [10.25, 6, 10.75, 6.5], "texture": "#0"},
				"east": {"uv": [8, 10.875, 8.375, 11.375], "texture": "#0"},
				"south": {"uv": [6.375, 10.25, 6.875, 10.75], "texture": "#0"},
				"west": {"uv": [11, 4.875, 11.375, 5.375], "texture": "#0"},
				"up": {"uv": [11.5, 5.75, 11, 5.375], "texture": "#0"},
				"down": {"uv": [11.5, 7.5, 11, 7.875], "texture": "#0"}
			}
		},
		{
			"name": "hexadecagon",
			"from": [14, 18.53164, 7.62663],
			"to": [18, 22.53164, 10.80923],
			"rotation": {"angle": 0, "axis": "x", "origin": [15, 14.53164, 9.21793]},
			"faces": {
				"north": {"uv": [10.25, 6.5, 10.75, 7], "texture": "#0"},
				"east": {"uv": [11, 7.875, 11.375, 8.375], "texture": "#0"},
				"south": {"uv": [10.25, 7, 10.75, 7.5], "texture": "#0"},
				"west": {"uv": [11, 8.375, 11.375, 8.875], "texture": "#0"},
				"up": {"uv": [10.125, 11.375, 9.625, 11], "texture": "#0"},
				"down": {"uv": [11.5, 10.25, 11, 10.625], "texture": "#0"}
			}
		},
		{
			"name": "hexadecagon",
			"from": [14, 18.53164, 7.62663],
			"to": [18, 22.53164, 10.80923],
			"rotation": {"angle": 22.5, "axis": "x", "origin": [15, 14.53164, 9.21793]},
			"faces": {
				"north": {"uv": [0, 10.375, 0.5, 10.875], "texture": "#0"},
				"east": {"uv": [11, 10.625, 11.375, 11.125], "texture": "#0"},
				"south": {"uv": [6.875, 10.375, 7.375, 10.875], "texture": "#0"},
				"west": {"uv": [0.5, 11.125, 0.875, 11.625], "texture": "#0"},
				"up": {"uv": [11.625, 0.375, 11.125, 0], "texture": "#0"},
				"down": {"uv": [1.375, 11.125, 0.875, 11.5], "texture": "#0"}
			}
		},
		{
			"name": "hexadecagon",
			"from": [-1, 12.60761, 2],
			"to": [17, 15.39239, 6],
			"rotation": {"angle": 45, "axis": "x", "origin": [3, 14, 9]},
			"faces": {
				"north": {"uv": [7, 4.125, 9.25, 4.5], "texture": "#0"},
				"east": {"uv": [11.125, 1.5, 11.625, 1.875], "texture": "#0"},
				"south": {"uv": [7, 4.5, 9.25, 4.875], "texture": "#0"},
				"west": {"uv": [11.125, 1.875, 11.625, 2.25], "texture": "#0"},
				"up": {"uv": [6.75, 5.5, 4.5, 5], "texture": "#0"},
				"down": {"uv": [2.25, 5.25, 0, 5.75], "texture": "#0"}
			}
		},
		{
			"name": "hexadecagon",
			"from": [-1, 12.60761, 12],
			"to": [17, 15.39239, 16],
			"rotation": {"angle": -45, "axis": "x", "origin": [3, 14, 9]},
			"faces": {
				"north": {"uv": [5.5, 7.5, 7.75, 7.875], "texture": "#0"},
				"east": {"uv": [5.5, 11.125, 6, 11.5], "texture": "#0"},
				"south": {"uv": [7.5, 6.375, 9.75, 6.75], "texture": "#0"},
				"west": {"uv": [6, 11.125, 6.5, 11.5], "texture": "#0"},
				"up": {"uv": [4.5, 5.75, 2.25, 5.25], "texture": "#0"},
				"down": {"uv": [6.75, 5.5, 4.5, 6], "texture": "#0"}
			}
		},
		{
			"name": "hexadecagon",
			"from": [-1, 12.60761, 12],
			"to": [17, 15.39239, 16],
			"rotation": {"angle": -22.5, "axis": "x", "origin": [3, 14, 9]},
			"faces": {
				"north": {"uv": [7.5, 6.75, 9.75, 7.125], "texture": "#0"},
				"east": {"uv": [11.125, 9.875, 11.625, 10.25], "texture": "#0"},
				"south": {"uv": [7.5, 7.125, 9.75, 7.5], "texture": "#0"},
				"west": {"uv": [10.125, 11.125, 10.625, 11.5], "texture": "#0"},
				"up": {"uv": [2.25, 6.25, 0, 5.75], "texture": "#0"},
				"down": {"uv": [4.5, 5.75, 2.25, 6.25], "texture": "#0"}
			}
		},
		{
			"name": "hexadecagon",
			"from": [-1, 12.60761, 12],
			"to": [17, 15.39239, 16],
			"rotation": {"angle": 0, "axis": "x", "origin": [3, 14, 9]},
			"faces": {
				"north": {"uv": [0, 7.75, 2.25, 8.125], "texture": "#0"},
				"east": {"uv": [10.625, 11.125, 11.125, 11.5], "texture": "#0"},
				"south": {"uv": [7.75, 4.875, 10, 5.25], "texture": "#0"},
				"west": {"uv": [11.125, 11.125, 11.625, 11.5], "texture": "#0"},
				"up": {"uv": [6.75, 6.5, 4.5, 6], "texture": "#0"},
				"down": {"uv": [2.25, 6.25, 0, 6.75], "texture": "#0"}
			}
		},
		{
			"name": "hexadecagon",
			"from": [-1, 17, 7.60761],
			"to": [17, 21, 10.39239],
			"rotation": {"angle": -22.5, "axis": "x", "origin": [3, 14, 9]},
			"faces": {
				"north": {"uv": [2.25, 6.25, 4.5, 6.75], "texture": "#0"},
				"east": {"uv": [0, 11.25, 0.375, 11.75], "texture": "#0"},
				"south": {"uv": [6.5, 0, 8.75, 0.5], "texture": "#0"},
				"west": {"uv": [11.25, 0.375, 11.625, 0.875], "texture": "#0"},
				"up": {"uv": [10, 5.625, 7.75, 5.25], "texture": "#0"},
				"down": {"uv": [10, 5.625, 7.75, 6], "texture": "#0"}
			}
		},
		{
			"name": "hexadecagon",
			"from": [-1, 17, 7.60761],
			"to": [17, 21, 10.39239],
			"rotation": {"angle": 0, "axis": "x", "origin": [3, 14, 9]},
			"faces": {
				"north": {"uv": [6.5, 0.5, 8.75, 1], "texture": "#0"},
				"east": {"uv": [11.25, 0.875, 11.625, 1.375], "texture": "#0"},
				"south": {"uv": [6.5, 1, 8.75, 1.5], "texture": "#0"},
				"west": {"uv": [1.375, 11.25, 1.75, 11.75], "texture": "#0"},
				"up": {"uv": [10, 7.875, 7.75, 7.5], "texture": "#0"},
				"down": {"uv": [7.75, 7.875, 5.5, 8.25], "texture": "#0"}
			}
		},
		{
			"name": "hexadecagon",
			"from": [-1, 17, 7.60761],
			"to": [17, 21, 10.39239],
			"rotation": {"angle": 22.5, "axis": "x", "origin": [3, 14, 9]},
			"faces": {
				"north": {"uv": [6.5, 1.5, 8.75, 2], "texture": "#0"},
				"east": {"uv": [1.75, 11.25, 2.125, 11.75], "texture": "#0"},
				"south": {"uv": [6.5, 2, 8.75, 2.5], "texture": "#0"},
				"west": {"uv": [2.125, 11.25, 2.5, 11.75], "texture": "#0"},
				"up": {"uv": [10, 8.25, 7.75, 7.875], "texture": "#0"},
				"down": {"uv": [2.25, 8.125, 0, 8.5], "texture": "#0"}
			}
		},
		{
			"name": "hexadecagon",
			"from": [-1.01, 14, 5.60761],
			"to": [-1.01, 19, 12.39239],
			"rotation": {"angle": 22.5, "axis": "x", "origin": [3, 14, 9]},
			"faces": {
				"north": {"uv": [0, 0, 0, 0.625], "texture": "#0"},
				"east": {"uv": [7.75, 8.5, 8.625, 9.125], "texture": "#0"},
				"south": {"uv": [0, 0, 0, 0.625], "texture": "#0"},
				"west": {"uv": [8.625, 8.25, 9.5, 8.875], "texture": "#0"},
				"up": {"uv": [0, 0.875, 0, 0], "texture": "#0"},
				"down": {"uv": [0, 0, 0, 0.875], "texture": "#0"}
			}
		},
		{
			"name": "hexadecagon",
			"from": [17, 14, 5.60761],
			"to": [17, 19, 12.39239],
			"rotation": {"angle": 22.5, "axis": "x", "origin": [3, 14, 9]},
			"faces": {
				"north": {"uv": [0, 0, 0, 0.625], "texture": "#0"},
				"east": {"uv": [0, 8.75, 0.875, 9.375], "texture": "#0"},
				"south": {"uv": [0, 0, 0, 0.625], "texture": "#0"},
				"west": {"uv": [8.75, 0, 9.625, 0.625], "texture": "#0"},
				"up": {"uv": [0, 0.875, 0, 0], "texture": "#0"},
				"down": {"uv": [0, 0, 0, 0.875], "texture": "#0"}
			}
		},
		{
			"from": [5, 10, 9],
			"to": [8, 11, 12],
			"rotation": {"angle": 22.5, "axis": "y", "origin": [0, 0, 0]},
			"faces": {
				"north": {"uv": [11.625, 1.25, 12, 1.375], "texture": "#0"},
				"east": {"uv": [7.375, 9.25, 7.75, 9.375], "texture": "#0"},
				"south": {"uv": [10.625, 10.25, 11, 10.375], "texture": "#0"},
				"west": {"uv": [6.5, 10.75, 6.875, 10.875], "texture": "#0"},
				"up": {"uv": [0.875, 9.75, 0.5, 9.375], "rotation": 90, "texture": "#0"},
				"down": {"uv": [11.625, 2.5, 11.25, 2.875], "rotation": 270, "texture": "#0"}
			}
		},
		{
			"from": [1, 11, 14],
			"to": [4, 12, 17],
			"rotation": {"angle": 45, "axis": "y", "origin": [0, 0, 0]},
			"faces": {
				"north": {"uv": [11.625, 1.25, 12, 1.375], "texture": "#0"},
				"east": {"uv": [7.375, 9.25, 7.75, 9.375], "texture": "#0"},
				"south": {"uv": [10.625, 10.25, 11, 10.375], "texture": "#0"},
				"west": {"uv": [6.5, 10.75, 6.875, 10.875], "texture": "#0"},
				"up": {"uv": [0.875, 9.75, 0.5, 9.375], "rotation": 90, "texture": "#0"},
				"down": {"uv": [11.625, 2.5, 11.25, 2.875], "rotation": 270, "texture": "#0"}
			}
		},
		{
			"from": [-6, 11, 8],
			"to": [-3, 12, 11],
			"rotation": {"angle": 45, "axis": "y", "origin": [0, 0, 0]},
			"faces": {
				"north": {"uv": [11.625, 1.25, 12, 1.375], "texture": "#0"},
				"east": {"uv": [7.375, 9.25, 7.75, 9.375], "texture": "#0"},
				"south": {"uv": [10.625, 10.25, 11, 10.375], "texture": "#0"},
				"west": {"uv": [6.5, 10.75, 6.875, 10.875], "texture": "#0"},
				"up": {"uv": [0.875, 9.75, 0.5, 9.375], "rotation": 90, "texture": "#0"},
				"down": {"uv": [11.625, 2.5, 11.25, 2.875], "rotation": 270, "texture": "#0"}
			}
		},
		{
			"from": [11, 10, -11],
			"to": [14, 11, -8],
			"rotation": {"angle": -45, "axis": "y", "origin": [0, 0, 0]},
			"faces": {
				"north": {"uv": [7.375, 9.25, 7.75, 9.375], "texture": "#0"},
				"east": {"uv": [10.625, 10.25, 11, 10.375], "texture": "#0"},
				"south": {"uv": [6.5, 10.75, 6.875, 10.875], "texture": "#0"},
				"west": {"uv": [11.625, 1.25, 12, 1.375], "texture": "#0"},
				"up": {"uv": [0.875, 9.75, 0.5, 9.375], "texture": "#0"},
				"down": {"uv": [11.625, 2.5, 11.25, 2.875], "texture": "#0"}
			}
		},
		{
			"from": [11, 0, -16],
			"to": [14, 1, -13],
			"rotation": {"angle": -45, "axis": "y", "origin": [0, 0, 0]},
			"faces": {
				"north": {"uv": [7.375, 9.25, 7.75, 9.375], "texture": "#0"},
				"east": {"uv": [10.625, 10.25, 11, 10.375], "texture": "#0"},
				"south": {"uv": [6.5, 10.75, 6.875, 10.875], "texture": "#0"},
				"west": {"uv": [11.625, 1.25, 12, 1.375], "texture": "#0"},
				"up": {"uv": [0.875, 9.75, 0.5, 9.375], "texture": "#0"},
				"down": {"uv": [11.625, 2.5, 11.25, 2.875], "texture": "#0"}
			}
		},
		{
			"from": [3, 11, 1],
			"to": [6, 12, 4],
			"rotation": {"angle": -45, "axis": "y", "origin": [0, 0, 0]},
			"faces": {
				"north": {"uv": [7.375, 9.25, 7.75, 9.375], "texture": "#0"},
				"east": {"uv": [10.625, 10.25, 11, 10.375], "texture": "#0"},
				"south": {"uv": [6.5, 10.75, 6.875, 10.875], "texture": "#0"},
				"west": {"uv": [11.625, 1.25, 12, 1.375], "texture": "#0"},
				"up": {"uv": [0.875, 9.75, 0.5, 9.375], "texture": "#0"},
				"down": {"uv": [11.625, 2.5, 11.25, 2.875], "texture": "#0"}
			}
		},
		{
			"from": [12, 10, 0],
			"to": [15, 11, 3],
			"rotation": {"angle": -45, "axis": "y", "origin": [0, 0, 0]},
			"faces": {
				"north": {"uv": [7.375, 9.25, 7.75, 9.375], "texture": "#0"},
				"east": {"uv": [10.625, 10.25, 11, 10.375], "texture": "#0"},
				"south": {"uv": [6.5, 10.75, 6.875, 10.875], "texture": "#0"},
				"west": {"uv": [11.625, 1.25, 12, 1.375], "texture": "#0"},
				"up": {"uv": [0.875, 9.75, 0.5, 9.375], "texture": "#0"},
				"down": {"uv": [11.625, 2.5, 11.25, 2.875], "texture": "#0"}
			}
		},
		{
			"from": [12, 10, 5],
			"to": [15, 11, 8],
			"faces": {
				"north": {"uv": [7.375, 9.25, 7.75, 9.375], "texture": "#0"},
				"east": {"uv": [10.625, 10.25, 11, 10.375], "texture": "#0"},
				"south": {"uv": [6.5, 10.75, 6.875, 10.875], "texture": "#0"},
				"west": {"uv": [11.625, 1.25, 12, 1.375], "texture": "#0"},
				"up": {"uv": [0.875, 9.75, 0.5, 9.375], "texture": "#0"},
				"down": {"uv": [11.625, 2.5, 11.25, 2.875], "texture": "#0"}
			}
		},
		{
			"from": [10, 10, 1],
			"to": [13, 11, 4],
			"faces": {
				"north": {"uv": [7.375, 9.25, 7.75, 9.375], "texture": "#0"},
				"east": {"uv": [10.625, 10.25, 11, 10.375], "texture": "#0"},
				"south": {"uv": [6.5, 10.75, 6.875, 10.875], "texture": "#0"},
				"west": {"uv": [11.625, 1.25, 12, 1.375], "texture": "#0"},
				"up": {"uv": [0.875, 9.75, 0.5, 9.375], "texture": "#0"},
				"down": {"uv": [11.625, 2.5, 11.25, 2.875], "texture": "#0"}
			}
		},
		{
			"from": [13, 0, -4],
			"to": [16, 1, -1],
			"faces": {
				"north": {"uv": [7.375, 9.25, 7.75, 9.375], "texture": "#0"},
				"east": {"uv": [10.625, 10.25, 11, 10.375], "texture": "#0"},
				"south": {"uv": [6.5, 10.75, 6.875, 10.875], "texture": "#0"},
				"west": {"uv": [11.625, 1.25, 12, 1.375], "texture": "#0"},
				"up": {"uv": [0.875, 9.75, 0.5, 9.375], "texture": "#0"},
				"down": {"uv": [11.625, 2.5, 11.25, 2.875], "texture": "#0"}
			}
		},
		{
			"from": [13, 0, 18],
			"to": [16, 1, 21],
			"faces": {
				"north": {"uv": [7.375, 9.25, 7.75, 9.375], "texture": "#0"},
				"east": {"uv": [10.625, 10.25, 11, 10.375], "texture": "#0"},
				"south": {"uv": [6.5, 10.75, 6.875, 10.875], "texture": "#0"},
				"west": {"uv": [11.625, 1.25, 12, 1.375], "texture": "#0"},
				"up": {"uv": [0.875, 9.75, 0.5, 9.375], "texture": "#0"},
				"down": {"uv": [11.625, 2.5, 11.25, 2.875], "texture": "#0"}
			}
		},
		{
			"from": [-6, 0, 11],
			"to": [-3, 1, 14],
			"faces": {
				"north": {"uv": [7.375, 9.25, 7.75, 9.375], "texture": "#0"},
				"east": {"uv": [10.625, 10.25, 11, 10.375], "texture": "#0"},
				"south": {"uv": [6.5, 10.75, 6.875, 10.875], "texture": "#0"},
				"west": {"uv": [11.625, 1.25, 12, 1.375], "texture": "#0"},
				"up": {"uv": [0.875, 9.75, 0.5, 9.375], "texture": "#0"},
				"down": {"uv": [11.625, 2.5, 11.25, 2.875], "texture": "#0"}
			}
		},
		{
			"from": [8, 0, 22],
			"to": [11, 1, 25],
			"rotation": {"angle": 22.5, "axis": "y", "origin": [0, 0, 0]},
			"faces": {
				"north": {"uv": [7.375, 9.25, 7.75, 9.375], "texture": "#0"},
				"east": {"uv": [10.625, 10.25, 11, 10.375], "texture": "#0"},
				"south": {"uv": [6.5, 10.75, 6.875, 10.875], "texture": "#0"},
				"west": {"uv": [11.625, 1.25, 12, 1.375], "texture": "#0"},
				"up": {"uv": [0.875, 9.75, 0.5, 9.375], "texture": "#0"},
				"down": {"uv": [11.625, 2.5, 11.25, 2.875], "texture": "#0"}
			}
		},
		{
			"from": [7, 0, 13],
			"to": [10, 1, 16],
			"rotation": {"angle": -45, "axis": "y", "origin": [0, 0, 0]},
			"faces": {
				"north": {"uv": [7.375, 9.25, 7.75, 9.375], "texture": "#0"},
				"east": {"uv": [10.625, 10.25, 11, 10.375], "texture": "#0"},
				"south": {"uv": [6.5, 10.75, 6.875, 10.875], "texture": "#0"},
				"west": {"uv": [11.625, 1.25, 12, 1.375], "texture": "#0"},
				"up": {"uv": [0.875, 9.75, 0.5, 9.375], "texture": "#0"},
				"down": {"uv": [11.625, 2.5, 11.25, 2.875], "texture": "#0"}
			}
		},
		{
			"from": [0, 1, 13],
			"to": [3, 2, 16],
			"rotation": {"angle": -22.5, "axis": "y", "origin": [0, 0, 0]},
			"faces": {
				"north": {"uv": [7.375, 9.25, 7.75, 9.375], "texture": "#0"},
				"east": {"uv": [10.625, 10.25, 11, 10.375], "texture": "#0"},
				"south": {"uv": [6.5, 10.75, 6.875, 10.875], "texture": "#0"},
				"west": {"uv": [11.625, 1.25, 12, 1.375], "texture": "#0"},
				"up": {"uv": [0.875, 9.75, 0.5, 9.375], "texture": "#0"},
				"down": {"uv": [11.625, 2.5, 11.25, 2.875], "texture": "#0"}
			}
		},
		{
			"from": [4, 11, 1],
			"to": [7, 12, 4],
			"faces": {
				"north": {"uv": [7.375, 9.25, 7.75, 9.375], "texture": "#0"},
				"east": {"uv": [10.625, 10.25, 11, 10.375], "texture": "#0"},
				"south": {"uv": [6.5, 10.75, 6.875, 10.875], "texture": "#0"},
				"west": {"uv": [11.625, 1.25, 12, 1.375], "texture": "#0"},
				"up": {"uv": [0.875, 9.75, 0.5, 9.375], "texture": "#0"},
				"down": {"uv": [11.625, 2.5, 11.25, 2.875], "texture": "#0"}
			}
		},
		{
			"from": [7, 10, 0],
			"to": [8, 11, 5],
			"faces": {
				"north": {"uv": [10, 11.75, 10.125, 11.875], "texture": "#0"},
				"east": {"uv": [9.625, 0.5, 10.25, 0.625], "texture": "#0"},
				"south": {"uv": [10.125, 11.75, 10.25, 11.875], "texture": "#0"},
				"west": {"uv": [11.375, 5.25, 12, 5.375], "texture": "#0"},
				"up": {"uv": [4.25, 12, 4.125, 11.375], "texture": "#0"},
				"down": {"uv": [9, 11.375, 8.875, 12], "texture": "#0"}
			}
		},
		{
			"from": [6, 10, 3],
			"to": [7, 11, 4],
			"faces": {
				"north": {"uv": [11.75, 10.125, 11.875, 10.25], "texture": "#0"},
				"east": {"uv": [10.25, 11.75, 10.375, 11.875], "texture": "#0"},
				"south": {"uv": [11.75, 10.25, 11.875, 10.375], "texture": "#0"},
				"west": {"uv": [10.375, 11.75, 10.5, 11.875], "texture": "#0"},
				"up": {"uv": [11.875, 10.5, 11.75, 10.375], "texture": "#0"},
				"down": {"uv": [10.625, 11.75, 10.5, 11.875], "texture": "#0"}
			}
		},
		{
			"from": [6, 10, 1],
			"to": [7, 11, 2],
			"faces": {
				"north": {"uv": [10.625, 11.75, 10.75, 11.875], "texture": "#0"},
				"east": {"uv": [10.75, 11.75, 10.875, 11.875], "texture": "#0"},
				"south": {"uv": [10.875, 11.75, 11, 11.875], "texture": "#0"},
				"west": {"uv": [11, 11.75, 11.125, 11.875], "texture": "#0"},
				"up": {"uv": [11.25, 11.875, 11.125, 11.75], "texture": "#0"},
				"down": {"uv": [11.875, 11.125, 11.75, 11.25], "texture": "#0"}
			}
		},
		{
			"from": [8, 10, 1],
			"to": [9, 11, 2],
			"faces": {
				"north": {"uv": [11.75, 11.25, 11.875, 11.375], "texture": "#0"},
				"east": {"uv": [11.75, 11.375, 11.875, 11.5], "texture": "#0"},
				"south": {"uv": [11.75, 11.625, 11.875, 11.75], "texture": "#0"},
				"west": {"uv": [11.75, 11.75, 11.875, 11.875], "texture": "#0"},
				"up": {"uv": [12, 0.375, 11.875, 0.25], "texture": "#0"},
				"down": {"uv": [12, 0.375, 11.875, 0.5], "texture": "#0"}
			}
		},
		{
			"from": [4, 10, 1],
			"to": [5, 11, 2],
			"faces": {
				"north": {"uv": [0.5, 11.875, 0.625, 12], "texture": "#0"},
				"east": {"uv": [11.875, 0.5, 12, 0.625], "texture": "#0"},
				"south": {"uv": [0.625, 11.875, 0.75, 12], "texture": "#0"},
				"west": {"uv": [11.875, 0.625, 12, 0.75], "texture": "#0"},
				"up": {"uv": [12, 0.875, 11.875, 0.75], "texture": "#0"},
				"down": {"uv": [12, 0.875, 11.875, 1], "texture": "#0"}
			}
		},
		{
			"from": [8, 10, 3],
			"to": [9, 11, 4],
			"faces": {
				"north": {"uv": [11.875, 1, 12, 1.125], "texture": "#0"},
				"east": {"uv": [11.875, 1.125, 12, 1.25], "texture": "#0"},
				"south": {"uv": [11.875, 1.5, 12, 1.625], "texture": "#0"},
				"west": {"uv": [11.875, 1.625, 12, 1.75], "texture": "#0"},
				"up": {"uv": [12, 1.875, 11.875, 1.75], "texture": "#0"},
				"down": {"uv": [12, 1.875, 11.875, 2], "texture": "#0"}
			}
		},
		{
			"from": [4, 10, 3],
			"to": [5, 11, 4],
			"faces": {
				"north": {"uv": [11.875, 2, 12, 2.125], "texture": "#0"},
				"east": {"uv": [11.875, 2.125, 12, 2.25], "texture": "#0"},
				"south": {"uv": [11.875, 2.375, 12, 2.5], "texture": "#0"},
				"west": {"uv": [2.5, 11.875, 2.625, 12], "texture": "#0"},
				"up": {"uv": [12, 2.625, 11.875, 2.5], "texture": "#0"},
				"down": {"uv": [2.75, 11.875, 2.625, 12], "texture": "#0"}
			}
		},
		{
			"from": [5, 10, 0],
			"to": [6, 11, 5],
			"faces": {
				"north": {"uv": [11.875, 2.625, 12, 2.75], "texture": "#0"},
				"east": {"uv": [11.375, 8.75, 12, 8.875], "texture": "#0"},
				"south": {"uv": [2.75, 11.875, 2.875, 12], "texture": "#0"},
				"west": {"uv": [11.375, 9.25, 12, 9.375], "texture": "#0"},
				"up": {"uv": [9.125, 12, 9, 11.375], "texture": "#0"},
				"down": {"uv": [9.75, 11.375, 9.625, 12], "texture": "#0"}
			}
		},
		{
			"from": [12, 11, -3],
			"to": [13, 12, 2],
			"rotation": {"angle": -22.5, "axis": "y", "origin": [0, 0, 0]},
			"faces": {
				"north": {"uv": [10, 11.75, 10.125, 11.875], "texture": "#0"},
				"east": {"uv": [9.625, 0.5, 10.25, 0.625], "texture": "#0"},
				"south": {"uv": [10.125, 11.75, 10.25, 11.875], "texture": "#0"},
				"west": {"uv": [11.375, 5.25, 12, 5.375], "texture": "#0"},
				"up": {"uv": [4.25, 12, 4.125, 11.375], "texture": "#0"},
				"down": {"uv": [9, 11.375, 8.875, 12], "texture": "#0"}
			}
		},
		{
			"from": [11, 11, 0],
			"to": [12, 12, 1],
			"rotation": {"angle": -22.5, "axis": "y", "origin": [0, 0, 0]},
			"faces": {
				"north": {"uv": [11.75, 10.125, 11.875, 10.25], "texture": "#0"},
				"east": {"uv": [10.25, 11.75, 10.375, 11.875], "texture": "#0"},
				"south": {"uv": [11.75, 10.25, 11.875, 10.375], "texture": "#0"},
				"west": {"uv": [10.375, 11.75, 10.5, 11.875], "texture": "#0"},
				"up": {"uv": [11.875, 10.5, 11.75, 10.375], "texture": "#0"},
				"down": {"uv": [10.625, 11.75, 10.5, 11.875], "texture": "#0"}
			}
		},
		{
			"from": [11, 11, -2],
			"to": [12, 12, -1],
			"rotation": {"angle": -22.5, "axis": "y", "origin": [0, 0, 0]},
			"faces": {
				"north": {"uv": [10.625, 11.75, 10.75, 11.875], "texture": "#0"},
				"east": {"uv": [10.75, 11.75, 10.875, 11.875], "texture": "#0"},
				"south": {"uv": [10.875, 11.75, 11, 11.875], "texture": "#0"},
				"west": {"uv": [11, 11.75, 11.125, 11.875], "texture": "#0"},
				"up": {"uv": [11.25, 11.875, 11.125, 11.75], "texture": "#0"},
				"down": {"uv": [11.875, 11.125, 11.75, 11.25], "texture": "#0"}
			}
		},
		{
			"from": [13, 11, -2],
			"to": [14, 12, -1],
			"rotation": {"angle": -22.5, "axis": "y", "origin": [0, 0, 0]},
			"faces": {
				"north": {"uv": [11.75, 11.25, 11.875, 11.375], "texture": "#0"},
				"east": {"uv": [11.75, 11.375, 11.875, 11.5], "texture": "#0"},
				"south": {"uv": [11.75, 11.625, 11.875, 11.75], "texture": "#0"},
				"west": {"uv": [11.75, 11.75, 11.875, 11.875], "texture": "#0"},
				"up": {"uv": [12, 0.375, 11.875, 0.25], "texture": "#0"},
				"down": {"uv": [12, 0.375, 11.875, 0.5], "texture": "#0"}
			}
		},
		{
			"from": [9, 11, -2],
			"to": [10, 12, -1],
			"rotation": {"angle": -22.5, "axis": "y", "origin": [0, 0, 0]},
			"faces": {
				"north": {"uv": [0.5, 11.875, 0.625, 12], "texture": "#0"},
				"east": {"uv": [11.875, 0.5, 12, 0.625], "texture": "#0"},
				"south": {"uv": [0.625, 11.875, 0.75, 12], "texture": "#0"},
				"west": {"uv": [11.875, 0.625, 12, 0.75], "texture": "#0"},
				"up": {"uv": [12, 0.875, 11.875, 0.75], "texture": "#0"},
				"down": {"uv": [12, 0.875, 11.875, 1], "texture": "#0"}
			}
		},
		{
			"from": [13, 11, 0],
			"to": [14, 12, 1],
			"rotation": {"angle": -22.5, "axis": "y", "origin": [0, 0, 0]},
			"faces": {
				"north": {"uv": [11.875, 1, 12, 1.125], "texture": "#0"},
				"east": {"uv": [11.875, 1.125, 12, 1.25], "texture": "#0"},
				"south": {"uv": [11.875, 1.5, 12, 1.625], "texture": "#0"},
				"west": {"uv": [11.875, 1.625, 12, 1.75], "texture": "#0"},
				"up": {"uv": [12, 1.875, 11.875, 1.75], "texture": "#0"},
				"down": {"uv": [12, 1.875, 11.875, 2], "texture": "#0"}
			}
		},
		{
			"from": [9, 11, 0],
			"to": [10, 12, 1],
			"rotation": {"angle": -22.5, "axis": "y", "origin": [0, 0, 0]},
			"faces": {
				"north": {"uv": [11.875, 2, 12, 2.125], "texture": "#0"},
				"east": {"uv": [11.875, 2.125, 12, 2.25], "texture": "#0"},
				"south": {"uv": [11.875, 2.375, 12, 2.5], "texture": "#0"},
				"west": {"uv": [2.5, 11.875, 2.625, 12], "texture": "#0"},
				"up": {"uv": [12, 2.625, 11.875, 2.5], "texture": "#0"},
				"down": {"uv": [2.75, 11.875, 2.625, 12], "texture": "#0"}
			}
		},
		{
			"from": [10, 11, -3],
			"to": [11, 12, 2],
			"rotation": {"angle": -22.5, "axis": "y", "origin": [0, 0, 0]},
			"faces": {
				"north": {"uv": [11.875, 2.625, 12, 2.75], "texture": "#0"},
				"east": {"uv": [11.375, 8.75, 12, 8.875], "texture": "#0"},
				"south": {"uv": [2.75, 11.875, 2.875, 12], "texture": "#0"},
				"west": {"uv": [11.375, 9.25, 12, 9.375], "texture": "#0"},
				"up": {"uv": [9.125, 12, 9, 11.375], "texture": "#0"},
				"down": {"uv": [9.75, 11.375, 9.625, 12], "texture": "#0"}
			}
		},
		{
			"from": [15, 10, 9],
			"to": [16, 11, 14],
			"faces": {
				"north": {"uv": [10, 11.75, 10.125, 11.875], "texture": "#0"},
				"east": {"uv": [9.625, 0.5, 10.25, 0.625], "texture": "#0"},
				"south": {"uv": [10.125, 11.75, 10.25, 11.875], "texture": "#0"},
				"west": {"uv": [11.375, 5.25, 12, 5.375], "texture": "#0"},
				"up": {"uv": [4.25, 12, 4.125, 11.375], "texture": "#0"},
				"down": {"uv": [9, 11.375, 8.875, 12], "texture": "#0"}
			}
		},
		{
			"from": [14, 10, 12],
			"to": [15, 11, 13],
			"faces": {
				"north": {"uv": [11.75, 10.125, 11.875, 10.25], "texture": "#0"},
				"east": {"uv": [10.25, 11.75, 10.375, 11.875], "texture": "#0"},
				"south": {"uv": [11.75, 10.25, 11.875, 10.375], "texture": "#0"},
				"west": {"uv": [10.375, 11.75, 10.5, 11.875], "texture": "#0"},
				"up": {"uv": [11.875, 10.5, 11.75, 10.375], "texture": "#0"},
				"down": {"uv": [10.625, 11.75, 10.5, 11.875], "texture": "#0"}
			}
		},
		{
			"from": [14, 10, 10],
			"to": [15, 11, 11],
			"faces": {
				"north": {"uv": [10.625, 11.75, 10.75, 11.875], "texture": "#0"},
				"east": {"uv": [10.75, 11.75, 10.875, 11.875], "texture": "#0"},
				"south": {"uv": [10.875, 11.75, 11, 11.875], "texture": "#0"},
				"west": {"uv": [11, 11.75, 11.125, 11.875], "texture": "#0"},
				"up": {"uv": [11.25, 11.875, 11.125, 11.75], "texture": "#0"},
				"down": {"uv": [11.875, 11.125, 11.75, 11.25], "texture": "#0"}
			}
		},
		{
			"from": [16, 10, 10],
			"to": [17, 11, 11],
			"faces": {
				"north": {"uv": [11.75, 11.25, 11.875, 11.375], "texture": "#0"},
				"east": {"uv": [11.75, 11.375, 11.875, 11.5], "texture": "#0"},
				"south": {"uv": [11.75, 11.625, 11.875, 11.75], "texture": "#0"},
				"west": {"uv": [11.75, 11.75, 11.875, 11.875], "texture": "#0"},
				"up": {"uv": [12, 0.375, 11.875, 0.25], "texture": "#0"},
				"down": {"uv": [12, 0.375, 11.875, 0.5], "texture": "#0"}
			}
		},
		{
			"from": [12, 10, 10],
			"to": [13, 11, 11],
			"faces": {
				"north": {"uv": [0.5, 11.875, 0.625, 12], "texture": "#0"},
				"east": {"uv": [11.875, 0.5, 12, 0.625], "texture": "#0"},
				"south": {"uv": [0.625, 11.875, 0.75, 12], "texture": "#0"},
				"west": {"uv": [11.875, 0.625, 12, 0.75], "texture": "#0"},
				"up": {"uv": [12, 0.875, 11.875, 0.75], "texture": "#0"},
				"down": {"uv": [12, 0.875, 11.875, 1], "texture": "#0"}
			}
		},
		{
			"from": [16, 10, 12],
			"to": [17, 11, 13],
			"faces": {
				"north": {"uv": [11.875, 1, 12, 1.125], "texture": "#0"},
				"east": {"uv": [11.875, 1.125, 12, 1.25], "texture": "#0"},
				"south": {"uv": [11.875, 1.5, 12, 1.625], "texture": "#0"},
				"west": {"uv": [11.875, 1.625, 12, 1.75], "texture": "#0"},
				"up": {"uv": [12, 1.875, 11.875, 1.75], "texture": "#0"},
				"down": {"uv": [12, 1.875, 11.875, 2], "texture": "#0"}
			}
		},
		{
			"from": [12, 10, 12],
			"to": [13, 11, 13],
			"faces": {
				"north": {"uv": [11.875, 2, 12, 2.125], "texture": "#0"},
				"east": {"uv": [11.875, 2.125, 12, 2.25], "texture": "#0"},
				"south": {"uv": [11.875, 2.375, 12, 2.5], "texture": "#0"},
				"west": {"uv": [2.5, 11.875, 2.625, 12], "texture": "#0"},
				"up": {"uv": [12, 2.625, 11.875, 2.5], "texture": "#0"},
				"down": {"uv": [2.75, 11.875, 2.625, 12], "texture": "#0"}
			}
		},
		{
			"from": [13, 10, 9],
			"to": [14, 11, 14],
			"faces": {
				"north": {"uv": [11.875, 2.625, 12, 2.75], "texture": "#0"},
				"east": {"uv": [11.375, 8.75, 12, 8.875], "texture": "#0"},
				"south": {"uv": [2.75, 11.875, 2.875, 12], "texture": "#0"},
				"west": {"uv": [11.375, 9.25, 12, 9.375], "texture": "#0"},
				"up": {"uv": [9.125, 12, 9, 11.375], "texture": "#0"},
				"down": {"uv": [9.75, 11.375, 9.625, 12], "texture": "#0"}
			}
		},
		{
			"from": [18, -6.5, 10],
			"to": [19, -5.5, 15],
			"rotation": {"angle": 22.5, "axis": "z", "origin": [0, 0, 0]},
			"faces": {
				"north": {"uv": [10, 11.75, 10.125, 11.875], "rotation": 270, "texture": "#0"},
				"east": {"uv": [4.25, 12, 4.125, 11.375], "rotation": 90, "texture": "#0"},
				"south": {"uv": [10.125, 11.75, 10.25, 11.875], "rotation": 90, "texture": "#0"},
				"west": {"uv": [9, 11.375, 8.875, 12], "rotation": 90, "texture": "#0"},
				"up": {"uv": [11.375, 5.25, 12, 5.375], "rotation": 90, "texture": "#0"},
				"down": {"uv": [9.625, 0.5, 10.25, 0.625], "rotation": 90, "texture": "#0"}
			}
		},
		{
			"from": [18, -5.5, 13],
			"to": [19, -4.5, 14],
			"rotation": {"angle": 22.5, "axis": "z", "origin": [0, 0, 0]},
			"faces": {
				"north": {"uv": [11.75, 10.125, 11.875, 10.25], "rotation": 270, "texture": "#0"},
				"east": {"uv": [11.875, 10.5, 11.75, 10.375], "rotation": 90, "texture": "#0"},
				"south": {"uv": [11.75, 10.25, 11.875, 10.375], "rotation": 90, "texture": "#0"},
				"west": {"uv": [10.625, 11.75, 10.5, 11.875], "rotation": 90, "texture": "#0"},
				"up": {"uv": [10.375, 11.75, 10.5, 11.875], "rotation": 90, "texture": "#0"},
				"down": {"uv": [10.25, 11.75, 10.375, 11.875], "rotation": 90, "texture": "#0"}
			}
		},
		{
			"from": [18, -5.5, 11],
			"to": [19, -4.5, 12],
			"rotation": {"angle": 22.5, "axis": "z", "origin": [0, 0, 0]},
			"faces": {
				"north": {"uv": [10.625, 11.75, 10.75, 11.875], "rotation": 270, "texture": "#0"},
				"east": {"uv": [11.25, 11.875, 11.125, 11.75], "rotation": 90, "texture": "#0"},
				"south": {"uv": [10.875, 11.75, 11, 11.875], "rotation": 90, "texture": "#0"},
				"west": {"uv": [11.875, 11.125, 11.75, 11.25], "rotation": 90, "texture": "#0"},
				"up": {"uv": [11, 11.75, 11.125, 11.875], "rotation": 90, "texture": "#0"},
				"down": {"uv": [10.75, 11.75, 10.875, 11.875], "rotation": 90, "texture": "#0"}
			}
		},
		{
			"from": [18, -7.5, 11],
			"to": [19, -6.5, 12],
			"rotation": {"angle": 22.5, "axis": "z", "origin": [0, 0, 0]},
			"faces": {
				"north": {"uv": [11.75, 11.25, 11.875, 11.375], "rotation": 270, "texture": "#0"},
				"east": {"uv": [12, 0.375, 11.875, 0.25], "rotation": 90, "texture": "#0"},
				"south": {"uv": [11.75, 11.625, 11.875, 11.75], "rotation": 90, "texture": "#0"},
				"west": {"uv": [12, 0.375, 11.875, 0.5], "rotation": 90, "texture": "#0"},
				"up": {"uv": [11.75, 11.75, 11.875, 11.875], "rotation": 90, "texture": "#0"},
				"down": {"uv": [11.75, 11.375, 11.875, 11.5], "rotation": 90, "texture": "#0"}
			}
		},
		{
			"from": [18, -3.5, 11],
			"to": [19, -2.5, 12],
			"rotation": {"angle": 22.5, "axis": "z", "origin": [0, 0, 0]},
			"faces": {
				"north": {"uv": [0.5, 11.875, 0.625, 12], "rotation": 270, "texture": "#0"},
				"east": {"uv": [12, 0.875, 11.875, 0.75], "rotation": 90, "texture": "#0"},
				"south": {"uv": [0.625, 11.875, 0.75, 12], "rotation": 90, "texture": "#0"},
				"west": {"uv": [12, 0.875, 11.875, 1], "rotation": 90, "texture": "#0"},
				"up": {"uv": [11.875, 0.625, 12, 0.75], "rotation": 90, "texture": "#0"},
				"down": {"uv": [11.875, 0.5, 12, 0.625], "rotation": 90, "texture": "#0"}
			}
		},
		{
			"from": [18, -7.5, 13],
			"to": [19, -6.5, 14],
			"rotation": {"angle": 22.5, "axis": "z", "origin": [0, 0, 0]},
			"faces": {
				"north": {"uv": [11.875, 1, 12, 1.125], "rotation": 270, "texture": "#0"},
				"east": {"uv": [12, 1.875, 11.875, 1.75], "rotation": 90, "texture": "#0"},
				"south": {"uv": [11.875, 1.5, 12, 1.625], "rotation": 90, "texture": "#0"},
				"west": {"uv": [12, 1.875, 11.875, 2], "rotation": 90, "texture": "#0"},
				"up": {"uv": [11.875, 1.625, 12, 1.75], "rotation": 90, "texture": "#0"},
				"down": {"uv": [11.875, 1.125, 12, 1.25], "rotation": 90, "texture": "#0"}
			}
		},
		{
			"from": [18, -3.5, 13],
			"to": [19, -2.5, 14],
			"rotation": {"angle": 22.5, "axis": "z", "origin": [0, 0, 0]},
			"faces": {
				"north": {"uv": [11.875, 2, 12, 2.125], "rotation": 270, "texture": "#0"},
				"east": {"uv": [12, 2.625, 11.875, 2.5], "rotation": 90, "texture": "#0"},
				"south": {"uv": [11.875, 2.375, 12, 2.5], "rotation": 90, "texture": "#0"},
				"west": {"uv": [2.75, 11.875, 2.625, 12], "rotation": 90, "texture": "#0"},
				"up": {"uv": [2.5, 11.875, 2.625, 12], "rotation": 90, "texture": "#0"},
				"down": {"uv": [11.875, 2.125, 12, 2.25], "rotation": 90, "texture": "#0"}
			}
		},
		{
			"from": [18, -4.5, 10],
			"to": [19, -3.5, 15],
			"rotation": {"angle": 22.5, "axis": "z", "origin": [0, 0, 0]},
			"faces": {
				"north": {"uv": [11.875, 2.625, 12, 2.75], "rotation": 270, "texture": "#0"},
				"east": {"uv": [9.125, 12, 9, 11.375], "rotation": 90, "texture": "#0"},
				"south": {"uv": [2.75, 11.875, 2.875, 12], "rotation": 90, "texture": "#0"},
				"west": {"uv": [9.75, 11.375, 9.625, 12], "rotation": 90, "texture": "#0"},
				"up": {"uv": [11.375, 9.25, 12, 9.375], "rotation": 90, "texture": "#0"},
				"down": {"uv": [11.375, 8.75, 12, 8.875], "rotation": 90, "texture": "#0"}
			}
		},
		{
			"from": [-1, 10, 9],
			"to": [0, 11, 14],
			"rotation": {"angle": 22.5, "axis": "y", "origin": [0, 0, 0]},
			"faces": {
				"north": {"uv": [10, 11.75, 10.125, 11.875], "texture": "#0"},
				"east": {"uv": [9.625, 0.5, 10.25, 0.625], "texture": "#0"},
				"south": {"uv": [10.125, 11.75, 10.25, 11.875], "texture": "#0"},
				"west": {"uv": [11.375, 5.25, 12, 5.375], "texture": "#0"},
				"up": {"uv": [4.25, 12, 4.125, 11.375], "texture": "#0"},
				"down": {"uv": [9, 11.375, 8.875, 12], "texture": "#0"}
			}
		},
		{
			"from": [-2, 10, 12],
			"to": [-1, 11, 13],
			"rotation": {"angle": 22.5, "axis": "y", "origin": [0, 0, 0]},
			"faces": {
				"north": {"uv": [11.75, 10.125, 11.875, 10.25], "texture": "#0"},
				"east": {"uv": [10.25, 11.75, 10.375, 11.875], "texture": "#0"},
				"south": {"uv": [11.75, 10.25, 11.875, 10.375], "texture": "#0"},
				"west": {"uv": [10.375, 11.75, 10.5, 11.875], "texture": "#0"},
				"up": {"uv": [11.875, 10.5, 11.75, 10.375], "texture": "#0"},
				"down": {"uv": [10.625, 11.75, 10.5, 11.875], "texture": "#0"}
			}
		},
		{
			"from": [-2, 10, 10],
			"to": [-1, 11, 11],
			"rotation": {"angle": 22.5, "axis": "y", "origin": [0, 0, 0]},
			"faces": {
				"north": {"uv": [10.625, 11.75, 10.75, 11.875], "texture": "#0"},
				"east": {"uv": [10.75, 11.75, 10.875, 11.875], "texture": "#0"},
				"south": {"uv": [10.875, 11.75, 11, 11.875], "texture": "#0"},
				"west": {"uv": [11, 11.75, 11.125, 11.875], "texture": "#0"},
				"up": {"uv": [11.25, 11.875, 11.125, 11.75], "texture": "#0"},
				"down": {"uv": [11.875, 11.125, 11.75, 11.25], "texture": "#0"}
			}
		},
		{
			"from": [0, 10, 10],
			"to": [1, 11, 11],
			"rotation": {"angle": 22.5, "axis": "y", "origin": [0, 0, 0]},
			"faces": {
				"north": {"uv": [11.75, 11.25, 11.875, 11.375], "texture": "#0"},
				"east": {"uv": [11.75, 11.375, 11.875, 11.5], "texture": "#0"},
				"south": {"uv": [11.75, 11.625, 11.875, 11.75], "texture": "#0"},
				"west": {"uv": [11.75, 11.75, 11.875, 11.875], "texture": "#0"},
				"up": {"uv": [12, 0.375, 11.875, 0.25], "texture": "#0"},
				"down": {"uv": [12, 0.375, 11.875, 0.5], "texture": "#0"}
			}
		},
		{
			"from": [-4, 10, 10],
			"to": [-3, 11, 11],
			"rotation": {"angle": 22.5, "axis": "y", "origin": [0, 0, 0]},
			"faces": {
				"north": {"uv": [0.5, 11.875, 0.625, 12], "texture": "#0"},
				"east": {"uv": [11.875, 0.5, 12, 0.625], "texture": "#0"},
				"south": {"uv": [0.625, 11.875, 0.75, 12], "texture": "#0"},
				"west": {"uv": [11.875, 0.625, 12, 0.75], "texture": "#0"},
				"up": {"uv": [12, 0.875, 11.875, 0.75], "texture": "#0"},
				"down": {"uv": [12, 0.875, 11.875, 1], "texture": "#0"}
			}
		},
		{
			"from": [0, 10, 12],
			"to": [1, 11, 13],
			"rotation": {"angle": 22.5, "axis": "y", "origin": [0, 0, 0]},
			"faces": {
				"north": {"uv": [11.875, 1, 12, 1.125], "texture": "#0"},
				"east": {"uv": [11.875, 1.125, 12, 1.25], "texture": "#0"},
				"south": {"uv": [11.875, 1.5, 12, 1.625], "texture": "#0"},
				"west": {"uv": [11.875, 1.625, 12, 1.75], "texture": "#0"},
				"up": {"uv": [12, 1.875, 11.875, 1.75], "texture": "#0"},
				"down": {"uv": [12, 1.875, 11.875, 2], "texture": "#0"}
			}
		},
		{
			"from": [-4, 10, 12],
			"to": [-3, 11, 13],
			"rotation": {"angle": 22.5, "axis": "y", "origin": [0, 0, 0]},
			"faces": {
				"north": {"uv": [11.875, 2, 12, 2.125], "texture": "#0"},
				"east": {"uv": [11.875, 2.125, 12, 2.25], "texture": "#0"},
				"south": {"uv": [11.875, 2.375, 12, 2.5], "texture": "#0"},
				"west": {"uv": [2.5, 11.875, 2.625, 12], "texture": "#0"},
				"up": {"uv": [12, 2.625, 11.875, 2.5], "texture": "#0"},
				"down": {"uv": [2.75, 11.875, 2.625, 12], "texture": "#0"}
			}
		},
		{
			"from": [-3, 10, 9],
			"to": [-2, 11, 14],
			"rotation": {"angle": 22.5, "axis": "y", "origin": [0, 0, 0]},
			"faces": {
				"north": {"uv": [11.875, 2.625, 12, 2.75], "texture": "#0"},
				"east": {"uv": [11.375, 8.75, 12, 8.875], "texture": "#0"},
				"south": {"uv": [2.75, 11.875, 2.875, 12], "texture": "#0"},
				"west": {"uv": [11.375, 9.25, 12, 9.375], "texture": "#0"},
				"up": {"uv": [9.125, 12, 9, 11.375], "texture": "#0"},
				"down": {"uv": [9.75, 11.375, 9.625, 12], "texture": "#0"}
			}
		},
		{
			"from": [-3, 10, 3],
			"to": [2, 11, 4],
			"rotation": {"angle": 22.5, "axis": "y", "origin": [0, 0, 0]},
			"faces": {
				"north": {"uv": [9.625, 0.5, 10.25, 0.625], "texture": "#0"},
				"east": {"uv": [10.125, 11.75, 10.25, 11.875], "texture": "#0"},
				"south": {"uv": [11.375, 5.25, 12, 5.375], "texture": "#0"},
				"west": {"uv": [10, 11.75, 10.125, 11.875], "texture": "#0"},
				"up": {"uv": [4.25, 12, 4.125, 11.375], "rotation": 270, "texture": "#0"},
				"down": {"uv": [9, 11.375, 8.875, 12], "rotation": 90, "texture": "#0"}
			}
		},
		{
			"from": [0, 10, 4],
			"to": [1, 11, 5],
			"rotation": {"angle": 22.5, "axis": "y", "origin": [0, 0, 0]},
			"faces": {
				"north": {"uv": [10.25, 11.75, 10.375, 11.875], "texture": "#0"},
				"east": {"uv": [11.75, 10.25, 11.875, 10.375], "texture": "#0"},
				"south": {"uv": [10.375, 11.75, 10.5, 11.875], "texture": "#0"},
				"west": {"uv": [11.75, 10.125, 11.875, 10.25], "texture": "#0"},
				"up": {"uv": [11.875, 10.5, 11.75, 10.375], "rotation": 270, "texture": "#0"},
				"down": {"uv": [10.625, 11.75, 10.5, 11.875], "rotation": 90, "texture": "#0"}
			}
		},
		{
			"from": [-2, 10, 4],
			"to": [-1, 11, 5],
			"rotation": {"angle": 22.5, "axis": "y", "origin": [0, 0, 0]},
			"faces": {
				"north": {"uv": [10.75, 11.75, 10.875, 11.875], "texture": "#0"},
				"east": {"uv": [10.875, 11.75, 11, 11.875], "texture": "#0"},
				"south": {"uv": [11, 11.75, 11.125, 11.875], "texture": "#0"},
				"west": {"uv": [10.625, 11.75, 10.75, 11.875], "texture": "#0"},
				"up": {"uv": [11.25, 11.875, 11.125, 11.75], "rotation": 270, "texture": "#0"},
				"down": {"uv": [11.875, 11.125, 11.75, 11.25], "rotation": 90, "texture": "#0"}
			}
		},
		{
			"from": [-2, 10, 2],
			"to": [-1, 11, 3],
			"rotation": {"angle": 22.5, "axis": "y", "origin": [0, 0, 0]},
			"faces": {
				"north": {"uv": [11.75, 11.375, 11.875, 11.5], "texture": "#0"},
				"east": {"uv": [11.75, 11.625, 11.875, 11.75], "texture": "#0"},
				"south": {"uv": [11.75, 11.75, 11.875, 11.875], "texture": "#0"},
				"west": {"uv": [11.75, 11.25, 11.875, 11.375], "texture": "#0"},
				"up": {"uv": [12, 0.375, 11.875, 0.25], "rotation": 270, "texture": "#0"},
				"down": {"uv": [12, 0.375, 11.875, 0.5], "rotation": 90, "texture": "#0"}
			}
		},
		{
			"from": [-2, 10, 6],
			"to": [-1, 11, 7],
			"rotation": {"angle": 22.5, "axis": "y", "origin": [0, 0, 0]},
			"faces": {
				"north": {"uv": [11.875, 0.5, 12, 0.625], "texture": "#0"},
				"east": {"uv": [0.625, 11.875, 0.75, 12], "texture": "#0"},
				"south": {"uv": [11.875, 0.625, 12, 0.75], "texture": "#0"},
				"west": {"uv": [0.5, 11.875, 0.625, 12], "texture": "#0"},
				"up": {"uv": [12, 0.875, 11.875, 0.75], "rotation": 270, "texture": "#0"},
				"down": {"uv": [12, 0.875, 11.875, 1], "rotation": 90, "texture": "#0"}
			}
		},
		{
			"from": [0, 10, 2],
			"to": [1, 11, 3],
			"rotation": {"angle": 22.5, "axis": "y", "origin": [0, 0, 0]},
			"faces": {
				"north": {"uv": [11.875, 1.125, 12, 1.25], "texture": "#0"},
				"east": {"uv": [11.875, 1.5, 12, 1.625], "texture": "#0"},
				"south": {"uv": [11.875, 1.625, 12, 1.75], "texture": "#0"},
				"west": {"uv": [11.875, 1, 12, 1.125], "texture": "#0"},
				"up": {"uv": [12, 1.875, 11.875, 1.75], "rotation": 270, "texture": "#0"},
				"down": {"uv": [12, 1.875, 11.875, 2], "rotation": 90, "texture": "#0"}
			}
		},
		{
			"from": [0, 10, 6],
			"to": [1, 11, 7],
			"rotation": {"angle": 22.5, "axis": "y", "origin": [0, 0, 0]},
			"faces": {
				"north": {"uv": [11.875, 2.125, 12, 2.25], "texture": "#0"},
				"east": {"uv": [11.875, 2.375, 12, 2.5], "texture": "#0"},
				"south": {"uv": [2.5, 11.875, 2.625, 12], "texture": "#0"},
				"west": {"uv": [11.875, 2, 12, 2.125], "texture": "#0"},
				"up": {"uv": [12, 2.625, 11.875, 2.5], "rotation": 270, "texture": "#0"},
				"down": {"uv": [2.75, 11.875, 2.625, 12], "rotation": 90, "texture": "#0"}
			}
		},
		{
			"from": [-3, 10, 5],
			"to": [2, 11, 6],
			"rotation": {"angle": 22.5, "axis": "y", "origin": [0, 0, 0]},
			"faces": {
				"north": {"uv": [11.375, 8.75, 12, 8.875], "texture": "#0"},
				"east": {"uv": [2.75, 11.875, 2.875, 12], "texture": "#0"},
				"south": {"uv": [11.375, 9.25, 12, 9.375], "texture": "#0"},
				"west": {"uv": [11.875, 2.625, 12, 2.75], "texture": "#0"},
				"up": {"uv": [9.125, 12, 9, 11.375], "rotation": 270, "texture": "#0"},
				"down": {"uv": [9.75, 11.375, 9.625, 12], "rotation": 90, "texture": "#0"}
			}
		},
		{
			"from": [-3, 0, -6],
			"to": [2, 1, -5],
			"rotation": {"angle": 22.5, "axis": "y", "origin": [0, 0, 0]},
			"faces": {
				"north": {"uv": [9.625, 0.5, 10.25, 0.625], "texture": "#0"},
				"east": {"uv": [10.125, 11.75, 10.25, 11.875], "texture": "#0"},
				"south": {"uv": [11.375, 5.25, 12, 5.375], "texture": "#0"},
				"west": {"uv": [10, 11.75, 10.125, 11.875], "texture": "#0"},
				"up": {"uv": [4.25, 12, 4.125, 11.375], "rotation": 270, "texture": "#0"},
				"down": {"uv": [9, 11.375, 8.875, 12], "rotation": 90, "texture": "#0"}
			}
		},
		{
			"from": [0, 0, -5],
			"to": [1, 1, -4],
			"rotation": {"angle": 22.5, "axis": "y", "origin": [0, 0, 0]},
			"faces": {
				"north": {"uv": [10.25, 11.75, 10.375, 11.875], "texture": "#0"},
				"east": {"uv": [11.75, 10.25, 11.875, 10.375], "texture": "#0"},
				"south": {"uv": [10.375, 11.75, 10.5, 11.875], "texture": "#0"},
				"west": {"uv": [11.75, 10.125, 11.875, 10.25], "texture": "#0"},
				"up": {"uv": [11.875, 10.5, 11.75, 10.375], "rotation": 270, "texture": "#0"},
				"down": {"uv": [10.625, 11.75, 10.5, 11.875], "rotation": 90, "texture": "#0"}
			}
		},
		{
			"from": [-2, 0, -5],
			"to": [-1, 1, -4],
			"rotation": {"angle": 22.5, "axis": "y", "origin": [0, 0, 0]},
			"faces": {
				"north": {"uv": [10.75, 11.75, 10.875, 11.875], "texture": "#0"},
				"east": {"uv": [10.875, 11.75, 11, 11.875], "texture": "#0"},
				"south": {"uv": [11, 11.75, 11.125, 11.875], "texture": "#0"},
				"west": {"uv": [10.625, 11.75, 10.75, 11.875], "texture": "#0"},
				"up": {"uv": [11.25, 11.875, 11.125, 11.75], "rotation": 270, "texture": "#0"},
				"down": {"uv": [11.875, 11.125, 11.75, 11.25], "rotation": 90, "texture": "#0"}
			}
		},
		{
			"from": [-2, 0, -7],
			"to": [-1, 1, -6],
			"rotation": {"angle": 22.5, "axis": "y", "origin": [0, 0, 0]},
			"faces": {
				"north": {"uv": [11.75, 11.375, 11.875, 11.5], "texture": "#0"},
				"east": {"uv": [11.75, 11.625, 11.875, 11.75], "texture": "#0"},
				"south": {"uv": [11.75, 11.75, 11.875, 11.875], "texture": "#0"},
				"west": {"uv": [11.75, 11.25, 11.875, 11.375], "texture": "#0"},
				"up": {"uv": [12, 0.375, 11.875, 0.25], "rotation": 270, "texture": "#0"},
				"down": {"uv": [12, 0.375, 11.875, 0.5], "rotation": 90, "texture": "#0"}
			}
		},
		{
			"from": [-2, 0, -3],
			"to": [-1, 1, -2],
			"rotation": {"angle": 22.5, "axis": "y", "origin": [0, 0, 0]},
			"faces": {
				"north": {"uv": [11.875, 0.5, 12, 0.625], "texture": "#0"},
				"east": {"uv": [0.625, 11.875, 0.75, 12], "texture": "#0"},
				"south": {"uv": [11.875, 0.625, 12, 0.75], "texture": "#0"},
				"west": {"uv": [0.5, 11.875, 0.625, 12], "texture": "#0"},
				"up": {"uv": [12, 0.875, 11.875, 0.75], "rotation": 270, "texture": "#0"},
				"down": {"uv": [12, 0.875, 11.875, 1], "rotation": 90, "texture": "#0"}
			}
		},
		{
			"from": [0, 0, -7],
			"to": [1, 1, -6],
			"rotation": {"angle": 22.5, "axis": "y", "origin": [0, 0, 0]},
			"faces": {
				"north": {"uv": [11.875, 1.125, 12, 1.25], "texture": "#0"},
				"east": {"uv": [11.875, 1.5, 12, 1.625], "texture": "#0"},
				"south": {"uv": [11.875, 1.625, 12, 1.75], "texture": "#0"},
				"west": {"uv": [11.875, 1, 12, 1.125], "texture": "#0"},
				"up": {"uv": [12, 1.875, 11.875, 1.75], "rotation": 270, "texture": "#0"},
				"down": {"uv": [12, 1.875, 11.875, 2], "rotation": 90, "texture": "#0"}
			}
		},
		{
			"from": [0, 0, -3],
			"to": [1, 1, -2],
			"rotation": {"angle": 22.5, "axis": "y", "origin": [0, 0, 0]},
			"faces": {
				"north": {"uv": [11.875, 2.125, 12, 2.25], "texture": "#0"},
				"east": {"uv": [11.875, 2.375, 12, 2.5], "texture": "#0"},
				"south": {"uv": [2.5, 11.875, 2.625, 12], "texture": "#0"},
				"west": {"uv": [11.875, 2, 12, 2.125], "texture": "#0"},
				"up": {"uv": [12, 2.625, 11.875, 2.5], "rotation": 270, "texture": "#0"},
				"down": {"uv": [2.75, 11.875, 2.625, 12], "rotation": 90, "texture": "#0"}
			}
		},
		{
			"from": [-3, 0, -4],
			"to": [2, 1, -3],
			"rotation": {"angle": 22.5, "axis": "y", "origin": [0, 0, 0]},
			"faces": {
				"north": {"uv": [11.375, 8.75, 12, 8.875], "texture": "#0"},
				"east": {"uv": [2.75, 11.875, 2.875, 12], "texture": "#0"},
				"south": {"uv": [11.375, 9.25, 12, 9.375], "texture": "#0"},
				"west": {"uv": [11.875, 2.625, 12, 2.75], "texture": "#0"},
				"up": {"uv": [9.125, 12, 9, 11.375], "rotation": 270, "texture": "#0"},
				"down": {"uv": [9.75, 11.375, 9.625, 12], "rotation": 90, "texture": "#0"}
			}
		},
		{
			"from": [-6, 0, 18],
			"to": [-1, 1, 19],
			"rotation": {"angle": 22.5, "axis": "y", "origin": [0, 0, 0]},
			"faces": {
				"north": {"uv": [9.625, 0.5, 10.25, 0.625], "texture": "#0"},
				"east": {"uv": [10.125, 11.75, 10.25, 11.875], "texture": "#0"},
				"south": {"uv": [11.375, 5.25, 12, 5.375], "texture": "#0"},
				"west": {"uv": [10, 11.75, 10.125, 11.875], "texture": "#0"},
				"up": {"uv": [4.25, 12, 4.125, 11.375], "rotation": 270, "texture": "#0"},
				"down": {"uv": [9, 11.375, 8.875, 12], "rotation": 90, "texture": "#0"}
			}
		},
		{
			"from": [-3, 0, 19],
			"to": [-2, 1, 20],
			"rotation": {"angle": 22.5, "axis": "y", "origin": [0, 0, 0]},
			"faces": {
				"north": {"uv": [10.25, 11.75, 10.375, 11.875], "texture": "#0"},
				"east": {"uv": [11.75, 10.25, 11.875, 10.375], "texture": "#0"},
				"south": {"uv": [10.375, 11.75, 10.5, 11.875], "texture": "#0"},
				"west": {"uv": [11.75, 10.125, 11.875, 10.25], "texture": "#0"},
				"up": {"uv": [11.875, 10.5, 11.75, 10.375], "rotation": 270, "texture": "#0"},
				"down": {"uv": [10.625, 11.75, 10.5, 11.875], "rotation": 90, "texture": "#0"}
			}
		},
		{
			"from": [-5, 0, 19],
			"to": [-4, 1, 20],
			"rotation": {"angle": 22.5, "axis": "y", "origin": [0, 0, 0]},
			"faces": {
				"north": {"uv": [10.75, 11.75, 10.875, 11.875], "texture": "#0"},
				"east": {"uv": [10.875, 11.75, 11, 11.875], "texture": "#0"},
				"south": {"uv": [11, 11.75, 11.125, 11.875], "texture": "#0"},
				"west": {"uv": [10.625, 11.75, 10.75, 11.875], "texture": "#0"},
				"up": {"uv": [11.25, 11.875, 11.125, 11.75], "rotation": 270, "texture": "#0"},
				"down": {"uv": [11.875, 11.125, 11.75, 11.25], "rotation": 90, "texture": "#0"}
			}
		},
		{
			"from": [-5, 0, 17],
			"to": [-4, 1, 18],
			"rotation": {"angle": 22.5, "axis": "y", "origin": [0, 0, 0]},
			"faces": {
				"north": {"uv": [11.75, 11.375, 11.875, 11.5], "texture": "#0"},
				"east": {"uv": [11.75, 11.625, 11.875, 11.75], "texture": "#0"},
				"south": {"uv": [11.75, 11.75, 11.875, 11.875], "texture": "#0"},
				"west": {"uv": [11.75, 11.25, 11.875, 11.375], "texture": "#0"},
				"up": {"uv": [12, 0.375, 11.875, 0.25], "rotation": 270, "texture": "#0"},
				"down": {"uv": [12, 0.375, 11.875, 0.5], "rotation": 90, "texture": "#0"}
			}
		},
		{
			"from": [-5, 0, 21],
			"to": [-4, 1, 22],
			"rotation": {"angle": 22.5, "axis": "y", "origin": [0, 0, 0]},
			"faces": {
				"north": {"uv": [11.875, 0.5, 12, 0.625], "texture": "#0"},
				"east": {"uv": [0.625, 11.875, 0.75, 12], "texture": "#0"},
				"south": {"uv": [11.875, 0.625, 12, 0.75], "texture": "#0"},
				"west": {"uv": [0.5, 11.875, 0.625, 12], "texture": "#0"},
				"up": {"uv": [12, 0.875, 11.875, 0.75], "rotation": 270, "texture": "#0"},
				"down": {"uv": [12, 0.875, 11.875, 1], "rotation": 90, "texture": "#0"}
			}
		},
		{
			"from": [-3, 0, 17],
			"to": [-2, 1, 18],
			"rotation": {"angle": 22.5, "axis": "y", "origin": [0, 0, 0]},
			"faces": {
				"north": {"uv": [11.875, 1.125, 12, 1.25], "texture": "#0"},
				"east": {"uv": [11.875, 1.5, 12, 1.625], "texture": "#0"},
				"south": {"uv": [11.875, 1.625, 12, 1.75], "texture": "#0"},
				"west": {"uv": [11.875, 1, 12, 1.125], "texture": "#0"},
				"up": {"uv": [12, 1.875, 11.875, 1.75], "rotation": 270, "texture": "#0"},
				"down": {"uv": [12, 1.875, 11.875, 2], "rotation": 90, "texture": "#0"}
			}
		},
		{
			"from": [-3, 0, 21],
			"to": [-2, 1, 22],
			"rotation": {"angle": 22.5, "axis": "y", "origin": [0, 0, 0]},
			"faces": {
				"north": {"uv": [11.875, 2.125, 12, 2.25], "texture": "#0"},
				"east": {"uv": [11.875, 2.375, 12, 2.5], "texture": "#0"},
				"south": {"uv": [2.5, 11.875, 2.625, 12], "texture": "#0"},
				"west": {"uv": [11.875, 2, 12, 2.125], "texture": "#0"},
				"up": {"uv": [12, 2.625, 11.875, 2.5], "rotation": 270, "texture": "#0"},
				"down": {"uv": [2.75, 11.875, 2.625, 12], "rotation": 90, "texture": "#0"}
			}
		},
		{
			"from": [-6, 0, 20],
			"to": [-1, 1, 21],
			"rotation": {"angle": 22.5, "axis": "y", "origin": [0, 0, 0]},
			"faces": {
				"north": {"uv": [11.375, 8.75, 12, 8.875], "texture": "#0"},
				"east": {"uv": [2.75, 11.875, 2.875, 12], "texture": "#0"},
				"south": {"uv": [11.375, 9.25, 12, 9.375], "texture": "#0"},
				"west": {"uv": [11.875, 2.625, 12, 2.75], "texture": "#0"},
				"up": {"uv": [9.125, 12, 9, 11.375], "rotation": 270, "texture": "#0"},
				"down": {"uv": [9.75, 11.375, 9.625, 12], "rotation": 90, "texture": "#0"}
			}
		},
		{
			"from": [-10, 0, 1],
			"to": [-4, 4, 11],
			"rotation": {"angle": -22.5, "axis": "y", "origin": [0, 0, 0]},
			"faces": {
				"north": {"uv": [8.75, 1.875, 9.5, 2.375], "texture": "#0"},
				"east": {"uv": [3.75, 8.25, 5, 8.75], "texture": "#0"},
				"south": {"uv": [2.625, 8.75, 3.375, 9.25], "texture": "#0"},
				"west": {"uv": [5, 8.25, 6.25, 8.75], "texture": "#0"},
				"up": {"uv": [4.75, 8.25, 4, 7], "texture": "#0"},
				"down": {"uv": [5.5, 7, 4.75, 8.25], "texture": "#0"}
			}
		},
		{
			"from": [-9, 4, 4],
			"to": [-5, 10, 8],
			"rotation": {"angle": -22.5, "axis": "y", "origin": [0, 0, 0]},
			"faces": {
				"north": {"uv": [3.375, 8.75, 3.875, 9.5], "texture": "#0"},
				"east": {"uv": [3.875, 8.75, 4.375, 9.5], "texture": "#0"},
				"south": {"uv": [4.375, 8.75, 4.875, 9.5], "texture": "#0"},
				"west": {"uv": [4.875, 8.75, 5.375, 9.5], "texture": "#0"},
				"up": {"uv": [7.875, 10.875, 7.375, 10.375], "texture": "#0"},
				"down": {"uv": [8.375, 10.375, 7.875, 10.875], "texture": "#0"}
			}
		},
		{
			"from": [-12, 7, 5],
			"to": [-2, 9, 7],
			"rotation": {"angle": -22.5, "axis": "y", "origin": [0, 0, 0]},
			"faces": {
				"north": {"uv": [8.625, 8.875, 9.875, 9.125], "texture": "#0"},
				"east": {"uv": [11.625, 0.25, 11.875, 0.5], "texture": "#0"},
				"south": {"uv": [0.875, 9, 2.125, 9.25], "texture": "#0"},
				"west": {"uv": [0.5, 11.625, 0.75, 11.875], "texture": "#0"},
				"up": {"uv": [9, 9.375, 7.75, 9.125], "texture": "#0"},
				"down": {"uv": [10.25, 9.125, 9, 9.375], "texture": "#0"}
			}
		},
		{
			"from": [-11, 10, 2],
			"to": [-3, 18, 10],
			"rotation": {"angle": -22.5, "axis": "y", "origin": [0, 0, 0]},
			"faces": {
				"north": {"uv": [6.5, 6.5, 7.5, 7.5], "texture": "#0"},
				"east": {"uv": [0, 6.75, 1, 7.75], "texture": "#0"},
				"south": {"uv": [1, 6.75, 2, 7.75], "texture": "#0"},
				"west": {"uv": [2, 6.75, 3, 7.75], "texture": "#0"},
				"up": {"uv": [4, 7.75, 3, 6.75], "texture": "#0"},
				"down": {"uv": [7.75, 5, 6.75, 6], "texture": "#0"}
			}
		},
		{
			"from": [-10, 18, 8],
			"to": [-9, 22, 9],
			"rotation": {"angle": -22.5, "axis": "y", "origin": [0, 0, 0]},
			"faces": {
				"north": {"uv": [11.625, 0.5, 11.75, 1], "texture": "#0"},
				"east": {"uv": [0.75, 11.625, 0.875, 12.125], "texture": "#0"},
				"south": {"uv": [11.625, 1.5, 11.75, 2], "texture": "#0"},
				"west": {"uv": [5, 11.625, 5.125, 12.125], "texture": "#0"},
				"up": {"uv": [3, 12, 2.875, 11.875], "texture": "#0"},
				"down": {"uv": [12, 2.875, 11.875, 3], "texture": "#0"}
			}
		},
		{
			"from": [-10.5, 22, 7.5],
			"to": [-8.5, 24, 9.5],
			"rotation": {"angle": -22.5, "axis": "y", "origin": [0, 0, 0]},
			"faces": {
				"north": {"uv": [11.625, 1, 11.875, 1.25], "texture": "#0"},
				"east": {"uv": [11.625, 2, 11.875, 2.25], "texture": "#0"},
				"south": {"uv": [11.625, 2.5, 11.875, 2.75], "texture": "#0"},
				"west": {"uv": [11.625, 4, 11.875, 4.25], "texture": "#0"},
				"up": {"uv": [11.875, 5.125, 11.625, 4.875], "texture": "#0"},
				"down": {"uv": [5.375, 11.625, 5.125, 11.875], "texture": "#0"}
			}
		},
		{
			"from": [-10, 11, 1],
			"to": [-4, 17, 2],
			"rotation": {"angle": -22.5, "axis": "y", "origin": [0, 0, 0]},
			"faces": {
				"north": {"uv": [6.25, 8.5, 7, 9.25], "texture": "#0"},
				"east": {"uv": [9.5, 11.25, 9.625, 12], "texture": "#0"},
				"south": {"uv": [7, 8.5, 7.75, 9.25], "texture": "#0"},
				"west": {"uv": [3, 11.375, 3.125, 12.125], "texture": "#0"},
				"up": {"uv": [10, 4.75, 9.25, 4.625], "texture": "#0"},
				"down": {"uv": [10, 4.75, 9.25, 4.875], "texture": "#0"}
			}
		},
		{
			"from": [-2, 4, 5],
			"to": [0, 9, 7],
			"rotation": {"angle": -22.5, "axis": "y", "origin": [0, 0, 0]},
			"faces": {
				"north": {"uv": [2.5, 11.25, 2.75, 11.875], "texture": "#0"},
				"east": {"uv": [4.25, 11.25, 4.5, 11.875], "texture": "#0"},
				"south": {"uv": [4.5, 11.25, 4.75, 11.875], "texture": "#0"},
				"west": {"uv": [4.75, 11.25, 5, 11.875], "texture": "#0"},
				"up": {"uv": [11.875, 6, 11.625, 5.75], "texture": "#0"},
				"down": {"uv": [11.875, 6, 11.625, 6.25], "texture": "#0"}
			}
		},
		{
			"from": [-3, 2, 5],
			"to": [-2, 5, 7],
			"rotation": {"angle": -22.5, "axis": "y", "origin": [0, 0, 0]},
			"faces": {
				"north": {"uv": [11.625, 11.125, 11.75, 11.5], "texture": "#0"},
				"east": {"uv": [3.125, 11.375, 3.375, 11.75], "texture": "#0"},
				"south": {"uv": [0.125, 11.75, 0.25, 12.125], "texture": "#0"},
				"west": {"uv": [3.375, 11.375, 3.625, 11.75], "texture": "#0"},
				"up": {"uv": [2.875, 10.5, 2.75, 10.25], "texture": "#0"},
				"down": {"uv": [10.375, 9.125, 10.25, 9.375], "texture": "#0"}
			}
		},
		{
			"from": [0, 2, 5],
			"to": [1, 5, 7],
			"rotation": {"angle": -22.5, "axis": "y", "origin": [0, 0, 0]},
			"faces": {
				"north": {"uv": [0.25, 11.75, 0.375, 12.125], "texture": "#0"},
				"east": {"uv": [3.625, 11.375, 3.875, 11.75], "texture": "#0"},
				"south": {"uv": [11.75, 0.5, 11.875, 0.875], "texture": "#0"},
				"west": {"uv": [3.875, 11.375, 4.125, 11.75], "texture": "#0"},
				"up": {"uv": [4.875, 10.75, 4.75, 10.5], "texture": "#0"},
				"down": {"uv": [1.875, 11.75, 1.75, 12], "texture": "#0"}
			}
		},
		{
			"from": [-14, 7, 0],
			"to": [-12, 9, 7],
			"rotation": {"angle": -22.5, "axis": "y", "origin": [0, 0, 0]},
			"faces": {
				"north": {"uv": [11.625, 6.25, 11.875, 6.5], "texture": "#0"},
				"east": {"uv": [10.375, 9.5, 11.25, 9.75], "texture": "#0"},
				"south": {"uv": [6.5, 11.625, 6.75, 11.875], "texture": "#0"},
				"west": {"uv": [9.625, 10.375, 10.5, 10.625], "texture": "#0"},
				"up": {"uv": [10.75, 1.375, 10.5, 0.5], "texture": "#0"},
				"down": {"uv": [10.75, 1.375, 10.5, 2.25], "texture": "#0"}
			}
		},
		{
			"from": [-15, 7, -2],
			"to": [-14, 9, 1],
			"rotation": {"angle": -22.5, "axis": "y", "origin": [0, 0, 0]},
			"faces": {
				"north": {"uv": [1.875, 11.75, 2, 12], "texture": "#0"},
				"east": {"uv": [4, 6.75, 4.375, 7], "texture": "#0"},
				"south": {"uv": [2, 11.75, 2.125, 12], "texture": "#0"},
				"west": {"uv": [1.5, 9.75, 1.875, 10], "texture": "#0"},
				"up": {"uv": [1, 12.125, 0.875, 11.75], "texture": "#0"},
				"down": {"uv": [1.125, 11.75, 1, 12.125], "texture": "#0"}
			}
		},
		{
			"from": [-12, 7, -2],
			"to": [-11, 9, 1],
			"rotation": {"angle": -22.5, "axis": "y", "origin": [0, 0, 0]},
			"faces": {
				"north": {"uv": [2.125, 11.75, 2.25, 12], "texture": "#0"},
				"east": {"uv": [2, 10, 2.375, 10.25], "texture": "#0"},
				"south": {"uv": [2.25, 11.75, 2.375, 12], "texture": "#0"},
				"west": {"uv": [10.75, 2, 11.125, 2.25], "texture": "#0"},
				"up": {"uv": [1.25, 12.125, 1.125, 11.75], "texture": "#0"},
				"down": {"uv": [1.375, 11.75, 1.25, 12.125], "texture": "#0"}
			}
		},
		{
			"from": [13, 3, 1],
			"to": [14, 5, 3],
			"faces": {
				"north": {"uv": [2.375, 11.75, 2.5, 12], "texture": "#0"},
				"east": {"uv": [11.625, 6.5, 11.875, 6.75], "texture": "#0"},
				"south": {"uv": [3.125, 11.75, 3.25, 12], "texture": "#0"},
				"west": {"uv": [11.625, 7.875, 11.875, 8.125], "texture": "#0"},
				"up": {"uv": [3.375, 12, 3.25, 11.75], "texture": "#0"},
				"down": {"uv": [3.5, 11.75, 3.375, 12], "texture": "#0"}
			}
		},
		{
			"from": [12, 4, 1],
			"to": [13, 7, 3],
			"faces": {
				"north": {"uv": [1.375, 11.75, 1.5, 12.125], "texture": "#0"},
				"east": {"uv": [11.375, 4.875, 11.625, 5.25], "texture": "#0"},
				"south": {"uv": [1.5, 11.75, 1.625, 12.125], "texture": "#0"},
				"west": {"uv": [11.375, 7.875, 11.625, 8.25], "texture": "#0"},
				"up": {"uv": [3.625, 12, 3.5, 11.75], "texture": "#0"},
				"down": {"uv": [3.75, 11.75, 3.625, 12], "texture": "#0"}
			}
		},
		{
			"from": [10, 3, 1],
			"to": [11, 7, 3],
			"faces": {
				"north": {"uv": [6.75, 11.625, 6.875, 12.125], "texture": "#0"},
				"east": {"uv": [6.25, 7, 6.5, 7.5], "texture": "#0"},
				"south": {"uv": [8.5, 11.625, 8.625, 12.125], "texture": "#0"},
				"west": {"uv": [3.75, 7.75, 4, 8.25], "texture": "#0"},
				"up": {"uv": [3.875, 12, 3.75, 11.75], "texture": "#0"},
				"down": {"uv": [4, 11.75, 3.875, 12], "texture": "#0"}
			}
		},
		{
			"from": [2, 3, 1],
			"to": [3, 7, 3],
			"faces": {
				"north": {"uv": [8.625, 11.625, 8.75, 12.125], "texture": "#0"},
				"east": {"uv": [9.25, 11.25, 9.5, 11.75], "texture": "#0"},
				"south": {"uv": [8.75, 11.625, 8.875, 12.125], "texture": "#0"},
				"west": {"uv": [2.75, 11.375, 3, 11.875], "texture": "#0"},
				"up": {"uv": [4.125, 12, 4, 11.75], "texture": "#0"},
				"down": {"uv": [11.875, 5.375, 11.75, 5.625], "texture": "#0"}
			}
		},
		{
			"from": [5, 5, 1],
			"to": [6, 7, 3],
			"faces": {
				"north": {"uv": [5.5, 11.75, 5.625, 12], "texture": "#0"},
				"east": {"uv": [9.75, 11.625, 10, 11.875], "texture": "#0"},
				"south": {"uv": [5.625, 11.75, 5.75, 12], "texture": "#0"},
				"west": {"uv": [11.625, 9.875, 11.875, 10.125], "texture": "#0"},
				"up": {"uv": [5.875, 12, 5.75, 11.75], "texture": "#0"},
				"down": {"uv": [6, 11.75, 5.875, 12], "texture": "#0"}
			}
		},
		{
			"from": [4, 3, 1],
			"to": [5, 6, 3],
			"faces": {
				"north": {"uv": [11.75, 1.5, 11.875, 1.875], "texture": "#0"},
				"east": {"uv": [8, 11.375, 8.25, 11.75], "texture": "#0"},
				"south": {"uv": [1.625, 11.75, 1.75, 12.125], "texture": "#0"},
				"west": {"uv": [8.25, 11.375, 8.5, 11.75], "texture": "#0"},
				"up": {"uv": [6.125, 12, 6, 11.75], "texture": "#0"},
				"down": {"uv": [6.25, 11.75, 6.125, 12], "texture": "#0"}
			}
		},
		{
			"from": [7, 4, 1],
			"to": [8, 5, 3],
			"faces": {
				"north": {"uv": [9.875, 8.875, 10, 9], "texture": "#0"},
				"east": {"uv": [9.5, 4, 9.75, 4.125], "texture": "#0"},
				"south": {"uv": [10.625, 0.375, 10.75, 0.5], "texture": "#0"},
				"west": {"uv": [9.75, 4.5, 10, 4.625], "texture": "#0"},
				"up": {"uv": [4.5, 7, 4.375, 6.75], "texture": "#0"},
				"down": {"uv": [8.625, 8.25, 8.5, 8.5], "texture": "#0"}
			}
		},
		{
			"from": [5, 3, 1],
			"to": [8, 4, 3],
			"faces": {
				"north": {"uv": [11.625, 2.75, 12, 2.875], "texture": "#0"},
				"east": {"uv": [7.125, 9.75, 7.375, 9.875], "texture": "#0"},
				"south": {"uv": [11.625, 4.25, 12, 4.375], "texture": "#0"},
				"west": {"uv": [10.25, 0.5, 10.5, 0.625], "texture": "#0"},
				"up": {"uv": [11.75, 8.5, 11.375, 8.25], "texture": "#0"},
				"down": {"uv": [8.875, 11.375, 8.5, 11.625], "texture": "#0"}
			}
		},
		{
			"from": [7, 5, 1],
			"to": [10, 6, 3],
			"faces": {
				"north": {"uv": [11.625, 5.125, 12, 5.25], "texture": "#0"},
				"east": {"uv": [6.875, 10.25, 7.125, 10.375], "texture": "#0"},
				"south": {"uv": [11.625, 6.75, 12, 6.875], "texture": "#0"},
				"west": {"uv": [11.625, 8.125, 11.875, 8.25], "texture": "#0"},
				"up": {"uv": [11.75, 8.75, 11.375, 8.5], "texture": "#0"},
				"down": {"uv": [11.75, 9, 11.375, 9.25], "texture": "#0"}
			}
		},
		{
			"from": [7.5, 14, 7.25],
			"to": [9, 22, 8.75],
			"rotation": {"angle": -45, "axis": "z", "origin": [0, 0, 0]},
			"faces": {
				"north": {"uv": [2.5, 10.25, 2.75, 11.25], "texture": "#0"},
				"east": {"uv": [8.375, 10.375, 8.625, 11.375], "texture": "#0"},
				"south": {"uv": [8.625, 10.375, 8.875, 11.375], "texture": "#0"},
				"west": {"uv": [8.875, 10.375, 9.125, 11.375], "texture": "#0"},
				"up": {"uv": [11.875, 10.875, 11.625, 10.625], "texture": "#0"},
				"down": {"uv": [11.875, 10.875, 11.625, 11.125], "texture": "#0"}
			}
		},
		{
			"from": [7, 21, 6.75],
			"to": [9.5, 23.5, 9.25],
			"rotation": {"angle": -45, "axis": "z", "origin": [0, 0, 0]},
			"faces": {
				"north": {"uv": [11.25, 4, 11.625, 4.375], "texture": "#0"},
				"east": {"uv": [5, 11.25, 5.375, 11.625], "texture": "#0"},
				"south": {"uv": [11.25, 5.75, 11.625, 6.125], "texture": "#0"},
				"west": {"uv": [11.25, 6.125, 11.625, 6.5], "texture": "#0"},
				"up": {"uv": [6.875, 11.625, 6.5, 11.25], "texture": "#0"},
				"down": {"uv": [11.625, 6.5, 11.25, 6.875], "texture": "#0"}
			}
		},
		{
			"from": [16, 3, 6],
			"to": [17, 7, 10],
			"faces": {
				"north": {"uv": [11.375, 11.625, 11.5, 12.125], "texture": "#0"},
				"east": {"uv": [10.375, 9, 10.875, 9.5], "texture": "#0"},
				"south": {"uv": [11.5, 11.625, 11.625, 12.125], "texture": "#0"},
				"west": {"uv": [9.125, 10.375, 9.625, 10.875], "texture": "#0"},
				"up": {"uv": [11.75, 12.125, 11.625, 11.625], "texture": "#0"},
				"down": {"uv": [0.125, 11.75, 0, 12.25], "texture": "#0"}
			}
		}
	],
	"display": {
		"thirdperson_righthand": {
			"rotation": [0, 145, 0],
			"translation": [0.25, 2, 0.75],
			"scale": [0.25, 0.25, 0.25]
		},
		"thirdperson_lefthand": {
			"rotation": [0, 145, 0],
			"translation": [0.25, 2, 0.75],
			"scale": [0.25, 0.25, 0.25]
		},
		"firstperson_righthand": {
			"rotation": [0, 145, 0],
			"translation": [2.75, 3.25, -3.25],
			"scale": [0.5, 0.5, 0.5]
		},
		"firstperson_lefthand": {
			"rotation": [0, 145, 0],
			"translation": [2.75, 3.25, -3.25],
			"scale": [0.5, 0.5, 0.5]
		},
		"ground": {
			"translation": [0, 0.25, 0],
			"scale": [0.5, 0.5, 0.5]
		},
		"gui": {
			"rotation": [45, 145, 0],
			"translation": [-0.5, 0, 0],
			"scale": [0.6, 0.6, 0.6]
		}
	},
	"groups": [
		{
			"name": "Robot Crate",
			"origin": [8, 8, 8],
			"children": [
				{
					"name": "Corners",
					"origin": [8, 8, 8],
					"children": [
						{
							"name": "Layer",
							"origin": [8, 8, 8],
							"children": [0, 1, 2, 3]
						},
						{
							"name": "Layer",
							"origin": [8, 8, 8],
							"children": [4, 5, 6, 7]
						}
					]
				},
				{
					"name": "Frame",
					"origin": [8, 8, 8],
					"children": [8, 9, 10, 11, 12, 13, 14, 15, 16, 17, 18, 19, 20, 21,
						{
							"name": "Inside",
							"origin": [8, 8, 8],
							"children": [22, 23]
						}
					]
				},
				{
					"name": "Cover",
					"origin": [8, 8, 8],
					"children": [
						{
							"name": "hexadecagon",
							"origin": [8, 8, 8],
							"children": [24, 25, 26, 27, 28, 29, 30, 31, 32, 33, 34, 35, 36, 37]
						},
						{
							"name": "hexadecagon",
							"origin": [8, 8, 8],
							"children": [38, 39, 40, 41, 42, 43, 44]
						},
						{
							"name": "hexadecagon",
							"origin": [8, 8, 8],
							"children": [45, 46, 47, 48, 49, 50, 51, 52, 53]
						}
					]
				},
				{
					"name": "Loot",
					"origin": [8, 8, 8],
					"children": [
						{
							"name": "Gems",
							"origin": [8, 8, 8],
							"children": [54, 55, 56, 57, 58, 59, 60, 61, 62, 63, 64, 65, 66, 67, 68, 69]
						},
						{
							"name": "Gears",
							"origin": [8, 8, 8],
							"children": [
								{
									"name": "Gear",
									"origin": [8, 8, 8],
									"children": [70, 71, 72, 73, 74, 75, 76, 77]
								},
								{
									"name": "Gear",
									"origin": [8, 8, 8],
									"children": [78, 79, 80, 81, 82, 83, 84, 85]
								},
								{
									"name": "Gear",
									"origin": [8, 8, 8],
									"children": [86, 87, 88, 89, 90, 91, 92, 93]
								},
								{
									"name": "Gear",
									"origin": [8, 8, 8],
									"children": [94, 95, 96, 97, 98, 99, 100, 101]
								},
								{
									"name": "Gear",
									"origin": [8, 8, 8],
									"children": [102, 103, 104, 105, 106, 107, 108, 109]
								},
								{
									"name": "Gear",
									"origin": [8, 8, 8],
									"children": [110, 111, 112, 113, 114, 115, 116, 117]
								},
								{
									"name": "Gear",
									"origin": [8, 8, 8],
									"children": [118, 119, 120, 121, 122, 123, 124, 125]
								},
								{
									"name": "Gear",
									"origin": [8, 8, 8],
									"children": [126, 127, 128, 129, 130, 131, 132, 133]
								}
							]
						}
					]
				},
				{
					"name": "Robot",
					"origin": [8, 8, 8],
					"children": [
						{
							"name": "Body",
							"origin": [8, 8, 8],
							"children": [134, 135, 136, 137]
						},
						{
							"name": "Antenna",
							"origin": [8, 8, 8],
							"children": [138, 139]
						},
						{
							"name": "Face",
							"origin": [8, 8, 8],
							"children": [140]
						},
						{
							"name": "Arms",
							"origin": [8, 8, 8],
							"children": [
								{
									"name": "Arm",
									"origin": [8, 8, 8],
									"children": [141, 142, 143]
								},
								{
									"name": "Arm",
									"origin": [8, 8, 8],
									"children": [144, 145, 146]
								}
							]
						}
					]
				},
				{
					"name": "Details",
					"origin": [8, 8, 8],
					"children": [
						{
							"name": "Wires",
							"origin": [8, 8, 8],
							"children": [147, 148, 149, 150, 151, 152, 153, 154, 155]
						},
						{
							"name": "Lever",
							"origin": [8, 8, 8],
							"children": [156, 157, 158]
						}
					]
				}
			]
		}
	]
}